id_code,diagnosis,path,width,height,megapixels,file_mb,crop_fraction,brightness,contrast,sharpness,md5,dhash,low_quality,image_size
000c1434d8d7,2,/kaggle/input/competitions/aptos2019-blindness-detection/train_images/000c1434d8d7.png,3216,2136,6.87,3.219,0.842,60.86744689941406,24.391237302386802,120.77495806640945,e6155d8339d40577f97a5ce270aa81d1,8080c06161a282c4,False,3216x2136
001639a390f0,4,/kaggle/input/competitions/aptos2019-blindness-detection/train_images/001639a390f0.png,3216,2136,6.87,2.261,0.842,88.49267578125,31.959240342655953,104.92470537126064,8f98205b18dfcc9111fe97037d9fe5ba,d8f8fcec4cfeb6dc,False,3216x2136
0024cdab0c1e,1,/kaggle/input/competitions/aptos2019-blindness-detection/train_images/0024cdab0c1e.png,2416,1736,4.19,1.882,0.935,71.39901733398438,26.64434590054635,104.82452967669815,43e417a95e1259bc318493e399670cb8,fefef8313dfefefc,False,2416x1736
002c21358ce6,0,/kaggle/input/competitions/aptos2019-blindness-detection/train_images/002c21358ce6.png,1050,1050,1.1,0.975,1.0,85.47148132324219,46.34667542989277,135.90666188951582,f96db7f8fc458a804b0db13739bc976d,f0f0e0c0c4c0e0f0,False,1050x1050
005b95c28852,0,/kaggle/input/competitions/aptos2019-blindness-detection/train_images/005b95c28852.png,2048,1536,3.15,1.819,0.6,37.85052490234375,24.240339967824863,33.68593772407621,17ecb0becd4bd280b3572ad31dce75b9,f0e0c0c0c4c0e0f8,True,2048x1536
0083ee8054ee,4,/kaggle/input/competitions/aptos2019-blindness-detection/train_images/0083ee8054ee.png,3388,2588,8.77,7.401,0.872,76.12222290039062,30.5239891377418,150.32207303284667,9ffd17ad2bbdd014b84fea4651b969a8,c0b0f0e0c2cea2c4,False,3388x2588
0097f532ac9f,0,/kaggle/input/competitions/aptos2019-blindness-detection/train_images/0097f532ac9f.png,2588,1958,5.07,5.223,1.0,49.563812255859375,16.7335512101129,26.630830025067553,ac72515722d1dd51d5d7aa1f5647d056,f0f0f0f0eef0f0f0,True,2588x1958
00a8624548a9,2,/kaggle/input/competitions/aptos2019-blindness-detection/train_images/00a8624548a9.png,3216,2136,6.87,2.516,0.842,87.84428405761719,32.7259703370778,140.80763320531696,a9d9edcf3088004b97d4fec01f2f4f47,c8f0e0c0908882c4,False,3216x2136
00b74780d31d,2,/kaggle/input/competitions/aptos2019-blindness-detection/train_images/00b74780d31d.png,2588,1958,5.07,5.064,1.0,48.93565368652344,23.75349790865902,17.93785468651913,c3ccd5d62eb5b86765e74574b0730e57,f8e4e6cfdffefef8,True,2588x1958
00cb6555d108,1,/kaggle/input/competitions/aptos2019-blindness-detection/train_images/00cb6555d108.png,2416,1736,4.19,2.022,0.935,69.84799194335938,26.465443574769534,94.56523810233921,3ac647a4d7641b4e22dd19bd697a7817,c0c0b0a888c0c0c4,False,2416x1736
00cc2b75cddd,0,/kaggle/input/competitions/aptos2019-blindness-detection/train_images/00cc2b75cddd.png,1050,1050,1.1,0.901,1.0,77.16949462890625,41.590827043103694,122.57053190097213,acdd0109297153184d28eba92fa90970,f0e0e0c0c0e0f0f0,False,1050x1050
00e4ddff966a,2,/kaggle/input/competitions/aptos2019-blindness-detection/train_images/00e4ddff966a.png,2416,1736,4.19,2.236,0.935,114.9249267578125,41.34600877232149,232.30208888626657,cd65c2e9d2e2845f07e7aefc1e7b2171,d2f0f0f0fc9c88c0,False,2416x1736
00f6c1be5a33,0,/kaggle/input/competitions/aptos2019-blindness-detection/train_images/00f6c1be5a33.png,1050,1050,1.1,0.942,1.0,76.69880676269531,41.29396031194094,115.08510534814559,fd4ecc3d56c38448ab8aa6c26fb78c03,f0f8f0e0e0f0e0f0,False,1050x1050
0104b032c141,3,/kaggle/input/competitions/aptos2019-blindness-detection/train_images/0104b032c141.png,2416,1736,4.19,2.441,0.935,92.06947326660156,36.43473325156489,167.29168222821318,826de5c1dc82d4ca2998611f05558870,d8e8c8cccac484c8,False,2416x1736
0124dffecf29,1,/kaggle/input/competitions/aptos2019-blindness-detection/train_images/0124dffecf29.png,3216,2136,6.87,3.438,0.843,107.25239562988281,39.94107906419438,183.17284046765417,ff8dec0c2245b6cd0ac8516cccc386da,d0a0e08888c0c4c4,False,3216x2136
0125fbd2e791,0,/kaggle/input/competitions/aptos2019-blindness-detection/train_images/0125fbd2e791.png,1050,1050,1.1,0.902,1.0,80.96968078613281,43.75551910565376,127.27043451275676,1bb1b4ed712dd042db170be9c69128ed,f0e0c0c0c4c0e0f0,False,1050x1050
012a242ac6ff,2,/kaggle/input/competitions/aptos2019-blindness-detection/train_images/012a242ac6ff.png,3216,2136,6.87,6.141,0.842,82.58306884765625,30.741914948063513,123.49209024920128,028d27ff645aaeb21688586fbb0e9299,f8f8ecccfcf8f2cc,False,3216x2136
014508ccb9cb,0,/kaggle/input/competitions/aptos2019-blindness-detection/train_images/014508ccb9cb.png,819,614,0.5,0.372,0.931,49.54548645019531,31.771115565153405,42.689203049987555,c28e6698faf2b843836573876b199d01,c0c4eccad2b8e8f0,False,819x614
0151781fe50b,0,/kaggle/input/competitions/aptos2019-blindness-detection/train_images/0151781fe50b.png,2048,1536,3.15,1.9,0.605,93.55824279785156,50.401604861069856,172.8872020803392,2bd0ff56faae2b716a59161d57330026,f0f4c280848cc4f0,False,2048x1536
0161338f53cc,2,/kaggle/input/competitions/aptos2019-blindness-detection/train_images/0161338f53cc.png,1504,1000,1.5,1.373,0.838,90.97029113769531,35.58947292160425,129.77024970948696,02e855cb5c1eb05c81e6fd027ccdbcf2,d8bcf27272fc98d8,False,1504x1000
0180bfa26c0b,2,/kaggle/input/competitions/aptos2019-blindness-detection/train_images/0180bfa26c0b.png,1844,1226,2.26,0.561,0.816,58.56767272949219,26.193797916833923,46.46224344428629,0fc9f9a26c4b6f553c6fdf3eed9e3db5,fcf8f8fefefefedc,False,1844x1226
0182152c50de,0,/kaggle/input/competitions/aptos2019-blindness-detection/train_images/0182152c50de.png,1050,1050,1.1,0.825,1.0,82.89566040039062,42.807323286660385,124.58820971264504,f611d1c6e290af66054a852f9f9c3d93,f0f8f0fcdcfcf0f0,False,1050x1050
01b3aed3ed4c,1,/kaggle/input/competitions/aptos2019-blindness-detection/train_images/01b3aed3ed4c.png,2416,1736,4.19,1.975,0.934,82.70289611816406,31.05083901328442,100.46429286897182,4cffadbd4e667bb5e13ea3ad921f9ed3,e0e0c0c8c0c082c4,False,2416x1736
01c7808d901d,2,/kaggle/input/competitions/aptos2019-blindness-detection/train_images/01c7808d901d.png,4288,2848,12.21,4.199,0.823,62.297271728515625,26.338739442832,60.04650558135472,80b6038627dec4bc4de3244c2cc28ac1,e0e0c0c0c0c484dc,False,4288x2848
01d9477b1171,0,/kaggle/input/competitions/aptos2019-blindness-detection/train_images/01d9477b1171.png,819,614,0.5,0.322,0.606,71.38688659667969,41.873351014484236,130.3207690184936,46da32ccccf310e120d8bc1f5c59f46d,f0fcfe6feefefcf0,False,819x614
01eb826f6467,2,/kaggle/input/competitions/aptos2019-blindness-detection/train_images/01eb826f6467.png,2416,1736,4.19,1.938,0.934,88.94725036621094,31.928450857973086,121.79608821868896,ed6f4c5167bc2244ad6a0d6da877b9b1,fcf0f8f8d8d8a8cc,False,2416x1736
01f7bb8be950,0,/kaggle/input/competitions/aptos2019-blindness-detection/train_images/01f7bb8be950.png,2588,1958,5.07,5.291,1.0,51.646453857421875,24.821067529593925,35.97951276390813,cecab0a2d4e87b671c24e5d507b973b1,f0f8f0eeceecf8f0,False,2588x1958
0212dd31f623,0,/kaggle/input/competitions/aptos2019-blindness-detection/train_images/0212dd31f623.png,1050,1050,1.1,1.0,1.0,73.7022705078125,39.75124423442162,115.35773280169815,03d7777d9f6c6760b1740f566d2821c0,f0f0e0e0e2e0f0f0,False,1050x1050
022f820027b8,0,/kaggle/input/competitions/aptos2019-blindness-detection/train_images/022f820027b8.png,2048,1536,3.15,1.935,0.605,86.42961120605469,47.206529963543574,205.84949803701602,a40a7a317b9240906aaf0ba88f0b69b3,f0e6e2838dc2fcf0,False,2048x1536
0231642cf1c2,0,/kaggle/input/competitions/aptos2019-blindness-detection/train_images/0231642cf1c2.png,2588,1958,5.07,5.299,1.0,52.723876953125,21.936455692257468,37.584285327931866,4f7e45a8aa35de7fa7a8693e38aed9d5,e0e2c08fc3c0e0f0,False,2588x1958
0232dfea7547,0,/kaggle/input/competitions/aptos2019-blindness-detection/train_images/0232dfea7547.png,1050,1050,1.1,0.983,1.0,83.63902282714844,44.10824852492711,137.7130809640512,f73d2d16dc43b07638442fb1eccb56af,f0e0c0c0c4c0e0f0,False,1050x1050
02358b47ea89,0,/kaggle/input/competitions/aptos2019-blindness-detection/train_images/02358b47ea89.png,2588,1958,5.07,5.396,1.0,66.65150451660156,29.19411188400672,49.01948249689303,13ad2b5cc7b4fbbaa957595024c810eb,f0f0e0e0e0e0e0f0,False,2588x1958
0243404e8a00,4,/kaggle/input/competitions/aptos2019-blindness-detection/train_images/0243404e8a00.png,2588,1958,5.07,5.371,1.0,57.90995788574219,25.986359073016782,41.89158146735281,a2fbcf8fccbc27e8700ec218a645ed2e,f8f0f0e88088c0e0,False,2588x1958
025a169a0bb0,2,/kaggle/input/competitions/aptos2019-blindness-detection/train_images/025a169a0bb0.png,1050,1050,1.1,1.06,1.0,64.22483825683594,36.93684151842027,96.07666563987732,02c22eef367c9460b2f4928528fea2b7,f0e0c2c6c6c6c0f0,False,1050x1050
02685f13cefd,4,/kaggle/input/competitions/aptos2019-blindness-detection/train_images/02685f13cefd.png,1844,1226,2.26,0.754,0.816,76.97477722167969,33.07940767792247,111.04622185393237,f4dafc2be06d9437e41289a04e1ff96f,e0e0c08dcdc586cc,False,1844x1226
026dcd9af143,2,/kaggle/input/competitions/aptos2019-blindness-detection/train_images/026dcd9af143.png,3216,2136,6.87,5.357,0.842,42.48182678222656,16.3853151196458,27.36942645534873,98676a1c7620db82004eb9490750b657,e0e0c08c8c8c86cc,True,3216x2136
02cd34a85b24,0,/kaggle/input/competitions/aptos2019-blindness-detection/train_images/02cd34a85b24.png,1050,1050,1.1,1.013,1.0,72.53684997558594,40.42425518443127,121.43779387697577,fe8b60eaeab598b37a1e58b7c941c355,f0f0f8b8f8f8f0e0,False,1050x1050
02da652c74b8,0,/kaggle/input/competitions/aptos2019-blindness-detection/train_images/02da652c74b8.png,1050,1050,1.1,0.938,1.0,81.0164794921875,42.980183173907776,125.18740393011831,b01dc9c1ba422820db48ace1f1bf1281,f0e0c0c4c0e0e0f0,False,1050x1050
02dda30d3acf,4,/kaggle/input/competitions/aptos2019-blindness-detection/train_images/02dda30d3acf.png,2588,1958,5.07,5.329,1.0,71.36338806152344,32.014682956805146,30.8324773311615,01e25f537953484d501664668eda856c,f8f8fcfce7fcfcf8,False,2588x1958
0304bedad8fe,0,/kaggle/input/competitions/aptos2019-blindness-detection/train_images/0304bedad8fe.png,1050,1050,1.1,1.019,1.0,89.42140197753906,49.10357729147251,150.19401468685828,66528a4703e0edc51e443c818871ad9a,f0f0e0c0c2c0e0f0,False,1050x1050
0318598cfd16,4,/kaggle/input/competitions/aptos2019-blindness-detection/train_images/0318598cfd16.png,2588,1958,5.07,5.562,1.0,98.15010070800781,36.43552179151327,55.22724011447281,b059612215c1613f1ca7f5afb1d8e693,f0f0e08088c8c0e0,False,2588x1958
032d7b0b4bf6,2,/kaggle/input/competitions/aptos2019-blindness-detection/train_images/032d7b0b4bf6.png,2588,1958,5.07,5.08,1.0,46.04119873046875,17.638161694947343,19.492489001713693,667e78f3fd8748f405f3279d066aeff4,fcf8f8dcedf4f0f8,True,2588x1958
033f2b43de6d,2,/kaggle/input/competitions/aptos2019-blindness-detection/train_images/033f2b43de6d.png,2588,1958,5.07,5.02,1.0,36.19334411621094,21.588242225881025,37.526028416119516,1981669ff6d7de71d13502f853f224d2,f8babffffffff6fe,True,2588x1958
034cb07a550f,4,/kaggle/input/competitions/aptos2019-blindness-detection/train_images/034cb07a550f.png,3216,2136,6.87,5.967,0.842,49.45269775390625,20.54206045178858,63.54496496892534,c04aefbe905a9452432f505d23329e1c,868accd0c8e0e0e0,False,3216x2136
03676c71ed1b,2,/kaggle/input/competitions/aptos2019-blindness-detection/train_images/03676c71ed1b.png,1050,1050,1.1,1.022,1.0,68.32937622070312,37.36430610789361,105.59802408679388,eb0e4049d2b0cb019d9f824a4f7fecb3,f0e0d0c0c4e0f0f0,False,1050x1050
0369f3efe69b,1,/kaggle/input/competitions/aptos2019-blindness-detection/train_images/0369f3efe69b.png,4288,2848,12.21,6.349,0.814,72.77609252929688,29.512059318687328,120.3194975219667,c432d14e6082c934226932526f3ff3a4,e0f0e8e6e6be9edc,False,4288x2848
03747397839f,2,/kaggle/input/competitions/aptos2019-blindness-detection/train_images/03747397839f.png,3216,2136,6.87,2.504,0.843,101.31640625,36.87332387444621,143.13285095896572,33fc1523bef7629aeb50402c6b76450f,d0d0c0a8889082e4,False,3216x2136
03a7f4a5786f,4,/kaggle/input/competitions/aptos2019-blindness-detection/train_images/03a7f4a5786f.png,2588,1958,5.07,3.98,0.995,45.97625732421875,24.406064019901894,50.02509472426027,ccf24c12b70587fc245a85148adee491,f0f0f8fcdcf0f8f0,False,2588x1958
03b373718013,0,/kaggle/input/competitions/aptos2019-blindness-detection/train_images/03b373718013.png,1050,1050,1.1,0.752,1.0,77.84794616699219,40.703838349891456,121.03262733574957,1a7a084b76b2663d5b5b6b089c76e2ba,f0f0f8dc9cf8f0f0,False,1050x1050
03c85870824c,3,/kaggle/input/competitions/aptos2019-blindness-detection/train_images/03c85870824c.png,2416,1736,4.19,2.347,0.934,70.09445190429688,26.024715514435616,121.3631123593077,9d08ba38108afc7e81ce89894db43c40,f4f0e0a0838c86cc,False,2416x1736
03e25101e8e8,1,/kaggle/input/competitions/aptos2019-blindness-detection/train_images/03e25101e8e8.png,2588,1958,5.07,4.587,0.995,71.28912353515625,29.73850000721413,84.52048716298304,5e92c561bb426fe3247de65eece79cf8,c0a0b0707070b0f0,False,2588x1958
03fd50da928d,2,/kaggle/input/competitions/aptos2019-blindness-detection/train_images/03fd50da928d.png,3388,2588,8.77,7.203,0.869,88.96443176269531,37.86132527172232,234.43197098001838,1eec0b7ea9363ea74189a72f22e1e51f,cc82d041c1c082c4,False,3388x2588
03ff7d159f10,2,/kaggle/input/competitions/aptos2019-blindness-detection/train_images/03ff7d159f10.png,3216,2136,6.87,2.104,0.842,75.26681518554688,28.392474461439257,84.52151040709578,dcf9e9600f0a7321db41bcb66e29c9fb,c4c0c0c4c4c0a0dc,False,3216x2136
0415fc68b176,2,/kaggle/input/competitions/aptos2019-blindness-detection/train_images/0415fc68b176.png,2588,1958,5.07,5.101,1.0,50.278106689453125,17.665908943447764,19.285837179981172,95165fb983dfbebab5fe66473a6b4ceb,f0f0f070f0c088c8,True,2588x1958
041f09eec1e8,2,/kaggle/input/competitions/aptos2019-blindness-detection/train_images/041f09eec1e8.png,3216,2136,6.87,2.765,0.842,81.25723266601562,30.01324261446005,106.00455504260026,6478cc55d9b14f938a208ab9b6284d7f,d0b8e868eeae86cc,False,3216x2136
0423237770a7,0,/kaggle/input/competitions/aptos2019-blindness-detection/train_images/0423237770a7.png,1050,1050,1.1,0.961,1.0,87.41279602050781,46.99951685056628,137.22471597022377,aaf78f4ca3c215002670bf822ee92962,f0f8fcbcfcf8f0f0,False,1050x1050
042470a92154,3,/kaggle/input/competitions/aptos2019-blindness-detection/train_images/042470a92154.png,2416,1736,4.19,2.169,0.934,64.57124328613281,23.823860839347986,71.06873637065291,b3db60b3f784228d0f6cd05e4d92f276,c0b0e0645cd898c8,False,2416x1736
04579e31e4be,0,/kaggle/input/competitions/aptos2019-blindness-detection/train_images/04579e31e4be.png,1050,1050,1.1,1.031,1.0,79.82499694824219,44.599705793496504,128.06162508926354,416e3b14990b6796614bd7de5c4d22db,f0f0e0c0c4e0e0f0,False,1050x1050
04a6fc58dabc,2,/kaggle/input/competitions/aptos2019-blindness-detection/train_images/04a6fc58dabc.png,2416,1736,4.19,2.358,0.934,61.78900146484375,23.610097009331344,61.797340270131826,9ad8807ddc5c7da5e29160b585b080cb,ccf8fcecf8fcaec4,False,2416x1736
04ac765f91a1,1,/kaggle/input/competitions/aptos2019-blindness-detection/train_images/04ac765f91a1.png,2416,1736,4.19,2.407,0.935,95.76231384277344,34.936947198956226,145.58938066568226,b5b0a2781910881117ddb397011f6f2a,f8f8f0eeeefe9cc8,False,2416x1736
04aef84a2cc1,0,/kaggle/input/competitions/aptos2019-blindness-detection/train_images/04aef84a2cc1.png,819,614,0.5,0.282,0.61,68.91325378417969,41.519850769613264,119.87216421379708,b62d2420577d96b08c3ad9de8f70c6fa,e0c280808880c0f0,False,819x614
04d029cfb612,2,/kaggle/input/competitions/aptos2019-blindness-detection/train_images/04d029cfb612.png,3216,2136,6.87,2.582,0.842,92.10006713867188,34.64068441294217,121.36155551671982,98098371277568eefb76c9b67291d763,f0f8f0eee8f4d2c0,False,3216x2136
04efb1a284cc,0,/kaggle/input/competitions/aptos2019-blindness-detection/train_images/04efb1a284cc.png,1050,1050,1.1,1.004,1.0,88.21176147460938,49.80272134205083,149.85875951847993,14f8341c8adf8d7e977529d576ec8116,f0f8fcbcf8f0e0f0,False,1050x1050
050bb1eafa76,0,/kaggle/input/competitions/aptos2019-blindness-detection/train_images/050bb1eafa76.png,819,614,0.5,0.299,0.61,78.30314636230469,44.46670699379356,136.0693843269255,8fb35e3bb682d6db358ef590133c4099,f0c4e0fecebcfcf0,False,819x614
05113073b268,0,/kaggle/input/competitions/aptos2019-blindness-detection/train_images/05113073b268.png,2588,1958,5.07,5.442,1.0,63.611846923828125,36.96703296060101,51.47266774531454,c207c8707a3b1d523619713549c65896,f8fcfcfefefcfcf8,False,2588x1958
05195a3db5e2,0,/kaggle/input/competitions/aptos2019-blindness-detection/train_images/05195a3db5e2.png,819,614,0.5,0.348,0.931,44.67999267578125,23.928044474078153,40.359386934898794,8803bd6b73ab25274117467aaf4b6bbf,d8b0b0a1e1d0f0f0,False,819x614
0519b934f6b1,2,/kaggle/input/competitions/aptos2019-blindness-detection/train_images/0519b934f6b1.png,2588,1958,5.07,5.556,1.0,64.34255981445312,26.247083384101163,58.29596358141862,05d7f47d0853c40736be28c8ec2a881e,f0f0f0f0e5f5f0f8,False,2588x1958
052d9a3fe55a,2,/kaggle/input/competitions/aptos2019-blindness-detection/train_images/052d9a3fe55a.png,2588,1958,5.07,5.166,1.0,40.42018127441406,19.09876260324087,36.93212719052099,2a38d2667f0dcef941f9fb9416d0dbb4,fcf8f8f8f8e4c4e0,True,2588x1958
05339950962e,0,/kaggle/input/competitions/aptos2019-blindness-detection/train_images/05339950962e.png,1050,1050,1.1,1.044,1.0,69.70527648925781,38.149511526715784,110.63400585856289,3e22ea64f05d7817544af7c099bfb174,f0e0c0c0c4c0e0f0,False,1050x1050
054b1b305160,0,/kaggle/input/competitions/aptos2019-blindness-detection/train_images/054b1b305160.png,1050,1050,1.1,0.969,1.0,77.55931091308594,40.43654671933212,124.16571806371212,c31ece4a937e59c6126ddf24ecd59590,f0fcfacefefce0f0,False,1050x1050
0551676cc2aa,0,/kaggle/input/competitions/aptos2019-blindness-detection/train_images/0551676cc2aa.png,2588,1958,5.07,5.225,1.0,54.31388854980469,27.802265606954926,40.94204498734325,37f8d6d289c708ef0de8cc8c01bfe295,fcfefefefefcfafa,False,2588x1958
059bc89df7f4,1,/kaggle/input/competitions/aptos2019-blindness-detection/train_images/059bc89df7f4.png,2416,1736,4.19,2.517,0.934,75.92318725585938,29.061647680673904,96.34342323779128,a4ea419be6c3c9926635a50da50a16a5,cc80f0d0f0e8e2e0,False,2416x1736
05a5183c92d0,1,/kaggle/input/competitions/aptos2019-blindness-detection/train_images/05a5183c92d0.png,2416,1736,4.19,2.056,0.934,69.63442993164062,26.545799458232224,74.74996891967021,cf167b308c1501b136483264a98efb08,e0f0f0c0c0c0c0c4,False,2416x1736
05b1bb2bdb81,0,/kaggle/input/competitions/aptos2019-blindness-detection/train_images/05b1bb2bdb81.png,2588,1958,5.07,5.413,1.0,56.428497314453125,22.341118910051684,44.056612364714965,d8a254b7a281fa6bf335b8c64a561767,f0f0f0e0e0e0c0e0,False,2588x1958
05cd0178ccfe,3,/kaggle/input/competitions/aptos2019-blindness-detection/train_images/05cd0178ccfe.png,2416,1736,4.19,2.432,0.934,94.06124877929688,42.474755928258844,156.79176232381724,a9c537be01b15766c85d904168e24f8e,c080806080b0c0c0,False,2416x1736
05e9126dfa5c,0,/kaggle/input/competitions/aptos2019-blindness-detection/train_images/05e9126dfa5c.png,1050,1050,1.1,1.059,1.0,79.63677978515625,43.24438614872705,134.81193158007227,3922fee26b4116e9f09c14570c50f3d5,f0f0e0c0c4c0e0f0,False,1050x1050
06024377d573,2,/kaggle/input/competitions/aptos2019-blindness-detection/train_images/06024377d573.png,640,480,0.31,0.342,1.0,82.22332763671875,17.351417125997216,50.91907382919453,ae1fa6b0437b09e3822a5b311911164b,b060e0a8a880a080,False,640x480
060e00d1e2ab,0,/kaggle/input/competitions/aptos2019-blindness-detection/train_images/060e00d1e2ab.png,819,614,0.5,0.302,0.61,78.54972839355469,44.4464835244853,198.05188343278132,01c944b83d08009a3a68109fc92725dd,f0c0b03035a4acf0,False,819x614
064af6592ba6,2,/kaggle/input/competitions/aptos2019-blindness-detection/train_images/064af6592ba6.png,3388,2588,8.77,3.551,0.869,65.82064819335938,26.481985597778333,83.3225032351911,d43ccae4e58828a7cd3680be53b4fde0,d49cb83870f0f0c0,False,3388x2588
06586082a24d,0,/kaggle/input/competitions/aptos2019-blindness-detection/train_images/06586082a24d.png,2048,1536,3.15,1.934,0.605,79.68426513671875,44.08125826855533,138.98190956469625,78fb0ef1e6b0bf6e5f37778b71126637,f0c6c4c4c0e0e0f0,False,2048x1536
0684311afdfc,1,/kaggle/input/competitions/aptos2019-blindness-detection/train_images/0684311afdfc.png,2416,1736,4.19,2.218,0.934,64.75277709960938,24.51331216638868,88.30776555743068,d38843a3169804176089cd3e48b45f46,ceb2e0e1c18082c4,False,2416x1736
069f43616fab,3,/kaggle/input/competitions/aptos2019-blindness-detection/train_images/069f43616fab.png,2896,1944,5.63,1.731,0.643,116.86686706542969,50.60875894106029,256.557172652334,b988a76cb9bfe909330732b0755e7596,e0f0f0e0e0c4c6cc,False,2896x1944
06b71823f9cd,1,/kaggle/input/competitions/aptos2019-blindness-detection/train_images/06b71823f9cd.png,4288,2848,12.21,4.73,0.823,61.91899108886719,32.1414859310233,64.757353361696,255f5de3aa0b3d248bd57ecd7ed10fb0,e0e0e041c08686c4,False,4288x2848
06be1092a062,0,/kaggle/input/competitions/aptos2019-blindness-detection/train_images/06be1092a062.png,819,614,0.5,0.284,0.61,70.16983032226562,38.41622644524705,114.27249009511434,4c427cd99d18e93061e38c3b08c5d338,f0c084f2cac6c6f0,False,819x614
07083738b75e,2,/kaggle/input/competitions/aptos2019-blindness-detection/train_images/07083738b75e.png,3216,2136,6.87,2.814,0.842,79.31057739257812,29.669494053262497,93.72912072762847,9b7afb3d7bdf00731e41e768df30852a,c088a872caea8cc4,False,3216x2136
0709652336e2,0,/kaggle/input/competitions/aptos2019-blindness-detection/train_images/0709652336e2.png,2048,1536,3.15,1.937,0.604,77.36140441894531,46.27419743124171,123.85628408193588,598bf1a8fc93ac945ec92c386f4948e8,f0fcfcfcfedefcf0,False,2048x1536
070d4ce5fd90,0,/kaggle/input/competitions/aptos2019-blindness-detection/train_images/070d4ce5fd90.png,2048,1536,3.15,1.675,0.604,72.51387023925781,41.99113396061249,99.14802618301474,6df67688d4a8bfe70af7309797924415,f0f8fcfcdcf8f8f0,False,2048x1536
070f67572d03,3,/kaggle/input/competitions/aptos2019-blindness-detection/train_images/070f67572d03.png,2416,1736,4.19,2.008,0.935,83.97694396972656,31.156375415628585,119.20299274264835,4d9a6837aa53033bca2734e7c4f4612d,e08080a941c0c2c4,False,2416x1736
07122e268a1d,4,/kaggle/input/competitions/aptos2019-blindness-detection/train_images/07122e268a1d.png,1844,1226,2.26,0.936,0.816,69.79470825195312,28.93917677167082,68.45539086684585,435689d86e0c056dcd6d3be66645a97c,dc98f8b8bcf8b8dc,False,1844x1226
071435a218ec,2,/kaggle/input/competitions/aptos2019-blindness-detection/train_images/071435a218ec.png,3216,2136,6.87,3.135,0.842,89.45799255371094,33.03023608563074,118.18516312539577,572499e986af392e45100490b3b6f4f1,dcc8d070e6e6eecc,False,3216x2136
07419eddd6be,2,/kaggle/input/competitions/aptos2019-blindness-detection/train_images/07419eddd6be.png,2144,1424,3.05,2.632,0.841,51.1341552734375,22.667054437107534,42.00492000579834,b18463e4dc88eebb8623b80025f4004f,dcd0e0c0c08080c0,False,2144x1424
07596907347b,0,/kaggle/input/competitions/aptos2019-blindness-detection/train_images/07596907347b.png,1050,1050,1.1,0.956,1.0,80.45477294921875,42.51164318537356,125.42739041685127,96b68b2c53d8460a5916488bebc41739,f0f8f8b8f8f0c4f0,False,1050x1050
0773a1c326ad,0,/kaggle/input/competitions/aptos2019-blindness-detection/train_images/0773a1c326ad.png,2048,1536,3.15,1.837,0.605,49.59605407714844,29.46472524677889,110.47697879350744,d1e610b00d625f0da88236dec9031c0c,f0c682011090c0e0,False,2048x1536
07751b94a88a,0,/kaggle/input/competitions/aptos2019-blindness-detection/train_images/07751b94a88a.png,1050,1050,1.1,0.979,1.0,81.14425659179688,43.64247882068396,138.61074065766297,0af7ba03cba62cef036a9a244fa95bde,f0e0e0c0c4c0e0f0,False,1050x1050
0790515cf5af,0,/kaggle/input/competitions/aptos2019-blindness-detection/train_images/0790515cf5af.png,1050,1050,1.1,0.906,1.0,91.13420104980469,47.71770734694143,154.11547183594666,14b8763cd3ea50d4cb26ec9b90332f0c,f0e0a0c0c0c0d0f0,False,1050x1050
07929d32b5b3,1,/kaggle/input/competitions/aptos2019-blindness-detection/train_images/07929d32b5b3.png,2588,1958,5.07,4.174,0.994,63.228668212890625,33.84535258366318,81.61650460585952,92cea05eb8f9553ba6caf524763b34ee,8080142c00009090,False,2588x1958
07a0be6b347f,0,/kaggle/input/competitions/aptos2019-blindness-detection/train_images/07a0be6b347f.png,2048,1536,3.15,1.916,0.605,80.779296875,45.37880987140869,160.26864636596292,b8011b7c1e41633cfcd7ca46e52bf554,f0f0f05cdcfcf8f0,False,2048x1536
07a0e34c8d20,3,/kaggle/input/competitions/aptos2019-blindness-detection/train_images/07a0e34c8d20.png,2588,1958,5.07,5.35,1.0,70.04989624023438,29.533006426998988,34.49824770912528,f25ecbc6e58380bb297478c68a459c74,f0f0f0e0e1c2c2e0,False,2588x1958
07a1c7073982,1,/kaggle/input/competitions/aptos2019-blindness-detection/train_images/07a1c7073982.png,2588,1958,5.07,3.702,0.994,48.770599365234375,22.88293959309063,34.23577771126293,940bfac9fdea10b13d1c9ff2d219a04b,c0a0e0f0f0f0f0f0,False,2588x1958
07a2b8cabf6b,0,/kaggle/input/competitions/aptos2019-blindness-detection/train_images/07a2b8cabf6b.png,1050,1050,1.1,1.056,1.0,74.92884826660156,42.606783506682675,123.15008968650363,5c768d197d5db8fac1d14cc28fc387e0,f0f0f8dcfcf8f0f0,False,1050x1050
07a3be30563b,2,/kaggle/input/competitions/aptos2019-blindness-detection/train_images/07a3be30563b.png,3216,2136,6.87,2.474,0.842,79.29624938964844,30.810884895159464,101.18794189742766,53f0347c880ed19d2cfc729127c8340c,e0b0f08080e0e0e0,False,3216x2136
07d8db76b301,2,/kaggle/input/competitions/aptos2019-blindness-detection/train_images/07d8db76b301.png,3216,2136,6.87,2.544,0.842,67.97633361816406,26.518564391898245,73.1511634697672,ef845a61bb88c3cf383ecd5327ba36cd,c0e0c0c2c6c286c0,False,3216x2136
07e827469099,0,/kaggle/input/competitions/aptos2019-blindness-detection/train_images/07e827469099.png,2048,1536,3.15,1.887,0.705,69.33457946777344,50.050957412938814,171.5088635534048,59c32001ec4b73999cb95ff54598e450,70c0c082a6d0c070,False,2048x1536
07f5d7baf907,0,/kaggle/input/competitions/aptos2019-blindness-detection/train_images/07f5d7baf907.png,2588,1958,5.07,5.668,1.0,95.60609436035156,33.98482002355723,71.32884499221109,a04ffa3604c0a808f46053afa6a17d9b,fcfcfeeeeefcf8f8,False,2588x1958
08037e4490e5,0,/kaggle/input/competitions/aptos2019-blindness-detection/train_images/08037e4490e5.png,819,614,0.5,0.284,0.61,71.03871154785156,42.480291628366935,117.00024175993167,251f3d37f5c5c8e5dd445c581af0bff9,f0dcbcfebeeefcf0,False,819x614
080ee76c958c,4,/kaggle/input/competitions/aptos2019-blindness-detection/train_images/080ee76c958c.png,3216,2136,6.87,5.935,0.842,71.27253723144531,33.011068444376534,102.90026960428804,bfe25e7816993494b80866e9fa19e754,deb8f8797afabedc,False,3216x2136
080f66eedfb9,4,/kaggle/input/competitions/aptos2019-blindness-detection/train_images/080f66eedfb9.png,2416,1736,4.19,2.152,0.934,86.83259582519531,32.73931253987275,116.15920977084897,f1a9d2b015a514201b54518d50fa019a,e0e0d0c4c48080c4,False,2416x1736
084c02cf077f,0,/kaggle/input/competitions/aptos2019-blindness-detection/train_images/084c02cf077f.png,819,614,0.5,0.284,0.61,66.49424743652344,39.36266428313265,96.47912508901209,8f3317dc2ef507c42452d5e22b187e37,f0e0c0c0c4e0e0f0,False,819x614
0851d6a69589,0,/kaggle/input/competitions/aptos2019-blindness-detection/train_images/0851d6a69589.png,1050,1050,1.1,0.954,1.0,70.84771728515625,38.47481480376149,105.27872371673584,675bcbae8db089338066403f41c4fd79,f0e0c0c2e0e0f0f0,False,1050x1050
086d41d17da8,1,/kaggle/input/competitions/aptos2019-blindness-detection/train_images/086d41d17da8.png,1844,1226,2.26,1.067,0.816,74.48818969726562,30.81241355003642,75.63296751468442,bb0c4de78e4c444ec3c1b4dc3473e748,f0f0f4e6e4f2fcf8,False,1844x1226
08752092140d,2,/kaggle/input/competitions/aptos2019-blindness-detection/train_images/08752092140d.png,3388,2588,8.77,7.256,0.871,63.30415344238281,27.77603283996909,93.94384660944343,96b2734e0cf58cdde62bddde25afff6f,d0b8f0f4f6b6bedc,False,3388x2588
08a3875063c3,4,/kaggle/input/competitions/aptos2019-blindness-detection/train_images/08a3875063c3.png,3216,2136,6.87,3.108,0.842,91.60551452636719,33.87481044523128,128.3000415628776,6c4a0f042962420464e6d2ea4be5a46d,e4e0e6e6c0c0a2c4,False,3216x2136
08b6e3240858,0,/kaggle/input/competitions/aptos2019-blindness-detection/train_images/08b6e3240858.png,2588,1958,5.07,5.228,1.0,52.55975341796875,24.19476004551193,31.866425728192553,6fb2d15749818a25e893df9d49373759,fcf8fcfcfefefefc,False,2588x1958
08bef347f40d,0,/kaggle/input/competitions/aptos2019-blindness-detection/train_images/08bef347f40d.png,1050,1050,1.1,0.9,1.0,71.12989807128906,38.771011892719685,96.63695949316025,f537166d632545703ca420f8f9bfeace,f0f8fcfcdcfcf8f0,False,1050x1050
08c17a2d95b7,2,/kaggle/input/competitions/aptos2019-blindness-detection/train_images/08c17a2d95b7.png,2588,1958,5.07,5.298,1.0,63.15092468261719,30.93970266285947,32.1242597901728,77485fc680ade762db20328571c13ea4,f8f8fcfcfcf8f8f0,False,2588x1958
08c60c647673,0,/kaggle/input/competitions/aptos2019-blindness-detection/train_images/08c60c647673.png,2588,1958,5.07,5.381,1.0,60.871490478515625,28.962337818522453,40.623885405948386,39260dd24abcebf249c466252f6f331f,f8fcfeeeeefcf8f0,False,2588x1958
08ee569d4721,0,/kaggle/input/competitions/aptos2019-blindness-detection/train_images/08ee569d4721.png,1050,1050,1.1,1.04,1.0,84.76284790039062,45.15943101192822,141.59010349190794,0ae890d428e2a0eab6c4c6ca417d294a,f0f0f0e0e0e0e0f0,False,1050x1050
08f8838d69bb,0,/kaggle/input/competitions/aptos2019-blindness-detection/train_images/08f8838d69bb.png,1050,1050,1.1,0.968,1.0,79.27931213378906,42.18342974277642,144.1360390984919,25a86c202309f8e88eb9db150f17c6da,f0f6f8fcdcfcf8f0,False,1050x1050
09237bf783a4,0,/kaggle/input/competitions/aptos2019-blindness-detection/train_images/09237bf783a4.png,1050,1050,1.1,1.008,1.0,76.83644104003906,41.08779770110072,113.40481405612081,83fc290c1c1b4fe11318967e4660e2fc,f0f0c0c0c6e0e0f0,False,1050x1050
0924cec998fa,0,/kaggle/input/competitions/aptos2019-blindness-detection/train_images/0924cec998fa.png,2048,1536,3.15,1.936,0.605,74.27058410644531,43.448766723274964,119.82069414830767,2a2300f62145cc98a840d607ff4a6e12,e0c48c101c9cc4f0,False,2048x1536
093a42649c29,3,/kaggle/input/competitions/aptos2019-blindness-detection/train_images/093a42649c29.png,4288,2848,12.21,5.088,0.811,66.09364318847656,26.224050811013228,96.03638442512602,487c0a5904491ec578590bb0ff721706,e2e0c080989092c4,False,4288x2848
093cf723fede,0,/kaggle/input/competitions/aptos2019-blindness-detection/train_images/093cf723fede.png,2048,1536,3.15,1.923,0.605,80.53950500488281,45.459108816213664,155.5734245395288,be44e3651b0ded863093bceaad9f6cf7,f0f8fedeeefcf8f0,False,2048x1536
094858f005ab,2,/kaggle/input/competitions/aptos2019-blindness-detection/train_images/094858f005ab.png,2416,1736,4.19,1.988,0.934,54.845672607421875,22.16974873523907,68.13685567653738,2768bb434786d6ffb7a8aec6d3c83173,fefaf079399c9edc,False,2416x1736
0953c0ac1735,2,/kaggle/input/competitions/aptos2019-blindness-detection/train_images/0953c0ac1735.png,3388,2588,8.77,7.25,0.864,78.28587341308594,30.860315739618045,137.09271427150816,af29fbd6bd1999bd90cac3cb115d784b,c0e0c0e0f4e8b4cc,False,3388x2588
096436d68d06,0,/kaggle/input/competitions/aptos2019-blindness-detection/train_images/096436d68d06.png,2588,1958,5.07,5.497,1.0,54.72550964355469,25.494429392881745,52.73396960622631,5cc44928fdb0448efc4bab910c588755,e8e2ceece8f0f0f0,False,2588x1958
09662e462531,0,/kaggle/input/competitions/aptos2019-blindness-detection/train_images/09662e462531.png,2588,1958,5.07,5.464,1.0,92.73178100585938,41.819029110898946,61.32931789546274,032a6e057e5633efeb2db83f358bf6aa,f4f2f0e58fefeefc,False,2588x1958
0981195eb9fb,4,/kaggle/input/competitions/aptos2019-blindness-detection/train_images/0981195eb9fb.png,4288,2848,12.21,4.656,0.824,61.78608703613281,30.857989029932405,66.74180372711271,33690284337c66f7c60cc775e1919ef8,c0c0c089828286c4,False,4288x2848
099021fac3c9,0,/kaggle/input/competitions/aptos2019-blindness-detection/train_images/099021fac3c9.png,2048,1536,3.15,1.801,0.602,36.64007568359375,23.933396461956868,38.41260545607656,530893fda5e3e3b7eb7dafac3684c28c,f0d88e2e4efefcf0,True,2048x1536
09934421c79e,0,/kaggle/input/competitions/aptos2019-blindness-detection/train_images/09934421c79e.png,2048,1536,3.15,1.711,0.602,35.907318115234375,25.084329526670857,40.68081555492245,8d7f60d17f415fd598685533b2580c21,f0dc8e8fcfdefcf0,True,2048x1536
09935d72892b,1,/kaggle/input/competitions/aptos2019-blindness-detection/train_images/09935d72892b.png,2588,1958,5.07,5.257,1.0,46.663482666015625,27.957169184634967,36.550379510968924,dd97c3a2b9462652f004081b2a45a7bc,f8f8fcfeeef4f8f0,False,2588x1958
09c8323c612e,0,/kaggle/input/competitions/aptos2019-blindness-detection/train_images/09c8323c612e.png,1050,1050,1.1,1.009,1.0,81.27764892578125,43.083448459834315,137.94668781384826,a2cbee2a20d469ccac2f7b29841f2812,f0e0e0c0c0e0f0f0,False,1050x1050
09eeafa9656a,2,/kaggle/input/competitions/aptos2019-blindness-detection/train_images/09eeafa9656a.png,3216,2136,6.87,2.313,0.843,113.3760986328125,42.20529137308207,157.6975978827104,ea51aa8b550bb1ec871b3097daabe03f,e0c08888d0c0e0d0,False,3216x2136
09f1111a388a,0,/kaggle/input/competitions/aptos2019-blindness-detection/train_images/09f1111a388a.png,2048,1536,3.15,1.674,0.602,40.788238525390625,22.62989009864386,54.082875340245664,d001cec98141e35c53706d1e9838367e,f0d2e0c08084c0f0,True,2048x1536
09f6ab477654,2,/kaggle/input/competitions/aptos2019-blindness-detection/train_images/09f6ab477654.png,2416,1736,4.19,1.934,0.935,103.03337097167969,42.69019797564235,288.15342622599564,9ca92faf3965abac04dc3cbef7b239aa,f6f2f3edfddfbede,False,2416x1736
0a09aa7356c0,2,/kaggle/input/competitions/aptos2019-blindness-detection/train_images/0a09aa7356c0.png,2588,1958,5.07,5.236,1.0,55.61674499511719,25.127516218076725,22.20181544474326,f91fc1fb2d87f36ad7ac22efd1ece228,e0f0f0f0e2e0f0f0,True,2588x1958
0a1076183736,2,/kaggle/input/competitions/aptos2019-blindness-detection/train_images/0a1076183736.png,3388,2588,8.77,7.043,0.871,53.37709045410156,24.597843889358387,86.71788141038269,f243511e55fc1438ac2ecee74ccb4c97,ccf6feeffffefedc,False,3388x2588
0a3202889f4d,1,/kaggle/input/competitions/aptos2019-blindness-detection/train_images/0a3202889f4d.png,2416,1736,4.19,2.042,0.934,62.54118347167969,22.572314498130666,93.40500164381228,c52cc05e35deff48e65ecc301c2f9fcb,c692f8a9bdf0badc,False,2416x1736
0a38b552372d,0,/kaggle/input/competitions/aptos2019-blindness-detection/train_images/0a38b552372d.png,1050,1050,1.1,1.032,1.0,93.253662109375,49.67667235372893,182.30381257249974,0950a325e0e9e0e37d50709105679747,f0fafcfedefcfcf0,False,1050x1050
0a4e1a29ffff,0,/kaggle/input/competitions/aptos2019-blindness-detection/train_images/0a4e1a29ffff.png,1050,1050,1.1,1.011,1.0,75.49104309082031,41.333700212894115,115.21644829213619,a94841e1d3f51db175a91ebef37fc05b,f0fcfedefcfcf0f0,False,1050x1050
0a61bddab956,1,/kaggle/input/competitions/aptos2019-blindness-detection/train_images/0a61bddab956.png,2416,1736,4.19,1.941,0.935,98.49916076660156,35.724887367501765,182.73845210648142,264dacf764625fe4632fb82a054b09ed,c0a0f0c1d5e0bacc,False,2416x1736
0a74c92e287c,0,/kaggle/input/competitions/aptos2019-blindness-detection/train_images/0a74c92e287c.png,2048,1536,3.15,1.668,0.602,41.75877380371094,24.598812668551655,54.7592498799786,5f8d14de4cf34238f839154a3a80a5a8,f0c0808084c0e0f0,True,2048x1536
0a85a1e8f9e9,0,/kaggle/input/competitions/aptos2019-blindness-detection/train_images/0a85a1e8f9e9.png,2588,1958,5.07,5.591,1.0,77.09205627441406,34.34646845591723,68.94625112577341,3d3e9b6783ec6e9368783b8981c49729,f0f0e0c1c1c0e0e0,False,2588x1958
0a902c80d5da,0,/kaggle/input/competitions/aptos2019-blindness-detection/train_images/0a902c80d5da.png,1050,1050,1.1,0.859,1.0,79.78443908691406,42.13110991335068,126.51332426047884,cedde74f3cba053f44b82e9cdc7a7a83,f0f0f8fceecefcf0,False,1050x1050
0a9ec1e99ce4,2,/kaggle/input/competitions/aptos2019-blindness-detection/train_images/0a9ec1e99ce4.png,2588,1958,5.07,5.267,1.0,55.77964782714844,28.00637769115957,35.91095137945376,a2dbfda6fe14cf199c553782f2863234,f0f0c0cdd5f4f8f0,False,2588x1958
0abf0c485f66,0,/kaggle/input/competitions/aptos2019-blindness-detection/train_images/0abf0c485f66.png,2048,1536,3.15,1.849,0.604,70.74630737304688,42.661003431488794,90.3542832264211,4a39c36394482aba0cb5ab2d6037b838,f0f8fcfcdcfcf8f0,False,2048x1536
0ac436400db4,2,/kaggle/input/competitions/aptos2019-blindness-detection/train_images/0ac436400db4.png,1504,1000,1.5,1.351,0.838,54.712890625,25.692818789447998,45.41267978772521,89ecd9da08e22d225b70af86960ca4f6,e0c0c0d0f0f0f4fc,False,1504x1000
0ad7f631dedb,1,/kaggle/input/competitions/aptos2019-blindness-detection/train_images/0ad7f631dedb.png,2416,1736,4.19,1.985,0.934,85.49040222167969,31.219856546671714,164.4976202917751,4ca2b7ad12c60d3929e8b29d65f5359a,f2e2f1e9e2ce84c4,False,2416x1736
0ada12c0e78f,4,/kaggle/input/competitions/aptos2019-blindness-detection/train_images/0ada12c0e78f.png,2588,1958,5.07,5.329,1.0,62.77720642089844,37.2555763097355,65.61744856834412,e04c7248c3a785b5612464c10b58bfa9,e0e0e0c9e9f1f2fc,False,2588x1958
0ae2dd2e09ea,0,/kaggle/input/competitions/aptos2019-blindness-detection/train_images/0ae2dd2e09ea.png,1050,1050,1.1,0.823,1.0,80.97633361816406,42.962233222697726,129.75839411257766,2b5a29d6e7864b495f5c002a4fc82075,f0f2f8fcdcdcfcf0,False,1050x1050
0af296d2f04a,2,/kaggle/input/competitions/aptos2019-blindness-detection/train_images/0af296d2f04a.png,3216,2136,6.87,3.306,0.842,103.3017578125,38.355930113083986,164.26990580465645,b5cc00671a6f40c8176d74635dd798bb,f8f0f8eeeef6f4f8,False,3216x2136
0afbeeef0ff7,0,/kaggle/input/competitions/aptos2019-blindness-detection/train_images/0afbeeef0ff7.png,1050,1050,1.1,0.908,1.0,71.4791259765625,37.71064362866838,109.91618175967596,8e128674955a823479bd208ea4f2b44d,f0e08088c0c0e0f0,False,1050x1050
0afdfe5f422c,2,/kaggle/input/competitions/aptos2019-blindness-detection/train_images/0afdfe5f422c.png,3216,2136,6.87,2.635,0.842,97.59919738769531,35.97485684020433,149.19711615121923,05860b1649a8ffd7487fe2358b8d9ae0,e080c088888082c0,False,3216x2136
0b00f8a77510,0,/kaggle/input/competitions/aptos2019-blindness-detection/train_images/0b00f8a77510.png,819,614,0.5,0.345,0.931,36.44450378417969,20.569164983044818,36.506113483570516,0f75649eb13fee09d54970e905f40991,f8ecd4d696ece8f0,True,819x614
0b2ea8f268cf,0,/kaggle/input/competitions/aptos2019-blindness-detection/train_images/0b2ea8f268cf.png,819,614,0.5,0.357,0.931,47.013885498046875,24.502448559595024,56.005520879291,0faebf3fa8baf659a0330f387928fb73,eca2f27070f0f0f0,False,819x614
0b3efe669365,0,/kaggle/input/competitions/aptos2019-blindness-detection/train_images/0b3efe669365.png,2048,1536,3.15,1.761,0.602,38.769744873046875,26.911014843019192,31.678655608557165,6af4c8cec1756100e23b364d80d45c47,f0f8fcfedefcf8f0,True,2048x1536
0b64a0a06f9a,0,/kaggle/input/competitions/aptos2019-blindness-detection/train_images/0b64a0a06f9a.png,819,614,0.5,0.356,0.931,53.43048095703125,30.54034838545573,56.348922699457034,482024f662b96e89e8ca2343f8fa0c6d,fcdccece9e82e0e0,False,819x614
0b8bdec9d869,0,/kaggle/input/competitions/aptos2019-blindness-detection/train_images/0b8bdec9d869.png,2048,1536,3.15,1.922,0.605,80.77101135253906,44.65950666719183,157.18001086916775,1f616831ec1ddca01f42a5635c3203f9,f0c6828888c0e0f0,False,2048x1536
0babc12807b2,0,/kaggle/input/competitions/aptos2019-blindness-detection/train_images/0babc12807b2.png,2416,1736,4.19,2.156,0.934,70.09825134277344,25.23196654274242,85.58980440883897,bc1444888bf9578dae5baa25e14d2063,c0e09088888086c4,False,2416x1736
0bf37ca3156a,4,/kaggle/input/competitions/aptos2019-blindness-detection/train_images/0bf37ca3156a.png,2588,1958,5.07,5.208,1.0,57.34230041503906,22.276154368479425,26.71795664727688,eec8c384a5209ded9c941ea02cae815d,e0e0c08080c0e0e0,True,2588x1958
0c2e2369dfff,2,/kaggle/input/competitions/aptos2019-blindness-detection/train_images/0c2e2369dfff.png,1844,1226,2.26,0.948,0.818,100.32542419433594,40.826549067209875,231.12802605237812,02c6e9067fb30dd7b25b67aecb05cd1c,cc8e8e0e3e389acc,False,1844x1226
0c38940e1f80,0,/kaggle/input/competitions/aptos2019-blindness-detection/train_images/0c38940e1f80.png,819,614,0.5,0.286,0.606,61.86102294921875,33.590086145820656,95.8600275432691,a261cb10f723b3aff083ae3a2d4bfbbf,f0e6c0c0c4c4c4f0,False,819x614
0c43c79e8cfb,0,/kaggle/input/competitions/aptos2019-blindness-detection/train_images/0c43c79e8cfb.png,2588,1958,5.07,5.504,1.0,61.69648742675781,29.653502797145986,59.33345650136471,e020d63ba7b815506398d5ab6aa8c08c,e0f0f8fcdcf8f0f0,False,2588x1958
0c55d58bebaf,2,/kaggle/input/competitions/aptos2019-blindness-detection/train_images/0c55d58bebaf.png,2416,1736,4.19,2.24,0.934,71.58869934082031,27.478238013229735,88.40486131608486,a571b013ee23869c16e8510ac1c0948d,e0f4e0e5e7c686c4,False,2416x1736
0c76fd494af6,2,/kaggle/input/competitions/aptos2019-blindness-detection/train_images/0c76fd494af6.png,3216,2136,6.87,2.731,0.842,87.54887390136719,32.56540506346012,139.3549040472135,ddef30ced5d01ab272bf7faa67cad25d,deeef0e1a98882cc,False,3216x2136
0c7e82daf5a0,2,/kaggle/input/competitions/aptos2019-blindness-detection/train_images/0c7e82daf5a0.png,1504,1000,1.5,1.343,0.838,60.856842041015625,27.273137310148837,47.72434000833891,23990e3cba419d62846f8f90f7c589a2,f0f8fcf4f4f8b0fc,False,1504x1000
0c917c372572,3,/kaggle/input/competitions/aptos2019-blindness-detection/train_images/0c917c372572.png,2416,1736,4.19,2.22,0.934,103.3084716796875,38.454409457140805,180.62724747881293,5405fed12e757f45c01cd49122510df1,f4f0a8a41c9c8acc,False,2416x1736
0ca0aee4d57e,2,/kaggle/input/competitions/aptos2019-blindness-detection/train_images/0ca0aee4d57e.png,4288,2848,12.21,4.465,0.81,59.29270935058594,25.636668443226306,59.72022794187069,d655a56f43eb26a8f475c83bde256f81,a0c0c088808486c4,False,4288x2848
0cae727cf119,0,/kaggle/input/competitions/aptos2019-blindness-detection/train_images/0cae727cf119.png,2048,1536,3.15,1.927,0.605,78.47749328613281,43.04183606840253,149.02151801809669,0a551b74ee1f01073a9d25c742a86d9b,f082c0c0c6c4e0f0,False,2048x1536
0cb14014117d,3,/kaggle/input/competitions/aptos2019-blindness-detection/train_images/0cb14014117d.png,3216,2136,6.87,5.522,0.842,69.42723083496094,27.293375183663116,71.44679755624384,91b2c675f15f09bcddc0613929de649b,e0e0e0c8c8e0e0e4,False,3216x2136
0cb6b898389f,0,/kaggle/input/competitions/aptos2019-blindness-detection/train_images/0cb6b898389f.png,819,614,0.5,0.275,0.61,78.05979919433594,45.57300598619626,140.79573486745358,ddb68b9c28e4bd917ed91946d7c57f69,f0dcc28080e0e0f0,False,819x614
0cbcc7b23613,0,/kaggle/input/competitions/aptos2019-blindness-detection/train_images/0cbcc7b23613.png,2588,1958,5.07,5.091,1.0,47.93098449707031,24.52819411539512,15.991636510938406,8d2333fe6bb6995c3dfb812d5d19e105,f8fcfefefefcf8f8,True,2588x1958
0cd31078cd08,0,/kaggle/input/competitions/aptos2019-blindness-detection/train_images/0cd31078cd08.png,2048,1536,3.15,1.871,0.605,75.26496887207031,50.703162289255914,163.69806291698478,9629551a4426e175067c631ef558bfb5,f89efe7e7efefcf8,False,2048x1536
0ce062f26edc,0,/kaggle/input/competitions/aptos2019-blindness-detection/train_images/0ce062f26edc.png,819,614,0.5,0.438,0.931,58.97410583496094,37.915813763838074,121.33840765594505,b5e2802e4e5daa8b850073f22d0ddd93,e0c8ce8686ceccf0,False,819x614
0ceb222f6629,4,/kaggle/input/competitions/aptos2019-blindness-detection/train_images/0ceb222f6629.png,2416,1736,4.19,2.391,0.935,78.04972839355469,31.671210365682334,151.48740718117915,eefdc3c74210cfa5fdc722399f3eff67,f0b2f07171e080c0,False,2416x1736
0cecc2864b7f,0,/kaggle/input/competitions/aptos2019-blindness-detection/train_images/0cecc2864b7f.png,819,614,0.5,0.346,0.931,45.24497985839844,25.287098995654866,51.148906614631414,573bf7bca8295949299c208ccef30140,fc9c9c9c94a8f0f0,False,819x614
0d0a21fd354f,2,/kaggle/input/competitions/aptos2019-blindness-detection/train_images/0d0a21fd354f.png,2588,1958,5.07,5.127,1.0,44.04145812988281,17.03121432329491,20.8803007369861,02695075c816cb3c796bfbb9e9b85cce,c0f0f8eceeeef8f8,True,2588x1958
0d0b8fc9ab5c,0,/kaggle/input/competitions/aptos2019-blindness-detection/train_images/0d0b8fc9ab5c.png,2048,1536,3.15,1.892,0.604,66.947998046875,49.56396340245756,157.99743802007288,5daed9d052d8286dcc132054369bd4f2,e0c280808080c0e0,False,2048x1536
0d310aba6373,1,/kaggle/input/competitions/aptos2019-blindness-detection/train_images/0d310aba6373.png,2588,1958,5.07,4.132,0.997,77.62289428710938,32.402310128780876,58.710850700736046,426095d67d4c084552df0605e5b35e5c,e0c0c0c1c9c0e0f0,False,2588x1958
0d744aed4d64,0,/kaggle/input/competitions/aptos2019-blindness-detection/train_images/0d744aed4d64.png,1050,1050,1.1,0.948,1.0,94.63331604003906,50.10505157065425,150.06979678571224,94cade59ceee42a38756da0b7d6ad44a,f0f8f8fcdcf8f0f0,False,1050x1050
0d8f60ed9280,0,/kaggle/input/competitions/aptos2019-blindness-detection/train_images/0d8f60ed9280.png,2048,1536,3.15,1.725,0.6,32.84355163574219,22.79604197325987,29.996400773525238,eff6245d397efbc44b49adeb14d7043e,f0e2c28686e4e0f0,True,2048x1536
0d9a9896f801,0,/kaggle/input/competitions/aptos2019-blindness-detection/train_images/0d9a9896f801.png,1050,1050,1.1,0.975,1.0,71.02011108398438,39.35665756842625,107.06278291693889,14a8522fa789842d2efe6cc6aabb809e,f0e0f0f8f8f0e0f0,False,1050x1050
0da09e3ce8f1,2,/kaggle/input/competitions/aptos2019-blindness-detection/train_images/0da09e3ce8f1.png,3216,2136,6.87,3.039,0.842,113.21726989746094,40.94185316749509,209.92249461635947,301945862f7f6a2a956a99beaee7c75f,c080c0e2e6a0a2c0,False,3216x2136
0da321efbce6,0,/kaggle/input/competitions/aptos2019-blindness-detection/train_images/0da321efbce6.png,819,614,0.5,0.347,0.931,42.934112548828125,24.333190899501663,35.57025889214128,186f87e75b6cd5a36047e7f6f450a358,e8c89496c0e8e0f0,True,819x614
0da632ca45e0,0,/kaggle/input/competitions/aptos2019-blindness-detection/train_images/0da632ca45e0.png,2048,1536,3.15,1.754,0.682,28.306671142578125,22.50231871576128,42.903076307615265,cb1fafd074984cddfcb0795f54df9c31,70e2e0c0c6e0f870,True,2048x1536
0daddc45d832,0,/kaggle/input/competitions/aptos2019-blindness-detection/train_images/0daddc45d832.png,1050,1050,1.1,0.997,1.0,78.29521179199219,42.72380566877281,123.72195555991493,f2a131541bf180660dd78e4af2bcd20c,f0e0c0c0c0c0e0f0,False,1050x1050
0db1d8dcf219,0,/kaggle/input/competitions/aptos2019-blindness-detection/train_images/0db1d8dcf219.png,2048,1536,3.15,1.913,0.605,79.77340698242188,43.17387952095041,124.08035731106065,00fb474c89b64622448b94b2ba109ae0,f0e4ccc4c4c0c8f0,False,2048x1536
0dbaa09a458c,2,/kaggle/input/competitions/aptos2019-blindness-detection/train_images/0dbaa09a458c.png,2416,1736,4.19,2.44,0.935,80.86149597167969,32.53908730653854,109.57815530686639,e7fee662e9777802faabc06936f3ffda,f0d0d8888c88d0f8,False,2416x1736
0dbe6c26cedc,0,/kaggle/input/competitions/aptos2019-blindness-detection/train_images/0dbe6c26cedc.png,819,614,0.5,0.308,0.606,72.38455200195312,40.506027436343466,115.5273237079382,76e5605538fd081d5cbcf61956ddebc0,f0e0e0868ce0f0f0,False,819x614
0dc031c94225,1,/kaggle/input/competitions/aptos2019-blindness-detection/train_images/0dc031c94225.png,2416,1736,4.19,2.395,0.935,66.11274719238281,25.690771012070332,113.07340648397803,56f1a32c1b11aa130e71aa644de0c941,e6f0f0f8b9b982c6,False,2416x1736
0dc8d25b3f69,3,/kaggle/input/competitions/aptos2019-blindness-detection/train_images/0dc8d25b3f69.png,2416,1736,4.19,2.337,0.934,83.40754699707031,29.69409204856639,131.46733735408634,4f18e8b81dccd14869088a8ba0750eea,d490b058c4d8b0dc,False,2416x1736
0dce95217626,1,/kaggle/input/competitions/aptos2019-blindness-detection/train_images/0dce95217626.png,2416,1736,4.19,2.31,0.934,73.64228820800781,29.14079338780844,79.7756694406271,1a78b60bc76f0b2ddf72f50a62086ac8,f0f8f8eccc8c8ce4,False,2416x1736
0e0003ddd8df,0,/kaggle/input/competitions/aptos2019-blindness-detection/train_images/0e0003ddd8df.png,1050,1050,1.1,1.014,1.0,87.47894287109375,46.61745802047428,167.8353453045711,c7bc68d29601fa799d11dfffef02f3e9,f0e0c0c0c4c0e0f0,False,1050x1050
0e0fc1d9810c,4,/kaggle/input/competitions/aptos2019-blindness-detection/train_images/0e0fc1d9810c.png,4288,2848,12.21,5.156,0.811,65.09370422363281,26.484467632801067,104.54885235335678,a646309d04cd11b65944537c92047070,baba5a79f0f2e2cc,False,4288x2848
0e3572b5884a,0,/kaggle/input/competitions/aptos2019-blindness-detection/train_images/0e3572b5884a.png,1050,1050,1.1,1.06,1.0,90.37411499023438,48.27942569758805,165.30057071126066,4fcd76322e57222a5ef600517c8cb547,f0f0f8dcdcececf0,False,1050x1050
0e43c8298fc0,0,/kaggle/input/competitions/aptos2019-blindness-detection/train_images/0e43c8298fc0.png,2048,1536,3.15,1.912,0.605,90.87458801269531,49.77952125188468,217.56584611162543,8d370157dee1d3ab416b657cea4047d6,f0a080c4c4e0e0f0,False,2048x1536
0e75d51152fc,2,/kaggle/input/competitions/aptos2019-blindness-detection/train_images/0e75d51152fc.png,3216,2136,6.87,3.845,0.842,102.70454406738281,38.823974502839796,204.44068951066583,4ee9fc3ce10fe28bec65c9044d972a85,f0a0e0c4c4e0f0d0,False,3216x2136
0e82bcacc475,4,/kaggle/input/competitions/aptos2019-blindness-detection/train_images/0e82bcacc475.png,2588,1958,5.07,5.221,1.0,58.576446533203125,22.77669392819456,22.65565736568533,b4fc9de74e3bef666465b40792c2c1ed,fcf8fcfeeef2fcf0,True,2588x1958
0e94cd271c00,0,/kaggle/input/competitions/aptos2019-blindness-detection/train_images/0e94cd271c00.png,1050,1050,1.1,0.985,0.996,49.199188232421875,28.61864945291797,58.941913976334035,0b6ec053e593fe74198cef8a79ec5af1,f0f0f8fcdcfcf8f0,False,1050x1050
0eb52045349f,1,/kaggle/input/competitions/aptos2019-blindness-detection/train_images/0eb52045349f.png,4288,2848,12.21,5.3,0.812,66.38323974609375,26.270159597078933,98.14471766259521,199c066c8edc5254c37e410597d2a027,faf8f8eaeefc98ec,False,4288x2848
0eced86c9db8,0,/kaggle/input/competitions/aptos2019-blindness-detection/train_images/0eced86c9db8.png,2048,1536,3.15,1.928,0.604,85.64939880371094,46.580019976940086,174.55233509815298,5a5c72e18e96564a588b85bcad7e2464,f0f8dcdededcccf0,False,2048x1536
0edadb2aa127,3,/kaggle/input/competitions/aptos2019-blindness-detection/train_images/0edadb2aa127.png,4288,2848,12.21,4.955,0.822,55.77545166015625,23.45955197823769,54.82364099822007,d69fc7600014a5c9de0c34a9bc1eeb79,e0f0e8eaeeac8ccc,False,4288x2848
0ef4c61dc056,0,/kaggle/input/competitions/aptos2019-blindness-detection/train_images/0ef4c61dc056.png,1050,1050,1.1,0.945,1.0,75.88198852539062,40.29163539572666,115.18959021917544,7b1d5395ebf3177f2625f845b7f6e698,f0f0e0c0c2e0e0f0,False,1050x1050
0efc93ec838b,2,/kaggle/input/competitions/aptos2019-blindness-detection/train_images/0efc93ec838b.png,3388,2588,8.77,7.241,0.873,85.85836791992188,34.23568300961941,194.91632144502364,e2d0965163d9986f03a6229ab2cca237,d088c8e1c7e284c0,False,3388x2588
0eff8eacb2f7,2,/kaggle/input/competitions/aptos2019-blindness-detection/train_images/0eff8eacb2f7.png,2416,1736,4.19,2.324,0.934,72.82493591308594,27.676044649012,100.02976083382964,a560f27bcd37d1b991b263ec45d4c23e,e2c0a088c0d088c4,False,2416x1736
0f364b7d4384,0,/kaggle/input/competitions/aptos2019-blindness-detection/train_images/0f364b7d4384.png,2588,1958,5.07,2.887,1.0,61.14439392089844,23.40965292311205,51.42630008771084,1288897f38bda8254b76a0594ffac6d1,f0f0e0c189cbe2f6,False,2588x1958
0f495d87656a,1,/kaggle/input/competitions/aptos2019-blindness-detection/train_images/0f495d87656a.png,2416,1736,4.19,2.186,0.934,60.95964050292969,24.196657718954135,78.76586443092674,ae865cca789c91f3adec094be1cae029,c0b0f86c5edefefc,False,2416x1736
0f6e645466a2,0,/kaggle/input/competitions/aptos2019-blindness-detection/train_images/0f6e645466a2.png,819,614,0.5,0.293,0.606,71.13212585449219,42.12876824020951,110.21573147829622,9009fb201c06435dae9d06df7d9b95d2,f0f8fc6e6efcfcf0,False,819x614
0f882877bf13,3,/kaggle/input/competitions/aptos2019-blindness-detection/train_images/0f882877bf13.png,2588,1958,5.07,3.625,0.998,50.19194030761719,27.974996733574557,43.732434559380636,b2b9196b5ea8d8cb255f0cc142d9ecc1,f0f0f4fcf8f8f0f0,False,2588x1958
0f96c358a250,3,/kaggle/input/competitions/aptos2019-blindness-detection/train_images/0f96c358a250.png,2416,1736,4.19,2.222,0.934,96.81533813476562,37.96860677500534,149.56367005757056,568e5624a4a1ba1b45a2e82c8555ed8b,f0f0f0e4e4d8e2c0,False,2416x1736
0fb1053285cf,1,/kaggle/input/competitions/aptos2019-blindness-detection/train_images/0fb1053285cf.png,2416,1736,4.19,2.141,0.934,101.06367492675781,35.56834243694398,187.47217023279518,8c8a988a8f8ed77cdf026f29bf4879f5,e6eae0918dc6e6dc,False,2416x1736
0fb560f9adb2,2,/kaggle/input/competitions/aptos2019-blindness-detection/train_images/0fb560f9adb2.png,2588,1958,5.07,5.028,1.0,48.01251220703125,20.651062095240334,21.22964622732252,4f3bc6545040cfaafed65009e63e072f,f0f0f8fcfcfcfcf8,True,2588x1958
0fbbd665431f,0,/kaggle/input/competitions/aptos2019-blindness-detection/train_images/0fbbd665431f.png,819,614,0.5,0.338,0.931,38.04814147949219,19.143150787443634,32.15940280049108,25f766f58f7477cf456d3728bef06320,e4b2f070f2f8e0e0,True,819x614
0fc6829da85b,0,/kaggle/input/competitions/aptos2019-blindness-detection/train_images/0fc6829da85b.png,2588,1958,5.07,4.942,1.0,33.71266174316406,13.425521626366168,12.89017006661743,31d1da22cf59662fb3fe9524d2e239a2,f8f0f8e7e7f4f0f0,True,2588x1958
0fcfc6301f3d,2,/kaggle/input/competitions/aptos2019-blindness-detection/train_images/0fcfc6301f3d.png,3216,2136,6.87,3.395,0.842,68.89340209960938,25.009942269567226,82.78780564828776,fc1b5074d65660c967164d9f30a41574,c480c047c6c4b6c4,False,3216x2136
0fd16b64697e,2,/kaggle/input/competitions/aptos2019-blindness-detection/train_images/0fd16b64697e.png,1844,1226,2.26,1.081,0.816,60.525543212890625,30.293379832967325,69.94297569594346,fdb8d8ccaf741a88366e47e59a5ed395,e0f0e08080e0c0c4,False,1844x1226
0fe31196e0e8,0,/kaggle/input/competitions/aptos2019-blindness-detection/train_images/0fe31196e0e8.png,1050,1050,1.1,1.044,1.0,77.55528259277344,41.69042330966709,125.81595744099468,3fae73d95a90e469a6d3e0693d85735f,f0f8f8fcf8f0e0f0,False,1050x1050
0fffa73e2402,2,/kaggle/input/competitions/aptos2019-blindness-detection/train_images/0fffa73e2402.png,2416,1736,4.19,2.21,0.934,55.506591796875,20.083376909310275,51.72295232769102,4a7968c9102dd36fa5f72ea2d391c861,c0f0e088a8e0e8f8,False,2416x1736
1002b5151b8e,0,/kaggle/input/competitions/aptos2019-blindness-detection/train_images/1002b5151b8e.png,819,614,0.5,0.292,0.606,76.83294677734375,44.45588899807844,109.7568706588354,bafae8666cb2725e1e412cedd45c56e5,f0fcfef6f6fef8f0,False,819x614
1002f3fe38f0,0,/kaggle/input/competitions/aptos2019-blindness-detection/train_images/1002f3fe38f0.png,1050,1050,1.1,0.974,1.0,62.404571533203125,33.92312304963869,93.94608979462646,fffa860ce9319f2b0f51e2096aab504a,f0f8fcfcdcfcd8e0,False,1050x1050
1006345f70b7,2,/kaggle/input/competitions/aptos2019-blindness-detection/train_images/1006345f70b7.png,2416,1736,4.19,2.847,0.934,94.27825927734375,37.52259037661775,194.32143000420183,a6e3a43a938c5632d1d6d000c8d62777,e0c8b0b4f0f0e0e0,False,2416x1736
101b9ebfc720,1,/kaggle/input/competitions/aptos2019-blindness-detection/train_images/101b9ebfc720.png,2416,1736,4.19,2.018,0.934,91.0269775390625,35.320716062247186,142.50598314381205,36ae0ba37d6771e294e23f48deefa237,f4f8b8bcfcfcfefc,False,2416x1736
103abbd8b63e,0,/kaggle/input/competitions/aptos2019-blindness-detection/train_images/103abbd8b63e.png,2048,1536,3.15,1.927,0.605,83.56016540527344,50.693608079752416,156.16837575193495,8d9315442b4a9ce923b617795e987eb4,f8fcfcfedcf8f8f0,False,2048x1536
103f97a2ab15,0,/kaggle/input/competitions/aptos2019-blindness-detection/train_images/103f97a2ab15.png,2588,1958,5.07,5.064,1.0,44.595001220703125,19.836144628017102,19.207067876821384,af32401583d8557ac25054bc4558b145,fcf8f8fcfeeefefc,True,2588x1958
107aea0d9289,1,/kaggle/input/competitions/aptos2019-blindness-detection/train_images/107aea0d9289.png,2416,1736,4.19,2.368,0.934,58.412811279296875,24.727820059490895,69.63212411641143,4b27704361cd04b9b813ea07066029d2,faf0f0e88c9e9edc,False,2416x1736
10a5026eb8e6,0,/kaggle/input/competitions/aptos2019-blindness-detection/train_images/10a5026eb8e6.png,2588,1958,5.07,5.175,1.0,47.438446044921875,24.077791563177737,27.05240604444407,84ae434b1051a1466ffd93bc9cfbb099,fcfcf87d77fcf8f8,True,2588x1958
10bf25731c08,0,/kaggle/input/competitions/aptos2019-blindness-detection/train_images/10bf25731c08.png,1050,1050,1.1,1.005,1.0,82.80174255371094,44.29595062159003,149.501276002964,b43eaecb27c339d6936108d819e84bc7,f0e0c0c2e0e0f0f0,False,1050x1050
10de500cf0c5,0,/kaggle/input/competitions/aptos2019-blindness-detection/train_images/10de500cf0c5.png,2048,1536,3.15,1.877,0.605,75.49415588378906,43.604058299342704,188.7775921486318,42e30e62a0dbfa5cabe1273024c0284a,f09c9e2e2ebe9cf0,False,2048x1536
10ecc5292ab1,2,/kaggle/input/competitions/aptos2019-blindness-detection/train_images/10ecc5292ab1.png,3388,2588,8.77,3.293,0.868,65.10760498046875,26.33009983369153,84.48116660839878,8791369bc0a87c6f986841ac6e9adbb1,c0c0f080908080c0,False,3388x2588
10eefba568dd,2,/kaggle/input/competitions/aptos2019-blindness-detection/train_images/10eefba568dd.png,3216,2136,6.87,3.147,0.846,98.47256469726562,40.709797068792774,194.62329204543494,96486ff81a7be1cb0a15a78804a79779,fec2f1f0e0c4c4e0,False,3216x2136
10f10fd30718,0,/kaggle/input/competitions/aptos2019-blindness-detection/train_images/10f10fd30718.png,1050,1050,1.1,0.955,1.0,87.46257019042969,46.97507679325295,138.27332472801208,17bf3eebc5e10a2ba13fc0de962f31af,f0f0e0c0c0e0f0f0,False,1050x1050
10f36b0239fb,1,/kaggle/input/competitions/aptos2019-blindness-detection/train_images/10f36b0239fb.png,4288,2848,12.21,5.228,0.809,77.2235107421875,31.605803083509766,133.23910478851758,dcfa2aab8b63845cac9184ce62b8a1c0,f0f0c044c4c686cc,False,4288x2848
10f6ef37fe43,0,/kaggle/input/competitions/aptos2019-blindness-detection/train_images/10f6ef37fe43.png,1050,1050,1.1,1.009,1.0,74.52622985839844,39.813437249593775,113.1487461400684,4335af72bcd249c2058bb2908a044565,f0f0f8fcdcfcf8f0,False,1050x1050
10fca1abf338,4,/kaggle/input/competitions/aptos2019-blindness-detection/train_images/10fca1abf338.png,1844,1226,2.26,0.794,0.818,74.93896484375,33.768670657451416,71.27743443008512,bbca9c396c94a9b7459e1c9eaf158a9f,f0f0e0c0e0f0b2cc,False,1844x1226
1116271db4ea,1,/kaggle/input/competitions/aptos2019-blindness-detection/train_images/1116271db4ea.png,2416,1736,4.19,2.2,0.934,73.63044738769531,27.048631967098512,151.62088923808187,da6b948cc56f0f9982b26c03d2fabc0f,d2b0f06a428282c6,False,2416x1736
111898ab463d,1,/kaggle/input/competitions/aptos2019-blindness-detection/train_images/111898ab463d.png,2416,1736,4.19,2.134,0.934,61.8214111328125,23.049840181305036,79.12579161580652,5b3181be8aeefac80b1a03526a2c914a,f8f0e061718286c4,False,2416x1736
1120f6d08d95,2,/kaggle/input/competitions/aptos2019-blindness-detection/train_images/1120f6d08d95.png,2588,1958,5.07,5.549,1.0,93.72630310058594,32.441053180159166,75.01547101489268,08a1df617d852e4013aae5f3a3cc8d0f,f0e0c4c58d88e2e0,False,2588x1958
11242a67122d,4,/kaggle/input/competitions/aptos2019-blindness-detection/train_images/11242a67122d.png,2144,1424,3.05,2.808,0.841,68.41883850097656,27.9959965437747,55.07378535321914,f5a81fd1e5907e2a9f66595e63e845cd,f8f0f0e6eefcf8d0,False,2144x1424
1124ffcd76c2,2,/kaggle/input/competitions/aptos2019-blindness-detection/train_images/1124ffcd76c2.png,3388,2588,8.77,7.04,0.872,59.44328308105469,27.552969444909582,60.68311980529688,3ce63ba5c28d585b350ba993dfec173d,e0f0e0e2c2c280c0,False,3388x2588
115e42dd6a81,2,/kaggle/input/competitions/aptos2019-blindness-detection/train_images/115e42dd6a81.png,2416,1736,4.19,2.285,0.935,68.50326538085938,27.755376429329367,97.8855521788355,50bc9158760e39c2ecdb3760a208f151,d0a0e0e8a88c84cc,False,2416x1736
1177d583c807,2,/kaggle/input/competitions/aptos2019-blindness-detection/train_images/1177d583c807.png,2416,1736,4.19,2.247,0.934,60.54109191894531,26.502982879163994,62.66741147264838,d211e5fcf812d4689f9f9f92049e0fc7,d0f0f0785898c0c4,False,2416x1736
11b220a397b8,0,/kaggle/input/competitions/aptos2019-blindness-detection/train_images/11b220a397b8.png,2048,1536,3.15,1.85,0.605,84.68055725097656,45.929334591655525,161.903444763273,205a350ac4e6d286ca6512bda5200a91,f0c0a0385efcf8f0,False,2048x1536
11b5c77fbf79,2,/kaggle/input/competitions/aptos2019-blindness-detection/train_images/11b5c77fbf79.png,2588,1958,5.07,5.74,1.0,99.31596374511719,42.342119062140874,87.40664898394607,651d0fb5cffe60d9dbb8ac72f1192215,f0f0c4e4e8f0f0f0,False,2588x1958
11d8e5eaee5b,0,/kaggle/input/competitions/aptos2019-blindness-detection/train_images/11d8e5eaee5b.png,1050,1050,1.1,0.997,1.0,87.43183898925781,46.5213389542912,144.62692292942666,5f4295af58f11dc79bdd943b9a77b657,f0f0f8fcdcfcf8f0,False,1050x1050
12025b34deb8,2,/kaggle/input/competitions/aptos2019-blindness-detection/train_images/12025b34deb8.png,2588,1958,5.07,5.228,1.0,63.71144104003906,26.528924684816776,20.564570531249046,7724d061ff801692d287ea692a1d6b8a,f8f8eccecef0f0f0,True,2588x1958
12058bbb8299,0,/kaggle/input/competitions/aptos2019-blindness-detection/train_images/12058bbb8299.png,1050,1050,1.1,0.999,1.0,91.11289978027344,47.97199857538116,166.27096354588866,5793efc9fa86107655946858fc58e893,f0fc9cfcf8f0e0f0,False,1050x1050
1269ab57c2e6,2,/kaggle/input/competitions/aptos2019-blindness-detection/train_images/1269ab57c2e6.png,2416,1736,4.19,1.988,0.935,115.51560974121094,40.58844096270815,240.08094596490264,1c59ab8b3cc999dcc86604133105b3ee,e0e0f0b1b9808acc,False,2416x1736
12a82fc7d73e,2,/kaggle/input/competitions/aptos2019-blindness-detection/train_images/12a82fc7d73e.png,3388,2588,8.77,3.591,0.871,70.12794494628906,30.182114318649703,111.08128344058059,f972d8b1dd6a6d1649d5f5422c89a4cc,d0f0e0e0e0e080c0,False,3388x2588
12ab2f6397f0,0,/kaggle/input/competitions/aptos2019-blindness-detection/train_images/12ab2f6397f0.png,1050,1050,1.1,0.974,1.0,77.484130859375,41.31059623103187,134.1104028315749,d0ee18e219079d1c51c98184ccefb40c,f0c0c4c4c0e0f0f0,False,1050x1050
12ae44be0d38,0,/kaggle/input/competitions/aptos2019-blindness-detection/train_images/12ae44be0d38.png,1050,1050,1.1,0.921,1.0,80.6748046875,43.95647556784573,107.1811122437939,d66f459cce5e4c28f2e6ed378f8e6e18,f0e0c0c6c0c0c0f0,False,1050x1050
12b57dac703e,0,/kaggle/input/competitions/aptos2019-blindness-detection/train_images/12b57dac703e.png,2588,1958,5.07,5.652,1.0,89.0517578125,42.02341615641233,68.44408202171326,b4ca12d53427cb3449baf2fca3991ab5,fcf2f0e1c5c4e0f0,False,2588x1958
12bc439d373a,0,/kaggle/input/competitions/aptos2019-blindness-detection/train_images/12bc439d373a.png,1050,1050,1.1,1.018,1.0,84.36711120605469,45.6927199479553,139.57770575559698,2b749563f363bca0f9a6d933c97d80fb,f0e0c0c0c4c0c0f0,False,1050x1050
12ce6a1a1f31,1,/kaggle/input/competitions/aptos2019-blindness-detection/train_images/12ce6a1a1f31.png,2416,1736,4.19,2.179,0.934,79.50901794433594,29.165891220205623,115.59016334614716,bafbcd824c71ba7428dc5f91670073bb,c0b8e09090988acc,False,2416x1736
12e3f5f2cb17,1,/kaggle/input/competitions/aptos2019-blindness-detection/train_images/12e3f5f2cb17.png,2416,1736,4.19,1.866,0.935,71.58291625976562,26.28940013975822,71.54684337018989,46f3762267786dd7c5758db84cef2b09,e0d08088c0c080c4,False,2416x1736
12e6e66c80a7,2,/kaggle/input/competitions/aptos2019-blindness-detection/train_images/12e6e66c80a7.png,640,480,0.31,0.383,1.0,87.89254760742188,22.659736841143847,80.06631194707006,2eeb0af4ea73a240eb54651f0475a5c3,387c7cfefefe7e7c,False,640x480
12ef75375322,0,/kaggle/input/competitions/aptos2019-blindness-detection/train_images/12ef75375322.png,1050,1050,1.1,0.932,1.0,91.88497924804688,48.446748262388844,153.95695152296685,f4f050c8e5d1031fe67c1c1c2faa4913,f0f8fc9cfcf8f0f0,False,1050x1050
13063d1bc4ea,2,/kaggle/input/competitions/aptos2019-blindness-detection/train_images/13063d1bc4ea.png,2588,1958,5.07,5.055,1.0,40.39875793457031,18.728715237790606,28.59475877508521,ab52ffcdacf0821009a5775a672c724b,b87c7c7c7f76fcf8,True,2588x1958
13073f075a56,0,/kaggle/input/competitions/aptos2019-blindness-detection/train_images/13073f075a56.png,1050,1050,1.1,0.915,1.0,93.73812866210938,50.05843688464545,154.9538483535871,82f03a30ae6580ddc8d8ba88b8df61ac,f0f0e0e0c0e0e0f0,False,1050x1050
135575dc57c9,2,/kaggle/input/competitions/aptos2019-blindness-detection/train_images/135575dc57c9.png,1504,1000,1.5,1.315,0.838,70.91664123535156,29.167547259877313,62.12643574527465,7c503683d5df9841616568d658e8036c,f0f4f0f3f3f2fcf8,False,1504x1000
13ab8db8c700,1,/kaggle/input/competitions/aptos2019-blindness-detection/train_images/13ab8db8c700.png,2416,1736,4.19,2.218,0.935,90.09396362304688,31.700563735524387,138.41034358367324,273d6037c5a46fe5ddcd13149c6bf7fc,d8b0f262f8f0b2c4,False,2416x1736
13c191b59ed0,0,/kaggle/input/competitions/aptos2019-blindness-detection/train_images/13c191b59ed0.png,2048,1536,3.15,1.649,0.605,66.76445007324219,36.577891979135124,127.44093304499984,669f22aeefb33c303e67a58a94008a30,f08ece8ecefefcf0,False,2048x1536
13d014ccd136,0,/kaggle/input/competitions/aptos2019-blindness-detection/train_images/13d014ccd136.png,1050,1050,1.1,1.046,1.0,71.6405029296875,39.267463103502784,136.54661744460464,a1c9aa27e9c956c921182d5bfdec4cb5,f0e0c0c0c4c0e0f0,False,1050x1050
13d411c85ffd,0,/kaggle/input/competitions/aptos2019-blindness-detection/train_images/13d411c85ffd.png,1050,1050,1.1,1.022,1.0,92.67372131347656,48.52474095724514,176.800607962301,fbe23d7089f0f6580da7cc4a07e52dc6,f0f8fececefee4f0,False,1050x1050
13d71389563f,2,/kaggle/input/competitions/aptos2019-blindness-detection/train_images/13d71389563f.png,2416,1736,4.19,2.21,0.934,65.4029541015625,29.597355118219383,64.81393008655868,1fc0a307b4fad47c34293aa9307cbc8a,f0c0c0e4948080c0,False,2416x1736
1409ab48175a,0,/kaggle/input/competitions/aptos2019-blindness-detection/train_images/1409ab48175a.png,1050,1050,1.1,1.015,1.0,77.68930053710938,41.7225762556462,131.37832412286662,d89efcd4796eb5cebe5ae8f57fc1a363,f0e0e0c0c4c0e0f0,False,1050x1050
1411c8ab7161,2,/kaggle/input/competitions/aptos2019-blindness-detection/train_images/1411c8ab7161.png,1504,1000,1.5,1.464,0.838,75.31883239746094,31.675196920155834,101.57973178080283,70137cf193f130d2cae49768c75fc565,e0d0809090c0e2f8,False,1504x1000
1414128bead0,2,/kaggle/input/competitions/aptos2019-blindness-detection/train_images/1414128bead0.png,2588,1958,5.07,5.262,1.0,63.864501953125,29.96201737209722,20.829247565707192,5ddd33bfe295042ea03a0c5d0b41a2a0,e0c080c0c0e0f0f0,True,2588x1958
141735b57ec0,2,/kaggle/input/competitions/aptos2019-blindness-detection/train_images/141735b57ec0.png,2416,1736,4.19,2.384,0.935,71.42724609375,27.772477982440474,99.5272109201178,4472aab64c10167bdf3c1407171bf907,e0c0808888c0c2c0,False,2416x1736
1438288bb2e1,2,/kaggle/input/competitions/aptos2019-blindness-detection/train_images/1438288bb2e1.png,2588,1958,5.07,5.065,1.0,47.98838806152344,21.45827682022834,20.85060503706336,75d1a1adf1c4142577ff8a5846fcfa75,f8f0f0f0c4c4e0f0,True,2588x1958
143db89c11c8,0,/kaggle/input/competitions/aptos2019-blindness-detection/train_images/143db89c11c8.png,1050,1050,1.1,0.873,1.0,72.81986999511719,39.250706478548004,101.45723038143478,fbf0288e70f10c383464f73d2139ead0,f0f8fcdedefcf8f0,False,1050x1050
144a1a426137,2,/kaggle/input/competitions/aptos2019-blindness-detection/train_images/144a1a426137.png,1050,1050,1.1,0.935,1.0,70.23194885253906,38.13846600874652,99.92979584634304,1ec95630669b1c4e8411603154db931b,f0c0c0c4c0e0e0f0,False,1050x1050
144b01e7b993,2,/kaggle/input/competitions/aptos2019-blindness-detection/train_images/144b01e7b993.png,1504,1000,1.5,1.327,0.838,73.32327270507812,30.514151156201972,77.69938830076717,c76f749a820f01b47be98198f039ae19,f0c09890b0d0c0fc,False,1504x1000
14515b8f19b6,2,/kaggle/input/competitions/aptos2019-blindness-detection/train_images/14515b8f19b6.png,3216,2136,6.87,5.648,0.843,116.75813293457031,43.541041367929125,247.07325950055383,972c611311946673ad19ba48c4d8bb9b,cccad0e1e1e2e2f8,False,3216x2136
14c3b41d289c,0,/kaggle/input/competitions/aptos2019-blindness-detection/train_images/14c3b41d289c.png,2588,1958,5.07,5.561,1.0,77.24656677246094,41.00113336392694,80.94843777175993,5f1ed4ec89b0115b81ff22d527a65467,f8f8fcfeeefefcf8,False,2588x1958
14e3f84445f7,3,/kaggle/input/competitions/aptos2019-blindness-detection/train_images/14e3f84445f7.png,1504,1000,1.5,1.315,0.838,77.72906494140625,31.222088432840096,80.0300920009613,197303f49434137ed6ab3c9906d76a13,f0f0f03090d08af8,False,1504x1000
14ee87d6cc42,2,/kaggle/input/competitions/aptos2019-blindness-detection/train_images/14ee87d6cc42.png,640,480,0.31,0.279,1.0,84.72743225097656,18.214661598004216,30.442055828636512,1fbde77d143bd569f1d8bceaa080f226,f0f8f8fcdcfef8f8,False,640x480
1509d097b69a,0,/kaggle/input/competitions/aptos2019-blindness-detection/train_images/1509d097b69a.png,1050,1050,1.1,0.987,1.0,79.95368957519531,43.104122771496215,124.397731119534,1976bf6564ad23d6467b23bb0d05c418,f0e0e0c0c0e0f0f0,False,1050x1050
150f92b45349,0,/kaggle/input/competitions/aptos2019-blindness-detection/train_images/150f92b45349.png,1050,1050,1.1,0.921,1.0,77.1031494140625,40.99788617708716,153.03415903053246,9b7304fd14ec18bd1f25319d9f45d82d,f08080c0c4c0e0f0,False,1050x1050
150fc7127582,0,/kaggle/input/competitions/aptos2019-blindness-detection/train_images/150fc7127582.png,1050,1050,1.1,1.065,1.0,81.22279357910156,45.245844358865675,137.56224968936294,08f09586a52775fa48a1ebdfdcd00b51,f0f0e0e0e0f0f8f0,False,1050x1050
152db3de8120,0,/kaggle/input/competitions/aptos2019-blindness-detection/train_images/152db3de8120.png,2048,1536,3.15,1.917,0.605,84.42184448242188,48.10725082459628,167.75561564788222,b38a924aa5cbd52c0c896b318799b778,f0fe9e9989d8ecf0,False,2048x1536
1541226c5d72,2,/kaggle/input/competitions/aptos2019-blindness-detection/train_images/1541226c5d72.png,3216,2136,6.87,2.857,0.842,88.65155029296875,32.511024084911824,151.35468040406704,f77a25db863eab8a4720889cf046a687,fafcfcccdcf8f8f0,False,3216x2136
15528e740543,2,/kaggle/input/competitions/aptos2019-blindness-detection/train_images/15528e740543.png,2588,1958,5.07,5.669,1.0,87.07534790039062,34.20992678683064,70.28155607706867,dae0ec8bcba8f81dd0e9111f3945f313,f8fceeeefcf8f8f0,False,2588x1958
155e2df6bfcf,0,/kaggle/input/competitions/aptos2019-blindness-detection/train_images/155e2df6bfcf.png,1050,1050,1.1,1.048,1.0,79.72319030761719,43.01332904053214,146.8848941491451,4c26914a78cba23a52c853cc0e85a258,f0f8fcfcfcf8f8f0,False,1050x1050
157d17349cc6,2,/kaggle/input/competitions/aptos2019-blindness-detection/train_images/157d17349cc6.png,3388,2588,8.77,7.355,0.872,101.13734436035156,41.496406631872766,220.31204812880605,819f3b4839e7ced88e1f9e50103e86bb,e0c0c08888c0c0c0,False,3388x2588
1594ca6c30d3,2,/kaggle/input/competitions/aptos2019-blindness-detection/train_images/1594ca6c30d3.png,1844,1226,2.26,0.946,0.816,82.06681823730469,36.95524331660888,64.14530937350355,7dd15dbc036528d70735cfeefcc802ec,f0d0f0e0c0c0e0d4,False,1844x1226
15b21c80cc31,0,/kaggle/input/competitions/aptos2019-blindness-detection/train_images/15b21c80cc31.png,1050,1050,1.1,0.964,1.0,91.12980651855469,47.98445238972478,195.04354378487915,b3f72210944e0b8decfb3efad67d195d,f0f8fcdcfcf8d0f0,False,1050x1050
15bed5adde74,3,/kaggle/input/competitions/aptos2019-blindness-detection/train_images/15bed5adde74.png,2896,1944,5.63,2.208,0.64,51.5147705078125,25.593825031293967,86.79073860286735,81e457ce4d237879cdf709c3a0d40e01,d0f0f0e0888c8ccc,False,2896x1944
15c24478ac72,0,/kaggle/input/competitions/aptos2019-blindness-detection/train_images/15c24478ac72.png,1050,1050,1.1,0.982,1.0,90.08879089355469,47.50749136639608,159.968271500431,7eb3fb331c90a9cef3d04bfb5ba7feb7,f0fcfcdcfcf8f0f0,False,1050x1050
15cc2aef772a,1,/kaggle/input/competitions/aptos2019-blindness-detection/train_images/15cc2aef772a.png,2416,1736,4.19,2.047,0.949,83.49192810058594,44.34300599799465,178.24603267922066,9fdcd871e4455496f7ae6dfbf510af2c,f6f2fadddf9f9edc,False,2416x1736
15cd5f52d300,2,/kaggle/input/competitions/aptos2019-blindness-detection/train_images/15cd5f52d300.png,3216,2136,6.87,3.131,0.843,103.39810180664062,38.05646325935878,141.7398964369204,91877693c6efcbb13b71e3d738329ec0,d8f0f8e8ccecf8d0,False,3216x2136
15e24b73d4a7,0,/kaggle/input/competitions/aptos2019-blindness-detection/train_images/15e24b73d4a7.png,1050,1050,1.1,0.922,1.0,71.802978515625,40.574878572310496,95.2339274873957,141c930a9837782440e139bd731db271,f0e0c0c0c0e0f0f0,False,1050x1050
15e96e848b46,4,/kaggle/input/competitions/aptos2019-blindness-detection/train_images/15e96e848b46.png,2588,1958,5.07,3.616,1.0,60.79229736328125,28.296984668055238,144.06055915704928,09bed16822ca87bb6ab5269bb2053c1f,f8f8dcccc4f0f0f0,False,2588x1958
15f440753916,3,/kaggle/input/competitions/aptos2019-blindness-detection/train_images/15f440753916.png,2416,1736,4.19,1.947,0.935,103.22718811035156,39.24271055844191,174.17526303138584,043a4cb303f6c313a126ba524d242b05,cce0c060c0c8c0c0,False,2416x1736
15f8d769935c,0,/kaggle/input/competitions/aptos2019-blindness-detection/train_images/15f8d769935c.png,1050,1050,1.1,1.035,1.0,87.50535583496094,47.32009937448489,146.90255904197693,289d08de81cef7b4bffb9f0d826d7fc6,f0fcfcdcfcfcf0f0,False,1050x1050
1601c939412f,0,/kaggle/input/competitions/aptos2019-blindness-detection/train_images/1601c939412f.png,1050,1050,1.1,1.099,1.0,85.21870422363281,47.96946512985527,157.95774729712866,442585436b55f2943c0c7c5963a4cde4,f0e0c0c0c0e0f0f0,False,1050x1050
16060f05d047,0,/kaggle/input/competitions/aptos2019-blindness-detection/train_images/16060f05d047.png,1050,1050,1.1,0.998,1.0,77.28401184082031,40.98658545785438,122.74392676353455,1b83d2d05cb8319badc43d9fbcdcd031,f0fcfcceeefcf8f0,False,1050x1050
1608c82a263f,0,/kaggle/input/competitions/aptos2019-blindness-detection/train_images/1608c82a263f.png,2588,1958,5.07,5.383,1.0,59.90956115722656,31.14131710439335,57.370236752321944,13f4cbe641e47b70eef39b9ce043ab87,fcfcfcfeeefcfcf8,False,2588x1958
1623e8e3adc4,3,/kaggle/input/competitions/aptos2019-blindness-detection/train_images/1623e8e3adc4.png,3216,2136,6.87,2.408,0.842,86.034423828125,31.627069419694614,109.81561137153767,a8455d9125842152aa9474238f7e9781,d0b0f08888c082c8,False,3216x2136
1632c4311fc9,2,/kaggle/input/competitions/aptos2019-blindness-detection/train_images/1632c4311fc9.png,2416,1736,4.19,2.344,0.934,80.17350769042969,31.7179889562073,117.43447174038738,6b82af09990c57a676fc03856e4b3400,f2e0e888888c90e8,False,2416x1736
1633f8291a80,0,/kaggle/input/competitions/aptos2019-blindness-detection/train_images/1633f8291a80.png,819,614,0.5,0.286,0.606,75.2811279296875,42.88134015846949,92.34438789985143,21e6d53e893e9585c27e6230a23b9e94,f0f8fcfcbcfcf8f0,False,819x614
1638404f385c,4,/kaggle/input/competitions/aptos2019-blindness-detection/train_images/1638404f385c.png,1504,1000,1.5,1.373,0.838,59.48564147949219,25.840076850987113,57.28849019459449,43dfa00fbc2751c3dfa76bb11efd9014,e0e0f0b0b8d8e8fc,False,1504x1000
164cd5a3a6cd,0,/kaggle/input/competitions/aptos2019-blindness-detection/train_images/164cd5a3a6cd.png,2588,1958,5.07,1.987,1.0,52.228515625,18.510702697341483,14.280782215064391,aa76fb7ff7c3a33b6ca5f9c4378c6f6e,f8f0fcfeeef6f0f8,True,2588x1958
165634a6167e,0,/kaggle/input/competitions/aptos2019-blindness-detection/train_images/165634a6167e.png,2588,1958,5.07,5.583,1.0,58.56675720214844,30.876205837715755,71.20557433273643,b46f37c18189b07d04e9779780da9e6e,e0e0f0e0c0c0e0e0,False,2588x1958
165c548185f8,0,/kaggle/input/competitions/aptos2019-blindness-detection/train_images/165c548185f8.png,1050,1050,1.1,1.032,1.0,80.83941650390625,44.047951322112105,134.96211467683315,06fccfa1d7c4030e4d624a0c2b732bce,f0f8fcdcfcf8f0f0,False,1050x1050
165cd2070ebd,4,/kaggle/input/competitions/aptos2019-blindness-detection/train_images/165cd2070ebd.png,3216,2136,6.87,2.348,0.842,56.08473205566406,21.719243363219057,65.68909630831331,f3fa9664e627b8072e645f4537aa6263,808080c3d28282ec,False,3216x2136
166068a24416,3,/kaggle/input/competitions/aptos2019-blindness-detection/train_images/166068a24416.png,2416,1736,4.19,2.074,0.935,68.61683654785156,26.641766317238353,73.11382634844631,c37b4392963e811170e64e24dfcbf847,e0d0f0d0c0d6b2f4,False,2416x1736
16ce555748d8,4,/kaggle/input/competitions/aptos2019-blindness-detection/train_images/16ce555748d8.png,2416,1736,4.19,2.065,0.934,84.95802307128906,30.54763414214877,112.80402019037865,4254019f50b65ac750fc638776488901,f8f0f06e6eb898cc,False,2416x1736
17188c13e635,2,/kaggle/input/competitions/aptos2019-blindness-detection/train_images/17188c13e635.png,2588,1958,5.07,5.221,1.0,51.26934814453125,28.471276372618455,32.13876508176327,b3d134cfc01c50f05842fb8eea68737b,e0e0c8c0c0c0e0e0,False,2588x1958
172df1330a60,1,/kaggle/input/competitions/aptos2019-blindness-detection/train_images/172df1330a60.png,2416,1736,4.19,1.856,0.934,94.41537475585938,34.68581839524248,115.72322046919726,60a48eab76263ee76a1c346923ffc15e,d0f0e0e0e3e082c4,False,2416x1736
174db0854291,0,/kaggle/input/competitions/aptos2019-blindness-detection/train_images/174db0854291.png,1050,1050,1.1,0.961,1.0,88.45376586914062,47.10422499682622,150.3537170009222,27e527d19c365c532549ad46575843b3,f0f8f8b8f8f0e0f0,False,1050x1050
175dd560810a,2,/kaggle/input/competitions/aptos2019-blindness-detection/train_images/175dd560810a.png,2416,1736,4.19,2.13,0.934,82.22039794921875,32.61705524206473,96.06642247154377,b3f2a6977d50b3eb9eba3be119311857,f8f0f8d0c6868ecc,False,2416x1736
1782142e17d9,0,/kaggle/input/competitions/aptos2019-blindness-detection/train_images/1782142e17d9.png,1050,1050,1.1,0.975,1.0,82.26580810546875,44.312144225214645,129.04852317273617,442dea2cc8f6329f76f8810a418e7f41,f0f0e0e0c2e0f0f0,False,1050x1050
178412895d5e,0,/kaggle/input/competitions/aptos2019-blindness-detection/train_images/178412895d5e.png,2048,1536,3.15,1.94,0.605,73.41059875488281,44.13170889591317,131.33792406669818,d71b23064c7bc4667892f78cc26dad6d,f0f8e4f4d4e0e0e0,False,2048x1536
17d7d6b092f4,0,/kaggle/input/competitions/aptos2019-blindness-detection/train_images/17d7d6b092f4.png,2048,1536,3.15,1.804,0.605,75.19735717773438,53.25887133452971,273.874573177658,ee9854b109c1b9bbd635387caf191086,e0808002000080f0,False,2048x1536
17d997fe1090,0,/kaggle/input/competitions/aptos2019-blindness-detection/train_images/17d997fe1090.png,2588,1958,5.07,5.123,1.0,43.18287658691406,28.609132651496985,38.40819408535026,24313037636426586483749c1a12c235,fefef8f3c7c7c6c4,True,2588x1958
17e6116b89b3,0,/kaggle/input/competitions/aptos2019-blindness-detection/train_images/17e6116b89b3.png,1050,1050,1.1,0.965,1.0,76.63931274414062,42.23128227168674,133.02643288462423,545c3e478318340b924275df4dd94e6b,f0f2e0c1c5c0e0f0,False,1050x1050
17eb5d4ad740,2,/kaggle/input/competitions/aptos2019-blindness-detection/train_images/17eb5d4ad740.png,3216,2136,6.87,2.836,0.843,97.35110473632812,36.66654930604946,135.20086040254682,3e1b3092eaf8121de487f79446b8ef26,d0f0f0f0dcd4f8d8,False,3216x2136
17eff993386f,1,/kaggle/input/competitions/aptos2019-blindness-detection/train_images/17eff993386f.png,2416,1736,4.19,2.354,0.934,107.80703735351562,38.83129227256913,191.3633148705121,f25e3d79f0fba71c1544588f7e4c9d99,e0e0f0d090928ecc,False,2416x1736
17f6c7072f61,0,/kaggle/input/competitions/aptos2019-blindness-detection/train_images/17f6c7072f61.png,1050,1050,1.1,0.934,1.0,88.49897766113281,46.55459014379545,143.7565536738839,d3b12bc438eaedc763dfb60c85f1bbf9,f0f0f8fcdcf8f0f0,False,1050x1050
180afe1d5ef7,2,/kaggle/input/competitions/aptos2019-blindness-detection/train_images/180afe1d5ef7.png,2416,1736,4.19,1.737,0.934,86.31060791015625,30.685886258988607,129.31384997605346,663e3a63d49ba48bf5de032acf519a9e,c6a0d011118082c4,False,2416x1736
18323d8f2470,2,/kaggle/input/competitions/aptos2019-blindness-detection/train_images/18323d8f2470.png,1844,1226,2.26,1.061,0.816,61.37498474121094,31.16349103799676,86.87558211176656,4e14422bd8d91841214b068ade4a956b,f2f0f8fceece8ec4,False,1844x1226
1844a039b4ea,2,/kaggle/input/competitions/aptos2019-blindness-detection/train_images/1844a039b4ea.png,3388,2588,8.77,3.374,0.868,69.69778442382812,28.01472748446292,97.09437154023908,e7c839ebe4ce912164b81801b63e675d,c0f0e0e0e6e2aac8,False,3388x2588
184a185e7447,0,/kaggle/input/competitions/aptos2019-blindness-detection/train_images/184a185e7447.png,819,614,0.5,0.338,0.931,47.08360290527344,27.02576966993673,46.573645028984174,e6320418dff8b8e83e1d0384c62476e9,c4e6c6c3c382e0f0,False,819x614
18621b9ca978,0,/kaggle/input/competitions/aptos2019-blindness-detection/train_images/18621b9ca978.png,819,614,0.5,0.334,0.931,42.92228698730469,22.820264760930073,34.44734668149613,df3e282548b510892e5e9b9ccd2d7582,e4ce86c6c6c4e0e0,True,819x614
1864d3411143,0,/kaggle/input/competitions/aptos2019-blindness-detection/train_images/1864d3411143.png,2048,1536,3.15,1.941,0.605,91.70599365234375,52.125662320282174,246.261909163557,3c145c86162e876ebb9768b7e494bb80,f0c6868d8d84c4f0,False,2048x1536
186c1835eec5,0,/kaggle/input/competitions/aptos2019-blindness-detection/train_images/186c1835eec5.png,1050,1050,1.1,0.862,1.0,90.77870178222656,47.07971436055726,147.55395331210457,884c41428c3dc3978cef6bed13c04495,f0f0e0e0e2e0f0f0,False,1050x1050
187f6ccda87a,4,/kaggle/input/competitions/aptos2019-blindness-detection/train_images/187f6ccda87a.png,4288,2848,12.21,5.805,0.808,75.44322204589844,29.55625200548243,127.72998958453536,118c213082fb21d214e842de822b94dd,e2f0f8f8f8f8faf4,False,4288x2848
188219f2d9c6,0,/kaggle/input/competitions/aptos2019-blindness-detection/train_images/188219f2d9c6.png,2048,1536,3.15,1.942,0.605,71.2418212890625,43.000709637168704,86.11585135920905,74dcac72a0e4f0b3b8c7e4a9163a7b98,f0f8fceeeefcf8f0,False,2048x1536
188a9323be03,2,/kaggle/input/competitions/aptos2019-blindness-detection/train_images/188a9323be03.png,640,480,0.31,0.392,1.0,116.7310791015625,20.626168341851553,102.14952775742859,d39190a00b822a38218306721b1fa383,8870f8e8eae818b8,False,640x480
1891698febce,0,/kaggle/input/competitions/aptos2019-blindness-detection/train_images/1891698febce.png,2588,1958,5.07,5.139,1.0,48.99464416503906,25.9220701705204,35.5176121359691,58245fbce8b3558740ee677cb177b70d,f0f0faeee6f0f0f0,False,2588x1958
189cbbc9e5e3,0,/kaggle/input/competitions/aptos2019-blindness-detection/train_images/189cbbc9e5e3.png,2048,1536,3.15,1.934,0.605,83.06416320800781,46.07476422977993,180.2729669129476,e4f2552c231b76918b82c73cc08da9fb,f0dcbe3eeefefcf0,False,2048x1536
18af532e7e1e,2,/kaggle/input/competitions/aptos2019-blindness-detection/train_images/18af532e7e1e.png,2588,1958,5.07,5.333,1.0,43.79963684082031,23.4808550929984,62.6822672104463,64046bea067a6aa7e2f7e80bdb873a87,f8fcf6fefcfcf8f0,False,2588x1958
18b06f56ab27,1,/kaggle/input/competitions/aptos2019-blindness-detection/train_images/18b06f56ab27.png,3388,2588,8.77,7.19,0.865,94.26104736328125,37.24959937817682,174.89776515960693,4c30a212ad0b9c16ae9993c0176c0fcb,c8ccceccf0f0e0c0,False,3388x2588
18b7e34eab8f,0,/kaggle/input/competitions/aptos2019-blindness-detection/train_images/18b7e34eab8f.png,1050,1050,1.1,0.948,1.0,87.37022399902344,45.93872239005125,142.76524598128162,27c7bec5165c5d241e2e70d04d43d3eb,f0e0c0c0c4c0e0f0,False,1050x1050
18b99159a14f,0,/kaggle/input/competitions/aptos2019-blindness-detection/train_images/18b99159a14f.png,1050,1050,1.1,0.964,1.0,79.39653015136719,42.7784561787051,131.09145798138343,834f80afa1f732cc721f894387483482,f0e0c0c0c4c0e0f0,False,1050x1050
18cde9649e90,0,/kaggle/input/competitions/aptos2019-blindness-detection/train_images/18cde9649e90.png,2048,1536,3.15,1.893,0.605,96.34361267089844,54.89195725446445,202.69231628044508,0f66c17c1da1dced6ffbe14eb3810222,f0f4c0d0d0e0fcf0,False,2048x1536
18ce0cdc473d,0,/kaggle/input/competitions/aptos2019-blindness-detection/train_images/18ce0cdc473d.png,2588,1958,5.07,5.535,1.0,90.62544250488281,40.561099597458174,51.189298204146326,fe6d5dbcfa0569dce525f77e23a388a6,f8f8f8fceeeefcf8,False,2588x1958
18d8fdb140b7,2,/kaggle/input/competitions/aptos2019-blindness-detection/train_images/18d8fdb140b7.png,3216,2136,6.87,2.246,0.842,101.44766235351562,37.142730996103204,131.28422870859504,8828a001cacf5f13da1b7bfa85dfad5f,f8f0e8eeeedcbcc0,False,3216x2136
18f1f979d30d,2,/kaggle/input/competitions/aptos2019-blindness-detection/train_images/18f1f979d30d.png,2588,1958,5.07,5.219,1.0,51.80979919433594,23.688003783317953,22.114201231859624,b0143c545a16086512e01cc2210c5378,f0ece6e6eceae8f0,True,2588x1958
190a309f2cc5,0,/kaggle/input/competitions/aptos2019-blindness-detection/train_images/190a309f2cc5.png,819,614,0.5,0.278,0.606,68.53936767578125,40.91386006956044,93.46877256012522,255d10e435c3023ba54be23e5bd106fc,f0c4869686c0f0f0,False,819x614
19113e5f45ec,2,/kaggle/input/competitions/aptos2019-blindness-detection/train_images/19113e5f45ec.png,3216,2136,6.87,2.709,0.842,86.31983947753906,32.11329071620731,104.44804572220892,f26df58193302a39d99aa198f28eb290,c4f0f87cdce8b8c4,False,3216x2136
191348830ddf,2,/kaggle/input/competitions/aptos2019-blindness-detection/train_images/191348830ddf.png,2588,1958,5.07,5.313,1.0,53.167999267578125,30.42099832015579,35.02308607753366,2057b9c795a63baa072f321fac2df055,e8f0e0c0c4c0e0f0,False,2588x1958
191a711852bd,3,/kaggle/input/competitions/aptos2019-blindness-detection/train_images/191a711852bd.png,2416,1736,4.19,2.116,0.934,90.15908813476562,32.60283398324162,111.08661736454815,8354e8ba7441469128d94ecd82fc2b1c,e0f0e8e8ccecfcdc,False,2416x1736
191cf5668f33,0,/kaggle/input/competitions/aptos2019-blindness-detection/train_images/191cf5668f33.png,1050,1050,1.1,1.001,1.0,76.650634765625,44.49551350701914,98.98097881465219,e0a01942fba4c3d77c22cf6ed9aa92ee,f0f0e0e0e0f0f0f0,False,1050x1050
19244004583f,3,/kaggle/input/competitions/aptos2019-blindness-detection/train_images/19244004583f.png,2416,1736,4.19,2.157,0.934,83.81416320800781,30.50291496323138,126.6294061706867,8286aa6896e73266b86a73a8e155bc31,d0b0e2e1f3e2c2c4,False,2416x1736
1943983492e5,2,/kaggle/input/competitions/aptos2019-blindness-detection/train_images/1943983492e5.png,3216,2136,6.87,2.457,0.842,99.75416564941406,35.829898433382226,138.23111212160438,3eaa5dd31cd7c7247285bbd49d6f70d6,f0f8f0eeeef0b8c4,False,3216x2136
194814669fee,1,/kaggle/input/competitions/aptos2019-blindness-detection/train_images/194814669fee.png,2416,1736,4.19,2.146,0.934,58.45404052734375,24.43310244124981,63.39483168325387,23f171494d1cd973b4468184f32e0abc,d0b0d04c40c080c0,False,2416x1736
19545647508e,0,/kaggle/input/competitions/aptos2019-blindness-detection/train_images/19545647508e.png,1050,1050,1.1,1.023,1.0,88.108642578125,46.857259739511846,163.74212843831629,54f229accb7584eb5cd91c8f64cc3f3a,f0e0e0c0c4c0e4f0,False,1050x1050
1968183f0e61,2,/kaggle/input/competitions/aptos2019-blindness-detection/train_images/1968183f0e61.png,3216,2136,6.87,2.484,0.842,85.79408264160156,31.861539778549073,118.86856183758937,1d13af94201105d20ca05829c6502297,ecf4e06c6ca480c0,False,3216x2136
196e6a186452,2,/kaggle/input/competitions/aptos2019-blindness-detection/train_images/196e6a186452.png,2416,1736,4.19,2.416,0.934,54.88969421386719,24.270638592691007,53.995038747787476,397ad783ac1952fd8941ae2878e11ec5,e8a890d0f0d8c4d0,False,2416x1736
19722bff5a09,1,/kaggle/input/competitions/aptos2019-blindness-detection/train_images/19722bff5a09.png,2416,1736,4.19,2.169,0.934,96.38963317871094,35.50432543486329,139.39223667886108,f531664675320df675bab2274044de4f,e0e0a09098b090d8,False,2416x1736
197af0de76e2,0,/kaggle/input/competitions/aptos2019-blindness-detection/train_images/197af0de76e2.png,1050,1050,1.1,1.04,1.0,84.74913024902344,45.88772056573121,147.53753821342252,83fe2a53ca7742437b028f067993266b,f0c0c0c4c0e0f0f0,False,1050x1050
19b0e3c734f5,0,/kaggle/input/competitions/aptos2019-blindness-detection/train_images/19b0e3c734f5.png,1050,1050,1.1,0.931,1.0,85.62184143066406,45.73205933322028,145.2680250070989,0ac1d38a19853ff1c03b4e60c0155ac2,f0e8f0e0e2e0e0f0,False,1050x1050
19e350c7c83c,1,/kaggle/input/competitions/aptos2019-blindness-detection/train_images/19e350c7c83c.png,2416,1736,4.19,2.169,0.934,96.38963317871094,35.50432543486329,139.39223667886108,f531664675320df675bab2274044de4f,e0e0a09098b090d8,False,2416x1736
19ef4d292196,4,/kaggle/input/competitions/aptos2019-blindness-detection/train_images/19ef4d292196.png,1844,1226,2.26,0.913,0.816,78.39622497558594,31.841225650252905,62.174696933245286,3e3f07ac9cd240db5446744390823c6b,c0e0e0888888c4cc,False,1844x1226
1a03a7970337,1,/kaggle/input/competitions/aptos2019-blindness-detection/train_images/1a03a7970337.png,2416,1736,4.19,1.983,0.934,76.60140991210938,27.815161836534703,84.38555596000515,8258c8620ef1e9cce6f38913e26b3885,fcf8f2fef8f0f8c0,False,2416x1736
1a0dbc6c0cda,0,/kaggle/input/competitions/aptos2019-blindness-detection/train_images/1a0dbc6c0cda.png,1050,1050,1.1,0.924,1.0,82.12849426269531,43.8346935790898,126.85084876324981,b1deb994740ec18d7ce3e08129b6a22f,f0f0f8fcbcfcf4f0,False,1050x1050
1a19f2ef4472,0,/kaggle/input/competitions/aptos2019-blindness-detection/train_images/1a19f2ef4472.png,2588,1958,5.07,5.444,1.0,60.21949768066406,31.93477074614758,63.6805700622499,4410a137b2c3ab1429e5cba5a868d339,fcf8fcfccbe2e2e2,False,2588x1958
1a1b4b2450ca,2,/kaggle/input/competitions/aptos2019-blindness-detection/train_images/1a1b4b2450ca.png,3216,2136,6.87,6.066,0.841,64.18150329589844,26.3334124009328,109.51247839536518,b0096445fdcb0bfe78b842bd1b013c1d,ceb4b8d8dc9cb8f0,False,3216x2136
1a1e974a7dbf,0,/kaggle/input/competitions/aptos2019-blindness-detection/train_images/1a1e974a7dbf.png,1050,1050,1.1,1.095,1.0,91.29847717285156,48.81598262899676,212.03688619821332,df7b039d8d7a7e74729a9282f736eda1,f0e0c0c0c4e0e0f0,False,1050x1050
1a369baf9ee6,2,/kaggle/input/competitions/aptos2019-blindness-detection/train_images/1a369baf9ee6.png,2588,1958,5.07,5.446,1.0,70.867431640625,31.27921052909507,41.09166412591003,82ab9a080f7d57495dfb7fc218e6d028,f8f8fcceeefcf8f0,False,2588x1958
1a7e3356b39c,4,/kaggle/input/competitions/aptos2019-blindness-detection/train_images/1a7e3356b39c.png,4288,2848,12.21,5.19,0.823,57.42027282714844,31.875542711736735,76.6325179466512,b8e2baab4f8ea6c32851da3dc39825c0,f8e8f8ac3cf8fefc,False,4288x2848
1a90fad9ffa2,4,/kaggle/input/competitions/aptos2019-blindness-detection/train_images/1a90fad9ffa2.png,3388,2588,8.77,7.448,0.869,77.47628784179688,31.849027971871994,144.71926156338304,be791ccc7daef6493db5d2a0794ee555,d0f8f0eaeef8b4d0,False,3388x2588
1ab3f1c71a5f,3,/kaggle/input/competitions/aptos2019-blindness-detection/train_images/1ab3f1c71a5f.png,3216,2136,6.87,3.461,0.842,93.39924621582031,34.96193188241125,172.8548165410757,b77bb3b055fbd4f600d33bcb1c2cc57a,c4c8f091a99082c0,False,3216x2136
1ab8d3431ffc,0,/kaggle/input/competitions/aptos2019-blindness-detection/train_images/1ab8d3431ffc.png,2588,1958,5.07,5.65,1.0,65.46856689453125,27.88413441190683,104.23922729492188,9d634ae125ce8477f49252b3dc96ff3d,ecb0dc4cccf0f8f0,False,2588x1958
1ade1e949383,2,/kaggle/input/competitions/aptos2019-blindness-detection/train_images/1ade1e949383.png,3216,2136,6.87,2.786,0.843,79.666015625,29.732118954970066,100.09804889187217,9338f905c6355a675f591ffa4419ef03,f0f8f4dcd8f4d8e8,False,3216x2136
1ae3c58759fb,0,/kaggle/input/competitions/aptos2019-blindness-detection/train_images/1ae3c58759fb.png,1050,1050,1.1,0.976,1.0,79.86041259765625,43.319512407801696,153.58778431639075,34c38a99e63a5b6a0028694cb3f2e4a7,f0f0f8b8f8f0e0f0,False,1050x1050
1ae8c165fd53,2,/kaggle/input/competitions/aptos2019-blindness-detection/train_images/1ae8c165fd53.png,3216,2136,6.87,2.102,0.842,82.13442993164062,31.006366118472766,107.14347558841109,28d0e4881c6126e523c4eb6652b4caf0,faf8fceeeeb6a4c8,False,3216x2136
1b329a127307,1,/kaggle/input/competitions/aptos2019-blindness-detection/train_images/1b329a127307.png,2588,1958,5.07,5.269,1.0,62.59527587890625,34.75290038757478,74.39795022062026,50495429c08976464150c5a7d46d839b,98b8380008009080,False,2588x1958
1b32e1d775ea,4,/kaggle/input/competitions/aptos2019-blindness-detection/train_images/1b32e1d775ea.png,1504,1000,1.5,1.287,0.838,70.07510375976562,27.278945063918236,79.38074313104153,35d85367a6a9bd45a934deaec391be7b,e2bab8f4d490a0e4,False,1504x1000
1b3647865779,0,/kaggle/input/competitions/aptos2019-blindness-detection/train_images/1b3647865779.png,819,614,0.5,0.301,0.606,62.44822692871094,36.515010377640145,81.38447828940116,9d4d156a8b227ac0f46bdeac0ae4775d,f0fceeeeeefcfcf0,False,819x614
1b398c0494d1,0,/kaggle/input/competitions/aptos2019-blindness-detection/train_images/1b398c0494d1.png,1050,1050,1.1,0.911,1.0,70.80033874511719,37.99699037227912,111.1009836026933,f0b7c4ed1312a25870d15bf40fc41167,f0fcfecefcfcf0f0,False,1050x1050
1b4625877527,2,/kaggle/input/competitions/aptos2019-blindness-detection/train_images/1b4625877527.png,1504,1000,1.5,1.367,0.838,82.27890014648438,35.19280483729185,158.2744170667138,832da9ad4da3837e03629b8ab7ceffb7,c2e2e19185ce9efc,False,1504x1000
1b495ac025b7,3,/kaggle/input/competitions/aptos2019-blindness-detection/train_images/1b495ac025b7.png,2416,1736,4.19,2.299,0.934,60.35401916503906,24.935771192348398,63.42682047910057,b2f66cb515b251368cacde4f38620987,ce9ee0d0909888c0,False,2416x1736
1b862fb6f65d,0,/kaggle/input/competitions/aptos2019-blindness-detection/train_images/1b862fb6f65d.png,1050,1050,1.1,1.036,1.0,70.02865600585938,39.436440659991504,113.50090832985006,ffcc11b4a9f936317641dfe4702470b6,f0f8fcdefcfcf0f0,False,1050x1050
1b8701231c8f,0,/kaggle/input/competitions/aptos2019-blindness-detection/train_images/1b8701231c8f.png,819,614,0.5,0.292,0.931,41.477935791015625,21.314669267048238,25.29846500023268,8b041467fb309dd4d9b7a3616302d1ce,f0dc9c9c9c9cc8f8,True,819x614
1b8ad0afe9fb,2,/kaggle/input/competitions/aptos2019-blindness-detection/train_images/1b8ad0afe9fb.png,2588,1958,5.07,5.478,1.0,90.51094055175781,40.27544895172879,33.95202945335768,53131a5527e46969af47210780e6d690,f0f0f0c0cce0f0f8,False,2588x1958
1bb0ddfe753a,1,/kaggle/input/competitions/aptos2019-blindness-detection/train_images/1bb0ddfe753a.png,2416,1736,4.19,2.563,0.934,70.30778503417969,26.521097866042346,90.79116289666854,7d807e13b41eea6616bafb8a99516ac0,c4d0b08888c0c8e4,False,2416x1736
1bea04b2bb2d,2,/kaggle/input/competitions/aptos2019-blindness-detection/train_images/1bea04b2bb2d.png,3216,2136,6.87,2.071,0.842,94.80032348632812,34.681331058891764,132.71957627590746,54a563f21a9e3e9d45c8b03187f0a343,c0e0e66660c090c0,False,3216x2136
1bf30c84bbad,4,/kaggle/input/competitions/aptos2019-blindness-detection/train_images/1bf30c84bbad.png,4288,2848,12.21,4.53,0.81,62.984527587890625,24.252777353015308,81.37372946366668,933003b24f7f376a7ebcc96d6c07a5bd,a2e0c088e0c086cc,False,4288x2848
1c0cf251b426,1,/kaggle/input/competitions/aptos2019-blindness-detection/train_images/1c0cf251b426.png,2416,1736,4.19,2.322,0.934,77.88102722167969,29.189230725160463,96.24788264161907,bfe7f2f22313e460385c832c81fa1fb1,d8bcf87272fc9ccc,False,2416x1736
1c0e5dd1b14c,2,/kaggle/input/competitions/aptos2019-blindness-detection/train_images/1c0e5dd1b14c.png,3216,2136,6.87,2.215,0.842,100.16549682617188,37.38080687487809,133.89979980885983,85a75337c0f3309a02b7049db5d2b9a7,d8f0f0c0c0e0e0c0,False,3216x2136
1c13a1483f4a,0,/kaggle/input/competitions/aptos2019-blindness-detection/train_images/1c13a1483f4a.png,1050,1050,1.1,0.918,1.0,76.01458740234375,40.22665165071542,116.58946620277129,a948c718c213184a041da55566122e2c,f0f8f8dc9cfcf8f0,False,1050x1050
1c3a6b4449e9,1,/kaggle/input/competitions/aptos2019-blindness-detection/train_images/1c3a6b4449e9.png,2416,1736,4.19,1.909,0.934,68.3909912109375,26.97648592506365,72.32398770656437,3e11cb49196c72c817a3272e37db0a35,f8f0f0eeeafa8ecc,False,2416x1736
1c47815f4a6b,0,/kaggle/input/competitions/aptos2019-blindness-detection/train_images/1c47815f4a6b.png,1476,1117,1.65,1.057,1.0,58.44453430175781,32.61474924975935,41.9553093155846,834548efc00f7fd0d10e8065271c77c8,f8f8fcfcfcfcfcf8,False,1476x1117
1c4d87baaffc,2,/kaggle/input/competitions/aptos2019-blindness-detection/train_images/1c4d87baaffc.png,2416,1736,4.19,1.958,0.934,68.37464904785156,26.534829407031804,62.163891818374395,6b85fba99dee00867ca00d47f8676d5d,fcf0f0e0e08888cc,False,2416x1736
1c4f3aa4df06,4,/kaggle/input/competitions/aptos2019-blindness-detection/train_images/1c4f3aa4df06.png,3216,2136,6.87,2.901,0.842,96.32481384277344,36.34191704919151,151.67493003606796,637474aee3c8813070d1673c9faaa8d5,f0e0f0c0c0d082c4,False,3216x2136
1c578b72d7b3,2,/kaggle/input/competitions/aptos2019-blindness-detection/train_images/1c578b72d7b3.png,3388,2588,8.77,3.694,0.871,57.39337158203125,25.591543064563407,75.9412546819076,b1256002a7d8332213ebdca18025821c,dcf0f0e8909088c4,False,3388x2588
1c5ad36fb799,2,/kaggle/input/competitions/aptos2019-blindness-detection/train_images/1c5ad36fb799.png,3216,2136,6.87,2.429,0.843,103.52247619628906,38.62436414128584,157.91131814173423,35a69bc3ec57ea45d91005394d38537b,cc808089818082c4,False,3216x2136
1c5e6cdc7ee1,2,/kaggle/input/competitions/aptos2019-blindness-detection/train_images/1c5e6cdc7ee1.png,2144,1424,3.05,2.634,0.843,75.46609497070312,28.2943266187475,81.09283147659153,621ea25694ed9b66999b2a4ec91fe632,f0f8f8eaeafe9cc0,False,2144x1424
1c6d119c3d70,2,/kaggle/input/competitions/aptos2019-blindness-detection/train_images/1c6d119c3d70.png,1504,1000,1.5,1.272,0.84,101.43965148925781,39.80917297961518,154.760777390562,20ace75a463236852918e4455195a6e0,d2e0e0d0c484e0f8,False,1504x1000
1c7a013eeba7,0,/kaggle/input/competitions/aptos2019-blindness-detection/train_images/1c7a013eeba7.png,1050,1050,1.1,0.972,1.0,73.5706787109375,39.47245284155032,112.56380855268799,fb86598e1c106eb74b1b4b045b982f04,f0f8f8fcdcfce4f0,False,1050x1050
1c9521878baf,3,/kaggle/input/competitions/aptos2019-blindness-detection/train_images/1c9521878baf.png,3216,2136,6.87,2.666,0.842,80.3785400390625,31.61280827278639,89.75778223923407,00e22d686f37ce9527ab77dc9f42744c,e4f0f8f8f8f0b2c4,False,3216x2136
1c9c583c10bf,0,/kaggle/input/competitions/aptos2019-blindness-detection/train_images/1c9c583c10bf.png,2416,1736,4.19,2.377,0.934,70.99171447753906,27.47251003626882,92.0819408071693,d81ce47a6d4b99561bdbd8ac3bd41728,f8f8fcfece9e9ecc,False,2416x1736
1ca35d483772,0,/kaggle/input/competitions/aptos2019-blindness-detection/train_images/1ca35d483772.png,1050,1050,1.1,0.97,1.0,79.63807678222656,42.50344234091635,131.30355075653642,b14ad951d88a6b8976ba728ad26bb5ad,f0e0c0c0c0e0f0f0,False,1050x1050
1ca62b3e4fd3,0,/kaggle/input/competitions/aptos2019-blindness-detection/train_images/1ca62b3e4fd3.png,2588,1958,5.07,5.246,1.0,50.19659423828125,20.303173595024333,29.900748155778274,9202512eea68a1cb238fcc7578a9039b,e0c0c0c4e0f0f0f0,False,2588x1958
1ca91751be4d,0,/kaggle/input/competitions/aptos2019-blindness-detection/train_images/1ca91751be4d.png,1050,1050,1.1,0.967,1.0,86.95396423339844,46.126698385273215,142.71326783276163,b237c145c322410867f6a3679d2540d3,f0e0c0c0c0e0e0f0,False,1050x1050
1caba2fb38f6,0,/kaggle/input/competitions/aptos2019-blindness-detection/train_images/1caba2fb38f6.png,1050,1050,1.1,1.051,1.0,60.63978576660156,33.8760268666144,77.55865341052413,99c600e7d1a396b9ced9d02ab79ac9be,f0c8dcdcdcf8f0f0,False,1050x1050
1cb6961d141c,0,/kaggle/input/competitions/aptos2019-blindness-detection/train_images/1cb6961d141c.png,819,614,0.5,0.299,0.606,83.38087463378906,45.37824668316031,148.17245866265148,a0abc5dcc3da90c0638e2c143bfc0e4e,f0f8fefecefefcf0,False,819x614
1cb814ed6332,2,/kaggle/input/competitions/aptos2019-blindness-detection/train_images/1cb814ed6332.png,1504,1000,1.5,1.306,0.838,79.24423217773438,30.50211635057578,95.80934422370046,700273276919a1b23331825d9b4e6108,c090b032b28080c0,False,1504x1000
1cc58b15f466,0,/kaggle/input/competitions/aptos2019-blindness-detection/train_images/1cc58b15f466.png,2588,1958,5.07,5.468,1.0,63.65303039550781,26.680214597809368,49.81161239370704,eda38c29edbf4df52407d81b2e23223c,f0f0f0f0ac8cc0e0,False,2588x1958
1d0b93317aa8,0,/kaggle/input/competitions/aptos2019-blindness-detection/train_images/1d0b93317aa8.png,2048,1536,3.15,1.679,0.602,36.76579284667969,23.05596886079437,40.99816547334194,6fe509318cc6985f6e0cd6364e923b7d,f0e480888cc0e4f0,True,2048x1536
1d11794057ff,1,/kaggle/input/competitions/aptos2019-blindness-detection/train_images/1d11794057ff.png,819,614,0.5,0.345,0.931,49.88475036621094,30.107524319055152,52.363260831683874,d734237bacfdeb378528e061cc57702a,fcdcae8e8e8ac8e0,False,819x614
1d14dd912671,2,/kaggle/input/competitions/aptos2019-blindness-detection/train_images/1d14dd912671.png,3216,2136,6.87,2.232,0.842,79.87287902832031,29.58658680383633,109.03405597596429,3e2a9d32367f1b60027e5772a92930b4,d4e8f040888c84c4,False,3216x2136
1d2472849dce,0,/kaggle/input/competitions/aptos2019-blindness-detection/train_images/1d2472849dce.png,1050,1050,1.1,1.035,1.0,45.83943176269531,27.83614014089791,62.065271481871605,26d915bfbccc15c5096ea2a97004a026,f0f8fcfcdcfcf8f0,False,1050x1050
1d29cb2f4296,0,/kaggle/input/competitions/aptos2019-blindness-detection/train_images/1d29cb2f4296.png,2588,1958,5.07,5.353,1.0,55.65184020996094,21.439427783671466,38.87674759305082,3a8cac14432690b5928a8020aed3be55,f8fcec4eecfcf0f0,False,2588x1958
1d37f1c8b6d8,0,/kaggle/input/competitions/aptos2019-blindness-detection/train_images/1d37f1c8b6d8.png,1050,1050,1.1,0.916,1.0,89.44206237792969,46.22962692827254,143.4301849079784,1ccbdc1f33b343932710cf27d45ef2c6,f0f0e0c0c4c4e0f0,False,1050x1050
1d3e9b939732,0,/kaggle/input/competitions/aptos2019-blindness-detection/train_images/1d3e9b939732.png,1050,1050,1.1,0.93,1.0,86.1002197265625,45.51932622535525,175.84055995941162,7b640b90914ec08a7794f7329c3e63c7,f0f8f8fcdcfcf8f0,False,1050x1050
1d46f1326394,0,/kaggle/input/competitions/aptos2019-blindness-detection/train_images/1d46f1326394.png,1050,1050,1.1,1.056,1.0,83.46282958984375,45.20979224833877,173.67001079930924,ebb8509f43d9572d11470f26d7f2edc1,f0e0e0e2e0f0f0f0,False,1050x1050
1d55e689cf84,2,/kaggle/input/competitions/aptos2019-blindness-detection/train_images/1d55e689cf84.png,3388,2588,8.77,6.916,0.868,102.78030395507812,42.528607031278284,213.26465497142635,ba00b901b411db6f2b127c1c6d1a0be6,d8f0e0c0c0c0e0e0,False,3388x2588
1d674e2e32e0,1,/kaggle/input/competitions/aptos2019-blindness-detection/train_images/1d674e2e32e0.png,4288,2848,12.21,4.974,0.809,73.20854187011719,32.235518844985265,96.75384900136851,bdddc538541fa6ef218169e25049d2a4,f0e0c08c8c868ecc,False,4288x2848
1d74c4713e21,0,/kaggle/input/competitions/aptos2019-blindness-detection/train_images/1d74c4713e21.png,2048,1536,3.15,1.93,0.684,63.92701721191406,48.11062905662903,103.88961370079778,a044e92dd9a8a36fe84f5c09c6cfec98,78fefcfeeeeefe78,False,2048x1536
1da25637859b,2,/kaggle/input/competitions/aptos2019-blindness-detection/train_images/1da25637859b.png,3388,2588,8.77,7.377,0.872,78.75613403320312,32.565319101000746,157.3581729978323,3ff2e44334f203b0de50402d334fd4ce,c0c0c088888080c4,False,3388x2588
1da4a17c18c9,0,/kaggle/input/competitions/aptos2019-blindness-detection/train_images/1da4a17c18c9.png,1050,1050,1.1,1.04,1.0,83.48585510253906,45.46628384226912,140.57590886112303,04d2c66ad2ad65fa41bc1a910650765b,f0f0e0c0c4e0e0f0,False,1050x1050
1db0393cdbc1,0,/kaggle/input/competitions/aptos2019-blindness-detection/train_images/1db0393cdbc1.png,819,614,0.5,0.341,0.606,71.15901184082031,43.810416559827544,122.9403227341827,d4dea5b63b1e9c95b8c4734db21c846c,f0fcfefeeefefcf8,False,819x614
1db18bdd43aa,2,/kaggle/input/competitions/aptos2019-blindness-detection/train_images/1db18bdd43aa.png,2588,1958,5.07,5.069,1.0,45.281829833984375,20.571847423538134,16.276389583945274,95bf516438b6884efad44c7605286a4b,f8f8fcfefefcf8f8,True,2588x1958
1db6bb46c102,0,/kaggle/input/competitions/aptos2019-blindness-detection/train_images/1db6bb46c102.png,1050,1050,1.1,1.012,1.0,88.1690673828125,47.17240496306464,150.95312342699617,e76198febef7bf1904da978b0844cdc9,f0fcfecefcfcf8f0,False,1050x1050
1dbdc32c17db,2,/kaggle/input/competitions/aptos2019-blindness-detection/train_images/1dbdc32c17db.png,640,480,0.31,0.38,1.0,93.61175537109375,21.68443553850896,45.21885953750461,b1836f8c1ad1a245ab3e66ffac5ffea4,b0e0b0b0b8a898d8,False,640x480
1dd9adcbfff4,2,/kaggle/input/competitions/aptos2019-blindness-detection/train_images/1dd9adcbfff4.png,3388,2588,8.77,3.968,0.873,73.44284057617188,30.450243748983905,134.32260366505943,add5d286df39500b8b9b8efbc60801c7,d0b0f0e0eef090c0,False,3388x2588
1df0431bfa73,0,/kaggle/input/competitions/aptos2019-blindness-detection/train_images/1df0431bfa73.png,2048,1536,3.15,1.931,0.605,85.79469299316406,45.61928517863582,184.1578362302389,ce6eb6b2baf14ba8aa0f61e02a40d157,f0ce8280c0c0e0f0,False,2048x1536
1df0a4c23c95,0,/kaggle/input/competitions/aptos2019-blindness-detection/train_images/1df0a4c23c95.png,819,614,0.5,0.293,0.606,60.86962890625,33.818108927245234,85.33199476823211,40fde78cd6925cd8faaaadadbd9b0e83,f0eec6d6f0f0e0f0,False,819x614
1df1530b9b8d,0,/kaggle/input/competitions/aptos2019-blindness-detection/train_images/1df1530b9b8d.png,1050,1050,1.1,1.067,1.0,75.91941833496094,41.3352146137715,130.4345636346843,8527269d8764bf253849ab4cefc95095,f0f0fcdcf8f8e0f0,False,1050x1050
1df3e03a8f5f,1,/kaggle/input/competitions/aptos2019-blindness-detection/train_images/1df3e03a8f5f.png,2416,1736,4.19,2.187,0.935,82.31141662597656,29.31464286681143,115.33001683652401,05d68c63d8ad6a324d1a8e5a0b903e06,f0f0f0e4f2fa96c8,False,2416x1736
1dfbede13143,2,/kaggle/input/competitions/aptos2019-blindness-detection/train_images/1dfbede13143.png,2144,1424,3.05,2.7,0.843,76.73922729492188,29.010793162385948,124.20602660975419,05f30df45f7e07befe26b995f39cad64,c0f0e0706ecc88c0,False,2144x1424
1dfe599d12a9,0,/kaggle/input/competitions/aptos2019-blindness-detection/train_images/1dfe599d12a9.png,819,614,0.5,0.298,0.61,73.97962951660156,45.26366944029873,184.45136238983832,9c07b23fb782a3f20e0cbf1b17ac7b28,f0c682c1c0e084f0,False,819x614
1e036f2e7095,0,/kaggle/input/competitions/aptos2019-blindness-detection/train_images/1e036f2e7095.png,2588,1958,5.07,5.276,1.0,39.160797119140625,16.63041312982054,33.386104214703664,04b1484336500ead4cdcc6e071d25423,f8f0f88c8cc8c0e0,True,2588x1958
1e143fa3de57,2,/kaggle/input/competitions/aptos2019-blindness-detection/train_images/1e143fa3de57.png,1504,1000,1.5,1.327,0.838,73.32327270507812,30.514151156201972,77.69938830076717,c76f749a820f01b47be98198f039ae19,f0c09890b0d0c0fc,False,1504x1000
1e1fb019710d,2,/kaggle/input/competitions/aptos2019-blindness-detection/train_images/1e1fb019710d.png,2416,1736,4.19,2.329,0.934,91.37150573730469,33.24948967559269,148.76265093591064,c2b7d84695902222630c6dabadd252d0,c4e0e0c2c6e2c6c4,False,2416x1736
1e4650743fa2,2,/kaggle/input/competitions/aptos2019-blindness-detection/train_images/1e4650743fa2.png,3216,2136,6.87,2.584,0.842,90.57511901855469,33.65320370098637,131.2117621442303,70c98754dadd777204438e1e726a970c,d0f0f0581c9e8ecc,False,3216x2136
1e4b3b823b95,2,/kaggle/input/competitions/aptos2019-blindness-detection/train_images/1e4b3b823b95.png,2588,1958,5.07,5.515,1.0,95.79222106933594,40.70859519577448,55.65960188861936,40394bfc146526b0291112221cb68cdd,e0c0c4e0f0f0f0f8,False,2588x1958
1e742358e0b9,0,/kaggle/input/competitions/aptos2019-blindness-detection/train_images/1e742358e0b9.png,1476,1117,1.65,2.106,1.0,84.77120971679688,46.93131277594416,112.24902860983275,07c591f22bcd8c535b9164676719fd3b,808020000200a0a0,False,1476x1117
1e7ccd4a1c87,0,/kaggle/input/competitions/aptos2019-blindness-detection/train_images/1e7ccd4a1c87.png,2588,1958,5.07,5.659,1.0,60.70024108886719,28.377723660244293,82.3007735228166,0336126c2eb87efdbe0ad95631a39a51,f8f8fcfef7e6fcfc,False,2588x1958
1e8a1fdee5b9,1,/kaggle/input/competitions/aptos2019-blindness-detection/train_images/1e8a1fdee5b9.png,2416,1736,4.19,1.714,0.934,77.77459716796875,29.638054101717934,111.11849771230482,fcfda099faac74a2ee724032d1566d7f,c0a0e060188086c4,False,2416x1736
1e8c31e29dd3,0,/kaggle/input/competitions/aptos2019-blindness-detection/train_images/1e8c31e29dd3.png,1050,1050,1.1,0.966,1.0,83.57203674316406,44.7690242482811,139.87570370640606,9a723471cae5e777920bb7fe2d9808b6,f0f8fcbcfcf8f0f0,False,1050x1050
1e9224ccca95,4,/kaggle/input/competitions/aptos2019-blindness-detection/train_images/1e9224ccca95.png,3216,2136,6.87,5.897,0.842,65.47364807128906,25.76972827601415,74.32524711545557,23d0e6d9ea565768b4b1a55ed17392da,f8f0f0feeefe9cd8,False,3216x2136
1ec95179cdfe,0,/kaggle/input/competitions/aptos2019-blindness-detection/train_images/1ec95179cdfe.png,819,614,0.5,0.376,0.931,48.28880310058594,27.602531810048802,54.21765114902519,1542c775323fed2c9f1d1535dce8002f,e8ccd494a4c8f8f0,False,819x614
1ee1eb7943db,2,/kaggle/input/competitions/aptos2019-blindness-detection/train_images/1ee1eb7943db.png,3216,2136,6.87,5.703,0.843,99.73307800292969,39.71459453867196,158.62238298519515,ec7b3c14d910adb43373f6df0b155517,f8f8f8fcfefcfcfc,False,3216x2136
1ee355480567,0,/kaggle/input/competitions/aptos2019-blindness-detection/train_images/1ee355480567.png,2048,1536,3.15,1.714,0.605,66.39588928222656,38.69396418786431,133.69252412673086,2dcb2312d01c527777d50717bac9b285,f08680808880c0e0,False,2048x1536
1eee55494271,0,/kaggle/input/competitions/aptos2019-blindness-detection/train_images/1eee55494271.png,2048,1536,3.15,1.632,0.605,73.47122192382812,39.50171623355814,109.6047182136681,1509436658a7fb57205117f4d670ba26,f0e0d08c0c8cccf0,False,2048x1536
1efa5d443707,4,/kaggle/input/competitions/aptos2019-blindness-detection/train_images/1efa5d443707.png,1844,1226,2.26,0.908,0.816,71.75509643554688,30.628974575121106,59.0263881823048,088a516edfd44ef0cac1fb699b39d9ba,e8f0f0e0888c84c4,False,1844x1226
1f07dae3cadb,2,/kaggle/input/competitions/aptos2019-blindness-detection/train_images/1f07dae3cadb.png,3216,2136,6.87,6.141,0.842,82.58306884765625,30.741914948063513,123.49209024920128,028d27ff645aaeb21688586fbb0e9299,f8f8ecccfcf8f2cc,False,3216x2136
1f0e223b8055,2,/kaggle/input/competitions/aptos2019-blindness-detection/train_images/1f0e223b8055.png,3388,2588,8.77,4.231,0.868,65.21449279785156,27.233960917190945,104.54976492910646,7856761e9da49dad3d51087899edb89a,c4b0f0e7f0f2c0c0,False,3388x2588
1f15ca672675,0,/kaggle/input/competitions/aptos2019-blindness-detection/train_images/1f15ca672675.png,2048,1536,3.15,1.879,0.605,48.40959167480469,27.62526190604723,59.04405714478344,48df4f411b2badd2be5dc9725a79baf5,e0c084c0a68eccf0,False,2048x1536
1f31701dd61b,0,/kaggle/input/competitions/aptos2019-blindness-detection/train_images/1f31701dd61b.png,1050,1050,1.1,0.765,1.0,82.08053588867188,43.32820193664206,119.09863589680754,2edd731fe7848d5149665589a011b335,f0e0c0c0c0c0e0f0,False,1050x1050
1f3f32efaf20,0,/kaggle/input/competitions/aptos2019-blindness-detection/train_images/1f3f32efaf20.png,1050,1050,1.1,0.96,1.0,91.90260314941406,48.53665652797913,155.62422781973146,7c50bc692dfcffba9383d0f15562a06c,f0f8fc9cfcf8fcf0,False,1050x1050
1f4bf8e28b41,2,/kaggle/input/competitions/aptos2019-blindness-detection/train_images/1f4bf8e28b41.png,2416,1736,4.19,1.794,0.935,96.17735290527344,33.76331561217967,140.91060733702034,720dcecd063f270dd42a1ff7104b2ad4,dce2f0dce68686e4,False,2416x1736
1f4fb37e0854,0,/kaggle/input/competitions/aptos2019-blindness-detection/train_images/1f4fb37e0854.png,819,614,0.5,0.371,0.931,45.286468505859375,28.750070546011177,76.58253425359726,d323da5c072e2d2c469a8aba516201e4,fcfc9e9e9e9ccce8,False,819x614
1f543a86c4d4,2,/kaggle/input/competitions/aptos2019-blindness-detection/train_images/1f543a86c4d4.png,3216,2136,6.87,2.085,0.841,78.20303344726562,30.10927730227654,77.19470987073146,6d0cf5e83ba5c29bf29b49639fefb55b,c0a0c0c0c0c090c0,False,3216x2136
1f5496352859,0,/kaggle/input/competitions/aptos2019-blindness-detection/train_images/1f5496352859.png,2048,1536,3.15,1.947,0.605,74.06971740722656,43.254059610727005,104.71380528411828,0c1592ae8c032be1de43a1e8ed09de28,f0f0fcfedefefcf0,False,2048x1536
1f63d44d9e3c,2,/kaggle/input/competitions/aptos2019-blindness-detection/train_images/1f63d44d9e3c.png,1050,1050,1.1,0.867,1.0,82.58622741699219,44.536921021997784,114.59858909784816,155dd4efbce70d7057f72a22f2e9dfa7,f0e0c0c0e0e0c0f0,False,1050x1050
1f9ccda4ddf2,0,/kaggle/input/competitions/aptos2019-blindness-detection/train_images/1f9ccda4ddf2.png,819,614,0.5,0.33,0.606,66.40434265136719,39.00173287558651,100.92589420080185,546387458991bb288f36b46d2f6c77d7,f0f8fcdedcfcf8f0,False,819x614
1faf8664816c,0,/kaggle/input/competitions/aptos2019-blindness-detection/train_images/1faf8664816c.png,1050,1050,1.1,0.922,1.0,83.42430114746094,43.630234099131904,135.01228322740644,64bff7c965aed4e52bba7cf557bc2bd7,f0e0c0c0c0c0e0f0,False,1050x1050
1fb455685328,0,/kaggle/input/competitions/aptos2019-blindness-detection/train_images/1fb455685328.png,1050,1050,1.1,1.001,1.0,85.99478149414062,46.40635295247007,138.61737370840274,2fa531d3a322d55dac80e3220fd92374,f0e0c0c0c0e0f0f0,False,1050x1050
1fd5d860d4d7,4,/kaggle/input/competitions/aptos2019-blindness-detection/train_images/1fd5d860d4d7.png,3388,2588,8.77,7.549,0.869,76.0460205078125,31.511470874328317,145.43733405694366,e6a9a5ab9a5a69bcd7064faa91b02962,f0f0e0e08080c0c0,False,3388x2588
1fddd7c98fd2,0,/kaggle/input/competitions/aptos2019-blindness-detection/train_images/1fddd7c98fd2.png,2588,1958,5.07,5.051,1.0,46.756011962890625,20.201617665730556,18.890654787188396,a251cbdefada1adcb0bd42e6892a58ab,f8f8fcfeeefcf8f8,True,2588x1958
1ffaa51a6245,2,/kaggle/input/competitions/aptos2019-blindness-detection/train_images/1ffaa51a6245.png,640,480,0.31,0.426,1.0,93.677978515625,40.05746910342932,43.65350594348274,0a7c37cc5a4bdd68c13ddfbbc83dd033,e0e0e0e0e2c20000,False,640x480
200d947f75db,1,/kaggle/input/competitions/aptos2019-blindness-detection/train_images/200d947f75db.png,2144,1424,3.05,2.873,0.843,69.70169067382812,27.425783211935926,83.81011768803,fb57929dd1eda768ca3a6d4ef92597c3,f0f0f0e8eeee9efc,False,2144x1424
2017cd92c63d,4,/kaggle/input/competitions/aptos2019-blindness-detection/train_images/2017cd92c63d.png,2416,1736,4.19,2.136,0.934,61.19300842285156,22.442040840563692,64.88047455251217,4a4ed47da115e9db3477c00ff646ca81,c0808888c1c096c4,False,2416x1736
201f6e10c108,0,/kaggle/input/competitions/aptos2019-blindness-detection/train_images/201f6e10c108.png,1050,1050,1.1,1.006,1.0,90.94223022460938,48.33015058807433,158.50050993985496,2507e9c63a01d2962c7795e812ddc221,f0f0c0c4c4c0e0e0,False,1050x1050
201f882365d3,0,/kaggle/input/competitions/aptos2019-blindness-detection/train_images/201f882365d3.png,819,614,0.5,0.417,0.931,54.64048767089844,32.99261774200684,105.23931001778692,de61a4d2be5f769df1917dbb98bf4ca5,c8b0a2e2e3e0e0e0,False,819x614
203275daf46d,2,/kaggle/input/competitions/aptos2019-blindness-detection/train_images/203275daf46d.png,2416,1736,4.19,2.177,0.934,60.19084167480469,23.685434101185542,66.49619230255485,4a1eddb0465a8c4dedff2357e79e664b,e0f0f078d8a082c4,False,2416x1736
20404ec7b518,2,/kaggle/input/competitions/aptos2019-blindness-detection/train_images/20404ec7b518.png,2416,1736,4.19,2.491,0.934,66.65469360351562,29.339888142213923,72.35427868273109,21393f2f2f897d5bc76708807a0409cc,f4f0f8f8b49686c6,False,2416x1736
20688cb25704,2,/kaggle/input/competitions/aptos2019-blindness-detection/train_images/20688cb25704.png,2416,1736,4.19,2.351,0.934,72.45002746582031,27.44073490614249,92.93152672704309,0009d9a8175ad63f6bb8e3ec01ad6c12,f8fcf86a6af8b8c8,False,2416x1736
207a580de0ea,2,/kaggle/input/competitions/aptos2019-blindness-detection/train_images/207a580de0ea.png,3216,2136,6.87,2.902,0.842,69.88240051269531,26.261256730266517,78.39613298233598,4cf001305fac8ef196ef77086b565ea1,f0f0f8faeeee9ccc,False,3216x2136
207dd0487264,0,/kaggle/input/competitions/aptos2019-blindness-detection/train_images/207dd0487264.png,1050,1050,1.1,1.019,1.0,80.89413452148438,43.15565378808913,142.85694749630056,298df119091c10afe2025a68dc0ff19b,f0c0808cc1e0e0f0,False,1050x1050
20c883d3bd38,2,/kaggle/input/competitions/aptos2019-blindness-detection/train_images/20c883d3bd38.png,3388,2588,8.77,7.251,0.871,61.31365966796875,28.500812829955542,104.1532265804708,a472a1d2f308e8a8c99a38f876e2d6c2,d8b0f0e6e8f0a4dc,False,3388x2588
20d5fdd450ae,4,/kaggle/input/competitions/aptos2019-blindness-detection/train_images/20d5fdd450ae.png,3216,2136,6.87,2.752,0.842,84.36203002929688,33.066704691581094,99.78445667028427,769b4f5c13ba9e8bed28dc3bdd4b35dc,c0fcf060c0e0c0c4,False,3216x2136
20f86e068276,0,/kaggle/input/competitions/aptos2019-blindness-detection/train_images/20f86e068276.png,2588,1958,5.07,5.512,1.0,61.41658020019531,25.041831440585955,59.49280928610824,1490979ca4ee64f19512002fa49cdfa7,f0f0e8c88898e0f0,False,2588x1958
21037f5c7790,0,/kaggle/input/competitions/aptos2019-blindness-detection/train_images/21037f5c7790.png,1050,1050,1.1,0.893,1.0,76.59242248535156,41.013518583746965,105.935368479928,76bc6ac3994c2f0c8f2ea8114e1d9384,f0e0c0c0c0c0e0f0,False,1050x1050
210bfe0127c6,0,/kaggle/input/competitions/aptos2019-blindness-detection/train_images/210bfe0127c6.png,2588,1958,5.07,5.582,1.0,60.79747009277344,29.428262887289772,64.90816977526993,0befb23c9e36486b85a414adf5f5a497,f0f8f8dcdcfcf8e0,False,2588x1958
211518c46162,4,/kaggle/input/competitions/aptos2019-blindness-detection/train_images/211518c46162.png,3388,2588,8.77,7.27,0.875,75.13618469238281,30.8997119560817,142.1211378267035,579f76ee256eedaca62d48ecd2a29683,c0f0e8ecf0f092c8,False,3388x2588
2131aa3a1e6f,2,/kaggle/input/competitions/aptos2019-blindness-detection/train_images/2131aa3a1e6f.png,1844,1226,2.26,0.691,0.816,75.85704040527344,35.22548772590535,49.63047786708921,57d9460d829b8dbc5e85d4746c54db4a,f0e0c0c4e0e0b2cc,False,1844x1226
215d2b7c3fde,0,/kaggle/input/competitions/aptos2019-blindness-detection/train_images/215d2b7c3fde.png,819,614,0.5,0.347,0.926,44.519317626953125,25.269554360172457,38.87868891446851,8653c372ee6c773469060820b86af365,fcdcc6d696f0f8f0,False,819x614
217dad18a5ed,2,/kaggle/input/competitions/aptos2019-blindness-detection/train_images/217dad18a5ed.png,3388,2588,8.77,7.319,0.869,59.05218505859375,26.10952388798309,67.89779113023542,19bc777afead6f9c1d99a558d41277ef,e8eccefaf8f8f0cc,False,3388x2588
218c822a3dd9,0,/kaggle/input/competitions/aptos2019-blindness-detection/train_images/218c822a3dd9.png,2588,1958,5.07,5.683,1.0,79.58609008789062,34.14764173633396,88.66161369904876,9238dda7aaa270fdcb6aa1d12535c7a8,fcf8f8eeecf0f8f0,False,2588x1958
21abd36095a1,4,/kaggle/input/competitions/aptos2019-blindness-detection/train_images/21abd36095a1.png,3216,2136,6.87,2.732,0.843,96.95919799804688,36.02823101973618,161.07859508111142,2f5e2778ccc4eee036f8ad7900150ba2,cca0f0a959c8cacc,False,3216x2136
21d18b022429,4,/kaggle/input/competitions/aptos2019-blindness-detection/train_images/21d18b022429.png,2588,1958,5.07,5.394,1.0,66.56227111816406,31.73306997398547,33.09527564770542,022663c4470c1970841f8481629d2661,e0e080808880c0c0,False,2588x1958
22098b1fe461,1,/kaggle/input/competitions/aptos2019-blindness-detection/train_images/22098b1fe461.png,2896,1944,5.63,2.286,0.639,83.28028869628906,37.87768391622017,173.14104286185466,65f2379f85847d88aa9f17ff9d8859f1,c0e0e0e0a88880c4,False,2896x1944
2209daf71aab,0,/kaggle/input/competitions/aptos2019-blindness-detection/train_images/2209daf71aab.png,2588,1958,5.07,5.274,1.0,74.06083679199219,30.516882665503232,17.111079684458673,7d6a273175dc257370137463389abaa7,f8f8eceeeefcfcf8,True,2588x1958
2221cf5c7935,0,/kaggle/input/competitions/aptos2019-blindness-detection/train_images/2221cf5c7935.png,2588,1958,5.07,5.682,1.0,80.78111267089844,36.061421673818735,91.22841947316192,a00fcbafc93918501b1ca13879819877,b0f0f0f0c0c0e0f0,False,2588x1958
222d0ac042b4,2,/kaggle/input/competitions/aptos2019-blindness-detection/train_images/222d0ac042b4.png,2588,1958,5.07,5.392,1.0,82.18374633789062,39.562720097483535,29.59080427675508,f471960a601716840c01052aec504624,fcfcfcfcfcfcf8f0,False,2588x1958
222f3ee3a1e8,4,/kaggle/input/competitions/aptos2019-blindness-detection/train_images/222f3ee3a1e8.png,2416,1736,4.19,1.793,0.934,95.6925048828125,33.5397657082548,150.8267042329535,c4048174526538cd71e3e0521df08610,ece2f0311090a2d0,False,2416x1736
22325552a4e3,1,/kaggle/input/competitions/aptos2019-blindness-detection/train_images/22325552a4e3.png,2416,1736,4.19,2.029,0.934,74.32913208007812,28.02273743207727,81.66548333223909,428aaf21b517a56824962a6254c06fc2,f8f8f8bcfcf8f0c8,False,2416x1736
2241b7e90782,2,/kaggle/input/competitions/aptos2019-blindness-detection/train_images/2241b7e90782.png,640,480,0.31,0.293,1.0,86.60726928710938,20.60906325909139,51.860730807995424,cb4c8df4646b901cb6a30b4140c0d2b3,e0c0c090a08881c1,False,640x480
22449af52060,0,/kaggle/input/competitions/aptos2019-blindness-detection/train_images/22449af52060.png,1050,1050,1.1,1.008,1.0,82.84419250488281,43.71126843905164,164.47113794088364,99672624e709d264f5a7b0702e30b135,f0fcfe6e7efc88e0,False,1050x1050
224bb938e2dd,2,/kaggle/input/competitions/aptos2019-blindness-detection/train_images/224bb938e2dd.png,3216,2136,6.87,3.08,0.842,115.26521301269531,42.04472319282894,201.63900332315825,0f787ab4a9483cd7a9f00f419eb4d40b,f8fcf8eeecf4d8d4,False,3216x2136
224c14366e11,0,/kaggle/input/competitions/aptos2019-blindness-detection/train_images/224c14366e11.png,1050,1050,1.1,1.045,1.0,89.18414306640625,47.12768705062079,145.09095273329876,3e8319859cb516badbff99b003636318,f0e0c0c2c2c0e0f0,False,1050x1050
226c6ceb9185,0,/kaggle/input/competitions/aptos2019-blindness-detection/train_images/226c6ceb9185.png,2048,1536,3.15,1.673,0.602,38.54331970214844,21.998813602489513,57.796466073952615,584c04096d6b298d52f8e59cc04432b2,f0f0bc9e0e9ec8e0,True,2048x1536
22895c89792f,4,/kaggle/input/competitions/aptos2019-blindness-detection/train_images/22895c89792f.png,1504,1000,1.5,1.42,0.838,85.93035888671875,35.98732749798701,106.17395617975853,0a20d5b84db6d380d9ce66be03b3369c,f8f2d2dcfcf8f8f4,False,1504x1000
22a6da005395,1,/kaggle/input/competitions/aptos2019-blindness-detection/train_images/22a6da005395.png,2416,1736,4.19,2.206,0.935,88.21011352539062,31.902110755650995,132.08132829889655,95e101a51993c31dc4edb5148105485e,c0e8f060628a80c0,False,2416x1736
22ce8ef69357,2,/kaggle/input/competitions/aptos2019-blindness-detection/train_images/22ce8ef69357.png,2588,1958,5.07,5.551,1.0,74.18385314941406,34.90242654259791,68.5571909993887,28a9fa02f1b3bfa122c0d4890b179e10,f8f8f8fcfeeef0f8,False,2588x1958
22d843b2bbd1,0,/kaggle/input/competitions/aptos2019-blindness-detection/train_images/22d843b2bbd1.png,2048,1536,3.15,1.689,0.625,64.70356750488281,40.47461652962477,73.49613615474664,67e80e28880f0fa8502eb51930e0510b,70fcfeeeeefefcf0,False,2048x1536
23148a40ecb0,2,/kaggle/input/competitions/aptos2019-blindness-detection/train_images/23148a40ecb0.png,2416,1736,4.19,2.174,0.934,69.25631713867188,25.80979196147725,77.4065625667572,ca9e726bfe970c8bae0ff16f15c7cdd0,e0e0e0b0b08084c4,False,2416x1736
23175b7ef453,2,/kaggle/input/competitions/aptos2019-blindness-detection/train_images/23175b7ef453.png,3216,2136,6.87,2.108,0.842,100.29132080078125,37.106875759440854,128.54064582264982,b9b1ef9b1473153d72538e9a8989623c,e4f0f0e0c0c4c0c0,False,3216x2136
232549883508,2,/kaggle/input/competitions/aptos2019-blindness-detection/train_images/232549883508.png,2416,1736,4.19,1.975,0.934,86.90544128417969,32.708723312657575,98.09578114654869,1b9675c1d94962f5a255e8afade20d31,f0e0f0c8ccccc0c4,False,2416x1736
233d948e2544,0,/kaggle/input/competitions/aptos2019-blindness-detection/train_images/233d948e2544.png,2588,1958,5.07,5.473,1.0,52.73606872558594,21.393285514653606,48.086249507032335,76c08d962f2886d8efb6b69d63662796,fcfeff8f8fc4e8f0,False,2588x1958
234399352d36,2,/kaggle/input/competitions/aptos2019-blindness-detection/train_images/234399352d36.png,1844,1226,2.26,0.899,0.816,78.57765197753906,34.05487811377707,74.72143890499137,f7778882506754e08de6907452479dc4,f0f8f8ecccec9cdc,False,1844x1226
236f56771ec6,2,/kaggle/input/competitions/aptos2019-blindness-detection/train_images/236f56771ec6.png,2416,1736,4.19,2.275,0.934,56.13128662109375,23.630603722295227,117.88462948426604,3dbadc5efc209584ccc8b4f636999e53,c682a381899182c6,False,2416x1736
2376e5415458,2,/kaggle/input/competitions/aptos2019-blindness-detection/train_images/2376e5415458.png,2588,1958,5.07,5.639,1.0,72.84190368652344,31.607349150572134,75.59707826375961,9318f33824c784d6c9de5f4eab549232,f0f8fceeeef8f0f0,False,2588x1958
237aa50edc34,0,/kaggle/input/competitions/aptos2019-blindness-detection/train_images/237aa50edc34.png,2588,1958,5.07,2.68,1.0,61.02154541015625,24.78959788864773,47.19841955602169,cd7fd832a690f22143f56303b09f79a5,f0f0c08088c8c0e0,False,2588x1958
237c078d00fc,3,/kaggle/input/competitions/aptos2019-blindness-detection/train_images/237c078d00fc.png,2588,1958,5.07,5.473,1.0,82.59489440917969,35.90808193260189,40.51119068427943,fad69ad2b88c90643f930ed47c1e9a35,f8fcf4eefefcf8e0,False,2588x1958
2399d68d407f,0,/kaggle/input/competitions/aptos2019-blindness-detection/train_images/2399d68d407f.png,2048,1536,3.15,1.939,0.628,74.02043151855469,44.772907491839035,150.0767301300075,6368962f54add79be47cad86a137cac2,70dcbefee7fefcf0,False,2048x1536
239f2c348ea4,2,/kaggle/input/competitions/aptos2019-blindness-detection/train_images/239f2c348ea4.png,2588,1958,5.07,5.045,1.0,43.06658935546875,31.27286307301459,111.8739690920338,acebe4b4742fa9229e799570e1c5d836,8c10383838389890,True,2588x1958
23d7ca170bdb,2,/kaggle/input/competitions/aptos2019-blindness-detection/train_images/23d7ca170bdb.png,2144,1424,3.05,2.83,0.843,72.38584899902344,28.4689177721825,88.50766516453587,de4d6b745deb0c337b7c3bca50d9b0a3,f0f0e0c08888c0c4,False,2144x1424
23fca0693e2a,2,/kaggle/input/competitions/aptos2019-blindness-detection/train_images/23fca0693e2a.png,2416,1736,4.19,2.293,0.935,77.5408935546875,30.223240744273696,91.74379011616111,2d43d21bbf8ed9877eaff64a29701922,f0f8fcfef6fefeec,False,2416x1736
2408799a09b2,0,/kaggle/input/competitions/aptos2019-blindness-detection/train_images/2408799a09b2.png,1050,1050,1.1,1.028,1.0,77.07235717773438,41.997301084407525,127.919956616126,a91ecbfb3d3a4e72538ea41ae1ed430d,f0f8e0e0e2f0e0f0,False,1050x1050
240b25a7debe,0,/kaggle/input/competitions/aptos2019-blindness-detection/train_images/240b25a7debe.png,819,614,0.5,0.354,0.931,53.58375549316406,35.75081441868697,50.44061028864235,6adfd494c5a384e85beed48ca8228805,e0e0f0a4e6ccf0f0,False,819x614
242fc19be06f,0,/kaggle/input/competitions/aptos2019-blindness-detection/train_images/242fc19be06f.png,1050,1050,1.1,1.042,1.0,66.65232849121094,38.48711611781171,98.8916051601991,dbca791b94dea54e733b42c12f9e3ccd,f0f0f8fcdcf8f0f0,False,1050x1050
2463bb04ebc3,2,/kaggle/input/competitions/aptos2019-blindness-detection/train_images/2463bb04ebc3.png,3216,2136,6.87,3.086,0.843,121.31916809082031,45.556863479332385,258.3021254390478,a560229fa97fab9a1362e222d450e1d5,d0d0e0c0c4c0c0c0,False,3216x2136
246e4506824a,2,/kaggle/input/competitions/aptos2019-blindness-detection/train_images/246e4506824a.png,3216,2136,6.87,2.41,0.846,100.91952514648438,38.852942108260905,221.30708247772418,a79f74928b096a631591e1b1833abf6b,deb6eb6e77de8ecc,False,3216x2136
247ac63e5510,4,/kaggle/input/competitions/aptos2019-blindness-detection/train_images/247ac63e5510.png,3216,2136,6.87,2.975,0.842,93.7034912109375,35.320461595832754,133.58418216463178,b23f86aa0213ff7435445b63e21b0f74,d0e0d0c8c4c082c4,False,3216x2136
247e98aba610,4,/kaggle/input/competitions/aptos2019-blindness-detection/train_images/247e98aba610.png,2416,1736,4.19,2.444,0.934,55.11054992675781,19.706860545663606,54.098988864338025,546841f624c6a2994bca4d06660aa76d,c6b6f2f8c8ecfcfc,False,2416x1736
248139c423c4,1,/kaggle/input/competitions/aptos2019-blindness-detection/train_images/248139c423c4.png,2588,1958,5.07,4.454,0.998,120.43202209472656,41.13074750693213,83.87670087232254,fb9140f0f3c7b63e53920fdf8d2c7ffc,f0f4ece6f0e8f0f0,False,2588x1958
248dec89b3a2,0,/kaggle/input/competitions/aptos2019-blindness-detection/train_images/248dec89b3a2.png,819,614,0.5,0.31,0.61,73.8890380859375,44.09045702126768,154.35397475562058,5bdff5acf10f644ea79cca3df32288d2,f09cbc7e6efcf8f0,False,819x614
24b87f744598,3,/kaggle/input/competitions/aptos2019-blindness-detection/train_images/24b87f744598.png,3216,2136,6.87,2.552,0.842,90.11717224121094,33.66360543082712,119.11135333776474,d64189f9a0d311131b9fb1d78e8f7f00,f0f8f8c0c2e0f0ec,False,3216x2136
24b943fe725e,1,/kaggle/input/competitions/aptos2019-blindness-detection/train_images/24b943fe725e.png,1844,1226,2.26,0.73,0.818,67.12461853027344,30.586863222457044,56.969441501190886,6a7110d0b58d78e42880e0032d0e3fe1,d8bcbecefcf8b8cc,False,1844x1226
24de56d433cd,0,/kaggle/input/competitions/aptos2019-blindness-detection/train_images/24de56d433cd.png,1050,1050,1.1,1.013,1.0,70.27886962890625,38.1695439262341,110.53983642510138,7b3094070837f73287e728eaf26ad5ae,f0e0c08084c0c0f0,False,1050x1050
24f271c87e73,0,/kaggle/input/competitions/aptos2019-blindness-detection/train_images/24f271c87e73.png,2588,1958,5.07,5.559,1.0,66.21759033203125,31.465754506979493,64.75699841603637,74b2e7adf35470ae9001ae834ffb43db,c0808888c0c0e0f0,False,2588x1958
24f3e70f0419,0,/kaggle/input/competitions/aptos2019-blindness-detection/train_images/24f3e70f0419.png,2588,1958,5.07,5.315,1.0,61.465789794921875,23.86258372279694,32.04168743058108,1d53a5ca085799cc18b460d07ddbe79c,f8f8f0f0f0d4e4f0,False,2588x1958
25002fe43f92,2,/kaggle/input/competitions/aptos2019-blindness-detection/train_images/25002fe43f92.png,2588,1958,5.07,5.655,1.0,85.54246520996094,49.02379914883423,87.28546472545713,a1bb7ffd52f00145c442242ea590ed1e,fcf8fcfcfefcfcf8,False,2588x1958
252305189b3a,0,/kaggle/input/competitions/aptos2019-blindness-detection/train_images/252305189b3a.png,1050,1050,1.1,1.062,1.0,85.520263671875,46.26778471433318,210.967496821424,1a52462ea6ebc938706d1e66f5a95e18,f0f0f8fcdcfcfaf0,False,1050x1050
2532613a584a,2,/kaggle/input/competitions/aptos2019-blindness-detection/train_images/2532613a584a.png,3388,2588,8.77,7.492,0.865,67.07183837890625,27.75288164038056,137.81816308549605,eca01e14bd0008a4e8063fcf3acb507a,f0f0f8f4f4e898c0,False,3388x2588
253e96488cfb,0,/kaggle/input/competitions/aptos2019-blindness-detection/train_images/253e96488cfb.png,2416,1736,4.19,2.146,0.934,59.00108337402344,23.726411665497096,68.92891448736191,e7ed2f3aee79a4ebaab6b47d1a916e58,eee2f050118080c0,False,2416x1736
254052cf3e48,4,/kaggle/input/competitions/aptos2019-blindness-detection/train_images/254052cf3e48.png,3216,2136,6.87,3.066,0.842,71.83462524414062,28.69783386892205,100.21567976102233,727ab595ca022c2c9797e0f2baf6383e,bef8f078fc9c9cdc,False,3216x2136
2585bbc91909,0,/kaggle/input/competitions/aptos2019-blindness-detection/train_images/2585bbc91909.png,2048,1536,3.15,1.654,0.602,39.61297607421875,22.849853543585237,46.74543669051491,05c232f4b5480fc676d2364bc7a52f56,f0f0f8fecefefcf8,True,2048x1536
259d30f693b6,1,/kaggle/input/competitions/aptos2019-blindness-detection/train_images/259d30f693b6.png,1050,1050,1.1,0.988,1.0,81.46916198730469,44.017489629183245,133.63661624467932,990edeaa887b1cce2d828c53c2bf8d75,f0f8f0e0e0e0f0f0,False,1050x1050
25a0a1e41afd,0,/kaggle/input/competitions/aptos2019-blindness-detection/train_images/25a0a1e41afd.png,1050,1050,1.1,1.052,1.0,83.05656433105469,45.78938429562841,130.3253677105531,496e7bea8eb19fcab4ee13ab90639da9,f0fcfcdcfcf8f4f0,False,1050x1050
25b0e72705a8,3,/kaggle/input/competitions/aptos2019-blindness-detection/train_images/25b0e72705a8.png,2416,1736,4.19,2.116,0.934,57.01416015625,21.8653741584184,54.75768640800379,78225ac5b87800215a65301e8d6008fc,c4b0f0f0b8988ccc,False,2416x1736
25b4080f598b,0,/kaggle/input/competitions/aptos2019-blindness-detection/train_images/25b4080f598b.png,2048,1536,3.15,1.929,0.605,82.51763916015625,44.5673136605368,203.27600372489542,1f778c5fba84b33a74830caed627c73f,f0c68681898acef0,False,2048x1536
25d069089c5e,4,/kaggle/input/competitions/aptos2019-blindness-detection/train_images/25d069089c5e.png,2416,1736,4.19,2.651,0.935,68.63371276855469,26.880439889069905,134.57638718839735,2d9b060e6d74371fad765e91b36839c6,c6e8a889958496dc,False,2416x1736
25dc1b41ed9c,2,/kaggle/input/competitions/aptos2019-blindness-detection/train_images/25dc1b41ed9c.png,2588,1958,5.07,5.537,1.0,86.58113098144531,31.259685175567082,70.69445840804838,3a9251e751a66a17403c563f38635ab9,f0f0f0d8fcdcfcf8,False,2588x1958
25e9fd872182,1,/kaggle/input/competitions/aptos2019-blindness-detection/train_images/25e9fd872182.png,2416,1736,4.19,2.499,0.934,64.03543090820312,25.25645492064467,73.10725784953684,a82b1e8f1317a977dbce9e4ea9cd99bb,f8f8f0dcdc8880c0,False,2416x1736
2608e1dac5b1,2,/kaggle/input/competitions/aptos2019-blindness-detection/train_images/2608e1dac5b1.png,2416,1736,4.19,2.158,0.934,72.49093627929688,29.647493247106883,70.1942639851477,f7f85c85b989be1546308bc40e20346e,c0e0c08090c080c0,False,2416x1736
260a455692b5,0,/kaggle/input/competitions/aptos2019-blindness-detection/train_images/260a455692b5.png,2048,1536,3.15,1.899,0.602,39.58851623535156,24.472933557050286,53.43515148363076,18adb0e6e292d13a8180d3ee86a13a74,f0e0c0c0c6e0e0f0,True,2048x1536
261c6bd63bff,2,/kaggle/input/competitions/aptos2019-blindness-detection/train_images/261c6bd63bff.png,3388,2588,8.77,3.94,0.865,65.33840942382812,27.37363510722935,118.46267071273178,49f8fcff635f12cf1a08e75e999377ff,cc80e0b18080cccc,False,3388x2588
2628305cbb29,4,/kaggle/input/competitions/aptos2019-blindness-detection/train_images/2628305cbb29.png,2416,1736,4.19,2.207,0.934,96.83572387695312,34.94047921912961,151.0672550124582,092ebff0c1fbe741bd1e89660b91e36a,d0f0f0c0c8888acc,False,2416x1736
262ad704319c,4,/kaggle/input/competitions/aptos2019-blindness-detection/train_images/262ad704319c.png,640,480,0.31,0.326,1.0,96.18144226074219,23.7364744426127,50.602162953233346,437d7e6776af3b9eca0afcf0d4a48722,f0f0e0c08088802a,False,640x480
263d8851e33b,0,/kaggle/input/competitions/aptos2019-blindness-detection/train_images/263d8851e33b.png,2048,1536,3.15,1.915,0.605,90.38885498046875,51.334914472547574,205.83315344690345,c09040b87250df657cec3db8a47a2735,f0e8f090c0e0e0f0,False,2048x1536
26453eb7e989,2,/kaggle/input/competitions/aptos2019-blindness-detection/train_images/26453eb7e989.png,640,480,0.31,0.368,1.0,122.29278564453125,29.89893509848449,72.96555725391954,784f2f50b8d0776471101db40aeb303d,e0e09084c4c4e0c0,False,640x480
26463a5fb949,4,/kaggle/input/competitions/aptos2019-blindness-detection/train_images/26463a5fb949.png,4288,2848,12.21,4.708,0.823,48.12139892578125,24.63373860644191,40.466362356208265,a640056b30f052efef221114d5917f7d,bcb0d863828286c0,False,4288x2848
2665f72e2dd3,3,/kaggle/input/competitions/aptos2019-blindness-detection/train_images/2665f72e2dd3.png,2896,1944,5.63,2.029,0.642,76.38699340820312,33.61565761709477,143.46152342832647,c20d68d97b068253cb4186c7c940f9e2,c0f0f06666fe9edc,False,2896x1944
266fbefa58fb,0,/kaggle/input/competitions/aptos2019-blindness-detection/train_images/266fbefa58fb.png,1050,1050,1.1,1.012,1.0,78.12425231933594,42.45711143305759,126.33225749596022,6a5f0569b86221acc51abd889472d376,f0fcfedefcfcf0f0,False,1050x1050
2682e6da9050,0,/kaggle/input/competitions/aptos2019-blindness-detection/train_images/2682e6da9050.png,2588,1958,5.07,5.042,1.0,45.71875,16.14996628890638,18.314567528432235,ccd84fd9c410c7e149011ac0f133f844,f8f4f4f6f6f6fcf0,True,2588x1958
26999ebc21de,2,/kaggle/input/competitions/aptos2019-blindness-detection/train_images/26999ebc21de.png,2416,1736,4.19,2.124,0.934,81.84443664550781,37.52208233120194,186.92980286106467,255418738851cd0cb42b00367203e6a2,ce8a322733968ec4,False,2416x1736
269b44e628eb,3,/kaggle/input/competitions/aptos2019-blindness-detection/train_images/269b44e628eb.png,2588,1958,5.07,5.183,1.0,59.56854248046875,24.797645440824414,27.825531620299444,2d1a6303736a144e4a309e21d6faffaa,f8f0f8f9dfdefefc,True,2588x1958
269f0792f11f,2,/kaggle/input/competitions/aptos2019-blindness-detection/train_images/269f0792f11f.png,2588,1958,5.07,3.188,1.0,71.67591857910156,27.424149053984657,30.136036104522645,fdca3d4554d18b07697d49bf56b3c4cc,e8c8d0989898c8e0,False,2588x1958
26cd40b57ad1,0,/kaggle/input/competitions/aptos2019-blindness-detection/train_images/26cd40b57ad1.png,1050,1050,1.1,1.052,1.0,74.19366455078125,39.894799559385774,161.65580420847982,ea350eaedbe16839b4f3cbf03b5691f1,f0f0c0c0c4c0e0f0,False,1050x1050
26d60db3bbfd,0,/kaggle/input/competitions/aptos2019-blindness-detection/train_images/26d60db3bbfd.png,819,614,0.5,0.365,0.931,41.56700134277344,20.930910007217143,32.53217381145805,23e3666dd2bfe8acd5b0bcb6c0d0e922,f88c8e9696cce0f0,True,819x614
26d9576e8043,0,/kaggle/input/competitions/aptos2019-blindness-detection/train_images/26d9576e8043.png,819,614,0.5,0.312,0.606,64.92875671386719,36.77974122668345,99.66996651305817,7d7089657d28ba08862c4c1099c8c1be,f0f8fcdeeefcf8f0,False,819x614
26e231747848,2,/kaggle/input/competitions/aptos2019-blindness-detection/train_images/26e231747848.png,1504,1000,1.5,1.284,0.838,70.52569580078125,28.135304841856282,105.60480884625576,a91ddc619ae3b19f7343b87fb1a5fc41,88f8f032b6bc9edc,False,1504x1000
26fc2358a38d,0,/kaggle/input/competitions/aptos2019-blindness-detection/train_images/26fc2358a38d.png,1050,1050,1.1,1.003,1.0,69.76591491699219,40.470667618045056,106.52647651638836,8556620240d035876504ecdb3bafa856,f0f0e0e0e0e0f0f0,False,1050x1050
2700754f71e9,2,/kaggle/input/competitions/aptos2019-blindness-detection/train_images/2700754f71e9.png,819,614,0.5,0.41,0.931,64.4515380859375,33.489361359907235,74.90617284085602,02dbb5d60be77832fa7b0242c59abc27,f0d8d8dc9c94e4f0,False,819x614
272d9c043c81,2,/kaggle/input/competitions/aptos2019-blindness-detection/train_images/272d9c043c81.png,3388,2588,8.77,7.541,0.873,65.41618347167969,27.84231076500104,174.56544679030776,ecc40f3f117f069e5f98cfdb6ff545f9,d8b4f06e4efc9ccc,False,3388x2588
2735be026d44,2,/kaggle/input/competitions/aptos2019-blindness-detection/train_images/2735be026d44.png,3388,2588,8.77,3.587,0.875,68.73030090332031,28.918345249385897,109.85788175370544,43f8136048bf38612c64e3c1525415e4,c0c0c08098c8c0fc,False,3388x2588
274f4de2a59d,0,/kaggle/input/competitions/aptos2019-blindness-detection/train_images/274f4de2a59d.png,1050,1050,1.1,1.094,1.0,78.84686279296875,44.28566380031018,131.61345064057969,0e98100b50f7d1f08f914cb94ffaee0e,f0f0f8b8f8f0e0f0,False,1050x1050
274f5029189b,1,/kaggle/input/competitions/aptos2019-blindness-detection/train_images/274f5029189b.png,2416,1736,4.19,2.351,0.935,72.78082275390625,27.943373432810468,79.5547967532184,e8f17c0f6ccd3fbaa7373dc6c1f71f71,c0e0e0e08888dedc,False,2416x1736
276b14f72328,0,/kaggle/input/competitions/aptos2019-blindness-detection/train_images/276b14f72328.png,2588,1958,5.07,5.315,1.0,56.61286926269531,23.406009804179924,36.383440201869234,a7e92ccb212a1c5efc1d3976f80fe9fc,e0c0c0c0c0e0f0f0,False,2588x1958
2776d70724d3,2,/kaggle/input/competitions/aptos2019-blindness-detection/train_images/2776d70724d3.png,3216,2136,6.87,2.836,0.842,81.59904479980469,30.154102776383937,102.44884109124541,29ee312d6ea8c6a636bb89fc3d7dcdd4,c0f08888888080c0,False,3216x2136
278aa860dffd,1,/kaggle/input/competitions/aptos2019-blindness-detection/train_images/278aa860dffd.png,2416,1736,4.19,2.087,0.934,68.77616882324219,25.270138894472122,83.56237972876988,b985387a6d90af5b7ffd767a769e15ae,e2e0a089c0e0a0c4,False,2416x1736
27933cdbe0cc,0,/kaggle/input/competitions/aptos2019-blindness-detection/train_images/27933cdbe0cc.png,1050,1050,1.1,0.942,1.0,84.03211975097656,45.06669241871216,136.31718273065053,2190ae0f233ca8fb99aced3d6a5e08e1,f0e0c0c4c0e0f0f0,False,1050x1050
27b68863349f,2,/kaggle/input/competitions/aptos2019-blindness-detection/train_images/27b68863349f.png,2416,1736,4.19,2.415,0.934,71.17851257324219,26.67163202573978,92.8357422275003,852dd0ffea3e8e6a47057a92c4c0016d,fcf8faf2ececfacc,False,2416x1736
27bab1432f61,2,/kaggle/input/competitions/aptos2019-blindness-detection/train_images/27bab1432f61.png,2416,1736,4.19,2.125,0.935,69.31301879882812,26.60095468180669,85.63381341006607,d0c0342b98bbd6ed4f6f6f4153a88677,f4b4f038189c8ecc,False,2416x1736
27e2be850a99,4,/kaggle/input/competitions/aptos2019-blindness-detection/train_images/27e2be850a99.png,2416,1736,4.19,2.178,0.934,79.39723205566406,29.840814507619132,101.59206818952225,977a15cedda284b2f31fe118c438bd9b,f8f8f47676be9cdc,False,2416x1736
27e4c800a449,1,/kaggle/input/competitions/aptos2019-blindness-detection/train_images/27e4c800a449.png,2416,1736,4.19,2.434,0.932,56.197479248046875,21.65437085424269,56.05163729726337,0e2894e265486fe7b3150f73a83de1da,e0e0c4c0e0f0b0cc,False,2416x1736
27f82ada84ac,0,/kaggle/input/competitions/aptos2019-blindness-detection/train_images/27f82ada84ac.png,819,614,0.5,0.3,0.931,37.99542236328125,18.766736763026813,25.020364375552163,342a80bfcd5c12a29ca96deefd0ca5b1,f8ec8e8e8e8edcf0,True,819x614
27fca9f12b3c,2,/kaggle/input/competitions/aptos2019-blindness-detection/train_images/27fca9f12b3c.png,2416,1736,4.19,2.145,0.935,95.16867065429688,38.572739393030474,151.00736087560654,49d1cb472015d37abb4a71989b3232a1,f8fcfe6edebebefc,False,2416x1736
281d7b7c7676,4,/kaggle/input/competitions/aptos2019-blindness-detection/train_images/281d7b7c7676.png,3388,2588,8.77,7.395,0.871,75.39714050292969,30.883368496798056,158.25312849506736,92555da608e7669071f83358771e52e3,cca6f07db9fe9edc,False,3388x2588
2821998fc002,0,/kaggle/input/competitions/aptos2019-blindness-detection/train_images/2821998fc002.png,1050,1050,1.1,0.954,1.0,90.67025756835938,48.71347763432166,186.90791341569275,7ecab7e7c187292312a2ce477457966f,f0c0e0c0c2c2e0f0,False,1050x1050
282bc792d23a,2,/kaggle/input/competitions/aptos2019-blindness-detection/train_images/282bc792d23a.png,3216,2136,6.87,3.122,0.842,81.055908203125,31.874940437373443,84.3404379254207,358ab42d1aa936a656a20d954c198e4f,fcf0f0f8fceefedc,False,3216x2136
283c3aeba594,0,/kaggle/input/competitions/aptos2019-blindness-detection/train_images/283c3aeba594.png,2048,1536,3.15,1.945,0.605,66.31732177734375,38.04526253006306,108.16345570026897,4b956691f70d745da5fbfcfb11636f74,f0f0f87c1cbcf0f0,False,2048x1536
28503940d10b,0,/kaggle/input/competitions/aptos2019-blindness-detection/train_images/28503940d10b.png,1050,1050,1.1,0.925,1.0,86.81057739257812,44.73250515033801,159.28560235723853,995e6bf652d70d7f1df3afdfa5f105f3,f0f8f8feeeeeecf0,False,1050x1050
286e9981dd9b,0,/kaggle/input/competitions/aptos2019-blindness-detection/train_images/286e9981dd9b.png,2588,1958,5.07,5.237,1.0,56.99699401855469,21.84950397821329,31.990414558909833,379572bdb6d08c2c273127b3a5239192,fcfefe6e6efebede,False,2588x1958
28751f290ba3,0,/kaggle/input/competitions/aptos2019-blindness-detection/train_images/28751f290ba3.png,1050,1050,1.1,1.069,1.0,95.43254089355469,49.551133960376646,173.57580244517885,059d6b22c989e296ec864bf26394ca5a,f0f0f88c8cc8c0f0,False,1050x1050
28824d12d31d,2,/kaggle/input/competitions/aptos2019-blindness-detection/train_images/28824d12d31d.png,4288,2848,12.21,5.202,0.809,92.77822875976562,37.43232108426201,160.7333059569355,432d822b738637755287739b3a069267,f0e0e0c0c0e286cc,False,4288x2848
289a47dcbb82,0,/kaggle/input/competitions/aptos2019-blindness-detection/train_images/289a47dcbb82.png,2048,1536,3.15,1.886,0.604,66.51271057128906,38.78255220811753,82.41252718656324,5b468f857f32a9929c5a1390d3c04f8d,f0fcfceeeefcf8f0,False,2048x1536
28a4d00927b7,2,/kaggle/input/competitions/aptos2019-blindness-detection/train_images/28a4d00927b7.png,2588,1958,5.07,4.768,1.0,30.138946533203125,16.379360755337462,10.62594924471341,0feec93972dca8afee4bc800be385349,fcf8f8fefefefcf0,True,2588x1958
28dc010a0780,0,/kaggle/input/competitions/aptos2019-blindness-detection/train_images/28dc010a0780.png,1050,1050,1.1,1.031,1.0,79.71986389160156,42.87000051659666,189.9789736410603,c71c48362a21e8a055b5ee5096106c58,f0c2808880e0f0f0,False,1050x1050
28f73575e1f2,0,/kaggle/input/competitions/aptos2019-blindness-detection/train_images/28f73575e1f2.png,819,614,0.5,0.302,0.606,69.30599975585938,38.89543168981306,134.23251167475246,f098cbb45e3442036a76a2e446f2c7d0,f0feb089a8f0e8f0,False,819x614
28f93cad89c5,2,/kaggle/input/competitions/aptos2019-blindness-detection/train_images/28f93cad89c5.png,3388,2588,8.77,6.862,0.868,81.99945068359375,32.43555574979194,165.8153029361274,6495c364cec0fb6090289ff2814c8599,c4b4f46676e6a2fc,False,3388x2588
28f98cfe3858,1,/kaggle/input/competitions/aptos2019-blindness-detection/train_images/28f98cfe3858.png,3388,2588,8.77,3.1,0.867,87.62763977050781,36.260461240827844,139.98113571107388,c38f1c481786136ef1a35604d9ecf294,c0c0c0c8c0c0e0e0,False,3388x2588
290ecdba359f,2,/kaggle/input/competitions/aptos2019-blindness-detection/train_images/290ecdba359f.png,3388,2588,8.77,7.422,0.873,76.71559143066406,31.39201080071756,138.09326110384427,4a3c79a1870cb5570d1f9ae223b67e41,c0e8f0f0e6e6a4c8,False,3388x2588
29192375ab1b,0,/kaggle/input/competitions/aptos2019-blindness-detection/train_images/29192375ab1b.png,1050,1050,1.1,0.998,1.0,52.33378601074219,29.250275290999024,78.97020768746734,4195e776b7b2fa0a63845b682228c18d,f0f0f8fcdcfcf0f0,False,1050x1050
291e2ff3d834,2,/kaggle/input/competitions/aptos2019-blindness-detection/train_images/291e2ff3d834.png,2416,1736,4.19,1.745,0.934,107.23837280273438,39.486974213131084,286.6835668848362,6a359d6b4b1f2593ed3cea8d2cc07b51,c6828059618992cc,False,2416x1736
291f581d365e,0,/kaggle/input/competitions/aptos2019-blindness-detection/train_images/291f581d365e.png,2416,1736,4.19,2.189,0.934,79.52586364746094,28.53997840659122,120.3247936272528,34b4cd7d072142057d82ed17f13b284b,c2e0c0c1c1c082c4,False,2416x1736
2923971566fe,0,/kaggle/input/competitions/aptos2019-blindness-detection/train_images/2923971566fe.png,2416,1736,4.19,2.236,0.934,76.53926086425781,30.790579215061722,88.8886805230286,cac2bb4f4311440d35942098b685cfdd,fefefcf1e8e8ecf8,False,2416x1736
2927665214e1,0,/kaggle/input/competitions/aptos2019-blindness-detection/train_images/2927665214e1.png,1050,1050,1.1,0.915,1.0,74.07063293457031,39.98015904255079,113.93310974701308,cc080b71ec839d3ea48a178487f0bb15,f0f0f8fcdcf8f0f0,False,1050x1050
29580bed2f7d,2,/kaggle/input/competitions/aptos2019-blindness-detection/train_images/29580bed2f7d.png,2416,1736,4.19,1.596,0.935,90.85408020019531,35.228397230786854,158.6667066477239,1d19095d9e02e866d73477a24d8edadc,d4b0f07c1c948ccc,False,2416x1736
295fdc964f6e,2,/kaggle/input/competitions/aptos2019-blindness-detection/train_images/295fdc964f6e.png,2416,1736,4.19,2.262,0.934,67.98211669921875,25.201462742805354,73.74577318131924,214cf455d7d232da8fe8904f16011346,d0f0f0acac8c9ecc,False,2416x1736
2967e578939f,2,/kaggle/input/competitions/aptos2019-blindness-detection/train_images/2967e578939f.png,2588,1958,5.07,4.998,1.0,44.149932861328125,15.80247584378296,14.978428529342636,df3321e8b3616a50a3ab9d75ad0b6800,f8f0e0e0f8b8f8f8,True,2588x1958
2974c6ad1d58,0,/kaggle/input/competitions/aptos2019-blindness-detection/train_images/2974c6ad1d58.png,1050,1050,1.1,0.985,1.0,68.59854125976562,36.93047866220709,94.52418783842586,c5e0b97c657e2cdea31854313f6ba485,f0f0e0e2e0f0f0f0,False,1050x1050
299086c6d1b5,3,/kaggle/input/competitions/aptos2019-blindness-detection/train_images/299086c6d1b5.png,2588,1958,5.07,5.086,1.0,43.86723327636719,25.89462753506435,27.344506218098104,3f87863e757d93e38b9533fc115c7a6c,f0f0f8fcfcfcf8f0,True,2588x1958
2994f17f58a5,1,/kaggle/input/competitions/aptos2019-blindness-detection/train_images/2994f17f58a5.png,2416,1736,4.19,2.145,0.934,64.02726745605469,24.149766382404355,76.29876467376016,a359fe3dca9701ea6a3adcfce47f6fe5,d0b0f26d74ba9ac4,False,2416x1736
29a13e666266,0,/kaggle/input/competitions/aptos2019-blindness-detection/train_images/29a13e666266.png,1050,1050,1.1,0.964,1.0,68.66700744628906,37.43954235047852,103.33399868011475,5e56134198b42dd30f5576cd63acd913,f0e0c0c0c0e0e4f0,False,1050x1050
29b52f64d2db,1,/kaggle/input/competitions/aptos2019-blindness-detection/train_images/29b52f64d2db.png,2896,1944,5.63,2.275,0.636,81.88232421875,37.89522815233005,146.07535677566193,06cb578333e7617034033a262f5ea7f7,e0f0e0c0c4c4c0c0,False,2896x1944
29bc0e721cfe,4,/kaggle/input/competitions/aptos2019-blindness-detection/train_images/29bc0e721cfe.png,3388,2588,8.77,7.228,0.872,86.09078979492188,35.36052497765778,185.33661368652247,bf5717ad7e2341223036ee239be48b67,f0b0f83878f098d4,False,3388x2588
29d059522fa1,0,/kaggle/input/competitions/aptos2019-blindness-detection/train_images/29d059522fa1.png,1050,1050,1.1,1.05,1.0,77.84072875976562,41.67849318938088,120.81426440086216,c0eec2393d6097e2bc9e5fbc6b3c909a,f0fcfcdcfcfcf8f0,False,1050x1050
29f44aea93a4,2,/kaggle/input/competitions/aptos2019-blindness-detection/train_images/29f44aea93a4.png,3216,2136,6.87,2.398,0.842,91.14445495605469,34.61793229884632,131.39759360905737,822b08a2b9d4af53578c949165eb84b4,c0e0e0c8a880c0c0,False,3216x2136
29f9e1ac9507,0,/kaggle/input/competitions/aptos2019-blindness-detection/train_images/29f9e1ac9507.png,819,614,0.5,0.28,0.61,77.94326782226562,43.07271780383538,115.2563889825251,d69aaf33d80740d7fc3d74e2ba64bc0d,f0d8d8dc9cfcf0f0,False,819x614
2a08ed6bbcbc,1,/kaggle/input/competitions/aptos2019-blindness-detection/train_images/2a08ed6bbcbc.png,2416,1736,4.19,1.821,0.935,94.82772827148438,34.0865971270462,177.23286720737815,4a78c08403ded8df564552dd4fa05d10,d2e0c081898882c4,False,2416x1736
2a099b247b10,2,/kaggle/input/competitions/aptos2019-blindness-detection/train_images/2a099b247b10.png,1050,1050,1.1,0.98,1.0,82.02107238769531,44.00197525775814,146.9706423720345,ea7f4ba1d3bfa0182e92b03eb2c4a2db,f0e0e8c4c4c0f0f0,False,1050x1050
2a2274bcb00a,0,/kaggle/input/competitions/aptos2019-blindness-detection/train_images/2a2274bcb00a.png,2588,1958,5.07,5.659,1.0,68.93092346191406,23.645120855531832,62.16988745238632,8cdf31eedc0eb5afcf1cb5f664edc56e,f0f0f0e7e4f0f8f0,False,2588x1958
2a2a6435f7f3,0,/kaggle/input/competitions/aptos2019-blindness-detection/train_images/2a2a6435f7f3.png,1050,1050,1.1,1.102,1.0,75.13249206542969,42.66324464948187,130.57118771132082,d4fb1ada74dddbf5a9630abf2796ca37,f0f8f8fcdcf8f8f0,False,1050x1050
2a3378bcfbcc,2,/kaggle/input/competitions/aptos2019-blindness-detection/train_images/2a3378bcfbcc.png,2416,1736,4.19,1.828,0.935,71.88861083984375,27.216512239813564,83.82711694552563,0e858fd23afcc15b931d4ae7ef5aaa18,c6d0e061299082c0,False,2416x1736
2a3a1ed1c285,2,/kaggle/input/competitions/aptos2019-blindness-detection/train_images/2a3a1ed1c285.png,3216,2136,6.87,5.655,0.841,48.77569580078125,20.992193579717252,37.549706443212926,fc9975c1046cd6401c1900b351fc41ea,d4e4c0c0c0c0e0e4,False,3216x2136
2a4520f1f9a3,0,/kaggle/input/competitions/aptos2019-blindness-detection/train_images/2a4520f1f9a3.png,1050,1050,1.1,1.009,1.0,77.21189880371094,42.58907190865446,110.92270326241851,d10459f9c2584586ba31685add97f6b3,f0f0f8fcdcfcf8f0,False,1050x1050
2a47e5b21791,2,/kaggle/input/competitions/aptos2019-blindness-detection/train_images/2a47e5b21791.png,2416,1736,4.19,2.189,0.934,75.578857421875,27.77151904877633,95.06288581993431,006f25913d0b0095e7a6f887dcd4a8eb,c4f8706361f080c0,False,2416x1736
2a5a8b744f08,2,/kaggle/input/competitions/aptos2019-blindness-detection/train_images/2a5a8b744f08.png,2416,1736,4.19,2.315,0.934,63.87092590332031,24.690296383548116,59.724680862389505,57086d4dafa43c57d2af434988caa0ce,e0f8f8eeeaf698c8,False,2416x1736
2a7373eeb352,0,/kaggle/input/competitions/aptos2019-blindness-detection/train_images/2a7373eeb352.png,819,614,0.5,0.345,0.931,45.51679992675781,27.415579066927638,46.64707520022057,f29905b8daececd375967b8138db5f69,f8dc9c9e9e9cd4e8,False,819x614
2a8a9e957a6c,1,/kaggle/input/competitions/aptos2019-blindness-detection/train_images/2a8a9e957a6c.png,2416,1736,4.19,2.083,0.935,67.76942443847656,24.920275949352437,85.65419321483932,3f225ed7b2d4f24e1ec84ebe50a3cda1,c0a0c010109080c4,False,2416x1736
2a93334f663a,0,/kaggle/input/competitions/aptos2019-blindness-detection/train_images/2a93334f663a.png,1050,1050,1.1,0.99,1.0,78.54647827148438,42.733076067722216,123.84109177044593,6a36a7906f93a112b8dae452512284e8,f0e0e0c0c2e0e0f0,False,1050x1050
2af1bf226f51,2,/kaggle/input/competitions/aptos2019-blindness-detection/train_images/2af1bf226f51.png,2588,1958,5.07,3.23,1.0,59.5269775390625,23.239651353131794,48.56179469823837,bf94cba0e358d60a4721b42b98b5822e,c8bcfeeee6e4ecf8,False,2588x1958
2b074afdf626,2,/kaggle/input/competitions/aptos2019-blindness-detection/train_images/2b074afdf626.png,2416,1736,4.19,2.03,0.934,75.71441650390625,28.253138820307584,76.49836280359887,56bab85cd47f65c74206a368257b6a68,c0f0f0cccc9888c4,False,2416x1736
2b07790a2422,2,/kaggle/input/competitions/aptos2019-blindness-detection/train_images/2b07790a2422.png,3388,2588,8.77,6.817,0.865,49.05120849609375,21.382286621330394,52.9920533222612,d8441319c05fbaca4d934c57d9bea04c,c0808002009090c0,False,3388x2588
2b10f138e67d,0,/kaggle/input/competitions/aptos2019-blindness-detection/train_images/2b10f138e67d.png,819,614,0.5,0.296,0.606,58.730010986328125,36.18435909667579,69.12733862339519,633bcc705ee866294825266970cfc97e,f0e0d090bc9cdcf0,False,819x614
2b21d293fdf2,2,/kaggle/input/competitions/aptos2019-blindness-detection/train_images/2b21d293fdf2.png,3216,2136,6.87,5.655,0.841,48.77569580078125,20.992193579717252,37.549706443212926,fc9975c1046cd6401c1900b351fc41ea,d4e4c0c0c0c0e0e4,False,3216x2136
2b2f5a0f880d,0,/kaggle/input/competitions/aptos2019-blindness-detection/train_images/2b2f5a0f880d.png,2048,1536,3.15,1.942,0.605,75.43429565429688,44.39106448138542,143.90533177531324,36a7a3cd469bb3f5ce73e90a1559eaf6,f0e2c0d0d0e0e0f0,False,2048x1536
2b3a4a81d748,0,/kaggle/input/competitions/aptos2019-blindness-detection/train_images/2b3a4a81d748.png,1050,1050,1.1,1.075,1.0,92.00465393066406,49.68433399107638,156.7736830727663,3e88967b9c5801b8b694033bfe43b70f,f0c0c0c0c4c0e0f0,False,1050x1050
2b48daf24be0,3,/kaggle/input/competitions/aptos2019-blindness-detection/train_images/2b48daf24be0.png,2416,1736,4.19,1.903,0.935,103.95845031738281,38.046519637917534,154.6259785555303,5e94c9769e009a46559da8e6dd4f4a7d,f0f8f8eceeeebecc,False,2416x1736
2b4c7b5f1f1e,0,/kaggle/input/competitions/aptos2019-blindness-detection/train_images/2b4c7b5f1f1e.png,1050,1050,1.1,0.84,1.0,83.70094299316406,44.28671927056051,133.90807671076618,c74f49cbc57b1f2409cb905454239db6,f0c0808480c0e0f0,False,1050x1050
2b5bb6d33959,0,/kaggle/input/competitions/aptos2019-blindness-detection/train_images/2b5bb6d33959.png,2048,1536,3.15,1.917,0.604,88.86065673828125,49.31038182840238,145.25411678757519,e5cb205f096e1b478624b29068d47f1d,f0c6c68e8cc4e4f0,False,2048x1536
2b88cb6e31cd,2,/kaggle/input/competitions/aptos2019-blindness-detection/train_images/2b88cb6e31cd.png,3216,2136,6.87,2.19,0.842,81.15863037109375,29.537219055792946,94.02917134389281,2ebaecace6c2aef70ec92b8c6913ae73,f0e0e0cececc9ccc,False,3216x2136
2ba0b0d9bda2,2,/kaggle/input/competitions/aptos2019-blindness-detection/train_images/2ba0b0d9bda2.png,2416,1736,4.19,2.239,0.934,72.22486877441406,28.075531883703437,96.8472907950636,139a8265682102abf4050cbeed33c156,c0b0e068c6a6a6c4,False,2416x1736
2bb063318cf1,3,/kaggle/input/competitions/aptos2019-blindness-detection/train_images/2bb063318cf1.png,3216,2136,6.87,3.34,0.842,74.63941955566406,29.42579450509124,90.90726523753256,3e91357a44ed128c01e5a77814c35bc8,e0e0e0c08880c0c4,False,3216x2136
2bb3c492d6d3,0,/kaggle/input/competitions/aptos2019-blindness-detection/train_images/2bb3c492d6d3.png,2588,1958,5.07,5.091,1.0,40.95758056640625,18.528774699138072,25.734115011058748,5afb05eeb06f31770db1f46dd31e0d87,f0e0e063e1f0f8f8,True,2588x1958
2bbcfdc477db,4,/kaggle/input/competitions/aptos2019-blindness-detection/train_images/2bbcfdc477db.png,1844,1226,2.26,0.97,0.816,102.64524841308594,42.53531774802958,103.90661206259392,2420209117c44633337c031666730d8c,f0f8f0e8908888cc,False,1844x1226
2bbd1f99ecc3,3,/kaggle/input/competitions/aptos2019-blindness-detection/train_images/2bbd1f99ecc3.png,2896,1944,5.63,1.893,0.641,71.20549011230469,31.00850823199507,103.04483616701327,b39fe669a632b5ccf92a704658e20a2a,c0f0e0cacec686c4,False,2896x1944
2bd4d4fbed5c,2,/kaggle/input/competitions/aptos2019-blindness-detection/train_images/2bd4d4fbed5c.png,3216,2136,6.87,3.077,0.846,94.679931640625,36.85432754553008,186.29530239105225,28f3bbe87f9f7eac35a97a8d2a92cf29,f2f0f8b878f8b0e4,False,3216x2136
2c1d5be654dd,2,/kaggle/input/competitions/aptos2019-blindness-detection/train_images/2c1d5be654dd.png,3388,2588,8.77,7.313,0.866,60.900726318359375,24.937660962626683,79.86324585881084,7adc82b3450acf16483956ab0e85cfd2,c888f0eaeafabcf0,False,3388x2588
2c2aa057afc5,2,/kaggle/input/competitions/aptos2019-blindness-detection/train_images/2c2aa057afc5.png,1504,1000,1.5,1.315,0.838,70.91664123535156,29.167547259877313,62.12643574527465,7c503683d5df9841616568d658e8036c,f0f4f0f3f3f2fcf8,False,1504x1000
2c77bf969079,0,/kaggle/input/competitions/aptos2019-blindness-detection/train_images/2c77bf969079.png,2588,1958,5.07,5.074,1.0,34.338653564453125,14.970547013206009,23.287327375262976,f8d5a90f23a0e0c1b817d42b074ecfa2,f0eaf1b998f0f8f0,True,2588x1958
2c8101f14723,0,/kaggle/input/competitions/aptos2019-blindness-detection/train_images/2c8101f14723.png,2048,1536,3.15,1.802,0.604,65.01968383789062,40.78676226811902,77.13773205503821,d137aa896c309e002ffd11df79289c0c,f0f8fcfcfcfcf8f0,False,2048x1536
2c827005b8f8,0,/kaggle/input/competitions/aptos2019-blindness-detection/train_images/2c827005b8f8.png,1050,1050,1.1,1.052,1.0,87.72674560546875,46.190819492887776,168.4841050391551,577ad617169db3f3c278c750525a5360,f0fcfeeefefcf8f0,False,1050x1050
2c9dfc270f1b,0,/kaggle/input/competitions/aptos2019-blindness-detection/train_images/2c9dfc270f1b.png,1050,1050,1.1,1.017,1.0,83.230712890625,45.15591101007696,141.12987158051692,e4d730437b1247016ec2359863db1c12,f0e0c0c0c4c0f0f0,False,1050x1050
2cacdb0dffae,0,/kaggle/input/competitions/aptos2019-blindness-detection/train_images/2cacdb0dffae.png,1050,1050,1.1,1.021,1.0,82.70993041992188,43.70441573632528,140.47116329311393,0822f88574f456a525c41f7b81bf9020,f0e0e0c0c2e0e0f0,False,1050x1050
2cbfc6182ba2,2,/kaggle/input/competitions/aptos2019-blindness-detection/train_images/2cbfc6182ba2.png,3216,2136,6.87,3.617,0.842,86.05557250976562,33.28853298506441,121.628867036663,e1a3cf7a2eeda17969c357d85f6acab1,ca88f0e08088d8c0,False,3216x2136
2cceb07ff706,2,/kaggle/input/competitions/aptos2019-blindness-detection/train_images/2cceb07ff706.png,1504,1000,1.5,1.377,0.838,88.34634399414062,34.52085283501645,124.17600120208226,9de693d1d4aa57e91748bc3aaf0a77d6,def0f0b08088c0e8,False,1504x1000
2cdcc910778d,0,/kaggle/input/competitions/aptos2019-blindness-detection/train_images/2cdcc910778d.png,819,614,0.5,0.293,0.61,69.76725769042969,44.597013697107045,124.4603082202375,28dd435820fc19b019dc49bc19192a29,f0c28080c0e0e0e0,False,819x614
2cef97083e6f,2,/kaggle/input/competitions/aptos2019-blindness-detection/train_images/2cef97083e6f.png,3216,2136,6.87,2.263,0.843,84.82424926757812,31.24147679252855,121.73373323306441,ab193f429bb9ffba5184169765624265,d8a0f0b1b1b08adc,False,3216x2136
2cf18033da31,0,/kaggle/input/competitions/aptos2019-blindness-detection/train_images/2cf18033da31.png,2048,1536,3.15,1.919,0.605,88.89894104003906,49.94101893647906,150.85990047454834,d83c99632952537f15899daee7ea5c74,f0fcfcdecefefcf0,False,2048x1536
2cfe8703f265,0,/kaggle/input/competitions/aptos2019-blindness-detection/train_images/2cfe8703f265.png,2588,1958,5.07,5.39,1.0,59.87269592285156,22.688568309366225,42.13182279095054,e5fa5036651d921dfe36ad00828ef1ee,f0f8f4e6e6f4f0f0,False,2588x1958
2d04cead4d3a,0,/kaggle/input/competitions/aptos2019-blindness-detection/train_images/2d04cead4d3a.png,2048,1536,3.15,1.906,0.605,63.79377746582031,38.38261808196474,129.79087606235407,68449277e329db90c1333139c3524e5f,e0c280808880c0e0,False,2048x1536
2d07162a13b1,0,/kaggle/input/competitions/aptos2019-blindness-detection/train_images/2d07162a13b1.png,2588,1958,5.07,5.094,1.0,51.7264404296875,20.77412560855841,18.400829657912254,22f72a239e5a6a71cb6a49a2f7509a9d,f8f0f0f0d5f4e0f0,True,2588x1958
2d3f4094c08a,0,/kaggle/input/competitions/aptos2019-blindness-detection/train_images/2d3f4094c08a.png,2048,1536,3.15,1.949,0.605,73.799560546875,42.9257254461741,119.52384868916124,af7112bf024d4f328d29812a5cfffe5b,f0fcfceeeefefcf0,False,2048x1536
2d552318eb07,2,/kaggle/input/competitions/aptos2019-blindness-detection/train_images/2d552318eb07.png,474,358,0.17,0.234,1.0,69.39547729492188,30.05489616924932,42.56982421875,f1e46e611cd3157dee02b3673293a9e1,f0f0c4c5e1f1f2fe,False,474x358
2d558de2cabe,0,/kaggle/input/competitions/aptos2019-blindness-detection/train_images/2d558de2cabe.png,2048,1536,3.15,1.76,0.602,35.38520812988281,23.958201701788603,43.732974741375074,593c2e0731e106bb187deee479017e7c,e0e0c0c0c6e0f0f0,True,2048x1536
2d7666b8884f,1,/kaggle/input/competitions/aptos2019-blindness-detection/train_images/2d7666b8884f.png,1844,1226,2.26,1.052,0.818,73.68669128417969,31.12462835303277,75.41153679578565,aa606d55337be453d9a7946e908574b5,e0c0808cc0c0e0e4,False,1844x1226
2d870833c0c9,2,/kaggle/input/competitions/aptos2019-blindness-detection/train_images/2d870833c0c9.png,3388,2588,8.77,6.777,0.871,74.39060974121094,30.64121655442787,138.24695964809507,bf87053831cd1d665541f5290d64f076,dcf0f8ecf8f8becc,False,3388x2588
2d9d97a6e713,1,/kaggle/input/competitions/aptos2019-blindness-detection/train_images/2d9d97a6e713.png,2416,1736,4.19,2.128,0.934,80.74333190917969,29.172480071756894,111.9365386494901,8600504ee05ee45043feebd95be0be10,cae0b0a9f1c0c2c4,False,2416x1736
2da82d14e1b7,0,/kaggle/input/competitions/aptos2019-blindness-detection/train_images/2da82d14e1b7.png,1050,1050,1.1,0.936,1.0,87.14669799804688,46.297870279760275,183.09926008223556,2e99a5a36dd5df88e761c38c063aab90,f0e2e0e2e0e0e0f0,False,1050x1050
2db0cd3e30da,0,/kaggle/input/competitions/aptos2019-blindness-detection/train_images/2db0cd3e30da.png,2588,1958,5.07,5.283,1.0,52.685333251953125,29.460205377799504,41.15666192397475,5e50e08dc7b74a8825ca67ffe5b673c0,e0f0e0e0c0c4e0e0,False,2588x1958
2dc647e00ad3,0,/kaggle/input/competitions/aptos2019-blindness-detection/train_images/2dc647e00ad3.png,2588,1958,5.07,5.12,1.0,47.37226867675781,21.352366732523038,22.71486411895603,5d84e144629ff26c91c5da0d6cd77738,e0e0c0c0c0c0f0f0,True,2588x1958
2dd28ac497d2,0,/kaggle/input/competitions/aptos2019-blindness-detection/train_images/2dd28ac497d2.png,1050,1050,1.1,1.034,1.0,93.56430053710938,49.637712907496265,168.635024437448,1042a28f9a52cbd3e2fb2047b9b35be7,f0f8fecefcf8e0f0,False,1050x1050
2df07eb5779f,4,/kaggle/input/competitions/aptos2019-blindness-detection/train_images/2df07eb5779f.png,3216,2136,6.87,2.627,0.842,96.72164916992188,36.54682079096242,122.42959999199957,9cec7a539307e196cfb77da86c8d6af5,f0f0e0c0c0e0b0d0,False,3216x2136
2e26762daed5,2,/kaggle/input/competitions/aptos2019-blindness-detection/train_images/2e26762daed5.png,3216,2136,6.87,2.176,0.842,81.16925048828125,32.53660955302212,100.50839515007101,e5aa2df92d103f2aae951865a230d449,d0e0e0e0e1c0c2c0,False,3216x2136
2e79041ef722,2,/kaggle/input/competitions/aptos2019-blindness-detection/train_images/2e79041ef722.png,2588,1958,5.07,4.999,1.0,34.278900146484375,19.888127153434574,20.787214002572,6acaa4b55133da32a6c99d3b6041d35c,fcfefc7c7ffeeef8,True,2588x1958
2eba4279e503,0,/kaggle/input/competitions/aptos2019-blindness-detection/train_images/2eba4279e503.png,1050,1050,1.1,0.912,1.0,73.9195556640625,39.815495860199725,114.5457553230226,23417c0cd9c7400cadf50d888364ba39,f0e0c0c4c0e0e0f0,False,1050x1050
2ecbc2e3f239,1,/kaggle/input/competitions/aptos2019-blindness-detection/train_images/2ecbc2e3f239.png,3388,2588,8.77,4.16,0.864,64.79928588867188,26.188919882968243,98.92885147943161,a1aabe6439dec2c6f7f7b06349cbfe21,d8f0f0f2f2f0b8c0,False,3388x2588
2ef10194e80d,0,/kaggle/input/competitions/aptos2019-blindness-detection/train_images/2ef10194e80d.png,2048,1536,3.15,1.907,0.602,42.666534423828125,25.21902422358142,59.434108923887834,ec413839fd946fb40fba012d6c99f4f8,f0f0c0c2c6e4f0f0,True,2048x1536
2ef4a04aed1b,0,/kaggle/input/competitions/aptos2019-blindness-detection/train_images/2ef4a04aed1b.png,1050,1050,1.1,1.03,1.0,87.93437194824219,47.900193517648326,153.46458214428276,4b43f86c329bcafdd89065f934cf465d,f0f8f8fcdcf8f0f0,False,1050x1050
2ef955d6d9ff,0,/kaggle/input/competitions/aptos2019-blindness-detection/train_images/2ef955d6d9ff.png,819,614,0.5,0.278,0.606,57.162750244140625,31.938332768078496,88.60666190995835,c971ef5658f4975676192f01fc859169,f08cae7767fefcf0,False,819x614
2f143453bb71,0,/kaggle/input/competitions/aptos2019-blindness-detection/train_images/2f143453bb71.png,2588,1958,5.07,5.369,1.0,58.97514343261719,33.66376164503071,66.63608065783046,3caf5dbf1286de3935a891bbdf5a2e50,f8fcfcfcfcf8faf8,False,2588x1958
2f284b6a1940,4,/kaggle/input/competitions/aptos2019-blindness-detection/train_images/2f284b6a1940.png,2416,1736,4.19,2.303,0.935,69.00410461425781,27.850480424681013,84.4977608860936,f89060c3bb14c573b5edbba2119a22ec,f0a0d080808080c0,False,2416x1736
2f2e1949ad56,1,/kaggle/input/competitions/aptos2019-blindness-detection/train_images/2f2e1949ad56.png,2416,1736,4.19,2.018,0.934,71.66921997070312,27.681379095607184,77.08756415452808,9d37a3a514a826386862f5bd3408b89b,f8f0f8fcfcfc9cdc,False,2416x1736
2f42e20db938,3,/kaggle/input/competitions/aptos2019-blindness-detection/train_images/2f42e20db938.png,2588,1958,5.07,5.31,1.0,63.35600280761719,26.92972464122025,30.891183740459383,12695bb1a2b175eaac577c72e4b5771f,e0f0f0cccce0e8f0,False,2588x1958
2f4e81787d9b,1,/kaggle/input/competitions/aptos2019-blindness-detection/train_images/2f4e81787d9b.png,3388,2588,8.77,3.935,0.864,69.10940551757812,29.149934516018938,102.94772820081562,8293cb0c5a801aec0f605aaba4ce33d2,c0e0e08080c0e0e0,False,3388x2588
2f5c9cdfb333,2,/kaggle/input/competitions/aptos2019-blindness-detection/train_images/2f5c9cdfb333.png,2588,1958,5.07,5.391,1.0,73.5308837890625,38.963510411713195,41.71441975142807,958e23cf619f34bc06e1aa7997c11d98,e8f0f0f8f8dcdcf0,False,2588x1958
2f7789c1e046,4,/kaggle/input/competitions/aptos2019-blindness-detection/train_images/2f7789c1e046.png,1504,1000,1.5,1.344,0.838,93.52664184570312,37.4280395748058,119.94097181316465,b7efca477da20c2db8ffd7a9a2867f2f,cea2d09090c0a0f8,False,1504x1000
2f7fbdcc9a4b,0,/kaggle/input/competitions/aptos2019-blindness-detection/train_images/2f7fbdcc9a4b.png,2048,1536,3.15,1.93,0.605,82.50296020507812,46.02916049098402,143.7562728812918,32c288c25b7667eb8fce6176a7d83868,f0c2c0c0c6c0e0f0,False,2048x1536
2f81ee5f2926,0,/kaggle/input/competitions/aptos2019-blindness-detection/train_images/2f81ee5f2926.png,819,614,0.5,0.322,0.61,81.85301208496094,47.736682103586624,216.2516092872247,550acaaaf7cd3fcaa336b26ececd1bc2,e086b87c1cf8f0f0,False,819x614
2f8d14a7d390,0,/kaggle/input/competitions/aptos2019-blindness-detection/train_images/2f8d14a7d390.png,2588,1958,5.07,4.943,1.0,36.96726989746094,12.761559601860311,12.493575676344335,a0d963da48ef56233169bc652604bb42,f8f8f8fee6fcf8f8,True,2588x1958
2f9b66784109,2,/kaggle/input/competitions/aptos2019-blindness-detection/train_images/2f9b66784109.png,3216,2136,6.87,3.055,0.843,100.07054138183594,39.44199543034944,183.34939937083982,32449ea1d26b1da71a3415d45a94d254,c0e0f0e0e6c2e2cc,False,3216x2136
2fb3a8606a77,2,/kaggle/input/competitions/aptos2019-blindness-detection/train_images/2fb3a8606a77.png,3388,2588,8.77,7.196,0.866,78.08241271972656,31.64424696883593,219.0311292251572,2db3bf5237153e1fd40b175f7d24ecc2,ccb2e0c1cbc2aedc,False,3388x2588
2fde69f20585,4,/kaggle/input/competitions/aptos2019-blindness-detection/train_images/2fde69f20585.png,4288,2848,12.21,5.228,0.823,61.71809387207031,34.244474933643446,90.41261467989534,4e5f41f1e07ab4b5a8d83fbf80e3e197,f0b0b8f4ebc68ecc,False,4288x2848
2fdfb80ea53c,0,/kaggle/input/competitions/aptos2019-blindness-detection/train_images/2fdfb80ea53c.png,1050,1050,1.1,0.862,1.0,89.43486022949219,47.386057493724664,159.0876411050558,67aec16ab8451476668fadc88baf7250,f0c0c0c0c0c0c0f0,False,1050x1050
2fdffb6160a6,2,/kaggle/input/competitions/aptos2019-blindness-detection/train_images/2fdffb6160a6.png,2416,1736,4.19,2.019,0.934,74.20158386230469,27.344295718771733,87.59179824590683,be8de833a6057a87db314eb3fe08c44f,e0e0a888e8c0e0c0,False,2416x1736
2fe06bedb2c4,4,/kaggle/input/competitions/aptos2019-blindness-detection/train_images/2fe06bedb2c4.png,2588,1958,5.07,5.666,1.0,105.9830322265625,43.75538700299844,66.68239711225033,de60aed5abc9d7f66e2d5564ef509e72,f0e0f0e0c4c4c0c0,False,2588x1958
2fefb720869a,0,/kaggle/input/competitions/aptos2019-blindness-detection/train_images/2fefb720869a.png,2048,1536,3.15,1.93,0.604,80.3765869140625,44.681685632135334,170.93916223943233,00c773cbfaa58bfa2b14319936c17a18,f0eef6d3d4c2f0f0,False,2048x1536
300305ce82d2,2,/kaggle/input/competitions/aptos2019-blindness-detection/train_images/300305ce82d2.png,3216,2136,6.87,2.37,0.842,78.70248413085938,29.841525562240083,81.34127463307232,6f259183c94d764f9004cefdd7b38e17,f0e0e0c0c0c0c2e4,False,3216x2136
30263a7d5609,0,/kaggle/input/competitions/aptos2019-blindness-detection/train_images/30263a7d5609.png,2588,1958,5.07,5.013,1.0,38.437042236328125,15.728550543172567,15.68757538846694,5e72ef5aec2c5ab820a6f746d1228867,9cbefc77f4f2f4f0,True,2588x1958
302bcdb635ff,2,/kaggle/input/competitions/aptos2019-blindness-detection/train_images/302bcdb635ff.png,1844,1226,2.26,1.096,0.816,86.03269958496094,37.12157589822673,92.64183004177175,d9f82e522f3c9ac61e05737fbcb69f95,f8f0f8eaceeeeccc,False,1844x1226
3044022c6969,1,/kaggle/input/competitions/aptos2019-blindness-detection/train_images/3044022c6969.png,2416,1736,4.19,2.407,0.935,95.76231384277344,34.936947198956226,145.58938066568226,b5b0a2781910881117ddb397011f6f2a,f8f8f0eeeefe9cc8,False,2416x1736
306c841af3fc,0,/kaggle/input/competitions/aptos2019-blindness-detection/train_images/306c841af3fc.png,2588,1958,5.07,5.695,1.0,65.26828002929688,31.134520788227963,97.74416971113533,d8ad559a3b887663cf3f50a09f73acb3,f0f0f8fcdcfcf8f0,False,2588x1958
3079490a4b9c,0,/kaggle/input/competitions/aptos2019-blindness-detection/train_images/3079490a4b9c.png,1050,1050,1.1,0.82,1.0,77.28117370605469,40.0030142243744,111.79612467787229,9f63f52947c3a6d9d868ecc7530c4002,f0f0e0c0e0e0e0f0,False,1050x1050
308f7fce6f0d,2,/kaggle/input/competitions/aptos2019-blindness-detection/train_images/308f7fce6f0d.png,2588,1958,5.07,5.203,1.0,51.727203369140625,23.33210186120967,32.1524404452648,924dca7e7f0b16b54d49da1984fb3f3d,e0e0e08088c8c8e0,False,2588x1958
30941b65348b,1,/kaggle/input/competitions/aptos2019-blindness-detection/train_images/30941b65348b.png,2416,1736,4.19,2.073,0.935,103.08354187011719,36.74268535210603,180.7013681435492,67161855e6214ef9adb7ff6becf71572,d0a0b0a8889092cc,False,2416x1736
30cab14951ac,1,/kaggle/input/competitions/aptos2019-blindness-detection/train_images/30cab14951ac.png,2416,1736,4.19,2.343,0.934,48.32147216796875,19.917144515101953,49.23212134628557,cea1f713f6a0738a09ede3e4bdabebc0,dcbe7c7676fefedc,False,2416x1736
30db694bee42,0,/kaggle/input/competitions/aptos2019-blindness-detection/train_images/30db694bee42.png,2048,1536,3.15,1.933,0.605,79.422607421875,45.53094259706824,118.9295216051396,c7df22478816e44d1e3e5dac3bdd74e5,f0c0c6848cc0e0f0,False,2048x1536
310c27067ac0,2,/kaggle/input/competitions/aptos2019-blindness-detection/train_images/310c27067ac0.png,1050,1050,1.1,0.919,1.0,73.46087646484375,40.0250592294584,110.37255242373794,540b151169abbfbba7de3c5043f422e3,f0f8f8f8f8f0e0f0,False,1050x1050
312694ea8e6a,4,/kaggle/input/competitions/aptos2019-blindness-detection/train_images/312694ea8e6a.png,2416,1736,4.19,2.367,0.934,60.521820068359375,22.039164551515046,60.96562049444765,821702ad2398f79af47ab391b590ab6c,d4f0f0aeeaf8fefc,False,2416x1736
3128eb593012,2,/kaggle/input/competitions/aptos2019-blindness-detection/train_images/3128eb593012.png,2588,1958,5.07,5.007,1.0,44.19203186035156,21.063331032148817,32.77351447567344,1ab9306c7702f8d2cdcd821c58f72010,fcfefbffff9ffefe,False,2588x1958
3132556f5352,0,/kaggle/input/competitions/aptos2019-blindness-detection/train_images/3132556f5352.png,1050,1050,1.1,0.925,1.0,72.44306945800781,38.3705494623454,137.2832993119955,e151edbaf046df8c4f6fecc62fcc9531,f0fcfccfeefcdcf0,False,1050x1050
31360e44ac64,0,/kaggle/input/competitions/aptos2019-blindness-detection/train_images/31360e44ac64.png,2588,1958,5.07,5.165,1.0,44.15333557128906,19.738474950054897,25.31301173195243,41cc387e2c056fa4c68d8c0c89cf7fed,f8fcf4fcdcf8f8f8,True,2588x1958
31452ad8808c,2,/kaggle/input/competitions/aptos2019-blindness-detection/train_images/31452ad8808c.png,1844,1226,2.26,0.915,0.816,63.829437255859375,27.697016390652283,64.41003194078803,d2438be9553fff9cce252b4ebf349d13,c4e2f0c8cc8c8cc8,False,1844x1226
314862758acf,2,/kaggle/input/competitions/aptos2019-blindness-detection/train_images/314862758acf.png,2416,1736,4.19,1.608,0.935,91.28775024414062,33.22456100458496,144.91845013923012,d67def12302ac6628d2b6180cd16044f,f8f8f86e7edc9ecc,False,2416x1736
315c1a0d87fd,0,/kaggle/input/competitions/aptos2019-blindness-detection/train_images/315c1a0d87fd.png,1050,1050,1.1,0.949,1.0,83.78446960449219,45.00535019891015,173.45345100667328,3f9175bd65972ab17d82defcbfa43ff7,f0f0e0c0c4c0e0f0,False,1050x1050
31616ff6b53b,3,/kaggle/input/competitions/aptos2019-blindness-detection/train_images/31616ff6b53b.png,2416,1736,4.19,1.991,0.934,76.62776184082031,31.67292098140084,165.99535685195588,d3ba1752abb5ddc934291c290ad0f4d2,fee6f5e9fd9dbede,False,2416x1736
3178559fbf57,0,/kaggle/input/competitions/aptos2019-blindness-detection/train_images/3178559fbf57.png,1050,1050,1.1,0.908,1.0,91.82350158691406,47.45263067783178,183.1438426375389,f23d293c380aedc29e50daeea6ba8f45,f0fcbe8eeedefcf0,False,1050x1050
318eb706a134,0,/kaggle/input/competitions/aptos2019-blindness-detection/train_images/318eb706a134.png,2048,1536,3.15,1.898,0.605,76.23199462890625,43.15171747136476,170.3700502438005,0c38aa960c3a10683df320992c96b0e1,f09e9c1c1cfcfcf0,False,2048x1536
31b5d6fb0256,2,/kaggle/input/competitions/aptos2019-blindness-detection/train_images/31b5d6fb0256.png,2416,1736,4.19,2.534,0.934,52.65946960449219,23.83938366930556,71.302917804569,3ae44eaccfe7470a21323fc26ded4060,f0f0e4dce8f0c0c0,False,2416x1736
31cb39681f6a,1,/kaggle/input/competitions/aptos2019-blindness-detection/train_images/31cb39681f6a.png,1844,1226,2.26,0.791,0.816,77.27935791015625,35.898745985179254,66.50746052502654,2dfca52767ea503a3f295ca2740ea593,dc98fcfeeefedecc,False,1844x1226
3206171db5be,4,/kaggle/input/competitions/aptos2019-blindness-detection/train_images/3206171db5be.png,4288,2848,12.21,5.119,0.815,80.10163879394531,31.311203246288223,179.62795565929264,fd5fe39a7ed4bada38ee88075cadb25e,f0f86e6e78ba9ecc,False,4288x2848
3218a6d8eb2c,3,/kaggle/input/competitions/aptos2019-blindness-detection/train_images/3218a6d8eb2c.png,3388,2588,8.77,3.811,0.873,57.098968505859375,24.244289108075364,68.77154704555869,3b4103be2346113ad526669a5a80ad17,c090e0cee8e0d0e8,False,3388x2588
3232b34cbe99,0,/kaggle/input/competitions/aptos2019-blindness-detection/train_images/3232b34cbe99.png,1050,1050,1.1,1.02,1.0,87.02664184570312,46.93046157153716,150.781654920429,8efb2c0c8526f6f2800fc9ca914b3566,f0e0c0c0c4c0e0f0,False,1050x1050
3246f07e65b4,2,/kaggle/input/competitions/aptos2019-blindness-detection/train_images/3246f07e65b4.png,1844,1226,2.26,0.955,0.816,104.88673400878906,46.544569781158,230.02279341197573,4d9c87e379e1b6d86d4742f5884a080f,ceceb313938b8edc,False,1844x1226
3254e48c8aa0,0,/kaggle/input/competitions/aptos2019-blindness-detection/train_images/3254e48c8aa0.png,1050,1050,1.1,0.993,1.0,84.68165588378906,45.56054304639985,131.70598369743675,66479b47ace918233e903b3cce32b4fd,f0f0f8dc9cdcf8f0,False,1050x1050
3286073a976e,0,/kaggle/input/competitions/aptos2019-blindness-detection/train_images/3286073a976e.png,819,614,0.5,0.34,0.931,49.78486633300781,26.670448113751938,43.23426428064704,1c6376ec129d3ec08902ee62065a9bec,f8dcdc94b4d8e0e0,False,819x614
328d141ed3aa,0,/kaggle/input/competitions/aptos2019-blindness-detection/train_images/328d141ed3aa.png,1050,1050,1.1,1.039,1.0,81.88188171386719,44.60310346237977,161.89398886612616,fb7941faf84345e296816440c3b142fa,f0e0c0c004c0e0f0,False,1050x1050
32a3eb37ff40,2,/kaggle/input/competitions/aptos2019-blindness-detection/train_images/32a3eb37ff40.png,2416,1736,4.19,2.264,0.935,86.74021911621094,31.9199973995173,125.2880517905578,9e94cf896df0285cc2bb3d98456225f0,f8b8f8ecccdc9ccc,False,2416x1736
32d7d360d891,0,/kaggle/input/competitions/aptos2019-blindness-detection/train_images/32d7d360d891.png,1050,1050,1.1,0.894,1.0,82.93013000488281,44.17354397929397,183.99962539388798,c3392147351d83e149425b04f736ff97,f0f8fcdcf8f0c4f0,False,1050x1050
32ed318235b8,0,/kaggle/input/competitions/aptos2019-blindness-detection/train_images/32ed318235b8.png,1050,1050,1.1,0.951,1.0,81.22076416015625,45.051336884493466,125.66319940984249,cacb8ac418f768f45bb264d867f1147f,f0f0e0e2e2e0f0f0,False,1050x1050
33105f9b3a04,1,/kaggle/input/competitions/aptos2019-blindness-detection/train_images/33105f9b3a04.png,2416,1736,4.19,2.134,0.934,61.8214111328125,23.049840181305036,79.12579161580652,5b3181be8aeefac80b1a03526a2c914a,f8f0e061718286c4,False,2416x1736
331121c65e88,0,/kaggle/input/competitions/aptos2019-blindness-detection/train_images/331121c65e88.png,2048,1536,3.15,1.915,0.604,68.96662902832031,42.93182398034838,85.32279306626879,d10a7ee17d00c2843bd672d8892eb1e8,f0eceefedefefcf0,False,2048x1536
331b87d1b9d1,2,/kaggle/input/competitions/aptos2019-blindness-detection/train_images/331b87d1b9d1.png,2416,1736,4.19,1.884,0.934,98.32859802246094,34.311865104337706,133.62137019261718,241f22845794174f2c680fd8084e1b7e,f8f0f874eefebccc,False,2416x1736
3323fd59782e,0,/kaggle/input/competitions/aptos2019-blindness-detection/train_images/3323fd59782e.png,1050,1050,1.1,0.97,1.0,82.17343139648438,43.51942707714543,130.00701104453765,132fa6481fdf637d736028b0f4d019c7,f0f0e0e2e0f0e0f0,False,1050x1050
3325b1fe55d2,0,/kaggle/input/competitions/aptos2019-blindness-detection/train_images/3325b1fe55d2.png,1050,1050,1.1,0.918,1.0,85.15951538085938,45.247169098575284,136.1519104084,607b5677676e983091a7cc86f2bfae8a,f0e0c0c0c0e0f0f0,False,1050x1050
33596a635b53,0,/kaggle/input/competitions/aptos2019-blindness-detection/train_images/33596a635b53.png,2048,1536,3.15,1.941,0.604,81.66221618652344,48.6999037535609,178.99927284941077,ed56b1eb1ffc39a470cbd787bfbf8a03,f0f8fcfcdcfefef0,False,2048x1536
33778d136069,3,/kaggle/input/competitions/aptos2019-blindness-detection/train_images/33778d136069.png,1476,1117,1.65,1.533,1.0,83.08140563964844,35.30978165977653,83.0995311436709,d73e458c31d92ee7cdc55490766ea493,f0f8f8fcfeeefcf8,False,1476x1117
338326891d84,0,/kaggle/input/competitions/aptos2019-blindness-detection/train_images/338326891d84.png,2048,1536,3.15,1.839,0.604,64.74078369140625,41.411294731261684,126.6440522314515,4bf24de537886ac8a11fa1c666784dc8,f0f8fcfefefefcf8,False,2048x1536
33b893e18eb3,1,/kaggle/input/competitions/aptos2019-blindness-detection/train_images/33b893e18eb3.png,2416,1736,4.19,2.033,0.934,87.69856262207031,33.760285818824315,162.43522012024187,f55d2ee110e025fdecae5b7a1d036a3c,c2808040008086cc,False,2416x1736
33b91def2035,0,/kaggle/input/competitions/aptos2019-blindness-detection/train_images/33b91def2035.png,819,614,0.5,0.306,0.61,77.587158203125,44.961888115823335,170.6315907908138,ca11fc345d49e61a9126f98cd7a091e2,f0c6a0c1c0e0f0f0,False,819x614
33b978734eab,0,/kaggle/input/competitions/aptos2019-blindness-detection/train_images/33b978734eab.png,2048,1536,3.15,1.828,0.602,39.47398376464844,24.3180216087193,48.193319148384035,ff6ee7ffaa98e305b0bd84e7c4fbf1c3,e0888c6e6ebcb8f0,True,2048x1536
33d72035c27a,0,/kaggle/input/competitions/aptos2019-blindness-detection/train_images/33d72035c27a.png,2048,1536,3.15,1.924,0.605,91.2313232421875,52.83095108352352,311.32134479191154,c34cab722c331f0d8b6d1628c7943e5a,f0c6860d1988ccf0,False,2048x1536
33e7bf536fc5,0,/kaggle/input/competitions/aptos2019-blindness-detection/train_images/33e7bf536fc5.png,2588,1958,5.07,5.229,1.0,60.386566162109375,26.336126013504472,34.34898017346859,954224d8271065a91da08745bab62af1,f0e0c0c08888a0d0,False,2588x1958
33e8e26a75d4,2,/kaggle/input/competitions/aptos2019-blindness-detection/train_images/33e8e26a75d4.png,2416,1736,4.19,2.222,0.934,86.05133056640625,31.418943069128783,126.10738377925009,da95fdeb2d4e0b75dee59e42df3cc332,c6e0e0c0918880c0,False,2416x1736
33ffddea8c6e,1,/kaggle/input/competitions/aptos2019-blindness-detection/train_images/33ffddea8c6e.png,1050,1050,1.1,1.086,1.0,78.05400085449219,44.698838960213635,113.01245670183562,c9eb325f48abe6bbaef76686481a2a9f,f0f0f8fcdcf8f0f0,False,1050x1050
3402124408ea,2,/kaggle/input/competitions/aptos2019-blindness-detection/train_images/3402124408ea.png,2416,1736,4.19,2.562,0.934,96.90623474121094,34.526355973115656,188.09738376713358,f2d402cc7a3153204d59232c1b8d8fda,d0d8fc6e6ebe9ecc,False,2416x1736
3428230bf1bd,2,/kaggle/input/competitions/aptos2019-blindness-detection/train_images/3428230bf1bd.png,2416,1736,4.19,2.084,0.935,78.27049255371094,27.315502702757705,101.5830212959554,23dde598461b1e629ea270a78c70c94b,c4e0f0c0e0d092c4,False,2416x1736
342edf9b889d,0,/kaggle/input/competitions/aptos2019-blindness-detection/train_images/342edf9b889d.png,819,614,0.5,0.321,0.606,64.05870056152344,37.35235362345792,112.88169960281812,1b2c9cb5a1e620cd8140752a9887857e,f098b87e6efef8f0,False,819x614
3435fd8675a2,3,/kaggle/input/competitions/aptos2019-blindness-detection/train_images/3435fd8675a2.png,1476,1117,1.65,1.617,1.0,78.77487182617188,29.045874376267474,83.61275854613632,9425d59a8cf9005d4f81587e6eebb23f,f0e0c0c4e0e0f0f0,False,1476x1117
345b1f0abbba,0,/kaggle/input/competitions/aptos2019-blindness-detection/train_images/345b1f0abbba.png,2588,1958,5.07,5.44,1.0,69.6322021484375,36.15233142570232,59.69243409088813,6779b90ea677756b326815fcb9f98fd1,e0e0c0c084c0c0e0,False,2588x1958
3461dc601cc2,1,/kaggle/input/competitions/aptos2019-blindness-detection/train_images/3461dc601cc2.png,2588,1958,5.07,3.438,1.0,83.56207275390625,34.25508280174597,55.829875752096996,d93d96fbfdd9ca3871126f87071c576f,fcfcfc9cfcfefefe,False,2588x1958
34723fae6475,2,/kaggle/input/competitions/aptos2019-blindness-detection/train_images/34723fae6475.png,2416,1736,4.19,2.16,0.934,68.95152282714844,27.26208199917117,82.30533502902836,3096f4a6706ff9f1a177226f9375d0a3,d0f0f0e0c0c4c4c0,False,2416x1736
348598d01e18,0,/kaggle/input/competitions/aptos2019-blindness-detection/train_images/348598d01e18.png,1050,1050,1.1,0.992,1.0,76.52674865722656,43.082365613927806,149.56865568622015,ad04de0e4c3e3169f55d64073596efc0,f0e2c0c0c0e0e0f0,False,1050x1050
3486f7096276,0,/kaggle/input/competitions/aptos2019-blindness-detection/train_images/3486f7096276.png,2588,1958,5.07,5.416,1.0,83.17771911621094,42.747080404149465,63.122163984691724,979d947ac97b3a8b886d9a064f955ef4,fcfef75777fefefc,False,2588x1958
349f3c0ac83e,2,/kaggle/input/competitions/aptos2019-blindness-detection/train_images/349f3c0ac83e.png,2588,1958,5.07,5.047,1.0,44.20960998535156,15.999667921259002,22.322501085465774,a357cd023fb853caad831c320da42987,e0e0c0d6c8f0f0f0,True,2588x1958
34a7dbd3f05c,0,/kaggle/input/competitions/aptos2019-blindness-detection/train_images/34a7dbd3f05c.png,2048,1536,3.15,1.913,0.605,81.54878234863281,46.9908935235316,108.31788931577466,e3323c85696db020252e3d619c3d1ad7,f0f0e0d0c2c4e0f0,False,2048x1536
34acae864963,0,/kaggle/input/competitions/aptos2019-blindness-detection/train_images/34acae864963.png,2048,1536,3.15,1.928,0.605,79.20909118652344,45.42698190021258,185.2936218827963,02113c056ff854e6a27b7cbdf25d849a,f0fefcfedefef8f0,False,2048x1536
351e842842a2,0,/kaggle/input/competitions/aptos2019-blindness-detection/train_images/351e842842a2.png,2588,1958,5.07,5.29,1.0,40.81672668457031,21.45066521036228,39.05074058379978,b7da0ce2d538f68f98c404c3698b1b1b,f8fcfefeeefefcf8,True,2588x1958
352e4a939242,3,/kaggle/input/competitions/aptos2019-blindness-detection/train_images/352e4a939242.png,2588,1958,5.07,5.683,1.0,81.17362976074219,47.991838916466975,181.45753155648708,8510ce1155188960f4b6c4031fb8ef4d,f0f8fefefcf8f8f0,False,2588x1958
35362d43e753,0,/kaggle/input/competitions/aptos2019-blindness-detection/train_images/35362d43e753.png,1050,1050,1.1,0.784,1.0,103.3077392578125,53.80525887389356,177.55386629677378,13055ecbf8f9c92c0fdb12c635227d00,f0f0f8fcfcfcf8f0,False,1050x1050
354b8911d6ed,2,/kaggle/input/competitions/aptos2019-blindness-detection/train_images/354b8911d6ed.png,3388,2588,8.77,6.982,0.872,79.45932006835938,31.634241627333523,154.79931092169136,5848b263f8fccf08b1c9027e469e239f,c0e0e0e263828ec4,False,3388x2588
356304d15a5c,0,/kaggle/input/competitions/aptos2019-blindness-detection/train_images/356304d15a5c.png,1050,1050,1.1,0.959,1.0,59.77752685546875,32.43777573697775,80.54673186666332,a70862695e898e68fab82765f4aec05f,f0f0f8fcdcf8f0f0,False,1050x1050
35777eb7859d,0,/kaggle/input/competitions/aptos2019-blindness-detection/train_images/35777eb7859d.png,2588,1958,5.07,5.5,1.0,77.08045959472656,32.11289440883812,58.44727773941122,bfd4d5a207229b18d706f3b0430eb7f3,e4e0888cccf8f0f8,False,2588x1958
357f02a779d7,0,/kaggle/input/competitions/aptos2019-blindness-detection/train_images/357f02a779d7.png,1050,1050,1.1,0.956,1.0,83.0260009765625,43.82776704648834,127.36306553985924,776549afc900aab30a81628c166a9fc1,f0e0c0c4e0e0f0f0,False,1050x1050
3580a545016d,0,/kaggle/input/competitions/aptos2019-blindness-detection/train_images/3580a545016d.png,1050,1050,1.1,1.08,1.0,58.47990417480469,32.327362133271876,97.40122233494185,f0528ffcfe788892839e9ff133341425,f0e0c0c0c4c0e0f0,False,1050x1050
358d2224de73,1,/kaggle/input/competitions/aptos2019-blindness-detection/train_images/358d2224de73.png,3388,2588,8.77,3.643,0.865,68.19770812988281,28.58003035348494,89.46269448637031,1d9c581aeb709ff78b548db92a36e5ab,c4f0f0c0c0e4a0c4,False,3388x2588
3599029efeb3,0,/kaggle/input/competitions/aptos2019-blindness-detection/train_images/3599029efeb3.png,2588,1958,5.07,5.255,1.0,48.050872802734375,21.597726684636743,44.68067932128906,6d428af207ab81ca9952093dc1c64f58,f0f0f8fcccccf8f0,False,2588x1958
359bab5d784b,0,/kaggle/input/competitions/aptos2019-blindness-detection/train_images/359bab5d784b.png,1050,1050,1.1,0.933,1.0,71.41064453125,38.86017264240433,108.64799635019153,c17ca6d576b10ae6de8ae480a12f9cfa,f0f8fcfedefcfcf0,False,1050x1050
35aa7f5c2ec0,1,/kaggle/input/competitions/aptos2019-blindness-detection/train_images/35aa7f5c2ec0.png,2416,1736,4.19,1.958,0.934,68.37464904785156,26.534829407031804,62.163891818374395,6b85fba99dee00867ca00d47f8676d5d,fcf0f0e0e08888cc,False,2416x1736
35ac70c0d08f,0,/kaggle/input/competitions/aptos2019-blindness-detection/train_images/35ac70c0d08f.png,1050,1050,1.1,1.076,1.0,72.04879760742188,39.428848104976474,125.41906612273306,205876a090836d49cd6a9b5b5677d963,f0f8fcfcdcfcf8f0,False,1050x1050
35beb47fe159,0,/kaggle/input/competitions/aptos2019-blindness-detection/train_images/35beb47fe159.png,1050,1050,1.1,1.023,1.0,71.82504272460938,38.90890348080682,129.41341250762343,3993d7159507d8bc4c507c0dc49cea3e,f0faf0e1c0c2e0f0,False,1050x1050
35cd9832fc0a,0,/kaggle/input/competitions/aptos2019-blindness-detection/train_images/35cd9832fc0a.png,1050,1050,1.1,1.037,1.0,81.34877014160156,43.905089432377714,161.52735999948345,5ddac7b47f3e1c6c10377fc51d90f127,f0e0c0808880c0e0,False,1050x1050
35d6c4c50072,1,/kaggle/input/competitions/aptos2019-blindness-detection/train_images/35d6c4c50072.png,2416,1736,4.19,2.032,0.934,71.02027893066406,26.538438679751234,108.92631833045743,38b838ef4d93ecc7ef0474c61eb13c76,c288943c38b8bcdc,False,2416x1736
35df2bc6ae95,0,/kaggle/input/competitions/aptos2019-blindness-detection/train_images/35df2bc6ae95.png,1050,1050,1.1,0.98,1.0,77.12074279785156,40.74268215675278,126.67829315271229,0ed2250a4cb8f41f1c97cb543f5350f4,f0c0c0c4c0e0f0f0,False,1050x1050
3601dac9bed7,0,/kaggle/input/competitions/aptos2019-blindness-detection/train_images/3601dac9bed7.png,2588,1958,5.07,5.52,1.0,56.18037414550781,21.437416293492177,55.94078521966003,ec7ada75fd0c55b302bc1d016dbf576e,f0f8c4424ac0a0c0,False,2588x1958
36041171f441,1,/kaggle/input/competitions/aptos2019-blindness-detection/train_images/36041171f441.png,2416,1736,4.19,2.11,0.934,102.21224975585938,36.067840573357344,178.81245027272962,73596fbf13ee7fb3fef8a6be6cea049f,eaf0e08988c086e4,False,2416x1736
360832d84ce0,0,/kaggle/input/competitions/aptos2019-blindness-detection/train_images/360832d84ce0.png,819,614,0.5,0.292,0.606,55.1729736328125,31.06284758428027,83.40214011236094,548469fecb3d56b060b535c6e92f4df7,f0dace8e8c8eccf0,False,819x614
362c4a96cebb,2,/kaggle/input/competitions/aptos2019-blindness-detection/train_images/362c4a96cebb.png,4288,2848,12.21,5.674,0.811,71.37141418457031,30.684798524081284,110.08197662141174,8901abed5e74c1fb63f72690f53319fd,f0e0e040c0c686cc,False,4288x2848
365f8c01d994,1,/kaggle/input/competitions/aptos2019-blindness-detection/train_images/365f8c01d994.png,1050,1050,1.1,0.823,1.0,83.12983703613281,43.830685958883585,127.74687903746963,4ecf1a2023314b86d6dbd4488c629cc2,f0f8f8fcdcbcd0f0,False,1050x1050
36677b70b1ef,1,/kaggle/input/competitions/aptos2019-blindness-detection/train_images/36677b70b1ef.png,2416,1736,4.19,2.215,0.935,94.10220336914062,33.532524931765295,132.20352392550558,4c301ac57f6743f7dcfb3e6f0eb28282,d0b0a0aca09090d0,False,2416x1736
367c7049929c,2,/kaggle/input/competitions/aptos2019-blindness-detection/train_images/367c7049929c.png,1050,1050,1.1,0.979,1.0,75.66329956054688,40.87536179839892,116.64046263601631,1329ab492ab68ef2e9b571f838a57215,f0f8f8fcdcfcf8f0,False,1050x1050
36865bbc64d6,3,/kaggle/input/competitions/aptos2019-blindness-detection/train_images/36865bbc64d6.png,2896,1944,5.63,2.09,0.636,55.277862548828125,24.399648908680007,77.70550158224069,658b62ef301cd194dbb932cec988ea4f,e0c0e08888888ccc,False,2896x1944
369229040a34,0,/kaggle/input/competitions/aptos2019-blindness-detection/train_images/369229040a34.png,1050,1050,1.1,0.942,1.0,84.10951232910156,44.532393939188225,127.12663976266049,025f8466960455a3f6ed179f209996de,f0e0e0c0c4c0e0f0,False,1050x1050
3694e8c8e09a,0,/kaggle/input/competitions/aptos2019-blindness-detection/train_images/3694e8c8e09a.png,2588,1958,5.07,5.407,1.0,58.14251708984375,23.389554765558398,35.02092691883445,bca2ef776982c414e16100b5f6537636,f0e0e0c08084c0e0,False,2588x1958
36a1e3c780a0,2,/kaggle/input/competitions/aptos2019-blindness-detection/train_images/36a1e3c780a0.png,2416,1736,4.19,2.197,0.934,68.43002319335938,27.064112826768365,126.34126330143772,a286a22ab2adb59094fe40782ac07289,f2f0e0e1c1c582c6,False,2416x1736
36b5b3c9fb32,3,/kaggle/input/competitions/aptos2019-blindness-detection/train_images/36b5b3c9fb32.png,2588,1958,5.07,5.622,1.0,83.68426513671875,34.80269416250364,81.05691242380999,fb008060f4aba6d9cab929366ac1744a,e0f0f0f0f0e4cecc,False,2588x1958
36e4b704b905,0,/kaggle/input/competitions/aptos2019-blindness-detection/train_images/36e4b704b905.png,819,614,0.5,0.355,0.931,42.637176513671875,24.751720263302282,34.190708628855646,42523886819062f6c02f7a94bec4df6f,f0fc9c9c9c9ce8f0,True,819x614
36ec36c301c1,2,/kaggle/input/competitions/aptos2019-blindness-detection/train_images/36ec36c301c1.png,1504,1000,1.5,1.284,0.838,70.52569580078125,28.135304841856282,105.60480884625576,a91ddc619ae3b19f7343b87fb1a5fc41,88f8f032b6bc9edc,False,1504x1000
370f575adb23,0,/kaggle/input/competitions/aptos2019-blindness-detection/train_images/370f575adb23.png,1050,1050,1.1,1.029,1.0,76.81436157226562,44.45230590243964,123.81773766502738,c1b76657b72730c1746e4c181674f992,f0f0fcfcdcfcf0f0,False,1050x1050
3710ff45299c,0,/kaggle/input/competitions/aptos2019-blindness-detection/train_images/3710ff45299c.png,1050,1050,1.1,1.054,1.0,80.36727905273438,43.54699511548021,149.9315938949585,9651423108c2b70b45c37d6bfb16a0f6,f0e0c0c0c4e0e0f0,False,1050x1050
3730c322d35b,0,/kaggle/input/competitions/aptos2019-blindness-detection/train_images/3730c322d35b.png,1050,1050,1.1,0.997,1.0,84.60990905761719,46.010256133940096,161.77066678460687,6090619d7efdd5a82aa2230e3aca1d81,f0fcfefefdfcfcf8,False,1050x1050
3732de8b416f,0,/kaggle/input/competitions/aptos2019-blindness-detection/train_images/3732de8b416f.png,2588,1958,5.07,5.591,1.0,70.21614074707031,31.528416817070475,68.05655032931827,525d3977a1c994e524175a51f58cbd83,f0f8f8e6e6f4f8f8,False,2588x1958
374535e0adb8,4,/kaggle/input/competitions/aptos2019-blindness-detection/train_images/374535e0adb8.png,4288,2848,12.21,5.971,0.826,77.27314758300781,37.122894614812395,126.80477150436491,3b5f2b4308006f1dd6347a382d05ef39,fef8f97170f0e6c4,False,4288x2848
3748349334f6,2,/kaggle/input/competitions/aptos2019-blindness-detection/train_images/3748349334f6.png,3216,2136,6.87,2.215,0.842,97.04267883300781,35.54997231254177,121.08227172121406,c7bbe984255b10646afa532b6e5e054e,f0f0f0e0888880c0,False,3216x2136
378963f9df22,4,/kaggle/input/competitions/aptos2019-blindness-detection/train_images/378963f9df22.png,1844,1226,2.26,1.169,0.816,72.73594665527344,30.872646364238587,91.20720832701772,7faf48da62ecce42a534000d13c2b3ab,fcfaf8cccccc84c4,False,1844x1226
3796af4d987a,4,/kaggle/input/competitions/aptos2019-blindness-detection/train_images/3796af4d987a.png,2588,1958,5.07,5.191,1.0,55.975555419921875,27.412994588981913,26.01387656084262,785fdb83fbf9f331185dfb64b6bdff78,f8fcfef7fffefcf8,True,2588x1958
37c4dfe03aba,4,/kaggle/input/competitions/aptos2019-blindness-detection/train_images/37c4dfe03aba.png,640,480,0.31,0.383,1.0,103.79061889648438,23.490637962963163,63.91184626496397,11e2a3095adf66d331f0e41a70cb1d05,86b17038787878f8,False,640x480
37c523296d42,0,/kaggle/input/competitions/aptos2019-blindness-detection/train_images/37c523296d42.png,1050,1050,1.1,1.055,1.0,75.21717834472656,40.78501836573019,122.53219408146106,ed42391768657df56764f19830ed3dd6,f0f0f8fcfcfcf4f0,False,1050x1050
37de05ef12a5,2,/kaggle/input/competitions/aptos2019-blindness-detection/train_images/37de05ef12a5.png,3216,2136,6.87,2.791,0.843,83.11009216308594,32.90241231336798,94.22007665946148,f3aa6fab19230a818e8e0427f4676a09,c0c0888cf8e0f8f8,False,3216x2136
38055d8b9f08,3,/kaggle/input/competitions/aptos2019-blindness-detection/train_images/38055d8b9f08.png,2416,1736,4.19,2.06,0.935,103.10234069824219,37.600974610244776,180.5125258229673,920f175de0465228ee4d01c41251ec48,c692f0b09180cce4,False,2416x1736
3810040096cb,4,/kaggle/input/competitions/aptos2019-blindness-detection/train_images/3810040096cb.png,3216,2136,6.87,3.367,0.842,107.16793823242188,39.17922320103871,168.67686725384556,a4555d9a3f5cd646dce291b5dd03f72f,f8f8f8dcdcf8f8c4,False,3216x2136
3823acc4e464,0,/kaggle/input/competitions/aptos2019-blindness-detection/train_images/3823acc4e464.png,2048,1536,3.15,1.946,0.605,72.56602478027344,39.912537953560474,114.0287314595189,444417cf7b98469b209e1df682fa9d9d,f0c2c0c188cecce0,False,2048x1536
382752f6694a,1,/kaggle/input/competitions/aptos2019-blindness-detection/train_images/382752f6694a.png,2416,1736,4.19,2.173,0.935,90.87397766113281,31.89514676703973,184.1447807007935,946ecfa68cb35fe9f63b1ab6f11902da,c8bab89941c082c4,False,2416x1736
38373431d996,0,/kaggle/input/competitions/aptos2019-blindness-detection/train_images/38373431d996.png,2048,1536,3.15,1.972,0.605,64.31063842773438,37.60040473372942,84.64362712553702,dffd4eb0c2d693602af59ed3e8356cf0,f0fcfceeeefcf8f0,False,2048x1536
383e72af1955,3,/kaggle/input/competitions/aptos2019-blindness-detection/train_images/383e72af1955.png,2416,1736,4.19,2.378,0.934,89.45416259765625,33.78015062759165,194.58679322060198,2c0f64920eaa5416a046020f49222fe8,f6f2f1e0e4cd86ce,False,2416x1736
384631079d1e,1,/kaggle/input/competitions/aptos2019-blindness-detection/train_images/384631079d1e.png,3388,2588,8.77,7.225,0.882,62.94963073730469,28.024202712455903,93.4840591007378,d0f3d6236ad075c5e34e74a890fbbc84,c4c0c0808880c8fc,False,3388x2588
38487e1a5b1f,2,/kaggle/input/competitions/aptos2019-blindness-detection/train_images/38487e1a5b1f.png,1504,1000,1.5,1.25,0.838,84.64837646484375,33.40019211108662,100.48939903243445,4a1e67e016810e9c9ba08c9ae8be1b98,e0c08090d0c0e0fc,False,1504x1000
384db24ebbd7,0,/kaggle/input/competitions/aptos2019-blindness-detection/train_images/384db24ebbd7.png,1050,1050,1.1,0.939,1.0,85.94483947753906,45.1588784639136,135.2302624040749,0207218d37f5d4bbdfc86ddf968a6a56,f0f0fcdcdcfcf4f0,False,1050x1050
384e6c915722,0,/kaggle/input/competitions/aptos2019-blindness-detection/train_images/384e6c915722.png,2588,1958,5.07,5.178,1.0,47.7969970703125,17.89419794469637,26.407597915967926,89c63e9baefb6cee5428472d4e6cf633,f8fcfeeeeef4f8e0,True,2588x1958
387138ddf43d,0,/kaggle/input/competitions/aptos2019-blindness-detection/train_images/387138ddf43d.png,819,614,0.5,0.329,0.931,36.58534240722656,17.39768266699164,28.1369140741881,4cfd74ee6322ea90dcd66d972441c7de,cc868e9696f2ece0,True,819x614
388279491b5d,0,/kaggle/input/competitions/aptos2019-blindness-detection/train_images/388279491b5d.png,2048,1536,3.15,1.933,0.605,81.84974670410156,46.808598062064824,175.83456693193875,cc51d31cc395b7f22c1548b103d3cae1,f0d8fc7cdcfcf8f0,False,2048x1536
388f12e8df0b,2,/kaggle/input/competitions/aptos2019-blindness-detection/train_images/388f12e8df0b.png,3216,2136,6.87,2.431,0.842,94.43646240234375,34.10364877402709,140.03484272863716,f7bf7aed3496149e929204e44609271a,e0f8e088c888c8c8,False,3216x2136
389552047476,0,/kaggle/input/competitions/aptos2019-blindness-detection/train_images/389552047476.png,1050,1050,1.1,0.932,1.0,71.39166259765625,38.21239079631808,115.70900484523736,61e4ef9f3ff09ac7c1e71b2ac32e17b1,f0e0f0e0c4c4e0f0,False,1050x1050
38b9bb961847,1,/kaggle/input/competitions/aptos2019-blindness-detection/train_images/38b9bb961847.png,1050,1050,1.1,0.838,1.0,79.03895568847656,43.062676380809854,103.44637570134364,6cd89ecad8b8b0213c155fd5b800ee5d,f0f8fcfcfcf8c0f0,False,1050x1050
38c7153457e2,0,/kaggle/input/competitions/aptos2019-blindness-detection/train_images/38c7153457e2.png,1050,1050,1.1,1.096,1.0,69.70100402832031,39.218974525848004,113.29711818695068,e4a57680bdf10a4021945f2cc0ea95f5,f0f0f8fc9cfcf0f0,False,1050x1050
38e0e28d35d3,1,/kaggle/input/competitions/aptos2019-blindness-detection/train_images/38e0e28d35d3.png,1050,1050,1.1,0.987,1.0,78.28611755371094,41.79315915319453,120.9547776596155,9a375241eb38f98b3a44aae00e3a73b2,f0e0c0c4c0c0c0f0,False,1050x1050
38e111cac46f,2,/kaggle/input/competitions/aptos2019-blindness-detection/train_images/38e111cac46f.png,3388,2588,8.77,3.88,0.872,58.54539489746094,23.659255270561275,90.38715612119995,aaf333458d8c61b04a90b1ee2fb6a1f3,f8f0f09050f0f0c0,False,3388x2588
38f1901f214a,0,/kaggle/input/competitions/aptos2019-blindness-detection/train_images/38f1901f214a.png,2588,1958,5.07,5.278,1.0,59.85838317871094,25.488481097840086,36.18335622549057,29248b2f0e05d9475d536c42372b2e4a,f8fcfceeeefcf8f0,False,2588x1958
38fe9f854046,2,/kaggle/input/competitions/aptos2019-blindness-detection/train_images/38fe9f854046.png,2144,1424,3.05,2.7,0.843,76.73922729492188,29.010793162385948,124.20602660975419,05f30df45f7e07befe26b995f39cad64,c0f0e0706ecc88c0,False,2144x1424
3908b3cfd620,0,/kaggle/input/competitions/aptos2019-blindness-detection/train_images/3908b3cfd620.png,1050,1050,1.1,1.021,1.0,75.32624816894531,41.20745865942709,123.43165603186935,586d30192cee4be9ac101dc17119aa43,f0f0f8fcdcf8f0f0,False,1050x1050
39134907127a,2,/kaggle/input/competitions/aptos2019-blindness-detection/train_images/39134907127a.png,3216,2136,6.87,3.297,0.842,82.87356567382812,31.27978862573308,113.61663144733757,058c55f356f09a40b362542b1880f1b7,c4c2c8c8c8c0e0e0,False,3216x2136
393fa5a023a5,0,/kaggle/input/competitions/aptos2019-blindness-detection/train_images/393fa5a023a5.png,1050,1050,1.1,0.808,1.0,81.38014221191406,41.764693458785715,120.28137293085456,6aa506038aa9cfe8ed7fc601f4de6c55,f0f0c0c4c6c0e0f0,False,1050x1050
39923b29988a,2,/kaggle/input/competitions/aptos2019-blindness-detection/train_images/39923b29988a.png,1844,1226,2.26,0.994,0.818,87.4232177734375,41.064823475187104,116.51211295183748,3d9796197cbaaf890d96f1531361116a,f8f8fc5c7cba9ccc,False,1844x1226
39aa3cd93c50,3,/kaggle/input/competitions/aptos2019-blindness-detection/train_images/39aa3cd93c50.png,2588,1958,5.07,5.501,1.0,54.85862731933594,24.736498047714353,87.75575923919678,c0d2c0c25db5cfa0b02bc2dcf5deb8bb,f0f0e06af0f0e0e0,False,2588x1958
39b5b05d6cd9,2,/kaggle/input/competitions/aptos2019-blindness-detection/train_images/39b5b05d6cd9.png,2588,1958,5.07,3.225,1.0,56.28205871582031,25.615892276934744,54.108176031848416,8d338c05899849a32a3ac46d7f9e26a2,f0e0f0f0c4e0e0f0,False,2588x1958
39f8935185e6,0,/kaggle/input/competitions/aptos2019-blindness-detection/train_images/39f8935185e6.png,1050,1050,1.1,1.061,1.0,85.15693664550781,46.60740659516459,150.9211776694283,c1cf704131fbf8782b4e2944632b2a6c,f0f0f8fcdcf8f0f0,False,1050x1050
39fd8ef3a45c,0,/kaggle/input/competitions/aptos2019-blindness-detection/train_images/39fd8ef3a45c.png,1050,1050,1.1,0.98,1.0,81.86286926269531,44.392558593928534,129.36518595716916,1cfd112271d7e2eb33fc14a4df72da7e,f0e0e0e0e0f0f8f0,False,1050x1050
3a122851e526,2,/kaggle/input/competitions/aptos2019-blindness-detection/train_images/3a122851e526.png,640,480,0.31,0.348,1.0,95.9412841796875,21.221191287932154,62.40415648277849,b1c3c6737f4c2714dfba0ab8ec78121d,f0f0f0fa9ad8f2b4,False,640x480
3a1d3ce00f0c,2,/kaggle/input/competitions/aptos2019-blindness-detection/train_images/3a1d3ce00f0c.png,3216,2136,6.87,5.798,0.841,42.406341552734375,19.049239402045103,35.205322505673394,acc1c260da1ea686568a6f2917921775,d4f0e0e0e0f0f0fc,True,3216x2136
3a1ecf5e2839,4,/kaggle/input/competitions/aptos2019-blindness-detection/train_images/3a1ecf5e2839.png,2416,1736,4.19,2.033,0.934,74.86402893066406,27.893548888722666,86.74563811696135,290efb4f8c6f31442802ef9915d5c814,f0f0f0e8eefa9ccc,False,2416x1736
3a4cfea0a766,0,/kaggle/input/competitions/aptos2019-blindness-detection/train_images/3a4cfea0a766.png,1050,1050,1.1,0.97,1.0,87.57780456542969,45.97124134101638,141.66656447178684,cfddbf32ab49c31c080b33a2168a4a03,f0fcfefeeeeefcf0,False,1050x1050
3a61e690f4bb,2,/kaggle/input/competitions/aptos2019-blindness-detection/train_images/3a61e690f4bb.png,640,480,0.31,0.342,1.0,92.42735290527344,28.276384608029193,40.11914326902479,c6a9726bb16e7f62c770627cbd687966,8870b8f0fcfc7cfc,False,640x480
3a643599f852,0,/kaggle/input/competitions/aptos2019-blindness-detection/train_images/3a643599f852.png,2048,1536,3.15,1.678,0.602,37.7105712890625,23.433522486781037,31.874672464793548,0d2fa9dca36c568438268668178657fb,f0f8fcbcbcfcf0f0,True,2048x1536
3a6e9730b298,4,/kaggle/input/competitions/aptos2019-blindness-detection/train_images/3a6e9730b298.png,2588,1958,5.07,5.015,1.0,42.87872314453125,26.643646757337788,33.3663564582821,da1d79ba55a20930a8c69caa492d5648,fefefffffffdfefe,True,2588x1958
3aa2b1ce6700,2,/kaggle/input/competitions/aptos2019-blindness-detection/train_images/3aa2b1ce6700.png,2416,1736,4.19,2.608,0.935,84.97479248046875,38.64754528964218,169.5853920110967,33d0fba69155bc9407332834798ad97d,e0e0d080918282c0,False,2416x1736
3abac0961bfd,0,/kaggle/input/competitions/aptos2019-blindness-detection/train_images/3abac0961bfd.png,1050,1050,1.1,0.965,1.0,82.75163269042969,44.04504348725058,127.66395652643405,603f2c695f06220464e1c7a1e247014d,f0e0c0c0c4c0e0f0,False,1050x1050
3ac3fbfca7d4,4,/kaggle/input/competitions/aptos2019-blindness-detection/train_images/3ac3fbfca7d4.png,3216,2136,6.87,2.501,0.843,112.09701538085938,40.9290408975965,187.65750249451958,437618e56c1016f72a572ab0b553dd8f,c2a8f878bcdebedc,False,3216x2136
3ac92ac3d65a,0,/kaggle/input/competitions/aptos2019-blindness-detection/train_images/3ac92ac3d65a.png,2048,1536,3.15,1.801,0.605,89.31062316894531,48.82401570898297,163.49462729482912,a7930de064d614d9f7353d82bd5a263a,f0dcfcdeceeeecf0,False,2048x1536
3af9aaa880e9,0,/kaggle/input/competitions/aptos2019-blindness-detection/train_images/3af9aaa880e9.png,1050,1050,1.1,1.018,1.0,91.27079772949219,49.288312566224405,149.3395605289843,2ca1d8f038da79a064af0dfd0fc0b9d2,f0e0e0c0c4c0e0f0,False,1050x1050
3b018e8b7303,3,/kaggle/input/competitions/aptos2019-blindness-detection/train_images/3b018e8b7303.png,2588,1958,5.07,2.592,1.0,57.92143249511719,25.99534872145604,41.510819505667314,df8b123fa6274567b7d0aec0fa373198,f8f0f0e88088c0e0,False,2588x1958
3b0190bbe615,0,/kaggle/input/competitions/aptos2019-blindness-detection/train_images/3b0190bbe615.png,1050,1050,1.1,1.017,1.0,82.72061157226562,44.89533733769067,145.90640304982662,1d27e8670936aefe16b2c9c5811dc3a0,f0e0e0c0c4c0e0f0,False,1050x1050
3b10191dfd25,0,/kaggle/input/competitions/aptos2019-blindness-detection/train_images/3b10191dfd25.png,819,614,0.5,0.378,0.931,51.7032470703125,29.150500156573806,66.2372577926144,86d717f37bff14d906076d9bb26d704e,c0c0c48492b8d8f0,False,819x614
3b185ac445d0,4,/kaggle/input/competitions/aptos2019-blindness-detection/train_images/3b185ac445d0.png,640,480,0.31,0.355,1.0,88.52992248535156,19.64581995254362,45.338071727892384,1d9c37ffb3c7038a6e46d8ef53a3603c,8010507062622004,False,640x480
3b232b394e4f,4,/kaggle/input/competitions/aptos2019-blindness-detection/train_images/3b232b394e4f.png,2588,1958,5.07,5.976,1.0,122.98515319824219,46.063361366789536,150.95173078752123,e42dc8d366cf56b671a976eb42ff2bdc,f0f8f0eee6e6fcf8,False,2588x1958
3b2b91590590,0,/kaggle/input/competitions/aptos2019-blindness-detection/train_images/3b2b91590590.png,1050,1050,1.1,1.048,1.0,74.31997680664062,39.50392847663828,107.8274782858789,0ccf42d09a2d7cd869355f2ab4fce7b2,f0e0e2e2e6e2f0f0,False,1050x1050
3b4a5fcbe5e0,4,/kaggle/input/competitions/aptos2019-blindness-detection/train_images/3b4a5fcbe5e0.png,1504,1000,1.5,1.374,0.805,46.02772521972656,24.15308216188229,46.83194341417402,8e6abcd4614321a1c334377cf9b78dde,80808090c0c0e0e0,False,1504x1000
3b58b02c89ed,2,/kaggle/input/competitions/aptos2019-blindness-detection/train_images/3b58b02c89ed.png,3216,2136,6.87,3.278,0.842,99.70193481445312,37.23714508771902,151.58154295920394,1b5aa1166b70491fd69945d7678f8f70,e0c0c0c0d0f080c8,False,3216x2136
3b5dffe159b6,0,/kaggle/input/competitions/aptos2019-blindness-detection/train_images/3b5dffe159b6.png,1050,1050,1.1,1.027,1.0,89.6502685546875,48.06623088195505,144.70244722790085,cd5c9630b6f6cc0682b9691305405b56,f0fcdcdcfcf8f0f0,False,1050x1050
3b73a3a4a734,1,/kaggle/input/competitions/aptos2019-blindness-detection/train_images/3b73a3a4a734.png,2416,1736,4.19,2.037,0.934,71.63233947753906,26.901099081087693,113.72504329681396,763f43030d0dd3e5ab1bbcd0b92ab4c7,c4e0e2cec18280c0,False,2416x1736
3b9817a39adf,0,/kaggle/input/competitions/aptos2019-blindness-detection/train_images/3b9817a39adf.png,1050,1050,1.1,0.954,1.0,80.11012268066406,42.10024582247218,131.6766014099121,b0400b1271059bccefbe5808c2fc43d2,f0fcfeceecf8c0f0,False,1050x1050
3b9c1f42c2f2,2,/kaggle/input/competitions/aptos2019-blindness-detection/train_images/3b9c1f42c2f2.png,3216,2136,6.87,2.737,0.842,97.63020324707031,37.124055684870406,123.0735963692423,a23d320545d11cc5f9e801edeb1dec62,f0f0f8f8eeeebccc,False,3216x2136
3bf2deaa5ef0,0,/kaggle/input/competitions/aptos2019-blindness-detection/train_images/3bf2deaa5ef0.png,1050,1050,1.1,1.03,1.0,78.24432373046875,42.48440227629553,119.37060111761093,9fcd6e3dfc24f06572ebbc449ac3b381,f0e0c0c0c4e0e0f0,False,1050x1050
3bf3085ac167,0,/kaggle/input/competitions/aptos2019-blindness-detection/train_images/3bf3085ac167.png,1050,1050,1.1,1.04,1.0,88.884033203125,47.14563744992154,156.78061051270925,70338117cb779139af4e69360b1dde1d,f0e0c0c0c4c0e0f0,False,1050x1050
3c1efa38d0da,2,/kaggle/input/competitions/aptos2019-blindness-detection/train_images/3c1efa38d0da.png,2588,1958,5.07,5.072,1.0,47.13243103027344,22.13473439051895,15.510510740568861,996d65fdb073fe8dbc6fbe4a6277bdea,fcfcd8dcfce0f0f0,True,2588x1958
3c28fd846b43,0,/kaggle/input/competitions/aptos2019-blindness-detection/train_images/3c28fd846b43.png,1050,1050,1.1,0.938,1.0,90.94944763183594,48.21353550719529,155.36589917447418,38239dd1c6bb4b9c0d8e719c688dc765,f0e0c0c2e0e0e0f0,False,1050x1050
3c311c9109b0,2,/kaggle/input/competitions/aptos2019-blindness-detection/train_images/3c311c9109b0.png,2416,1736,4.19,2.258,0.935,70.39846801757812,27.051952086063988,82.28786014020443,653b0f8bc0de3cef927d7ab1a157a2a6,e2f0e0e8cec68ecc,False,2416x1736
3c326543fff6,0,/kaggle/input/competitions/aptos2019-blindness-detection/train_images/3c326543fff6.png,2048,1536,3.15,1.872,0.605,115.38446044921875,65.08044609814002,251.09654581174254,dad781ba5eea1fe5c71ff9884bebf893,f0f4f8fcdcf8f8f0,False,2048x1536
3c42512c81e0,0,/kaggle/input/competitions/aptos2019-blindness-detection/train_images/3c42512c81e0.png,1050,1050,1.1,0.954,1.0,103.00979614257812,55.12530112129389,192.91797754820436,4d74d626ac856b343b5816c0ece23e05,f0f8f8b8bcbcf8f0,False,1050x1050
3c53198519f7,2,/kaggle/input/competitions/aptos2019-blindness-detection/train_images/3c53198519f7.png,2144,1424,3.05,2.634,0.843,75.46609497070312,28.2943266187475,81.09283147659153,621ea25694ed9b66999b2a4ec91fe632,f0f8f8eaeafe9cc0,False,2144x1424
3c726de3ee90,1,/kaggle/input/competitions/aptos2019-blindness-detection/train_images/3c726de3ee90.png,3216,2136,6.87,2.626,0.842,92.18531799316406,33.93417051232539,129.4544365471229,5ad201a2ffc37910540fc0a2324f71b4,e0e08088c8c0c2c4,False,3216x2136
3c72f580d4ba,1,/kaggle/input/competitions/aptos2019-blindness-detection/train_images/3c72f580d4ba.png,1050,1050,1.1,0.858,1.0,76.69874572753906,40.12698755529423,116.2539786992129,3d20d42f93825daf3d83a8dd564d02e0,f0f0f0c0c4e0e0f0,False,1050x1050
3c78bfca247b,4,/kaggle/input/competitions/aptos2019-blindness-detection/train_images/3c78bfca247b.png,3388,2588,8.77,7.224,0.871,81.85328674316406,34.21575426385179,194.14219211041927,b0d54688ecf77c32711f34c40b50a62d,c8b0e0f0909086cc,False,3388x2588
3c9529918097,0,/kaggle/input/competitions/aptos2019-blindness-detection/train_images/3c9529918097.png,1050,1050,1.1,0.981,1.0,83.20579528808594,43.96859547085038,142.80438317894004,2ad5f3d34580afe05c4e19eb94ef9292,f0fcfc9cfcf8f0f0,False,1050x1050
3ca12e02dd4e,0,/kaggle/input/competitions/aptos2019-blindness-detection/train_images/3ca12e02dd4e.png,1050,1050,1.1,1.06,1.0,82.52070617675781,44.34363436454648,147.6006335830316,09698961df8235ccd88d2f3404b9c9bc,f0f8f8dcfcf8f0e0,False,1050x1050
3ca637fddd56,4,/kaggle/input/competitions/aptos2019-blindness-detection/train_images/3ca637fddd56.png,1504,1000,1.5,1.374,0.805,46.02772521972656,24.15308216188229,46.83194341417402,8e6abcd4614321a1c334377cf9b78dde,80808090c0c0e0e0,False,1504x1000
3ca8be3b40d6,0,/kaggle/input/competitions/aptos2019-blindness-detection/train_images/3ca8be3b40d6.png,819,614,0.5,0.289,0.606,65.91473388671875,38.602311473867374,99.08111393242143,ef8a302271e5b657463bc3a2765a1f93,f0fcfef6eefefcf0,False,819x614
3cab32dd6ef9,0,/kaggle/input/competitions/aptos2019-blindness-detection/train_images/3cab32dd6ef9.png,1050,1050,1.1,1.007,1.0,79.62806701660156,42.871393459503636,128.25227938592434,4a4530208e91c4da9679043a86deb41e,f0f0e0c0c4c0e0f0,False,1050x1050
3ccf96c1dd6d,4,/kaggle/input/competitions/aptos2019-blindness-detection/train_images/3ccf96c1dd6d.png,3216,2136,6.87,3.092,0.842,91.87872314453125,34.17072027270683,114.72633474972099,10fc2f844f8d547ba117671babc93732,d8f8f0eaeaf6a6c8,False,3216x2136
3cd801ffdbf0,2,/kaggle/input/competitions/aptos2019-blindness-detection/train_images/3cd801ffdbf0.png,1504,1000,1.5,1.383,0.838,64.30708312988281,26.44832451228254,74.6965122425463,22f5076c4ee1788e4e80c44b3d459e93,98f0f0f2f2ccd0f0,False,1504x1000
3cd9713c0ecb,0,/kaggle/input/competitions/aptos2019-blindness-detection/train_images/3cd9713c0ecb.png,1050,1050,1.1,0.965,1.0,88.54495239257812,47.29062025855288,149.84158348455094,b1a2c409d4139092b9fb7bd91250b530,f0e0c0c4c0e0f0f0,False,1050x1050
3cdda8b3df19,2,/kaggle/input/competitions/aptos2019-blindness-detection/train_images/3cdda8b3df19.png,2416,1736,4.19,2.09,0.934,68.96452331542969,25.92935045772907,71.18707375135273,d6bc67dfce7c3b687092a720525db71c,f0e0c0c4c0e082c8,False,2416x1736
3cdef7c591cc,0,/kaggle/input/competitions/aptos2019-blindness-detection/train_images/3cdef7c591cc.png,819,614,0.5,0.285,0.606,74.64109802246094,40.718632195248944,116.00093614100479,e5c7fe8a6dd491c8918a653f4141b4ec,f0dcde9cfcf8e0f0,False,819x614
3ce2f8a77a32,0,/kaggle/input/competitions/aptos2019-blindness-detection/train_images/3ce2f8a77a32.png,2048,1536,3.15,1.647,0.605,60.68821716308594,35.25208992492375,75.91110130934976,a47802756b8526789d0cc05e848e58bf,f0f8fceecefefcf0,False,2048x1536
3d2ecffe0386,0,/kaggle/input/competitions/aptos2019-blindness-detection/train_images/3d2ecffe0386.png,819,614,0.5,0.284,0.61,79.29002380371094,44.19620990600422,166.43198959436268,4aef6b0e745ae446a1ab4d76d727ecf6,f09cbe3e6efcfcf0,False,819x614
3d3e288d490e,2,/kaggle/input/competitions/aptos2019-blindness-detection/train_images/3d3e288d490e.png,2896,1944,5.63,2.183,0.638,65.93995666503906,32.276948473058866,184.38860931410454,146859b74a79294cd389204fac2db9c4,c0b0787c383cbecc,False,2896x1944
3d663a6a50a3,2,/kaggle/input/competitions/aptos2019-blindness-detection/train_images/3d663a6a50a3.png,1844,1226,2.26,0.86,0.816,75.91004943847656,34.35007369108551,53.81462275143713,d55da00565be4f0d2fa966ddd8bc6d97,f8f8fceefcf8b8dc,False,1844x1226
3dbc90c7ee7d,1,/kaggle/input/competitions/aptos2019-blindness-detection/train_images/3dbc90c7ee7d.png,2588,1958,5.07,4.717,0.997,70.60603332519531,26.253627322862954,104.39821498747915,49d0ff42f054513b603452831b7c876b,e0e0a0e0f0f0f2f0,False,2588x1958
3dbfbc11e105,2,/kaggle/input/competitions/aptos2019-blindness-detection/train_images/3dbfbc11e105.png,3216,2136,6.87,6.186,0.842,76.35903930664062,31.039543232731365,83.5939691697713,aa0c64b332d5317ae2b0634820d10bb9,f0e0e0c0c888c0c4,False,3216x2136
3ddb86eb530e,2,/kaggle/input/competitions/aptos2019-blindness-detection/train_images/3ddb86eb530e.png,2588,1958,5.07,2.813,1.0,57.92320251464844,25.9951655891359,41.49858823395334,94b52a8f1ebd919f2e54e7b7fdf5f50c,f8f0f0e88088c0e0,False,2588x1958
3de8ad4151e1,1,/kaggle/input/competitions/aptos2019-blindness-detection/train_images/3de8ad4151e1.png,2416,1736,4.19,2.043,0.934,71.08671569824219,28.532877966321564,57.51860139123164,12e9e5a5153a87d7b714821245be0176,f0f0f8fcfcf8b8c0,False,2416x1736
3dec415b188a,0,/kaggle/input/competitions/aptos2019-blindness-detection/train_images/3dec415b188a.png,1050,1050,1.1,1.0,1.0,84.76519775390625,45.11325856523755,145.8251593557652,33fe03bbd46fbfb2589abe6fb3f1189a,f0e0f0eecef4f8f0,False,1050x1050
3dfc50108072,2,/kaggle/input/competitions/aptos2019-blindness-detection/train_images/3dfc50108072.png,2416,1736,4.19,1.667,0.935,120.93698120117188,45.08760727628519,334.28081874153577,21b4c8f81d908c1cb21ff34a4c0a1ece,ccbe36773b1e8ecc,False,2416x1736
3e1f8fecb06f,2,/kaggle/input/competitions/aptos2019-blindness-detection/train_images/3e1f8fecb06f.png,1504,1000,1.5,0.781,0.838,58.64360046386719,27.356832968366803,43.32923947274685,4be64fe19dc9a5c29c345aebf9f796f6,d0f8f8f4fcfcfcf8,False,1504x1000
3e3a3955b9c5,3,/kaggle/input/competitions/aptos2019-blindness-detection/train_images/3e3a3955b9c5.png,2416,1736,4.19,2.099,0.935,82.75628662109375,29.616645352131663,135.62412533699535,b35f08012b36c190a23c2755d893851f,c0a0f0785c9cb4cc,False,2416x1736
3e61703b5ab2,0,/kaggle/input/competitions/aptos2019-blindness-detection/train_images/3e61703b5ab2.png,2048,1536,3.15,1.843,0.602,39.02003479003906,24.888995103155196,53.3325916742906,8cb79d48f15a24de0a01177d87790772,e0829c1c1e9c9cf0,True,2048x1536
3e6bfc4d5c65,2,/kaggle/input/competitions/aptos2019-blindness-detection/train_images/3e6bfc4d5c65.png,2588,1958,5.07,5.299,1.0,64.85340881347656,32.0315664757782,43.21722878678702,2f54ac6b618bcf71d3ca8547e3a6138b,f8fcfefefefefefc,False,2588x1958
3e86335bc2fd,2,/kaggle/input/competitions/aptos2019-blindness-detection/train_images/3e86335bc2fd.png,1504,1000,1.5,1.343,0.838,60.856842041015625,27.273137310148837,47.72434000833891,23990e3cba419d62846f8f90f7c589a2,f0f8fcf4f4f8b0fc,False,1504x1000
3ee17aa12e46,1,/kaggle/input/competitions/aptos2019-blindness-detection/train_images/3ee17aa12e46.png,2416,1736,4.19,2.024,0.934,70.14042663574219,26.292466652994758,80.57248697034083,cacd2dd1504cad913d26f45a61f4e849,f0f0f8786efe8ecc,False,2416x1736
3ee4841936ef,4,/kaggle/input/competitions/aptos2019-blindness-detection/train_images/3ee4841936ef.png,2416,1736,4.19,2.178,0.934,80.70506286621094,30.1198392153348,129.48071667179465,904f4908413390a79e0c6f294f056796,e2808189858686c4,False,2416x1736
3f0d3629d69e,0,/kaggle/input/competitions/aptos2019-blindness-detection/train_images/3f0d3629d69e.png,2048,1536,3.15,1.966,0.605,65.25352478027344,37.93348467688786,101.27303827903233,8444268ce9ab5d7313378cf71c759602,f0c0f07aeefcf8f0,False,2048x1536
3f3de2a6b0f5,2,/kaggle/input/competitions/aptos2019-blindness-detection/train_images/3f3de2a6b0f5.png,2588,1958,5.07,3.153,1.0,67.2879638671875,33.77176841244433,61.219452298246324,a648e67e7c24a43dcfe5898709e6dd91,f0f0f0f8fcfcf8f8,False,2588x1958
3f44d749cd0b,0,/kaggle/input/competitions/aptos2019-blindness-detection/train_images/3f44d749cd0b.png,2416,1736,4.19,1.778,0.935,82.69854736328125,30.45328095440446,117.40949523053132,319b37310cab5383d72f3ecdd6385fd2,f8fcfc6e6ebc9cdc,False,2416x1736
3f47f83217b5,2,/kaggle/input/competitions/aptos2019-blindness-detection/train_images/3f47f83217b5.png,2416,1736,4.19,1.951,0.934,78.42507934570312,29.576534016591975,100.3722272804007,f1cb15c42a6ee4d6b641d6fed1d27e76,f2f0f8feeeceacd8,False,2416x1736
3f49f8d100e9,3,/kaggle/input/competitions/aptos2019-blindness-detection/train_images/3f49f8d100e9.png,2588,1958,5.07,5.281,1.0,47.25736999511719,27.002682005954796,33.80396167538129,cb08127c794641222ffcb85752e2e8e9,f0f8fcfefefefce8,False,2588x1958
3f5b4c2948e8,2,/kaggle/input/competitions/aptos2019-blindness-detection/train_images/3f5b4c2948e8.png,1050,1050,1.1,0.981,1.0,76.63479614257812,41.10007697158557,133.41189524135552,7721ee04aa26f3df9a1a300c50d62160,f0e0c0c0e0e0d0f0,False,1050x1050
3f6bccf21ce8,0,/kaggle/input/competitions/aptos2019-blindness-detection/train_images/3f6bccf21ce8.png,1050,1050,1.1,1.036,1.0,87.47085571289062,47.110126499242085,150.84567791572772,a0621976f567eaeb7f564fda3355c9ee,f0e0c0c0c4c0e0f0,False,1050x1050
3f6c627e2ff2,0,/kaggle/input/competitions/aptos2019-blindness-detection/train_images/3f6c627e2ff2.png,1050,1050,1.1,0.9,1.0,84.91632080078125,44.90276888243303,176.57443703128956,13bb0179548ccdd67a87ef6ba432c603,f0f2f8fc9cf8f0f0,False,1050x1050
3f73c91b7e32,1,/kaggle/input/competitions/aptos2019-blindness-detection/train_images/3f73c91b7e32.png,2416,1736,4.19,2.078,0.935,70.43943786621094,25.48583340403573,111.32080043759197,ed28c974a8b32191d3616d101b3a144c,e2c2a08989c286d4,False,2416x1736
3f752fcccec0,4,/kaggle/input/competitions/aptos2019-blindness-detection/train_images/3f752fcccec0.png,2416,1736,4.19,2.343,0.934,70.13018798828125,26.276538980519078,111.17624921258539,ccf82490d340f969e69dafda99da3467,f0f8fccedcbc8acc,False,2416x1736
3f82631e9080,0,/kaggle/input/competitions/aptos2019-blindness-detection/train_images/3f82631e9080.png,2048,1536,3.15,1.926,0.605,80.12532043457031,44.23728040108022,161.82486524805427,7c0e15f03406279b12c43b6d7c46c386,f0e2828584c0e0f0,False,2048x1536
3f8d5c940ba4,2,/kaggle/input/competitions/aptos2019-blindness-detection/train_images/3f8d5c940ba4.png,3388,2588,8.77,7.318,0.869,87.63072204589844,36.77386656761366,207.94369030348025,7ca5f863229fa6dd6b716547b8dad9dd,d0f8f0e0f0f296cc,False,3388x2588
3f98be586fe3,0,/kaggle/input/competitions/aptos2019-blindness-detection/train_images/3f98be586fe3.png,1050,1050,1.1,0.87,1.0,80.51600646972656,42.88158011863207,123.02476258482784,b153262e459d34fe7183b3ee7b75b592,f0e0c0c0c4c0e0f0,False,1050x1050
3fa4f4d77177,3,/kaggle/input/competitions/aptos2019-blindness-detection/train_images/3fa4f4d77177.png,2416,1736,4.19,2.093,0.934,70.72642517089844,26.527915812127855,71.59653096622787,57fa79d606698d6e6b36a4049106d9dc,e0f0f0f0fcdcf0c0,False,2416x1736
3fc219927a97,2,/kaggle/input/competitions/aptos2019-blindness-detection/train_images/3fc219927a97.png,2416,1736,4.19,2.585,0.934,64.06504821777344,25.391420570302824,113.37985223531723,8bc786218a8a8768e6b1fe4c285e1867,f6f2f1e2caf0f0d0,False,2416x1736
3fd45879afe6,0,/kaggle/input/competitions/aptos2019-blindness-detection/train_images/3fd45879afe6.png,1050,1050,1.1,0.884,1.0,92.7784423828125,49.8303706731295,140.4644658730831,5a6a00ba1c82128c3dd63dd8e9ac520d,f0f4fcfcfcf8f0f0,False,1050x1050
3fd7df6099e3,2,/kaggle/input/competitions/aptos2019-blindness-detection/train_images/3fd7df6099e3.png,2144,1424,3.05,2.781,0.841,53.00213623046875,23.502258744444465,52.28218822530471,41c7dd89e5657c1808c2aa87ee3310cd,cefcfceedff6fefc,False,2144x1424
3fe282197c1c,0,/kaggle/input/competitions/aptos2019-blindness-detection/train_images/3fe282197c1c.png,2048,1536,3.15,1.944,0.605,75.02565002441406,41.792986070961895,182.65691567002796,d2b0cf56d6c50a73eeac79b8f5089765,f08e866767a88cf0,False,2048x1536
3ffa14d60b24,2,/kaggle/input/competitions/aptos2019-blindness-detection/train_images/3ffa14d60b24.png,3216,2136,6.87,2.397,0.842,98.57720947265625,36.28268859693741,120.81258174404502,081b51bdd8a61be667c3071076790226,d0e0c0c0e0e0a0c4,False,3216x2136
40140a925c43,2,/kaggle/input/competitions/aptos2019-blindness-detection/train_images/40140a925c43.png,2416,1736,4.19,2.09,0.935,105.555419921875,38.09462855861674,205.93501084670424,12b145c259f5c425d6571bc5ae894262,d0b0d0d4c48086c4,False,2416x1736
401fdfd0db07,0,/kaggle/input/competitions/aptos2019-blindness-detection/train_images/401fdfd0db07.png,1050,1050,1.1,1.027,1.0,84.12318420410156,44.85860635163602,201.12890243530273,926867c3cca8577a880dc736badf4798,f0c2a08088c0c0f0,False,1050x1050
4029d70e9d8a,1,/kaggle/input/competitions/aptos2019-blindness-detection/train_images/4029d70e9d8a.png,4288,2848,12.21,4.6,0.81,60.37103271484375,26.82171713402191,90.66079900576733,4ff962b0d4ea400049e9095680a421b0,80a06041c0c080c4,False,4288x2848
4036471a1bb7,0,/kaggle/input/competitions/aptos2019-blindness-detection/train_images/4036471a1bb7.png,2048,1536,3.15,1.88,0.604,44.05271911621094,24.20542440086997,56.04271851456724,f51522dbf061759d0187f17da3571347,e08080169eceecf0,False,2048x1536
404ede327e98,0,/kaggle/input/competitions/aptos2019-blindness-detection/train_images/404ede327e98.png,819,614,0.5,0.306,0.61,71.74200439453125,42.03868534125067,166.82799642439932,a6f1b4ff09d986185221e2fa4b9c03b4,f0c280808080c0f0,False,819x614
405085b53d7b,0,/kaggle/input/competitions/aptos2019-blindness-detection/train_images/405085b53d7b.png,1050,1050,1.1,1.05,1.0,87.03195190429688,46.25870363442041,154.998748883605,8d030bfe5e4d8f7606453ccb8ef67f17,f0c0c08088c0e0f0,False,1050x1050
40527a5e95dd,2,/kaggle/input/competitions/aptos2019-blindness-detection/train_images/40527a5e95dd.png,2416,1736,4.19,2.042,0.934,72.07389831542969,27.620649068791984,120.21489330730401,79bbbb01cfc876fd4cf157ac808f8e0d,fef2e3e1a18e8ec4,False,2416x1736
405b4f78658f,3,/kaggle/input/competitions/aptos2019-blindness-detection/train_images/405b4f78658f.png,2146,1764,3.79,1.904,0.945,57.935150146484375,23.93943404728507,68.37302656075917,dd719f4b029b6f53240c995fc9fa383c,c0c0e0b088c0c4c8,False,2146x1764
408ea9d5e082,4,/kaggle/input/competitions/aptos2019-blindness-detection/train_images/408ea9d5e082.png,3388,2588,8.77,6.81,0.865,41.360809326171875,18.635774423368165,37.93487930204719,74b78dac315e8cd0c553dfc4ea63d07d,c0e0e0c2a2c0c0c0,True,3388x2588
40c24aded50c,0,/kaggle/input/competitions/aptos2019-blindness-detection/train_images/40c24aded50c.png,1050,1050,1.1,0.91,1.0,88.54090881347656,46.59422621480982,152.0671574920416,39f45aec75bc8dcadf1e281d9e5eab32,f0c0c0c4c0c0f0f0,False,1050x1050
40dd4e6e4444,0,/kaggle/input/competitions/aptos2019-blindness-detection/train_images/40dd4e6e4444.png,2048,1536,3.15,1.94,0.605,79.89241027832031,42.5228985993047,153.85692134476267,1787001b2967e9db83f8eea92d94ac22,f0c0c4c4f0e0f4f0,False,2048x1536
40e9b5630438,1,/kaggle/input/competitions/aptos2019-blindness-detection/train_images/40e9b5630438.png,2416,1736,4.19,2.272,0.934,65.05615234375,27.635576489031095,88.34361465927213,e7ec65d286ccf33375db4c82254b2ab5,bcbcfc7777fe9ccc,False,2416x1736
41345cec5957,0,/kaggle/input/competitions/aptos2019-blindness-detection/train_images/41345cec5957.png,2048,1536,3.15,1.683,0.602,35.5916748046875,22.959324310200568,32.32102735689841,a7322af808f5f081f19031c9562b3dc0,f0fcfededefcfcf0,True,2048x1536
4134b290f5f3,0,/kaggle/input/competitions/aptos2019-blindness-detection/train_images/4134b290f5f3.png,2588,1958,5.07,5.84,1.0,86.16023254394531,32.979220789409005,151.24160426855087,eaf382e7ead4c070d1251d23ce746c9d,f0f8fcf5e7f6fcf0,False,2588x1958
4145dcb25053,0,/kaggle/input/competitions/aptos2019-blindness-detection/train_images/4145dcb25053.png,2048,1536,3.15,1.917,0.605,80.41618347167969,45.073580725070244,125.96362548111938,76331f8f561bc2d42a470a2cabe927c6,f0c682808c80c0f0,False,2048x1536
4158c340fa49,0,/kaggle/input/competitions/aptos2019-blindness-detection/train_images/4158c340fa49.png,2588,1958,5.07,2.4,1.0,47.25621032714844,22.247860571161635,34.86934235855006,16ddd9194addba4c4600db633f4719d3,f0f0e88d9d98f2f4,False,2588x1958
415d5c5e785f,0,/kaggle/input/competitions/aptos2019-blindness-detection/train_images/415d5c5e785f.png,1050,1050,1.1,0.903,1.0,99.2725830078125,51.84805290327954,179.58267137315124,34caa9e19b98aa01aaf152cab3058680,f0f8fcfedcfcfcf0,False,1050x1050
415f2d2bd2a1,0,/kaggle/input/competitions/aptos2019-blindness-detection/train_images/415f2d2bd2a1.png,1050,1050,1.1,1.027,1.0,75.75041198730469,41.25323704614988,119.16710035409778,94c386a52857832a7ba6dc2a3845f8ae,f0f0f8fcdcfcf8f0,False,1050x1050
417f408ee8e0,2,/kaggle/input/competitions/aptos2019-blindness-detection/train_images/417f408ee8e0.png,2588,1958,5.07,4.946,1.0,27.745330810546875,13.51639018066779,29.853417954407632,1a851ab7e6ce6c9b98093e5912030811,f8f8f8f2f2f4f8f8,True,2588x1958
4189d4e631ec,2,/kaggle/input/competitions/aptos2019-blindness-detection/train_images/4189d4e631ec.png,2416,1736,4.19,2.393,0.934,63.93193054199219,26.023879996070207,71.35117241647094,f7f3876b101caf4771dfd18059acbc64,d0b2f870d8c8c0c0,False,2416x1736
419406328dcd,2,/kaggle/input/competitions/aptos2019-blindness-detection/train_images/419406328dcd.png,3216,2136,6.87,2.6,0.842,76.08445739746094,28.10452909747444,101.51783310528845,d93b64ee5ddc54712c553a29ea2aacae,c484e0cacae280c4,False,3216x2136
41960d5f58c2,0,/kaggle/input/competitions/aptos2019-blindness-detection/train_images/41960d5f58c2.png,2588,1958,5.07,5.673,1.0,94.19599914550781,38.29122346781451,56.105293459258974,85730ce47705c493ef4f12e575e52cc3,f0f0f8fceeecfcf8,False,2588x1958
41ab357d103f,0,/kaggle/input/competitions/aptos2019-blindness-detection/train_images/41ab357d103f.png,819,614,0.5,0.297,0.606,69.51750183105469,42.64257091032575,96.85838415380567,c9a6ad0d7bf66ce8e56ee24e57484943,f0fcfeeefefcf8f0,False,819x614
4205e9deb058,0,/kaggle/input/competitions/aptos2019-blindness-detection/train_images/4205e9deb058.png,1050,1050,1.1,0.617,1.0,108.87977600097656,56.1448732469635,189.4277829527855,23c907e5dc51a36a53ee3c2ae7c4d3c9,f0f8fcfcf8f0f4f0,False,1050x1050
4210809074c1,0,/kaggle/input/competitions/aptos2019-blindness-detection/train_images/4210809074c1.png,1050,1050,1.1,1.105,1.0,71.19119262695312,37.93704597543527,129.83582919836044,44cf4f6ffcf50d912410e4c2a0966d94,f0e4f0f0dcf0e0e0,False,1050x1050
423abbaa5fad,2,/kaggle/input/competitions/aptos2019-blindness-detection/train_images/423abbaa5fad.png,3216,2136,6.87,2.95,0.841,59.987091064453125,25.482880198535224,47.57719323690981,7742c1f9023aecb1ca800461dab9a2f3,ccf6f0f8f8f8f8fc,False,3216x2136
4242c0d87f57,2,/kaggle/input/competitions/aptos2019-blindness-detection/train_images/4242c0d87f57.png,2588,1958,5.07,5.425,1.0,58.29441833496094,30.092763330744017,87.42967208847404,7cda848d1e457263b59a28515b40898c,f0f0e0e0d0c0e8d0,False,2588x1958
4246ed634f25,2,/kaggle/input/competitions/aptos2019-blindness-detection/train_images/4246ed634f25.png,2416,1736,4.19,1.808,0.935,112.98336791992188,40.73610930193824,190.83950659260154,d097bf92e05d5f606df65d214705bdab,f8f0f0fcfcfc9cdc,False,2416x1736
4276b82e4489,0,/kaggle/input/competitions/aptos2019-blindness-detection/train_images/4276b82e4489.png,2048,1536,3.15,1.905,0.604,66.12641906738281,37.36435256771303,124.24582299566828,ad80a4bc8b2a36b4a36531122930d3fd,f0e0c090a0c2c6f0,False,2048x1536
4289af3afbd2,2,/kaggle/input/competitions/aptos2019-blindness-detection/train_images/4289af3afbd2.png,3216,2136,6.87,3.261,0.842,102.63871765136719,38.96054877602245,168.06974585703574,82e34b255e14756949a917f9ffd39cac,f0f0f0fcdcf8b0e0,False,3216x2136
4294a14c656a,3,/kaggle/input/competitions/aptos2019-blindness-detection/train_images/4294a14c656a.png,3216,2136,6.87,2.796,0.843,112.06625366210938,41.68433160166128,250.28236095583998,44d94ff08d3bced748d7d19ea34e33c4,c688e06175f498c8,False,3216x2136
42985aa2e32f,0,/kaggle/input/competitions/aptos2019-blindness-detection/train_images/42985aa2e32f.png,2416,1736,4.19,2.024,0.934,72.51606750488281,25.71360950467894,83.29420455521904,744cd9e1e5b28be9b4ed20c7698e2634,f0f8f85c7cf8b0e4,False,2416x1736
42a67337fa8e,2,/kaggle/input/competitions/aptos2019-blindness-detection/train_images/42a67337fa8e.png,2588,1958,5.07,5.153,1.0,34.62217712402344,16.696346942285377,50.278446182608604,fea746f1796af555bc25a1c9444de5e7,f8f8f8fdb1f9eaf2,True,2588x1958
42a850acd2ac,2,/kaggle/input/competitions/aptos2019-blindness-detection/train_images/42a850acd2ac.png,2416,1736,4.19,2.512,0.934,86.26663208007812,34.679987764946546,115.32563672750257,ece61abc754cc776d087ab5ba13e3837,f0f0f0c0c0e0f2d4,False,2416x1736
42af7282349b,0,/kaggle/input/competitions/aptos2019-blindness-detection/train_images/42af7282349b.png,2588,1958,5.07,5.093,1.0,57.08209228515625,23.514252043958276,11.384281800827011,b44457ccee0776fac54baa25e3412038,f8f8f8fcfcfcfcf0,True,2588x1958
42b08dca9b2f,2,/kaggle/input/competitions/aptos2019-blindness-detection/train_images/42b08dca9b2f.png,2416,1736,4.19,2.089,0.934,62.3021240234375,27.04736297906576,76.81458793580532,d3de22072d9d307b3a3c9b2b5e4b3e80,c0808080008080c0,False,2416x1736
42b93b574f23,2,/kaggle/input/competitions/aptos2019-blindness-detection/train_images/42b93b574f23.png,1050,1050,1.1,0.835,1.0,82.01095581054688,43.780887208965964,123.41191478795372,eb0bf5df9fa33b3eccfbe97bcfb433fa,f0f8f8fcfcf8f8f0,False,1050x1050
42b9c1977681,0,/kaggle/input/competitions/aptos2019-blindness-detection/train_images/42b9c1977681.png,1050,1050,1.1,1.145,1.0,83.69602966308594,45.52202527636282,165.26499734818935,d0ac26bd7f02ecf08af5276dff604b53,f0f0f8fcdcfcf0f0,False,1050x1050
42c65af5ab16,0,/kaggle/input/competitions/aptos2019-blindness-detection/train_images/42c65af5ab16.png,2048,1536,3.15,1.792,0.604,44.53294372558594,28.767743779994518,83.03192973486148,d3b370c005309b5a410a20a149119338,e08cf87cdedcf8f0,False,2048x1536
42cc993f23a9,3,/kaggle/input/competitions/aptos2019-blindness-detection/train_images/42cc993f23a9.png,2588,1958,5.07,5.379,1.0,67.84848022460938,24.55276270116295,29.55666009685956,d97144a26d13bb4878e0eb3fbb1df444,f8f8d8c8fcf0f0f0,False,2588x1958
4318b6adeb97,0,/kaggle/input/competitions/aptos2019-blindness-detection/train_images/4318b6adeb97.png,2048,1536,3.15,1.924,0.604,78.16825866699219,42.80606589634182,141.73587986431085,e71ce2cb3d1bacf1346652038dfb4468,f0c6869e93c8e4f0,False,2048x1536
4350a1b2f3cb,0,/kaggle/input/competitions/aptos2019-blindness-detection/train_images/4350a1b2f3cb.png,1050,1050,1.1,0.896,1.0,69.94876098632812,37.830279333829765,92.89847228582948,eb259d963fba73d2d7725265072bb425,f0e0c0c0c0e0e0f0,False,1050x1050
435414ccccf7,0,/kaggle/input/competitions/aptos2019-blindness-detection/train_images/435414ccccf7.png,2048,1536,3.15,1.934,0.605,80.11045837402344,44.24255711810717,158.78696562256664,619ce3e72fd8feb8d3468bfbb25cd3eb,f0c4c48c88c4e4f0,False,2048x1536
435d900fa7b2,2,/kaggle/input/competitions/aptos2019-blindness-detection/train_images/435d900fa7b2.png,2416,1736,4.19,2.847,0.934,94.27825927734375,37.52259037661775,194.32143000420183,a6e3a43a938c5632d1d6d000c8d62777,e0c8b0b4f0f0e0e0,False,2416x1736
4360a112db10,3,/kaggle/input/competitions/aptos2019-blindness-detection/train_images/4360a112db10.png,2896,1944,5.63,2.216,0.64,76.14134216308594,37.32928462390597,132.4676769822836,864d899929af6093fa1e7830d36aac5f,f0f0e0cece8082c4,False,2896x1944
436e1793d240,2,/kaggle/input/competitions/aptos2019-blindness-detection/train_images/436e1793d240.png,2588,1958,5.07,5.149,1.0,48.3460693359375,21.47602790529344,25.919389601796865,790c4656b7ad6ef25b49dee4a1a448db,fce2e2af8fc6e4e0,True,2588x1958
436e7a7af761,0,/kaggle/input/competitions/aptos2019-blindness-detection/train_images/436e7a7af761.png,2048,1536,3.15,1.903,0.604,90.89109802246094,57.45812787448555,163.67654454312287,ae12e3f0ee8e1b9b93b8dec78d5eea47,f0f8f8f8fcf8f8f0,False,2048x1536
436fa3fd145a,0,/kaggle/input/competitions/aptos2019-blindness-detection/train_images/436fa3fd145a.png,2048,1536,3.15,1.86,0.681,25.279678344726562,23.1745348032854,40.86337178549729,527979d8f0570b5f7744a41ff355475d,70dcfefeeefefc78,True,2048x1536
437900a99871,2,/kaggle/input/competitions/aptos2019-blindness-detection/train_images/437900a99871.png,2588,1958,5.07,5.219,1.0,46.74314880371094,19.29000914665423,27.176042868755758,467b8d01f3c11c0ec8c737092dccc3c0,f8f8eceeeefefcf8,True,2588x1958
437cbec4a3f8,2,/kaggle/input/competitions/aptos2019-blindness-detection/train_images/437cbec4a3f8.png,2416,1736,4.19,2.253,0.935,95.00640869140625,35.53834146118086,164.7562273107469,09e5ffe4a29a6a06f6cea6d9ab9cfabe,f8fcccee6efebecc,False,2416x1736
43823561c3f0,0,/kaggle/input/competitions/aptos2019-blindness-detection/train_images/43823561c3f0.png,2048,1536,3.15,1.915,0.605,91.1270751953125,51.66772255521985,224.75961791886948,481d7c2040bf228fd03dbe750c7bfbd7,f08e9e3e3ebcdcf0,False,2048x1536
4384fa687afa,2,/kaggle/input/competitions/aptos2019-blindness-detection/train_images/4384fa687afa.png,2416,1736,4.19,2.21,0.934,66.06381225585938,26.026013532398316,86.49585521384142,7e0bc10162e7d08de3e7fddb82d4258b,f2e0d0c4c68686c4,False,2416x1736
4393c5bc576a,1,/kaggle/input/competitions/aptos2019-blindness-detection/train_images/4393c5bc576a.png,2896,1944,5.63,2.342,0.64,53.69610595703125,25.938861164820548,70.77321350737475,47673a2b1f0e0970a15d2a9b251904cd,e0e0c0ca60e080c0,False,2896x1944
43bc7c066dfb,0,/kaggle/input/competitions/aptos2019-blindness-detection/train_images/43bc7c066dfb.png,1050,1050,1.1,1.1,1.0,91.03181457519531,48.01321970836229,177.018168207258,5ef0b7c3792e9c1d839b2998fa028378,f0f0f0c0c6e0e0f0,False,1050x1050
43ddd0ab0cc4,2,/kaggle/input/competitions/aptos2019-blindness-detection/train_images/43ddd0ab0cc4.png,3388,2588,8.77,7.142,0.873,72.25311279296875,29.517464169438973,106.425980117172,cd58015492350ec09a7232a0041c276a,e0a0d01078f0e8f0,False,3388x2588
43e9c66eb0f3,0,/kaggle/input/competitions/aptos2019-blindness-detection/train_images/43e9c66eb0f3.png,2588,1958,5.07,5.526,1.0,66.98033142089844,28.444612898007662,56.09292985848151,281431a1315f86692577c9fdee635db9,e0c0c4c4e0f0f0f0,False,2588x1958
43f22d1be8dd,0,/kaggle/input/competitions/aptos2019-blindness-detection/train_images/43f22d1be8dd.png,819,614,0.5,0.305,0.606,81.64578247070312,43.473644681520135,135.3098537772894,5f69a9c371b955ed058b8edafd946bc4,f0e8ca948c90e8f0,False,819x614
43fb6eda9b97,2,/kaggle/input/competitions/aptos2019-blindness-detection/train_images/43fb6eda9b97.png,2144,1424,3.05,2.751,0.843,72.92451477050781,29.202835419455294,73.38219880475663,781b4bf238bc2bba180d85f615a988a6,f4f8f8ecccfaf8f8,False,2144x1424
4403538fb50f,0,/kaggle/input/competitions/aptos2019-blindness-detection/train_images/4403538fb50f.png,1050,1050,1.1,0.983,1.0,85.2646484375,45.548483357896,181.5301379149314,8493c4938292705abc6ef364689af21a,f0f0e0e2e2e0d0f0,False,1050x1050
4409965eb2a4,0,/kaggle/input/competitions/aptos2019-blindness-detection/train_images/4409965eb2a4.png,1050,1050,1.1,0.945,1.0,80.32017517089844,42.36801166614451,117.33872707537375,d27f5e258cd568d225d1a954bef62f2d,f0f8fcfc9cfcf8f0,False,1050x1050
441117562359,2,/kaggle/input/competitions/aptos2019-blindness-detection/train_images/441117562359.png,3216,2136,6.87,2.867,0.842,109.0855712890625,40.04776927364023,170.56135277054273,9609ff36ff43af139938ee5043a715d2,c8f0f0e0c0c0e0c0,False,3216x2136
441848e0f308,0,/kaggle/input/competitions/aptos2019-blindness-detection/train_images/441848e0f308.png,819,614,0.5,0.32,0.931,43.0517578125,21.668239670898185,33.41435816511512,ee639ecef40867503c50cb954d0eb6c6,c0c4c68686c2e0e0,True,819x614
441affbe99aa,2,/kaggle/input/competitions/aptos2019-blindness-detection/train_images/441affbe99aa.png,640,480,0.31,0.367,1.0,85.06027221679688,28.512584363985635,91.71333364001475,b0fa8cf7954aaa802d02a87cfddd0249,b0787070f9e18e0e,False,640x480
44271f3cb18f,0,/kaggle/input/competitions/aptos2019-blindness-detection/train_images/44271f3cb18f.png,819,614,0.5,0.303,0.61,59.73011779785156,33.266591363932875,108.94352017506026,73b0ab87b8b884029644a3e2b6a68632,f0c68e1c18ccccf0,False,819x614
445a8a6da55c,0,/kaggle/input/competitions/aptos2019-blindness-detection/train_images/445a8a6da55c.png,1050,1050,1.1,0.916,1.0,81.02647399902344,43.83791826505792,128.54194225277752,87bb426925f4a6fde01dc7602b002b4a,f0f0f0e0e2e0f0f0,False,1050x1050
4462fba1d2a1,4,/kaggle/input/competitions/aptos2019-blindness-detection/train_images/4462fba1d2a1.png,3216,2136,6.87,2.829,0.842,101.36344909667969,36.87122431799932,144.59079975239,acab13bbe1df4e50f5c4ab78be122542,e0f0f0c0c0e0f0c0,False,3216x2136
4464bb62bf20,0,/kaggle/input/competitions/aptos2019-blindness-detection/train_images/4464bb62bf20.png,2588,1958,5.07,5.483,1.0,72.98431396484375,25.112750469154815,51.451058607315645,2bb3c2931c7580f31a4a05bc943dd524,f0f0e0ceccf0f0f0,False,2588x1958
4478b870e549,2,/kaggle/input/competitions/aptos2019-blindness-detection/train_images/4478b870e549.png,2416,1736,4.19,1.979,0.935,88.15174865722656,31.544469502708942,131.65721364296041,68f75c9743a9d3da65563398bd08007a,c0e0e0e0808880c8,False,2416x1736
44855f666225,2,/kaggle/input/competitions/aptos2019-blindness-detection/train_images/44855f666225.png,2588,1958,5.07,3.791,1.0,92.57054138183594,37.74509946574619,106.13126419484615,c7058a0418d18098dbdb7bb6417d96e1,f8f8f8dcf0f0f8f8,False,2588x1958
44878f34e31f,0,/kaggle/input/competitions/aptos2019-blindness-detection/train_images/44878f34e31f.png,1050,1050,1.1,0.947,1.0,68.89860534667969,37.50736769104948,117.38957404252142,4c6642f0f9cae3df4f9ee00aba697c41,f0f0e0e0e0f0f0f0,False,1050x1050
4489d421e5aa,2,/kaggle/input/competitions/aptos2019-blindness-detection/train_images/4489d421e5aa.png,3216,2136,6.87,2.984,0.842,80.6429443359375,30.78333712027618,99.40544534451328,e34fef51ee1e9a82d96195f74faa807d,f0f0f0e0e0e0a0f4,False,3216x2136
44976c3b11a6,0,/kaggle/input/competitions/aptos2019-blindness-detection/train_images/44976c3b11a6.png,2588,1958,5.07,5.346,1.0,64.65789794921875,25.75514660766959,34.278280839324,ddcb6ab693b7e9d5aec2ed20188b9a3e,f0f0f8fcdcf8f8f0,False,2588x1958
44a4d04162cc,0,/kaggle/input/competitions/aptos2019-blindness-detection/train_images/44a4d04162cc.png,1050,1050,1.1,1.099,1.0,75.251708984375,42.329490472729944,157.80012289225124,17704ddc9fb24d161ba852d1b1849d87,f0f8fcdefcf8f0f0,False,1050x1050
44a86263117b,0,/kaggle/input/competitions/aptos2019-blindness-detection/train_images/44a86263117b.png,1050,1050,1.1,0.953,1.0,85.84686279296875,44.85786729192771,152.9927623809781,551ce6fff4bd744b180613dc5f65a8c2,f0e0c0c0c4c0e0f0,False,1050x1050
44c869174e3a,2,/kaggle/input/competitions/aptos2019-blindness-detection/train_images/44c869174e3a.png,3216,2136,6.87,2.001,0.843,100.5933837890625,36.10928636368355,140.77138057514094,761daff0007129e66a8a59d4b8f1dd96,f0f8f8e0f2e6d4dc,False,3216x2136
44e0d56e9d42,2,/kaggle/input/competitions/aptos2019-blindness-detection/train_images/44e0d56e9d42.png,3216,2136,6.87,1.961,0.842,89.22157287597656,32.715856453604545,118.05851243343204,33364fc99dcd993969ca6a9587158a8b,fcf0f8e88c8c8ecc,False,3216x2136
44e951e45dca,2,/kaggle/input/competitions/aptos2019-blindness-detection/train_images/44e951e45dca.png,2416,1736,4.19,1.902,0.935,103.38618469238281,37.97982835977358,141.38292561471462,44951de275d7f269ce3aae900b6af285,f0f0e0c0ccc8c0c4,False,2416x1736
44ecf3f4efa5,4,/kaggle/input/competitions/aptos2019-blindness-detection/train_images/44ecf3f4efa5.png,2416,1736,4.19,2.088,0.934,61.30540466308594,23.301989872542766,62.90530799492262,10c3411a9ee61bbe8588638edda6335c,f8fcee6e7ebc9ccc,False,2416x1736
44f4ae58990e,2,/kaggle/input/competitions/aptos2019-blindness-detection/train_images/44f4ae58990e.png,2416,1736,4.19,1.809,0.934,95.07327270507812,33.95178037859451,128.62948035425507,349ad8248a9521fe2605ccc30816e7ff,f0f8f8faeefededc,False,2416x1736
44f7f3ef9d50,0,/kaggle/input/competitions/aptos2019-blindness-detection/train_images/44f7f3ef9d50.png,2588,1958,5.07,5.185,1.0,49.206512451171875,18.70551080152029,22.015300139784813,5d693932b6237fe617657005fb5776a0,f0e0e0eeeaf0f0f0,True,2588x1958
4528fbbd43a3,0,/kaggle/input/competitions/aptos2019-blindness-detection/train_images/4528fbbd43a3.png,1050,1050,1.1,1.132,1.0,71.31646728515625,41.453258705381856,120.66345322038978,6c74498761410d22e3a0bfa89993a7df,f0f0f0e0e2e0f0f0,False,1050x1050
45369821d6a3,0,/kaggle/input/competitions/aptos2019-blindness-detection/train_images/45369821d6a3.png,1050,1050,1.1,0.998,1.0,86.69581604003906,46.54780583812827,136.92535703233443,63d45afa314ca4edc5936804ad9bf0d9,f0f8f8fcdcfcf8f0,False,1050x1050
453a1e2754b2,2,/kaggle/input/competitions/aptos2019-blindness-detection/train_images/453a1e2754b2.png,640,480,0.31,0.305,1.0,95.97193908691406,18.840876531592457,30.399901386350393,0c15a7e90f0ecd28713ec62a47ac1ae8,9038bcbc9ce820b8,False,640x480
453d553b0a94,2,/kaggle/input/competitions/aptos2019-blindness-detection/train_images/453d553b0a94.png,3216,2136,6.87,2.727,0.842,70.98027038574219,27.954944734038406,68.87000690191053,f9b9ca513cbf518e4802c6c3b8a309ee,f0e0e0e1c0c0a0c0,False,3216x2136
454792eb6e05,0,/kaggle/input/competitions/aptos2019-blindness-detection/train_images/454792eb6e05.png,2048,1536,3.15,1.907,0.605,92.90518188476562,50.77143126232915,206.3087104409933,b37b75e96a7e496cedcc29b24ce6ffcd,f0eccad0d4c0e0f0,False,2048x1536
454a944eb557,0,/kaggle/input/competitions/aptos2019-blindness-detection/train_images/454a944eb557.png,819,614,0.5,0.299,0.61,76.28434753417969,42.936771869057296,142.39834752841853,3b7787a20554deff15834c7ac4bbb17b,f0c08090188cc4f0,False,819x614
4554062fa836,0,/kaggle/input/competitions/aptos2019-blindness-detection/train_images/4554062fa836.png,2588,1958,5.07,5.222,1.0,57.4072265625,28.45624005246088,45.39841722603887,eeda04743925fd550184be5b7280d4a0,fefeffbffffffefe,False,2588x1958
45693d027798,0,/kaggle/input/competitions/aptos2019-blindness-detection/train_images/45693d027798.png,1050,1050,1.1,1.022,1.0,79.38763427734375,43.34525293299407,122.72903086408041,553f26609a076e6d61555bb007ade37b,f0f8fcdcfcf8f0f0,False,1050x1050
457c7c927e27,3,/kaggle/input/competitions/aptos2019-blindness-detection/train_images/457c7c927e27.png,2588,1958,5.07,5.143,1.0,50.08842468261719,26.641490025294885,22.157442834228277,f09c2074640fa732ab0359a1c5f97cb5,e8f8f8eeeef8d8c0,True,2588x1958
45ae04cfde5d,2,/kaggle/input/competitions/aptos2019-blindness-detection/train_images/45ae04cfde5d.png,3216,2136,6.87,3.349,0.843,105.49668884277344,39.57626961912814,176.96422940841876,1c750ab46cb3849a50daf0c1be3fe7d9,e0c8c8a888c0c0e0,False,3216x2136
45c39ab9e797,2,/kaggle/input/competitions/aptos2019-blindness-detection/train_images/45c39ab9e797.png,2588,1958,5.07,5.34,1.0,44.52882385253906,18.67017494865164,60.809151822468266,ae925559af1f79245bad595c630887b1,f8f8f0b498f8f0f0,False,2588x1958
45e4b7eada54,1,/kaggle/input/competitions/aptos2019-blindness-detection/train_images/45e4b7eada54.png,2416,1736,4.19,2.374,0.934,69.62757873535156,27.233980930422746,128.38207088410854,da3f8015d26b9044d47b222436722fa9,f2f2f9fc9d9986c6,False,2416x1736
460893cd86e3,2,/kaggle/input/competitions/aptos2019-blindness-detection/train_images/460893cd86e3.png,1050,1050,1.1,0.904,1.0,75.54481506347656,41.00225495964949,113.90243834047578,0090a38df21fea899f5e1f66dbf0692d,f0f0f0e0e2e0f0f0,False,1050x1050
461fa5292fda,0,/kaggle/input/competitions/aptos2019-blindness-detection/train_images/461fa5292fda.png,1050,1050,1.1,1.057,0.996,72.90023803710938,41.24941956199082,95.17143493681215,a5124f1f557cd43c551b468adf7ae9bc,f0e0c0c0c0e0e0f0,False,1050x1050
462937ece243,0,/kaggle/input/competitions/aptos2019-blindness-detection/train_images/462937ece243.png,1050,1050,1.1,1.014,1.0,86.96034240722656,45.6926463564928,155.03811152931303,0aa2ecdd898c04038f4e43d661523bd1,f0f080c0c2c4c0f0,False,1050x1050
465c618f7b23,2,/kaggle/input/competitions/aptos2019-blindness-detection/train_images/465c618f7b23.png,2416,1736,4.19,2.302,0.934,76.67947387695312,28.42276753626325,107.50254992186092,c7b3a87cc3d214c322329d6c6faaf5d0,d890b01030b8b8dc,False,2416x1736
4661006f3ba6,1,/kaggle/input/competitions/aptos2019-blindness-detection/train_images/4661006f3ba6.png,2416,1736,4.19,2.157,0.934,69.70909118652344,25.75318513402941,71.73403321183287,35de461d39d2866018643c0f23c3e294,f8f8dcf8f0f0b4d4,False,2416x1736
467b7d9d811c,2,/kaggle/input/competitions/aptos2019-blindness-detection/train_images/467b7d9d811c.png,2416,1736,4.19,2.252,0.934,64.76412963867188,24.09259225669285,66.50771080492996,c61a72a1be62bcd1afe0d4e228f89aca,c0f0b0b8f0f8fcfc,False,2416x1736
4689b739d240,4,/kaggle/input/competitions/aptos2019-blindness-detection/train_images/4689b739d240.png,2416,1736,4.19,2.295,0.934,69.18641662597656,24.896236551386924,66.90889700478874,ec16f81f103e4f231b8b7ce9773cbe40,cc8eb0b8f8f0f0fc,False,2416x1736
46923eea9a4e,2,/kaggle/input/competitions/aptos2019-blindness-detection/train_images/46923eea9a4e.png,2416,1736,4.19,2.23,0.934,64.71141052246094,23.84705027997879,71.53197627863847,2709c193536ed42c1a38fec49915ded4,f4fcee7666fe9ecc,False,2416x1736
46acc506fa61,0,/kaggle/input/competitions/aptos2019-blindness-detection/train_images/46acc506fa61.png,1050,1050,1.1,1.007,1.0,84.1551513671875,43.72080890352167,173.85537666245364,c6497a4739b093980dda2fe80f9b0cdd,f0fefecefcfcf0f0,False,1050x1050
46c1548d730e,2,/kaggle/input/competitions/aptos2019-blindness-detection/train_images/46c1548d730e.png,2588,1958,5.07,5.263,1.0,68.16465759277344,34.17745085983675,34.1506524567958,d6251c5f2b87d83a9ec350af341f9e27,f8f8f8fcfcfcf8f8,False,2588x1958
46cdc8b685bd,4,/kaggle/input/competitions/aptos2019-blindness-detection/train_images/46cdc8b685bd.png,3216,2136,6.87,6.035,0.842,67.17050170898438,25.708931125514574,73.27132091089152,c87e2f95a75a7ab965aa58e730a0d4cc,f8f8f8eccec8dcc0,False,3216x2136
46d3316c4857,4,/kaggle/input/competitions/aptos2019-blindness-detection/train_images/46d3316c4857.png,3216,2136,6.87,5.85,0.842,61.64923095703125,25.834866277391146,58.0883071385324,a43bf7f6130c2446fe57acf9037988e7,f0f8e0c8c2c4c2cc,False,3216x2136
46f56c38051f,2,/kaggle/input/competitions/aptos2019-blindness-detection/train_images/46f56c38051f.png,3388,2588,8.77,7.576,0.869,89.55929565429688,37.17954500185435,222.39439660473727,6051563ec8ac0e25c321ade0ab949cb3,d0bcf84cfcec8ad4,False,3388x2588
4704dbb59536,0,/kaggle/input/competitions/aptos2019-blindness-detection/train_images/4704dbb59536.png,2048,1536,3.15,1.927,0.684,67.65437316894531,48.96874909738854,85.45867697126232,0701ceda669be33726bb95f887ebedbf,70e2c0c2f4e0f078,False,2048x1536
4731e708ede3,0,/kaggle/input/competitions/aptos2019-blindness-detection/train_images/4731e708ede3.png,819,614,0.5,0.289,0.606,60.77616882324219,36.77793427161086,118.58080967888236,8f7b0904923b7c5ff81f930c93d14d8c,f08ebe726efefcf0,False,819x614
475300735b7f,0,/kaggle/input/competitions/aptos2019-blindness-detection/train_images/475300735b7f.png,1050,1050,1.1,1.029,1.0,79.84085083007812,42.96188405268286,133.75520219071768,f77bd2afd7b77f8fb09c173eea5485c3,f0f8fcdefefcf8f0,False,1050x1050
47536db39f00,0,/kaggle/input/competitions/aptos2019-blindness-detection/train_images/47536db39f00.png,2588,1958,5.07,5.365,1.0,69.830322265625,30.44272806652638,38.103078997693956,dc7ccb0225f45da00d7c5d7c88feca9c,f8fcfcfceefcfcfc,False,2588x1958
475c7ded0f7a,2,/kaggle/input/competitions/aptos2019-blindness-detection/train_images/475c7ded0f7a.png,3388,2588,8.77,7.177,0.872,85.69329833984375,35.093131120153224,156.04660185799003,141cbcaa4c01e0fa5ca17005f282815f,f0e2c0c0e0d080c0,False,3388x2588
478fc46eaa49,0,/kaggle/input/competitions/aptos2019-blindness-detection/train_images/478fc46eaa49.png,1050,1050,1.1,0.906,1.0,92.84791564941406,48.77786494164485,170.05650592572056,2a03655f8606166778960df9b92c3933,f0f8fc9cfcf8e0e0,False,1050x1050
47b756014447,2,/kaggle/input/competitions/aptos2019-blindness-detection/train_images/47b756014447.png,2416,1736,4.19,1.665,0.934,97.4073486328125,35.40994820783533,121.79955609492026,04d0ec2df04c6870b3fdb5fafdf51ce4,f0f0f0d2eeecbcdc,False,2416x1736
47d1603a555b,1,/kaggle/input/competitions/aptos2019-blindness-detection/train_images/47d1603a555b.png,2416,1736,4.19,1.937,0.935,108.30937194824219,39.24702597533695,218.8861308163032,37f0fb99bbca0b00e519f0a452045582,d2e0f07978b8b8c0,False,2416x1736
47e51065b819,2,/kaggle/input/competitions/aptos2019-blindness-detection/train_images/47e51065b819.png,3216,2136,6.87,2.33,0.842,88.78953552246094,33.06895226637346,112.07146502193063,d67e8d8a3063c20ad55f56659295b1b6,d8f0f8f0c8eaa2c0,False,3216x2136
4818672273af,2,/kaggle/input/competitions/aptos2019-blindness-detection/train_images/4818672273af.png,3388,2588,8.77,7.184,0.871,65.98574829101562,26.38694592128565,101.77911344892345,e6fb4b5580655859a15334bc741df32b,e0e0e063618282c0,False,3388x2588
482088e6be44,0,/kaggle/input/competitions/aptos2019-blindness-detection/train_images/482088e6be44.png,2048,1536,3.15,1.96,0.605,54.844818115234375,31.639522019797237,108.97284075967036,06ddf088e6e45098e5fc5c96213de625,f088f85c1c84c4e0,False,2048x1536
4826d10030b3,0,/kaggle/input/competitions/aptos2019-blindness-detection/train_images/4826d10030b3.png,1050,1050,1.1,0.937,1.0,80.77215576171875,42.558967133127524,133.12202640529722,e450de909843335d20dafacad4f65909,f0fcf8defefcf8f0,False,1050x1050
484dbeb9bf2a,0,/kaggle/input/competitions/aptos2019-blindness-detection/train_images/484dbeb9bf2a.png,2048,1536,3.15,1.925,0.605,82.47041320800781,46.74096308893426,127.61642045434564,00f5e31b71dc37008b8fa977d78802d5,f0e0c08088c0c0f0,False,2048x1536
48543037d0b3,2,/kaggle/input/competitions/aptos2019-blindness-detection/train_images/48543037d0b3.png,2416,1736,4.19,2.419,0.935,83.03350830078125,32.65822418892747,200.28899522102438,544e195794184c1c0f09b808466c1fb0,e0e0e889898b86ce,False,2416x1736
4860f7813654,0,/kaggle/input/competitions/aptos2019-blindness-detection/train_images/4860f7813654.png,2588,1958,5.07,5.098,1.0,32.58473205566406,14.911880796430276,22.639083862304688,65a5e5dd24e3dc1e94e5a1b6e2fdcedd,f0f8f8f6e6f4f8f0,True,2588x1958
486e852a3b4d,0,/kaggle/input/competitions/aptos2019-blindness-detection/train_images/486e852a3b4d.png,819,614,0.5,0.378,0.931,48.00605773925781,25.862056305440742,53.07766767567955,903d5d31b970f7567293b72f82339ff7,cc8e8c92a4a8d8f0,False,819x614
48a45619d1a3,0,/kaggle/input/competitions/aptos2019-blindness-detection/train_images/48a45619d1a3.png,819,614,0.5,0.311,0.606,78.77023315429688,43.263861256702384,138.0020055619534,f1274b1e058d5bf7780897cb8817fd57,f0d8fcf6cecefcf0,False,819x614
48afe8c47454,2,/kaggle/input/competitions/aptos2019-blindness-detection/train_images/48afe8c47454.png,3216,2136,6.87,2.935,0.842,89.93572998046875,32.83218375714639,121.85449930652976,b0c84ff04f1677959e8dde98142e309c,d0e0e0c8908882c4,False,3216x2136
48c49f662f7d,2,/kaggle/input/competitions/aptos2019-blindness-detection/train_images/48c49f662f7d.png,1504,1000,1.5,1.324,0.811,54.88075256347656,22.943695505993233,55.41417413111776,e7699fcab7a16c18350e96d8e9890cff,d2f0b090808088c4,False,1504x1000
48c72dec46e5,2,/kaggle/input/competitions/aptos2019-blindness-detection/train_images/48c72dec46e5.png,2416,1736,4.19,2.668,0.935,101.23953247070312,35.95829133182043,226.4511480720248,a799a4554b3984f4d8c0b281e46be661,daf0b02111968ecc,False,2416x1736
48fda42bd5d4,2,/kaggle/input/competitions/aptos2019-blindness-detection/train_images/48fda42bd5d4.png,3216,2136,6.87,3.307,0.842,84.95188903808594,32.349864804048664,128.2814906798303,47caad8e30c92e015284a5fd5ce59767,d2a0f0f8ec9c94c4,False,3216x2136
4926dea289f8,0,/kaggle/input/competitions/aptos2019-blindness-detection/train_images/4926dea289f8.png,1050,1050,1.1,1.0,1.0,80.93840026855469,44.179708278392994,154.10932229366153,548f8291efefbe8765d66db0ab59ab3a,f0f8fcdcfcf8f0f0,False,1050x1050
4927945ecfed,0,/kaggle/input/competitions/aptos2019-blindness-detection/train_images/4927945ecfed.png,1050,1050,1.1,1.036,1.0,88.42298889160156,47.87978079407625,147.14757020003162,d38ce5957a17832ea180bf393fd51e49,f0f0f8fcfcfcf8f0,False,1050x1050
49386d603494,1,/kaggle/input/competitions/aptos2019-blindness-detection/train_images/49386d603494.png,2416,1736,4.19,2.224,0.934,77.51138305664062,28.494537769226593,127.52247294201516,b7d90ecea54b3b34de2944e452e08882,f8f4f86e6efcbcd8,False,2416x1736
493d99f030e2,0,/kaggle/input/competitions/aptos2019-blindness-detection/train_images/493d99f030e2.png,2588,1958,5.07,5.483,1.0,68.58251953125,27.456047788344712,57.274524208158255,60ad8a616b526d4f2fc2b550406e2ee4,e0f0f8dc5cf0b0e0,False,2588x1958
49419f8d5cb4,2,/kaggle/input/competitions/aptos2019-blindness-detection/train_images/49419f8d5cb4.png,3216,2136,6.87,2.987,0.842,76.68156433105469,28.885444255929986,87.67031116387807,eaba284fa05fd0d639632fec5f74dc51,e0e0e0eaeaf2bce8,False,3216x2136
494fc9c745a3,1,/kaggle/input/competitions/aptos2019-blindness-detection/train_images/494fc9c745a3.png,2416,1736,4.19,2.324,0.934,63.73570251464844,25.359594952226555,72.55691533512436,d2cb997b743fe51fdcc1d63229513007,c8d0c0c4c0c0c0c0,False,2416x1736
495106ae3b68,0,/kaggle/input/competitions/aptos2019-blindness-detection/train_images/495106ae3b68.png,1050,1050,1.1,0.969,1.0,87.37188720703125,46.76276413007398,140.8835802988615,fcff40bbf880aa2ece7663ba56c64b62,f0e0e0e0c2e0e0f0,False,1050x1050
495255c7492f,1,/kaggle/input/competitions/aptos2019-blindness-detection/train_images/495255c7492f.png,2416,1736,4.19,2.256,0.935,67.63981628417969,25.72324288179655,76.15873722638935,4cb11232b4bcebdba0de75b590b8fc6b,f8f8f8ec66eececc,False,2416x1736
4958bfcc9f38,0,/kaggle/input/competitions/aptos2019-blindness-detection/train_images/4958bfcc9f38.png,1050,1050,1.1,1.005,1.0,80.97518920898438,44.12783271107036,133.33685348089784,173d41bc1a78ee087e7bea6a87aed00f,f0f0e0c0e2e0e0f0,False,1050x1050
496155f71d0a,0,/kaggle/input/competitions/aptos2019-blindness-detection/train_images/496155f71d0a.png,1050,1050,1.1,1.0,1.0,71.82173156738281,39.09716904675356,101.46369894966483,854170c06f7fed73f61902a93729fc18,f0f8fc9edcf8f0f0,False,1050x1050
4982378d72f9,0,/kaggle/input/competitions/aptos2019-blindness-detection/train_images/4982378d72f9.png,2048,1536,3.15,1.93,0.605,85.19419860839844,48.10806879175442,140.00779031123966,e65e97ac81ceb47221a7ea0435a36ddd,f0fcfeeeeefefcf0,False,2048x1536
498f143c0374,3,/kaggle/input/competitions/aptos2019-blindness-detection/train_images/498f143c0374.png,4288,2848,12.21,4.825,0.81,77.63175964355469,33.687831163461574,103.19030198361725,89a717d58c22d3cbe2566fd3676a85db,f0e8f4f4ccf0e2cc,False,4288x2848
499c8df39222,4,/kaggle/input/competitions/aptos2019-blindness-detection/train_images/499c8df39222.png,2416,1736,4.19,2.138,0.934,73.65452575683594,26.43271404049031,78.1978513142094,4ddb4c3c1322b4bca434767cbe93f463,f0e0d0b090d090c4,False,2416x1736
49a4765f8822,2,/kaggle/input/competitions/aptos2019-blindness-detection/train_images/49a4765f8822.png,3216,2136,6.87,3.009,0.842,80.65092468261719,31.290736925576642,119.66914129233919,0e87bd67324b10762f489e383336fe2a,b0f0f8f8fcfcf0c0,False,3216x2136
49c5e7f6b8d2,1,/kaggle/input/competitions/aptos2019-blindness-detection/train_images/49c5e7f6b8d2.png,2416,1736,4.19,1.855,0.934,73.83116149902344,27.43119355166644,67.04835616401397,d78147471517885f3960b1d621e265e7,f0f0f8fceccececc,False,2416x1736
49d69c4c6290,2,/kaggle/input/competitions/aptos2019-blindness-detection/train_images/49d69c4c6290.png,2416,1736,4.19,2.155,0.934,73.12242126464844,27.481201075828086,102.64438810106367,d45de89899decc778724e00184bd244e,f0f0f0d0988c86c4,False,2416x1736
49e4b95ee2dc,0,/kaggle/input/competitions/aptos2019-blindness-detection/train_images/49e4b95ee2dc.png,2588,1958,5.07,4.865,1.0,35.71046447753906,13.234841403255244,12.69035383220762,7c987b42fbf852915fa57423ab830822,f8f0f8e5e7f3f2fe,True,2588x1958
49eb73968c44,0,/kaggle/input/competitions/aptos2019-blindness-detection/train_images/49eb73968c44.png,819,614,0.5,0.268,0.606,76.55665588378906,40.769627182009536,107.48151583760045,2537253783d13d13867b9275d3a1685a,f0e0c2b0a080c0f0,False,819x614
4a05f81b3aba,0,/kaggle/input/competitions/aptos2019-blindness-detection/train_images/4a05f81b3aba.png,819,614,0.5,0.339,0.931,45.3275146484375,28.293407539221032,43.31201088405214,4f60773978be6cb11bd54abc2ccbcb60,e0c0c2c6c2c0c8f0,False,819x614
4a0890b08532,2,/kaggle/input/competitions/aptos2019-blindness-detection/train_images/4a0890b08532.png,3216,2136,6.87,3.008,0.842,117.30912780761719,43.82551629584289,208.48623952060007,ead1484058f2cb688cd91bfe69c86ebd,f0f0f0e2c6d6c6cc,False,3216x2136
4a0bba3b7d83,2,/kaggle/input/competitions/aptos2019-blindness-detection/train_images/4a0bba3b7d83.png,2416,1736,4.19,1.641,0.935,90.64189147949219,33.32512113399075,154.95072783436626,a15cc5b7e4e2e50969c716656e284728,d0b8bc7e6efc9cdc,False,2416x1736
4a1afe4044f4,0,/kaggle/input/competitions/aptos2019-blindness-detection/train_images/4a1afe4044f4.png,819,614,0.5,0.311,0.606,68.14808654785156,37.60777559032021,112.2551954051014,8e669eb1c718c4ed1eb079bc15d1de42,f0c4c4101880ccf0,False,819x614
4a213b405ee4,1,/kaggle/input/competitions/aptos2019-blindness-detection/train_images/4a213b405ee4.png,3388,2588,8.77,3.605,0.875,71.10105895996094,29.011485406640205,116.2661530484911,03ebd1f7dfdd68e0913f4347ed27e53a,ccf0e062f0e080fc,False,3388x2588
4a3da369b227,4,/kaggle/input/competitions/aptos2019-blindness-detection/train_images/4a3da369b227.png,3216,2136,6.87,2.954,0.842,95.49388122558594,36.016024423789126,126.86183641455136,c5add9fc5a035788e78e02aa1388008d,d0a0e0c0c0e0a2d0,False,3216x2136
4a44cc840ebe,2,/kaggle/input/competitions/aptos2019-blindness-detection/train_images/4a44cc840ebe.png,3216,2136,6.87,5.522,0.842,69.42723083496094,27.293375183663116,71.44679755624384,91b2c675f15f09bcddc0613929de649b,e0e0e0c8c8e0e0e4,False,3216x2136
4a4cb731f91a,0,/kaggle/input/competitions/aptos2019-blindness-detection/train_images/4a4cb731f91a.png,2048,1536,3.15,1.821,0.605,77.05093383789062,45.463382949263945,134.54989586770535,518c0651607737c7c8f774d533484e53,f0defc7cdcfcfcf0,False,2048x1536
4a558a1cd243,2,/kaggle/input/competitions/aptos2019-blindness-detection/train_images/4a558a1cd243.png,2588,1958,5.07,5.402,1.0,57.445953369140625,23.107933738583615,50.596201714128256,c36834abdb3a9b9a0cbb7897d0abd62f,f0f8b8f8f9f8f0f0,False,2588x1958
4a589edaea60,0,/kaggle/input/competitions/aptos2019-blindness-detection/train_images/4a589edaea60.png,1050,1050,1.1,0.895,1.0,77.26748657226562,41.93006395985818,110.8174088858068,86251a22dfa59c6c100807c2a8bbe38d,f0f0f0f8f8f8f0f0,False,1050x1050
4a5a6efc0bef,0,/kaggle/input/competitions/aptos2019-blindness-detection/train_images/4a5a6efc0bef.png,1050,1050,1.1,0.965,1.0,81.726806640625,44.78322467523103,140.57069334294647,d9e7e4cf399a8e355e66868b3de3b146,f0f8fcfcdcfcf8f0,False,1050x1050
4a693dd3921a,4,/kaggle/input/competitions/aptos2019-blindness-detection/train_images/4a693dd3921a.png,2588,1958,5.07,5.055,1.0,30.969024658203125,18.931369353703012,48.90562295541167,01c87ba98338305f5a3285ae2b7c41e8,f0f8f8f0c4fcf8f0,True,2588x1958
4a7dc013e802,4,/kaggle/input/competitions/aptos2019-blindness-detection/train_images/4a7dc013e802.png,2588,1958,5.07,4.865,1.0,27.404464721679688,12.400333777594557,12.296712248586118,fb101c2cb499f81d8852842372e95abc,f8f8f8f8b8f8f0f8,True,2588x1958
4a96c28f3f07,0,/kaggle/input/competitions/aptos2019-blindness-detection/train_images/4a96c28f3f07.png,819,614,0.5,0.281,0.61,68.62210083007812,41.88861116919692,118.89253106340766,7585758213f4a45957163383e8e31b36,f09ebc7edefefcf0,False,819x614
4aa07d720638,1,/kaggle/input/competitions/aptos2019-blindness-detection/train_images/4aa07d720638.png,2416,1736,4.19,2.045,0.934,91.38058471679688,33.61919082457402,126.4791940653231,efd385f7c4279af2008ba84d91102e10,caf0f8f8fcdc9cc8,False,2416x1736
4aa3d771c5e4,0,/kaggle/input/competitions/aptos2019-blindness-detection/train_images/4aa3d771c5e4.png,1050,1050,1.1,1.076,1.0,81.74472045898438,45.6233687725569,141.13056754227728,233fc4b5826ba4046be3556e7d03663c,f0fcfcfefefcf8f0,False,1050x1050
4ab8c0cece7f,0,/kaggle/input/competitions/aptos2019-blindness-detection/train_images/4ab8c0cece7f.png,1050,1050,1.1,0.897,1.0,72.48770141601562,40.22233703548806,127.90272991335951,aa059dd69cfddd0fc78a25f73838a8a7,f0f8fedefcf8f0f0,False,1050x1050
4abca30b676b,4,/kaggle/input/competitions/aptos2019-blindness-detection/train_images/4abca30b676b.png,2416,1736,4.19,2.07,0.935,106.44622802734375,38.82488364150147,151.56498156487942,7a7f7c91b70f0e6a6685e895e7cb5aa5,f0f8f0f6c6dec6ec,False,2416x1736
4ad6109706e8,2,/kaggle/input/competitions/aptos2019-blindness-detection/train_images/4ad6109706e8.png,3216,2136,6.87,2.07,0.842,94.54351806640625,34.71600081200408,115.18574910517782,0c2d5121f25d0a474e3cb38df5eb822f,c8f0f8fcfcfcbcdc,False,3216x2136
4ad8d3ec8789,0,/kaggle/input/competitions/aptos2019-blindness-detection/train_images/4ad8d3ec8789.png,2048,1536,3.15,1.768,0.604,57.340301513671875,33.87897822158716,179.07444331026636,c80d1ec61009f122b439a5ce1df7a816,f0c0a0898d8feef8,False,2048x1536
4b1001050f1d,2,/kaggle/input/competitions/aptos2019-blindness-detection/train_images/4b1001050f1d.png,2588,1958,5.07,5.456,1.0,77.82267761230469,44.490863048310466,66.82190126180649,8643e981c41143479f0a10624206816f,f8f8fcfcfcfcf8f0,False,2588x1958
4b237b958555,0,/kaggle/input/competitions/aptos2019-blindness-detection/train_images/4b237b958555.png,1050,1050,1.1,1.046,1.0,78.43171691894531,42.99581186759082,138.56420867494307,97fab3f9648ad4cede0a5c2ed7eb48db,f0e0f8b8f8f8f0f0,False,1050x1050
4b422b48d0d4,2,/kaggle/input/competitions/aptos2019-blindness-detection/train_images/4b422b48d0d4.png,2588,1958,5.07,5.107,1.0,44.5772705078125,20.68951524292854,25.554269618354738,4356b6636130287db5ceeecbe4d5f187,f0f0f2fefcfcf8f8,True,2588x1958
4b5ffea77373,2,/kaggle/input/competitions/aptos2019-blindness-detection/train_images/4b5ffea77373.png,3216,2136,6.87,3.282,0.841,81.65086364746094,33.236503537616116,134.008556160843,c9cf1f958b0181979c6b5fb3c6753e03,fef2e0c1c1c2c6c4,False,3216x2136
4b618537d52f,3,/kaggle/input/competitions/aptos2019-blindness-detection/train_images/4b618537d52f.png,2416,1736,4.19,1.87,0.935,91.65299987792969,33.81943673390039,126.8307996855583,96003cad4ed51f8c426748c2ae480e11,e8b8b0f8c89086cc,False,2416x1736
4b6895d0cf8d,0,/kaggle/input/competitions/aptos2019-blindness-detection/train_images/4b6895d0cf8d.png,819,614,0.5,0.322,0.931,39.17900085449219,25.3924209524018,35.447228848934174,50f186a6531e4930d29703390e93b874,f0a89c1c1cb4e0e0,True,819x614
4b6cb0bcfd44,0,/kaggle/input/competitions/aptos2019-blindness-detection/train_images/4b6cb0bcfd44.png,2048,1536,3.15,1.836,0.604,64.65383911132812,37.58647479716895,71.93070453568362,dd1672f0aa6d9607333edf59f846754f,f0ce8e8e8cd8f0f0,False,2048x1536
4bcee3cbe232,0,/kaggle/input/competitions/aptos2019-blindness-detection/train_images/4bcee3cbe232.png,1050,1050,1.1,1.071,1.0,77.98777770996094,44.05663628875329,140.0598021708429,f72a886dfe1807918d7a23a2f98a8a4f,f0f8fcdcf8f0f0f0,False,1050x1050
4bd5d0b30198,0,/kaggle/input/competitions/aptos2019-blindness-detection/train_images/4bd5d0b30198.png,1050,1050,1.1,1.019,1.0,74.63084411621094,40.56447339290164,156.14176305755973,a6909fa58f87d1bd059c403bbb72fa98,f0f0e0e0e0e0f0f0,False,1050x1050
4bd941611343,4,/kaggle/input/competitions/aptos2019-blindness-detection/train_images/4bd941611343.png,2588,1958,5.07,3.966,0.995,61.7496337890625,25.5673304213728,42.76291517820209,29f927bd50b87687eccbdca5bf0dd861,f0d89e1e1e0686c8,False,2588x1958
4beeca5cc859,0,/kaggle/input/competitions/aptos2019-blindness-detection/train_images/4beeca5cc859.png,1050,1050,1.1,1.006,1.0,75.83999633789062,42.42056609859169,110.87456630170345,5ceef503990ae3f16591e9782c907660,f0f8f0e0e0f0f0f0,False,1050x1050
4c129470cec4,1,/kaggle/input/competitions/aptos2019-blindness-detection/train_images/4c129470cec4.png,2416,1736,4.19,1.958,0.935,90.274658203125,33.02435424828148,175.44071028358303,df8c101d39665b513fe5f83bc874b1c8,f8f8f87c767c9c98,False,2416x1736
4c17e85686f0,0,/kaggle/input/competitions/aptos2019-blindness-detection/train_images/4c17e85686f0.png,1050,1050,1.1,0.887,1.0,99.00001525878906,51.9267688962321,186.88319422211498,1bf80195c6e14d27a7ebcd3cac6c3fa4,f0f0e0e0e0e0e8f0,False,1050x1050
4c389d033cb0,0,/kaggle/input/competitions/aptos2019-blindness-detection/train_images/4c389d033cb0.png,2048,1536,3.15,1.916,0.604,87.34239196777344,48.289262846829715,159.4800005198922,e72059017b455b4def4a4d104e43ed6a,f0f8fcfcdcf8f8f0,False,2048x1536
4c3c1ed09771,1,/kaggle/input/competitions/aptos2019-blindness-detection/train_images/4c3c1ed09771.png,2416,1736,4.19,2.075,0.934,113.79331970214844,41.290138185817376,246.0671885011252,6862119dffbea51f07db05e5f37da811,f6fafccecdd882c0,False,2416x1736
4c52922f3bfd,2,/kaggle/input/competitions/aptos2019-blindness-detection/train_images/4c52922f3bfd.png,2416,1736,4.19,2.307,0.934,60.92845153808594,25.109003547777924,51.85807250440121,f6cd7348d33fac25aa3cf626db4c72b0,f4e0f0f0f0f0b0c0,False,2416x1736
4c53cc97ea13,0,/kaggle/input/competitions/aptos2019-blindness-detection/train_images/4c53cc97ea13.png,2048,1536,3.15,1.828,0.602,36.21746826171875,23.917527799125516,54.20471163629554,30d01a39f9646dae2b1e9157d705d601,f0dcaeeeeefefcf0,True,2048x1536
4c570172778b,3,/kaggle/input/competitions/aptos2019-blindness-detection/train_images/4c570172778b.png,3388,2588,8.77,4.359,0.867,75.15904235839844,32.35282068740769,157.2648584311828,2b17d36b532b0bb9bab3b4647f6e6364,c4e0f0e0f49488e8,False,3388x2588
4c5ab774a381,0,/kaggle/input/competitions/aptos2019-blindness-detection/train_images/4c5ab774a381.png,2048,1536,3.15,1.905,0.605,96.50961303710938,51.86729281151443,162.69746401323937,d4dce25861753526c3f35132999e7ba6,f0e0e6e7e4ecfcf0,False,2048x1536
4c60b10a3a6a,3,/kaggle/input/competitions/aptos2019-blindness-detection/train_images/4c60b10a3a6a.png,2588,1958,5.07,5.175,1.0,44.81315612792969,27.572182294156484,34.17193686589599,68d5c8af3360f2d95ff007a6b3131fd8,f0f0e0f0c0c4e0e0,False,2588x1958
4c60f6fcea75,0,/kaggle/input/competitions/aptos2019-blindness-detection/train_images/4c60f6fcea75.png,819,614,0.5,0.287,0.931,43.22871398925781,24.584463707892276,26.20176027715206,27a027d21b3014fc7f5ebd76031bf387,c0c0868686c6e0e0,True,819x614
4c635a01593d,0,/kaggle/input/competitions/aptos2019-blindness-detection/train_images/4c635a01593d.png,2048,1536,3.15,1.638,0.604,68.77861022949219,38.219727918577604,108.59323756373487,5def2a03edd6644dd06aff6baf59a1d7,f0fefabcacceccf0,False,2048x1536
4c6c5a1bf5ab,0,/kaggle/input/competitions/aptos2019-blindness-detection/train_images/4c6c5a1bf5ab.png,819,614,0.5,0.375,0.931,48.39421081542969,26.58016030669638,63.31952532730065,7f926c8f37323caeb40cc8b3d214dad0,e4f4f83a78fce4f0,False,819x614
4c78d9d18da9,2,/kaggle/input/competitions/aptos2019-blindness-detection/train_images/4c78d9d18da9.png,2416,1736,4.19,2.016,0.934,67.76495361328125,29.528654850799636,86.60260964906774,299aa8f48a3f3c3c823d8519bb082b99,c0a0e0c0d08080c0,False,2416x1736
4c9f0fdaaef7,3,/kaggle/input/competitions/aptos2019-blindness-detection/train_images/4c9f0fdaaef7.png,2588,1958,5.07,5.008,1.0,43.95475769042969,24.414915252779743,16.921176127856597,31db0a0a6d73c4f546bc5b757f2322cd,c0e0e0e0c08088c0,True,2588x1958
4cae247d9909,1,/kaggle/input/competitions/aptos2019-blindness-detection/train_images/4cae247d9909.png,1050,1050,1.1,0.89,1.0,77.25096130371094,40.849013429760845,116.55511309369467,f37dd2f60de0e64fe720c9db3764686f,f0f8fcdcfcfcf4f0,False,1050x1050
4ccee4db09b6,0,/kaggle/input/competitions/aptos2019-blindness-detection/train_images/4ccee4db09b6.png,2048,1536,3.15,1.936,0.628,75.91171264648438,45.162801814607924,114.2981007003691,aa36a85cb1c1851a6307a20a75615502,70e0c0888890e4f0,False,2048x1536
4ccfa0b4e96c,4,/kaggle/input/competitions/aptos2019-blindness-detection/train_images/4ccfa0b4e96c.png,1476,1117,1.65,1.625,1.0,83.08180236816406,35.30898905248769,83.32791238930076,9cf2cd970502c8026a8377499aa1bf98,f8f8f8fcfeeefcf8,False,1476x1117
4cddfc22b0ad,0,/kaggle/input/competitions/aptos2019-blindness-detection/train_images/4cddfc22b0ad.png,819,614,0.5,0.348,0.931,42.60606384277344,22.71461325328724,36.17907063453458,e5b954d169fb6a94a826d5d801042fb5,e0c4c6c686c2e0e0,True,819x614
4cde86044ad1,0,/kaggle/input/competitions/aptos2019-blindness-detection/train_images/4cde86044ad1.png,1050,1050,1.1,1.016,1.0,85.07528686523438,47.022027317836155,128.6742644822225,098345a8b3372d6cbad2fd9f198babe9,f0e0e0e2e0e0f0f0,False,1050x1050
4ce74e5eb51d,2,/kaggle/input/competitions/aptos2019-blindness-detection/train_images/4ce74e5eb51d.png,3216,2136,6.87,2.142,0.842,100.4930419921875,37.19073130228845,140.8457849638071,b5b7d8571461326767d14d895f56f41e,e0e0f0e0c0c6c2c0,False,3216x2136
4cf4d528c08e,0,/kaggle/input/competitions/aptos2019-blindness-detection/train_images/4cf4d528c08e.png,2048,1536,3.15,1.808,0.605,66.65350341796875,38.59180784816558,208.45175650622696,3fd40a2b2ad6dd0cc412d2c2671e4e7b,f086868f0f8686e0,False,2048x1536
4cfd22ae43d4,0,/kaggle/input/competitions/aptos2019-blindness-detection/train_images/4cfd22ae43d4.png,1050,1050,1.1,0.918,1.0,84.05546569824219,44.057218174085115,130.7864988707006,57998ae745121e0e7b7f48509fa550ca,f0f0fcfcfcfcf0f0,False,1050x1050
4d009cebabc9,2,/kaggle/input/competitions/aptos2019-blindness-detection/train_images/4d009cebabc9.png,3216,2136,6.87,2.923,0.842,83.40660095214844,30.825312565843074,101.51271136268042,ca9920722ee5b6afdc3ac9f2346b0013,dcfcf8eecaf0f0c0,False,3216x2136
4d167ca69ea8,0,/kaggle/input/competitions/aptos2019-blindness-detection/train_images/4d167ca69ea8.png,1050,1050,1.1,1.033,1.0,88.12614440917969,46.185616240606294,178.44913350697607,bfb4f46b7fa62a60db053effd2d6a7ed,f0f8f4fefcf0f8f0,False,1050x1050
4d17559ac1e2,0,/kaggle/input/competitions/aptos2019-blindness-detection/train_images/4d17559ac1e2.png,2588,1958,5.07,5.498,1.0,54.323211669921875,29.894917312001823,49.892196513479576,892c2359e042fe7cc21d71cb06110dba,e0e0c0c0c4c0e0e0,False,2588x1958
4d1cf360b2d7,2,/kaggle/input/competitions/aptos2019-blindness-detection/train_images/4d1cf360b2d7.png,3388,2588,8.77,7.365,0.868,100.756103515625,40.13652953091684,302.6765392681118,691b1d28dc441dd7e3acb943ba1349ab,c4c0e0c9898086cc,False,3388x2588
4d1e7def7624,0,/kaggle/input/competitions/aptos2019-blindness-detection/train_images/4d1e7def7624.png,2588,1958,5.07,5.296,1.0,52.710784912109375,27.450391438574847,48.03543051239103,b02d99f727d06f04792138915b560c19,fcfcfcfefefefcf8,False,2588x1958
4d21ce39c905,2,/kaggle/input/competitions/aptos2019-blindness-detection/train_images/4d21ce39c905.png,3216,2136,6.87,2.468,0.845,115.35440063476562,42.50176184933396,186.91915393527597,0d8f68ee37df15ec768cf2774bb847f1,ece8cc6c7cfececc,False,3216x2136
4d3de40ced3a,0,/kaggle/input/competitions/aptos2019-blindness-detection/train_images/4d3de40ced3a.png,1050,1050,1.1,1.015,1.0,80.56584167480469,43.71892972712378,132.68565241224132,a1c2c258c537927160e1fbf7907e2c13,f0fcdefefcf8f0f0,False,1050x1050
4d47300e3ddb,3,/kaggle/input/competitions/aptos2019-blindness-detection/train_images/4d47300e3ddb.png,2588,1958,5.07,5.277,1.0,53.17201232910156,26.953361611567313,43.15859524812549,8e6c277c9d95af826bf36c8ba45fe3b7,f0f8fcdcf8f0f0f0,False,2588x1958
4d7d6928534a,1,/kaggle/input/competitions/aptos2019-blindness-detection/train_images/4d7d6928534a.png,1504,1000,1.5,1.291,0.838,60.82318115234375,25.212334675946025,55.420158533146605,cb7523a83e7304c837e86cd5afdef5ab,c8808090b0d0f0f0,False,1504x1000
4d9fc85a8259,3,/kaggle/input/competitions/aptos2019-blindness-detection/train_images/4d9fc85a8259.png,2416,1736,4.19,1.964,0.934,84.95787048339844,30.54688765794691,112.66476324922405,ef39188df43c0878c8aa2f1723ad743c,f8f0f06e6eb898cc,False,2416x1736
4da2961e62fe,1,/kaggle/input/competitions/aptos2019-blindness-detection/train_images/4da2961e62fe.png,2588,1958,5.07,5.318,0.997,92.66523742675781,40.68293207198392,91.72925281152129,82cf5ae0d192929965de48cab2697f24,f0f8fcdcfcf8f0f0,False,2588x1958
4da6e2089d57,2,/kaggle/input/competitions/aptos2019-blindness-detection/train_images/4da6e2089d57.png,3216,2136,6.87,2.546,0.843,106.53935241699219,38.805183054649476,166.52264551795088,0cddf77ce731ede2bc96d237cfa6db89,d0a0f04aeed484c8,False,3216x2136
4dbce359d0e1,2,/kaggle/input/competitions/aptos2019-blindness-detection/train_images/4dbce359d0e1.png,3388,2588,8.77,7.065,0.868,89.11997985839844,37.12990008006551,184.61848501767963,22f25fb952c513672777063b86605daf,c08080c8808080c0,False,3388x2588
4dc2211a1c31,4,/kaggle/input/competitions/aptos2019-blindness-detection/train_images/4dc2211a1c31.png,2588,1958,5.07,5.573,1.0,74.45761108398438,32.52512978356292,53.873992681503296,de92d120a2b556406911cbb925d8f101,f8f8fcfef7f6fcf8,False,2588x1958
4dd14c380696,0,/kaggle/input/competitions/aptos2019-blindness-detection/train_images/4dd14c380696.png,819,614,0.5,0.282,0.61,61.96923828125,37.91784460138401,102.93744845478795,662508acf6786a65060d5abce084da2b,e0c080808080c0e0,False,819x614
4dd4a4bf2421,0,/kaggle/input/competitions/aptos2019-blindness-detection/train_images/4dd4a4bf2421.png,1050,1050,1.1,1.013,1.0,74.79278564453125,41.52281499949603,113.11239447607659,8620892b4ec54a6093d6fe93269638bf,f0f0e0e0e2e0e0f0,False,1050x1050
4dd5d5ccddcf,1,/kaggle/input/competitions/aptos2019-blindness-detection/train_images/4dd5d5ccddcf.png,2416,1736,4.19,2.07,0.934,66.28427124023438,26.04891182551809,67.89461280382238,d87896f4da3fe7179a8f08a878b3dbea,f0f0b088d8c0c2c4,False,2416x1736
4dd71fc7f22b,4,/kaggle/input/competitions/aptos2019-blindness-detection/train_images/4dd71fc7f22b.png,640,480,0.31,0.357,1.0,92.02903747558594,35.91973442966781,60.879147784551606,25b79d0bed7178c2fc0160e8e69c2085,8000404044000000,False,640x480
4dd7b322f342,0,/kaggle/input/competitions/aptos2019-blindness-detection/train_images/4dd7b322f342.png,819,614,0.5,0.395,0.931,74.62580871582031,59.85937891378733,123.25299046933651,d0a6a0a930b32c98ab35a2796d94c5af,f8fcfcdefe9080c0,False,819x614
4dd9d29eae5d,1,/kaggle/input/competitions/aptos2019-blindness-detection/train_images/4dd9d29eae5d.png,2588,1958,5.07,5.066,1.0,52.09553527832031,21.784911750305625,22.758848370751366,a8846a6d3fbf9f70e3fab2e697571e1a,fcfaf8f9c58ccce0,True,2588x1958
4df6a81b476e,3,/kaggle/input/competitions/aptos2019-blindness-detection/train_images/4df6a81b476e.png,2588,1958,5.07,5.616,1.0,56.96424865722656,28.13963357221971,68.26526125683449,83eb59a55cd1ee5c9d873050377e3cd4,f8fcfceeeefcf8f0,False,2588x1958
4e0656629d02,1,/kaggle/input/competitions/aptos2019-blindness-detection/train_images/4e0656629d02.png,2588,1958,5.07,5.417,1.0,61.38771057128906,31.32829051889287,52.436472518136725,aacfc3518da3e40aa09be3d55d661eba,bc383cc4e5f0f2f0,False,2588x1958
4e1e252317b5,0,/kaggle/input/competitions/aptos2019-blindness-detection/train_images/4e1e252317b5.png,1050,1050,1.1,0.977,1.0,88.79367065429688,46.62204436717184,159.6260627207812,fb58427fb033708bed01b75afdd03608,f0f8fc9c9c9cd8f0,False,1050x1050
4e231670b48c,0,/kaggle/input/competitions/aptos2019-blindness-detection/train_images/4e231670b48c.png,1050,1050,1.1,1.111,1.0,72.98342895507812,40.848532037745876,120.00178933865391,3ed73f44efd22437767f95c4be5d4c78,f0f0e0e0e0f0f0f0,False,1050x1050
4e43d05cc2ef,2,/kaggle/input/competitions/aptos2019-blindness-detection/train_images/4e43d05cc2ef.png,2416,1736,4.19,2.227,0.934,71.21246337890625,26.911679995892037,82.04444116353989,bfd98da4560b805024d3838d0e1858bd,c4e0e2e1e1c080c4,False,2416x1736
4e4a6224a04e,0,/kaggle/input/competitions/aptos2019-blindness-detection/train_images/4e4a6224a04e.png,1050,1050,1.1,1.027,1.0,83.84693908691406,45.77282273085679,141.95478019840084,0bf624e34887851bd14a994b692d8dd3,f0e0c0c4c0e0f0f0,False,1050x1050
4e54ccfd49b2,0,/kaggle/input/competitions/aptos2019-blindness-detection/train_images/4e54ccfd49b2.png,1050,1050,1.1,0.916,1.0,84.20550537109375,43.4875877918805,136.29974596737884,0fbf3a8c876efbbc917649a47ab7a814,f0f8fcfefcf8c0f0,False,1050x1050
4e6071b73120,1,/kaggle/input/competitions/aptos2019-blindness-detection/train_images/4e6071b73120.png,1844,1226,2.26,1.0,0.813,56.235595703125,23.43719283729183,42.62577274045907,b4fd72d2e2980b5bd9c385bc262d9dd8,f0e0f0d0988cccec,False,1844x1226
4e7694eebb91,2,/kaggle/input/competitions/aptos2019-blindness-detection/train_images/4e7694eebb91.png,2416,1736,4.19,2.162,0.934,66.79888916015625,24.765694424910965,78.5104610545095,f852c24da2e6567d3024b72e8a2ac1f1,c0f0f87073c286c4,False,2416x1736
4e82c3c8d31f,1,/kaggle/input/competitions/aptos2019-blindness-detection/train_images/4e82c3c8d31f.png,3388,2588,8.77,7.261,0.869,83.83676147460938,34.20720492183902,170.0287812219467,59da59949984d5684647e78ae87aedb2,f8f8f2eeeefebcc8,False,3388x2588
4e8585a96739,0,/kaggle/input/competitions/aptos2019-blindness-detection/train_images/4e8585a96739.png,819,614,0.5,0.372,0.931,48.61628723144531,26.76731804672572,50.32935538305901,c1f0a7bdd0466c37a88ca6573040363f,c088c6d4d6d0e0f0,False,819x614
4e85aa647534,0,/kaggle/input/competitions/aptos2019-blindness-detection/train_images/4e85aa647534.png,819,614,0.5,0.286,0.61,64.96841430664062,38.56984540430443,136.6144673486706,715ded70673318a8237cdd99be4bc47c,e0808c160e8e9cf0,False,819x614
4eabad7948cf,0,/kaggle/input/competitions/aptos2019-blindness-detection/train_images/4eabad7948cf.png,2048,1536,3.15,1.769,0.602,39.403045654296875,22.853436739407815,42.61305796727538,cc1f5c25713156143141f28edf09fda1,f0dcae6e6efefcf0,True,2048x1536
4eaf2f81819d,0,/kaggle/input/competitions/aptos2019-blindness-detection/train_images/4eaf2f81819d.png,1050,1050,1.1,0.995,1.0,79.6058349609375,43.6525218342129,127.39507914497517,44977f457624565728dfca862a89a5cc,f0f0e0c0c0e0f0f0,False,1050x1050
4ec7796df40e,0,/kaggle/input/competitions/aptos2019-blindness-detection/train_images/4ec7796df40e.png,2048,1536,3.15,1.907,0.605,94.52351379394531,53.092863637870046,250.8435276353266,ff4071ea889772db2bcf85de1253daaf,f0c28c0c1d8686f0,False,2048x1536
4ecd1fdd1435,1,/kaggle/input/competitions/aptos2019-blindness-detection/train_images/4ecd1fdd1435.png,2416,1736,4.19,2.224,0.934,60.34016418457031,22.76253816950904,71.99787443038076,c77a5acfac43ffe1c5b0985babbbb786,d0b0f06c6eae9edc,False,2416x1736
4ed31cc07366,2,/kaggle/input/competitions/aptos2019-blindness-detection/train_images/4ed31cc07366.png,3216,2136,6.87,3.201,0.843,124.8326416015625,46.09197633191809,252.33851903304458,3ded0b8b4ba6bbaffb6afece7a08cafe,f4f8fcfcdcf8f8c8,False,3216x2136
4ee1ad981a6d,2,/kaggle/input/competitions/aptos2019-blindness-detection/train_images/4ee1ad981a6d.png,2588,1958,5.07,5.391,1.0,74.53074645996094,39.787165328407646,35.792629865696654,0add39f7e055337ceb105611d6289813,e0e0e0e0c08088c0,False,2588x1958
4ef0b485a7da,2,/kaggle/input/competitions/aptos2019-blindness-detection/train_images/4ef0b485a7da.png,1050,1050,1.1,0.865,1.0,69.6563720703125,37.789203724568665,98.16120619117282,8f95fce44579bfe7f3fb6b8bf2e6c43e,f0f0dededce0c0f0,False,1050x1050
4ef16a53d899,0,/kaggle/input/competitions/aptos2019-blindness-detection/train_images/4ef16a53d899.png,819,614,0.5,0.288,0.606,44.77033996582031,26.612276541822332,62.025094747543335,e3d24da8385e619345cac2ff4eea32b1,f09c9e4e7efcfcf0,False,819x614
4ef7144e24ff,1,/kaggle/input/competitions/aptos2019-blindness-detection/train_images/4ef7144e24ff.png,2416,1736,4.19,1.878,0.934,98.09904479980469,35.44151369005393,139.97389607783407,ac91e3d7cc57bd4ae7d03b9f16ae2121,e0c0e080808082c4,False,2416x1736
4f0866b90c27,3,/kaggle/input/competitions/aptos2019-blindness-detection/train_images/4f0866b90c27.png,2896,1944,5.63,2.007,0.637,53.329742431640625,26.668688900706798,64.3476957641542,1e3884d2bfdbaa390f30e9ba4ec04d89,f0e8e4e4ce8e8ecc,False,2896x1944
4f20f9a9a65b,2,/kaggle/input/competitions/aptos2019-blindness-detection/train_images/4f20f9a9a65b.png,2588,1958,5.07,5.222,1.0,46.58485412597656,23.444614846583608,34.28219437226653,fc5328af7a41456d354f3f75ae34de32,f0f0fcfcdcfcfcf8,False,2588x1958
4f46d7ee61ed,2,/kaggle/input/competitions/aptos2019-blindness-detection/train_images/4f46d7ee61ed.png,3216,2136,6.87,2.943,0.842,99.33059692382812,36.494851214200224,198.3606522360351,0493dab085b8d22caa5cabd8dc6f2bbe,cc98a0626ac28ecc,False,3216x2136
4f5dd7660b17,0,/kaggle/input/competitions/aptos2019-blindness-detection/train_images/4f5dd7660b17.png,2416,1736,4.19,1.975,0.934,88.17103576660156,31.458034077504365,100.86509381886572,ea525c146377846feb2a255884e9594b,d0f0f0e0a8a880c4,False,2416x1736
4f60129e9a5b,2,/kaggle/input/competitions/aptos2019-blindness-detection/train_images/4f60129e9a5b.png,3216,2136,6.87,2.856,0.842,86.18626403808594,32.25362814075799,114.19422682747245,4c845ad672761d9bd4fc6f7c01dd6ac8,f8f8f0e8eeceeefc,False,3216x2136
4f6abc40c72d,0,/kaggle/input/competitions/aptos2019-blindness-detection/train_images/4f6abc40c72d.png,1050,1050,1.1,0.83,1.0,73.64457702636719,39.25332571776972,105.39573930180632,ad8f7ea71f167a349b8a68591d6f1e74,f0e0e0c0c4e0f0f0,False,1050x1050
4f7755e74a9e,1,/kaggle/input/competitions/aptos2019-blindness-detection/train_images/4f7755e74a9e.png,2416,1736,4.19,2.157,0.935,109.24876403808594,41.88647402122664,263.1996505474672,90e0f34c0a427732b489f55bc466a6ef,c0e0f0c1c5c182c6,False,2416x1736
4fa26d065ad3,1,/kaggle/input/competitions/aptos2019-blindness-detection/train_images/4fa26d065ad3.png,2416,1736,4.19,2.378,0.934,85.56895446777344,32.64762763589534,133.1249951159116,1997f7e27faea145fd03419a6e1886c9,e6f0f8fcdcfcb8f0,False,2416x1736
4faf4063db8c,0,/kaggle/input/competitions/aptos2019-blindness-detection/train_images/4faf4063db8c.png,1050,1050,1.1,1.017,1.0,79.56024169921875,42.80619325228685,127.175725992769,eb918c36f8400d25d341b2b753609d61,f0e0e0c0c2c0e0f0,False,1050x1050
4fd5ec0dca09,0,/kaggle/input/competitions/aptos2019-blindness-detection/train_images/4fd5ec0dca09.png,819,614,0.5,0.297,0.606,84.00056457519531,44.37264328907593,144.97168501839042,5f6b161ed312657c3b78ea2c65148d37,f0f4debc9c9cc4f0,False,819x614
4fecf87184e6,3,/kaggle/input/competitions/aptos2019-blindness-detection/train_images/4fecf87184e6.png,2416,1736,4.19,2.471,0.934,70.65632629394531,25.561302679209852,107.23068883642554,76773eca8d3a286e9baf4c146745d912,f8f8e8e646f694c0,False,2416x1736
4fef9ed8a4c5,3,/kaggle/input/competitions/aptos2019-blindness-detection/train_images/4fef9ed8a4c5.png,3216,2136,6.87,2.846,0.842,67.37860107421875,27.804505892846763,59.91535812243819,e0ca2119a0d239a85a1f430b3cb36a90,e0c0e08888c0e0e0,False,3216x2136
4ffa38550c95,0,/kaggle/input/competitions/aptos2019-blindness-detection/train_images/4ffa38550c95.png,2048,1536,3.15,1.873,0.604,77.92486572265625,49.828132355425694,249.98582403897308,08e7968938080095ebe8d97bf038ad69,f8fefebf9fdedcf0,False,2048x1536
500aad15b7c8,0,/kaggle/input/competitions/aptos2019-blindness-detection/train_images/500aad15b7c8.png,2048,1536,3.15,1.935,0.605,77.65653991699219,47.240588354988574,131.79381132102571,fe0992b16250412835b778c445aebcf1,e0c2808088c0e0f0,False,2048x1536
501c319f7a9f,0,/kaggle/input/competitions/aptos2019-blindness-detection/train_images/501c319f7a9f.png,1050,1050,1.1,0.97,1.0,88.66856384277344,47.47824174564864,141.85477478406392,da88839938023f1fedb7fc4f3c3e944c,f0fceeeefefce8f0,False,1050x1050
504a69096fcb,0,/kaggle/input/competitions/aptos2019-blindness-detection/train_images/504a69096fcb.png,1050,1050,1.1,1.054,1.0,81.21646118164062,45.500509620860456,140.1520953439176,90414f3b8b74416dd8b15fe55182aa3c,f0c0c0c4c0e0f0f0,False,1050x1050
5056fa7d505f,0,/kaggle/input/competitions/aptos2019-blindness-detection/train_images/5056fa7d505f.png,819,614,0.5,0.325,0.931,51.91328430175781,29.154333497133706,44.756477773189545,cfa8d34e29503aaa25802a9e336c3f9a,fcfc9e9e9e9ae0f0,False,819x614
5069feccd866,0,/kaggle/input/competitions/aptos2019-blindness-detection/train_images/5069feccd866.png,2048,1536,3.15,1.921,0.602,47.238983154296875,27.030547499744557,62.261668927036226,84cc1df3c05d77cbbb4efd03f407cc9c,f0f686c7c7c6f4f0,False,2048x1536
5077cdb88aed,0,/kaggle/input/competitions/aptos2019-blindness-detection/train_images/5077cdb88aed.png,1050,1050,1.1,0.988,1.0,87.10855102539062,45.15418865726612,155.4951529481914,00bc10344f0d73cb8f2d8fe926a94906,f0d8b81c9cfcfcf0,False,1050x1050
5078caaf1f57,0,/kaggle/input/competitions/aptos2019-blindness-detection/train_images/5078caaf1f57.png,819,614,0.5,0.298,0.931,44.91246032714844,22.856004103903842,30.78698905929923,adea241fc485a464ac0ebc327ad63496,ecf0fa3878fcece8,False,819x614
50840c36f0b4,1,/kaggle/input/competitions/aptos2019-blindness-detection/train_images/50840c36f0b4.png,2588,1958,5.07,5.598,1.0,79.56033325195312,35.45283264170275,69.3664973815903,0d20ccaeb318d3772f70678a002bd6e1,f0e0c0c4e0e0f0f0,False,2588x1958
5090917a2676,1,/kaggle/input/competitions/aptos2019-blindness-detection/train_images/5090917a2676.png,2588,1958,5.07,5.473,1.0,70.75028991699219,38.47384557636544,62.679824243998155,34438c9cc40171ad17bbdb6378bf7f01,f8fcfcfcfefefcfc,False,2588x1958
50915e2329a1,0,/kaggle/input/competitions/aptos2019-blindness-detection/train_images/50915e2329a1.png,2048,1536,3.15,1.918,0.605,108.36618041992188,59.91668796842115,437.95926908566616,53012df610f9344d201545de396c4ff3,f08e9e1f0e8e8cf0,False,2048x1536
50916d67bb51,0,/kaggle/input/competitions/aptos2019-blindness-detection/train_images/50916d67bb51.png,1050,1050,1.1,0.901,1.0,88.77224731445312,47.679289154830414,140.77842164691538,5736a8a1e6000df320530b5be714947e,f0e0c0c4c0c0e0f0,False,1050x1050
50a2aef380c8,3,/kaggle/input/competitions/aptos2019-blindness-detection/train_images/50a2aef380c8.png,3216,2136,6.87,2.891,0.842,94.8768310546875,34.89056066408047,130.95302366442047,f9c5d93c9552cfa4904274c97778615c,e8f0f87efeeededc,False,3216x2136
50d8249f7bc9,0,/kaggle/input/competitions/aptos2019-blindness-detection/train_images/50d8249f7bc9.png,2048,1536,3.15,1.897,0.605,90.9736328125,53.57918448970617,163.2080348096788,b20d9a013bff5c77b8946de57909975f,f0f8fcfcdcfcf8f0,False,2048x1536
50d8a8fb7737,2,/kaggle/input/competitions/aptos2019-blindness-detection/train_images/50d8a8fb7737.png,2588,1958,5.07,5.215,1.0,46.2073974609375,30.905843932403076,68.63479872210883,2d203013ae730a59b18b45e1bac288bf,f0f0f0f0f0d8d0f0,False,2588x1958
50ddd7d976df,0,/kaggle/input/competitions/aptos2019-blindness-detection/train_images/50ddd7d976df.png,2588,1958,5.07,5.257,1.0,60.961517333984375,25.28992982067005,31.102558171143755,644485c7b92fddecc85e84dd1a95401d,f0e0c0c4c4e0e0f0,False,2588x1958
50f5201fd18a,0,/kaggle/input/competitions/aptos2019-blindness-detection/train_images/50f5201fd18a.png,819,614,0.5,0.306,0.606,77.17588806152344,43.11436893743444,119.46724274917506,8e502de9cb5f6c3246876a7286e00da0,f0e0e0c0c2e0e0f0,False,819x614
51030843fde2,2,/kaggle/input/competitions/aptos2019-blindness-detection/train_images/51030843fde2.png,3216,2136,6.87,2.558,0.842,79.10206604003906,29.8111524054874,109.49690903513692,4a1311250a7658c53149606c744be60d,c0b0e061428686c4,False,3216x2136
510aa0a898fa,2,/kaggle/input/competitions/aptos2019-blindness-detection/train_images/510aa0a898fa.png,2588,1958,5.07,5.3,1.0,52.27850341796875,22.034150669119537,28.39519731863402,ea1368d217183b0a7c460575482a42d3,e0e0e0e0e7e6e4f0,True,2588x1958
51131b48f9d4,1,/kaggle/input/competitions/aptos2019-blindness-detection/train_images/51131b48f9d4.png,2416,1736,4.19,2.512,0.934,86.26663208007812,34.679987764946546,115.32563672750257,ece61abc754cc776d087ab5ba13e3837,f0f0f0c0c0e0f2d4,False,2416x1736
511fd66b2df8,0,/kaggle/input/competitions/aptos2019-blindness-detection/train_images/511fd66b2df8.png,2588,1958,5.07,5.552,1.0,64.15975952148438,35.76071482705806,76.51079693972133,57d4e1480c0316bd968e7dd05dec54e4,f8fcfeeefcfcf0f0,False,2588x1958
51269b77d312,3,/kaggle/input/competitions/aptos2019-blindness-detection/train_images/51269b77d312.png,2416,1736,4.19,2.451,0.934,78.18934631347656,28.59245786697849,122.21500884904526,8c2026d802bcf128168afa54b02c3ef4,f0e0d0c0988c82c4,False,2416x1736
513b0a4651fa,1,/kaggle/input/competitions/aptos2019-blindness-detection/train_images/513b0a4651fa.png,1050,1050,1.1,0.966,1.0,75.68626403808594,40.65804025164765,131.63674460351467,e42546b09edf09bb981105449bcd5636,f0f8dcfcf8f0c4f0,False,1050x1050
51405d042000,2,/kaggle/input/competitions/aptos2019-blindness-detection/train_images/51405d042000.png,3216,2136,6.87,3.02,0.845,100.86447143554688,37.71831233145536,177.10970785631798,5404bb4396dbddeec732aba34f047a32,c8ccec4e2c8888c4,False,3216x2136
5152bf091152,2,/kaggle/input/competitions/aptos2019-blindness-detection/train_images/5152bf091152.png,3216,2136,6.87,2.269,0.843,88.09962463378906,32.582407671226846,147.3750411933288,a1acad08164ae2d79540d4baa2b27ae5,f8fcf86eeef0b4cc,False,3216x2136
5173d54fc214,2,/kaggle/input/competitions/aptos2019-blindness-detection/train_images/5173d54fc214.png,3216,2136,6.87,3.139,0.842,100.89260864257812,38.65871662573766,156.90758611424826,ea785c939889aa4825caa132dfb18be5,f0f0f0ecf4ece4d0,False,3216x2136
5188a8afa879,2,/kaggle/input/competitions/aptos2019-blindness-detection/train_images/5188a8afa879.png,3216,2136,6.87,2.132,0.843,102.35108947753906,36.856232144280526,160.85977292223834,5e0265546ad62dd1cbb2732e31fa72cd,d0b0f0c0808882c8,False,3216x2136
518e880613de,4,/kaggle/input/competitions/aptos2019-blindness-detection/train_images/518e880613de.png,3216,2136,6.87,2.558,0.842,87.04573059082031,32.74710884329942,121.44123187265359,b2369487b21940031935c7bd9b2c0969,c680f040d0c088c4,False,3216x2136
519c6e8f78dc,0,/kaggle/input/competitions/aptos2019-blindness-detection/train_images/519c6e8f78dc.png,2048,1536,3.15,1.956,0.605,66.3167724609375,36.32501158611555,113.21738680801354,8e74cd81fda421a88f6ff78476b0e919,f0de98ac98f8fcf0,False,2048x1536
51a078d6d43a,0,/kaggle/input/competitions/aptos2019-blindness-detection/train_images/51a078d6d43a.png,1050,1050,1.1,0.95,1.0,76.35615539550781,40.427362927004175,126.8819357433822,0632af078d7eec7c4fb300c08061ac88,f0e0c0c0c6c0e0f0,False,1050x1050
51a1d162e223,4,/kaggle/input/competitions/aptos2019-blindness-detection/train_images/51a1d162e223.png,1844,1226,2.26,1.049,0.818,81.89549255371094,34.37328680667395,92.40498493029736,a9ab33c0cc4cb9b222b4afa3d2fa1d26,c8dcdcccbcf892c4,False,1844x1226
51aa3361294c,0,/kaggle/input/competitions/aptos2019-blindness-detection/train_images/51aa3361294c.png,819,614,0.5,0.347,0.931,46.81401062011719,25.095971178672606,44.617665520869195,37df59d27dc018eab06ccea27a2743d0,c4848494f0e0f8f0,False,819x614
51af8a689511,0,/kaggle/input/competitions/aptos2019-blindness-detection/train_images/51af8a689511.png,1050,1050,1.1,0.929,1.0,73.86395263671875,40.28434605418563,111.97057518339716,3533277abacfec20429ac51ec71efe48,f0e0c0c0c0c0e0f0,False,1050x1050
51af8c112682,4,/kaggle/input/competitions/aptos2019-blindness-detection/train_images/51af8c112682.png,2588,1958,5.07,5.371,1.0,74.80201721191406,30.326506955617198,39.529645844362676,05a5ddd7eca88afa42c365fa06dcf113,f8f8fcfedcccb8f0,False,2588x1958
51cd8d2057fa,0,/kaggle/input/competitions/aptos2019-blindness-detection/train_images/51cd8d2057fa.png,1050,1050,1.1,1.025,1.0,69.32914733886719,39.04904552719542,96.63410248979926,3b64abfb0ac283ce1626083993a282f0,f0f0f8fcdcf8f0f0,False,1050x1050
51cfeccaf40d,2,/kaggle/input/competitions/aptos2019-blindness-detection/train_images/51cfeccaf40d.png,3216,2136,6.87,2.225,0.842,86.69171142578125,32.24599256534286,100.18729121889919,a139c1fb43b78f4c1f9847d0583241b0,d890c0caeaa082c0,False,3216x2136
51d0034d177d,2,/kaggle/input/competitions/aptos2019-blindness-detection/train_images/51d0034d177d.png,2588,1958,5.07,4.882,1.0,30.625244140625,14.324166018240982,9.433280972531065,30c34c6e3dcad5ff3b956d96f4502d4f,f4f0f0f0c0e0f0e0,True,2588x1958
51d574513bcb,2,/kaggle/input/competitions/aptos2019-blindness-detection/train_images/51d574513bcb.png,1844,1226,2.26,0.996,0.818,74.72695922851562,32.77025233340323,78.456966932863,6cf57e326187902dc6988eb332d0bc3b,f8f8f8eaf0f080c4,False,1844x1226
51d780864365,2,/kaggle/input/competitions/aptos2019-blindness-detection/train_images/51d780864365.png,2416,1736,4.19,2.435,0.935,108.76628112792969,38.756590670944306,220.6363290688023,97050645324f01e9ff084314834f6aa9,f8faec6c6cecaac4,False,2416x1736
51da6aebba8f,3,/kaggle/input/competitions/aptos2019-blindness-detection/train_images/51da6aebba8f.png,2588,1958,5.07,5.161,1.0,43.44786071777344,19.604510197132385,32.53407460078597,74146defc4e396d0c975d33d85a8a8cc,dcf4b4a8e8f0f8d0,False,2588x1958
51e656e5a541,0,/kaggle/input/competitions/aptos2019-blindness-detection/train_images/51e656e5a541.png,819,614,0.5,0.287,0.606,68.9395751953125,39.491564411073846,72.81089363992214,496a9941b8f2b61ec75180d0e7132da4,f0f8fcfeeefcf8f0,False,819x614
521b5377a727,0,/kaggle/input/competitions/aptos2019-blindness-detection/train_images/521b5377a727.png,819,614,0.5,0.315,0.931,38.285247802734375,25.168486075014975,26.696583974873647,51b9b667685eb1cb6fba93d53a1968d5,c0e0c0c68686c4e0,True,819x614
521d3e264d71,2,/kaggle/input/competitions/aptos2019-blindness-detection/train_images/521d3e264d71.png,1504,1000,1.5,1.314,0.814,57.988311767578125,24.082349338561627,55.22487749508582,bd50c5d39c29e48294f5a73dbf0e43a5,90d8d0d0d8f8f8f8,False,1504x1000
52230bbef30e,2,/kaggle/input/competitions/aptos2019-blindness-detection/train_images/52230bbef30e.png,2416,1736,4.19,2.013,0.934,82.08285522460938,28.915172845845387,139.7100969394669,2c7346f51870255f34d072a90e7a98b2,c682f061a9e8dacc,False,2416x1736
523b3f0fc646,1,/kaggle/input/competitions/aptos2019-blindness-detection/train_images/523b3f0fc646.png,2588,1958,5.07,5.145,1.0,42.46556091308594,20.536275735346923,24.86816057912074,0ebb56387145c56d7dee8d0e390ee04b,f0e0e0c0c8c8e0e0,True,2588x1958
523d0c2cb4d6,2,/kaggle/input/competitions/aptos2019-blindness-detection/train_images/523d0c2cb4d6.png,3216,2136,6.87,2.777,0.842,82.83161926269531,30.687343600074975,92.3892546610441,ea04a28b5f02fad8cf676292104270dd,e0e0f0f0f8ecb0f0,False,3216x2136
523ff163211b,2,/kaggle/input/competitions/aptos2019-blindness-detection/train_images/523ff163211b.png,4288,2848,12.21,5.505,0.809,73.13040161132812,29.21801824467781,155.6913789724931,6c48f2dea0992e2566e6e24fa860a552,d6f2e9c9cc8480c4,False,4288x2848
524f240e0c90,2,/kaggle/input/competitions/aptos2019-blindness-detection/train_images/524f240e0c90.png,3216,2136,6.87,3.088,0.842,91.75459289550781,35.15729775295007,129.62735034315847,a1692aa764639bbdae555bcbd37746e9,f0f8e8eaeec4e0c0,False,3216x2136
5257cb536da2,0,/kaggle/input/competitions/aptos2019-blindness-detection/train_images/5257cb536da2.png,819,614,0.5,0.394,0.931,63.7982177734375,31.36806350734169,89.90094078239053,d9f38a9caa5ce7b6a328aab39ab66702,fceeea9a90d0e0e0,False,819x614
525acfea47e8,2,/kaggle/input/competitions/aptos2019-blindness-detection/train_images/525acfea47e8.png,2416,1736,4.19,2.139,0.934,75.05976867675781,27.576769090166255,105.21939983940683,2a93e16084b256b5525287285b93079b,f2f0f87afefcbcc8,False,2416x1736
525d0dd8dc45,0,/kaggle/input/competitions/aptos2019-blindness-detection/train_images/525d0dd8dc45.png,819,614,0.5,0.34,0.931,50.487213134765625,29.453036742606216,39.90909655368887,a1a1b713e72280cc7da9b034c08cba6a,c0c4de9e9edcf8f0,False,819x614
5264a54e1830,0,/kaggle/input/competitions/aptos2019-blindness-detection/train_images/5264a54e1830.png,819,614,0.5,0.318,0.931,52.197723388671875,27.15098456473759,39.41903994884342,e77e17582c35f09b934d025f006255e5,c0848caea48cf8f0,False,819x614
5265dc9acdf8,2,/kaggle/input/competitions/aptos2019-blindness-detection/train_images/5265dc9acdf8.png,3216,2136,6.87,2.473,0.843,93.89822387695312,34.392720741596605,126.33838543202728,60037e8d4f549aa3ca2258de9132df53,d0f0f0eaceec9cc8,False,3216x2136
527bea76116c,2,/kaggle/input/competitions/aptos2019-blindness-detection/train_images/527bea76116c.png,2416,1736,4.19,2.193,0.934,79.81100463867188,29.530649357176713,102.2226831947919,2b9a3aefa006296dff27b76d9bb11b3d,f0f0f0f8f8f8f0c0,False,2416x1736
52886bed8a07,2,/kaggle/input/competitions/aptos2019-blindness-detection/train_images/52886bed8a07.png,3216,2136,6.87,2.488,0.842,94.5677490234375,34.133583905100586,125.64849005639553,cac6dfc97497373a156b1b857a126525,f8f0f066e6f4b2c8,False,3216x2136
5288f7441f64,0,/kaggle/input/competitions/aptos2019-blindness-detection/train_images/5288f7441f64.png,819,614,0.5,0.258,0.606,68.38728332519531,36.80694514581244,98.19328361656517,3bd33d26b55dd0c75d579c14a89b846e,f0ccc6f7e7f6fcf0,False,819x614
5293576816aa,0,/kaggle/input/competitions/aptos2019-blindness-detection/train_images/5293576816aa.png,1050,1050,1.1,1.022,1.0,79.96890258789062,44.02131494153064,115.08553769811988,e20f5babd85d46be0afd243e26354885,f0f0e0e0e0e0f0f0,False,1050x1050
529906ff9dfa,0,/kaggle/input/competitions/aptos2019-blindness-detection/train_images/529906ff9dfa.png,1050,1050,1.1,0.903,1.0,98.4713134765625,52.12124321212901,172.50121070235036,9de15289e6b49f7452d99edce9625e48,f0f8fcdefcfcf8f0,False,1050x1050
5299a532f0e0,0,/kaggle/input/competitions/aptos2019-blindness-detection/train_images/5299a532f0e0.png,1050,1050,1.1,0.885,1.0,79.22897338867188,41.34565510651972,120.10722401365638,0319974b1115f4917d2208cc193f9a15,f0f8fcdefcf8e0f0,False,1050x1050
52ae917fcea4,1,/kaggle/input/competitions/aptos2019-blindness-detection/train_images/52ae917fcea4.png,2416,1736,4.19,2.623,0.934,68.73797607421875,27.829657115063522,78.90792273893021,89ed829f811e6e52a31961c4db059b65,d8f8f8f8c8d8f8f4,False,2416x1736
52dbec057cc8,2,/kaggle/input/competitions/aptos2019-blindness-detection/train_images/52dbec057cc8.png,3216,2136,6.87,2.199,0.845,100.27371215820312,38.261062548471465,158.3106939708814,b4b17c6c23ff3e1c2a739236d34b906e,f0f8f839b9f2b6cc,False,3216x2136
52ddde91a349,0,/kaggle/input/competitions/aptos2019-blindness-detection/train_images/52ddde91a349.png,1050,1050,1.1,1.028,1.0,83.81556701660156,45.1543694458874,143.08172809705138,2e286bf00f78f49b97f9a93cb39f743c,f0f0e0c0c4e0e0f0,False,1050x1050
52edbe29d655,0,/kaggle/input/competitions/aptos2019-blindness-detection/train_images/52edbe29d655.png,1050,1050,1.1,0.907,1.0,72.67024230957031,39.17222530790931,112.16391005530022,36172e046108f1fa30414f57ad504140,f0e0c0c2c0e0e0f0,False,1050x1050
530d78467615,2,/kaggle/input/competitions/aptos2019-blindness-detection/train_images/530d78467615.png,3216,2136,6.87,5.852,0.842,56.33711242675781,23.82150880711521,64.63066483195871,27e6970be8d58fb48d4385eb902d9f74,dcd4f86efcfcfcfc,False,3216x2136
531b39880c32,1,/kaggle/input/competitions/aptos2019-blindness-detection/train_images/531b39880c32.png,2416,1736,4.19,2.062,0.934,61.48301696777344,24.392221198259488,73.67161252698861,15f5d78f0a5fab1d424b8227f70a0247,c0b0f0684c8484c0,False,2416x1736
5321ab64f9ea,0,/kaggle/input/competitions/aptos2019-blindness-detection/train_images/5321ab64f9ea.png,1050,1050,1.1,1.087,1.0,83.58790588378906,45.782237146427946,153.4254874882754,dd51326a7d23197425f6521e3cb3e4ee,f0f0e0e0e0e0f0f0,False,1050x1050
53273d664cd8,0,/kaggle/input/competitions/aptos2019-blindness-detection/train_images/53273d664cd8.png,1050,1050,1.1,1.007,1.0,81.44456481933594,44.25419650317828,130.6015282534063,2f9aa4788cf90744ea999b30f91f67b0,f0f0e0c0c2e0f0f0,False,1050x1050
5327f88a1919,2,/kaggle/input/competitions/aptos2019-blindness-detection/train_images/5327f88a1919.png,2588,1958,5.07,5.143,1.0,43.201080322265625,19.341138885130817,25.809992670081556,4f60d1a8622cf51bca348ca6dbf0fb23,e0c08088c8d0f0f0,True,2588x1958
53327edb9e4d,0,/kaggle/input/competitions/aptos2019-blindness-detection/train_images/53327edb9e4d.png,1050,1050,1.1,0.842,1.0,78.29522705078125,41.106847207919095,115.18705898150802,d467158a608f4bb097e38daa26ec603e,f0e0c0808888c0f0,False,1050x1050
5347b4c8e9b3,1,/kaggle/input/competitions/aptos2019-blindness-detection/train_images/5347b4c8e9b3.png,2588,1958,5.07,3.953,0.998,62.27459716796875,24.582929227080015,21.1315454558935,7f5ec12be278a6171097e97ce8080ae1,e0e0c4c4c0e0c0e0,True,2588x1958
535682537302,0,/kaggle/input/competitions/aptos2019-blindness-detection/train_images/535682537302.png,1050,1050,1.1,0.879,1.0,89.63934326171875,46.8916226251583,151.24604507908225,905e91eb8d31c13064a80f26bec65a36,f0e0c0c0c4c0e0f0,False,1050x1050
53704c80f0d8,1,/kaggle/input/competitions/aptos2019-blindness-detection/train_images/53704c80f0d8.png,2416,1736,4.19,2.279,0.934,62.18104553222656,24.15708154658316,75.00043281703256,b9c45f007a11dbe5bfb5253be6fda4ab,d8b0b078189c8ccc,False,2416x1736
537e50fdf22e,3,/kaggle/input/competitions/aptos2019-blindness-detection/train_images/537e50fdf22e.png,2896,1944,5.63,2.534,0.636,72.78741455078125,31.96348783755042,192.90848417556845,7824f4e6aff83387c666ac074c7f65bb,d4eac280938a82c4,False,2896x1944
537e5c578f40,0,/kaggle/input/competitions/aptos2019-blindness-detection/train_images/537e5c578f40.png,819,614,0.5,0.352,0.931,47.187255859375,25.271812760545437,41.94046553596854,488d3330eeb90de886ece618d2475bb7,c8f0b0b8f8d0e8e0,False,819x614
53c874dbc594,0,/kaggle/input/competitions/aptos2019-blindness-detection/train_images/53c874dbc594.png,2048,1536,3.15,1.845,0.605,81.49696350097656,50.660725873728964,244.18733500293456,ccfb5123746a6a4c3fd6ad4f26adcc74,f0cc8e8151c286e0,False,2048x1536
53ddae6a619e,0,/kaggle/input/competitions/aptos2019-blindness-detection/train_images/53ddae6a619e.png,2048,1536,3.15,1.934,0.605,75.97433471679688,42.690888314170785,104.53088514856063,c5194e75f29b139533cf81626c928594,f0f0e0c0c6e0f0f0,False,2048x1536
53f6c1c65c04,1,/kaggle/input/competitions/aptos2019-blindness-detection/train_images/53f6c1c65c04.png,2416,1736,4.19,2.23,0.934,85.82081604003906,32.43011351530131,176.09438613592647,fc7c53b888e6991afa5c96b5989560ea,c090f04ddddd8ecc,False,2416x1736
54038e56131d,0,/kaggle/input/competitions/aptos2019-blindness-detection/train_images/54038e56131d.png,1050,1050,1.1,1.01,1.0,81.6173095703125,45.58519341924724,125.76256547868252,27241cf6ace96b6790f9181e584d7d47,f0f0e0e0e2e0f0f0,False,1050x1050
540e4973829e,0,/kaggle/input/competitions/aptos2019-blindness-detection/train_images/540e4973829e.png,819,614,0.5,0.286,0.61,82.4000244140625,46.25388677976946,187.5278376636561,991e27e157efbe79ad20dbbda1609ad0,f0c6828188c0e0f0,False,819x614
541db13517e2,2,/kaggle/input/competitions/aptos2019-blindness-detection/train_images/541db13517e2.png,1844,1226,2.26,0.786,0.816,47.19624328613281,26.826602700938764,42.181658050976694,49ea735d9510ec1d131cb1761c68ccf1,f8f0dc9de18182c4,False,1844x1226
542964865b1e,0,/kaggle/input/competitions/aptos2019-blindness-detection/train_images/542964865b1e.png,1050,1050,1.1,1.045,1.0,73.87646484375,40.78996813604761,139.115226801252,0f15dfe20ea257c8d32b29a4edcc357b,f0e0c0c2c0c0e0f0,False,1050x1050
54334705a34d,0,/kaggle/input/competitions/aptos2019-blindness-detection/train_images/54334705a34d.png,2048,1536,3.15,1.925,0.605,90.55435180664062,57.567172200553884,304.18929263739847,c3d8c976536a7da04f1f6fd5c5088f31,f8dece73bbceccf0,False,2048x1536
5445255635f0,0,/kaggle/input/competitions/aptos2019-blindness-detection/train_images/5445255635f0.png,2588,1958,5.07,5.763,1.0,89.49156188964844,34.979213391271706,98.1539270428475,e1a30ea89d56a39226ddc6fc5b8614e9,f8f8f4e5f4fcf8f0,False,2588x1958
545df1bbcd61,1,/kaggle/input/competitions/aptos2019-blindness-detection/train_images/545df1bbcd61.png,1050,1050,1.1,1.007,1.0,78.85394287109375,42.086959903590376,121.60941665992141,823ac230152f0d7d47b94f5e0e2bddd6,f0f8fcbcf8f0e0f0,False,1050x1050
547b37da9223,2,/kaggle/input/competitions/aptos2019-blindness-detection/train_images/547b37da9223.png,3388,2588,8.77,6.666,0.871,79.10960388183594,31.9715081487027,133.2191985656973,5311d569836427839d3a9c44d716e0da,c0e0c088c8c080cc,False,3388x2588
5486da4273d7,2,/kaggle/input/competitions/aptos2019-blindness-detection/train_images/5486da4273d7.png,3388,2588,8.77,7.466,0.871,78.09291076660156,32.15486419718866,140.47747622430325,f5c0bc7363277c3c8cbe7119ee7ba924,d4a2e0c0c8c8c2e0,False,3388x2588
549381330191,0,/kaggle/input/competitions/aptos2019-blindness-detection/train_images/549381330191.png,1050,1050,1.1,1.068,1.0,73.35185241699219,40.06179225923579,120.19024085230194,e4edb64c1a13b3bcef68057fb3c1688e,f0c08080c0e0e0f0,False,1050x1050
54b322c66d01,0,/kaggle/input/competitions/aptos2019-blindness-detection/train_images/54b322c66d01.png,2048,1536,3.15,1.933,0.605,79.61526489257812,43.06732997326423,155.47069560643286,3872b65886ae68284fba21323b61ffca,f0c082a7c7e6e4f0,False,2048x1536
54bbe3da103e,2,/kaggle/input/competitions/aptos2019-blindness-detection/train_images/54bbe3da103e.png,2588,1958,5.07,5.23,1.0,63.29840087890625,22.045988557025144,26.664944544201717,5cea4804717e4e77a886f5712ed57784,c08080828280c2c0,True,2588x1958
54bdcdecd8f3,0,/kaggle/input/competitions/aptos2019-blindness-detection/train_images/54bdcdecd8f3.png,2048,1536,3.15,1.935,0.71,60.006439208984375,44.07287168814079,156.37209659046493,fda7e2527b0018c2d8ff7e4dd7cf2251,78e6e0d198d8f878,False,2048x1536
54cab3596214,2,/kaggle/input/competitions/aptos2019-blindness-detection/train_images/54cab3596214.png,1050,1050,1.1,1.014,1.0,86.03230285644531,46.612642852957606,147.32469689752907,6c160de869bae37fe756d0889f7bd841,f0fcf6c4c6c4f0f0,False,1050x1050
54dc6e8107cd,2,/kaggle/input/competitions/aptos2019-blindness-detection/train_images/54dc6e8107cd.png,2416,1736,4.19,1.849,0.935,113.2581787109375,45.987928650312,342.43122124299407,6f60bd7cea3f4ddb6ba5c478a3466e6b,cef6f3abb39b9ece,False,2416x1736
54f57cf26126,0,/kaggle/input/competitions/aptos2019-blindness-detection/train_images/54f57cf26126.png,2048,1536,3.15,1.944,0.604,81.08026123046875,52.95465304698247,273.1052783271298,9ff8259f045c678e457dbf53ca1db9c0,f8debe6efafef8f0,False,2048x1536
55034b1dbff2,2,/kaggle/input/competitions/aptos2019-blindness-detection/train_images/55034b1dbff2.png,3216,2136,6.87,3.47,0.842,86.43800354003906,33.287427470165525,146.73232965823263,54cccd83b2bf748eb66be152a8855d3b,d0f0f0e0e0e0f0f0,False,3216x2136
55092c0071eb,2,/kaggle/input/competitions/aptos2019-blindness-detection/train_images/55092c0071eb.png,2416,1736,4.19,2.354,0.934,71.26821899414062,27.103405560833316,106.33889853861183,bbb22c0c0e46c8a69dbfcedb02cb2e0d,e6f2f1f1f0f090c4,False,2416x1736
5511f114e7ee,0,/kaggle/input/competitions/aptos2019-blindness-detection/train_images/5511f114e7ee.png,2048,1536,3.15,1.946,0.605,72.59368896484375,39.94477632286023,107.08656497951597,06f9af6005633a40fec6cae65d5f22a6,f0c080909880c4f0,False,2048x1536
5548a7961a3e,1,/kaggle/input/competitions/aptos2019-blindness-detection/train_images/5548a7961a3e.png,2588,1958,5.07,4.868,1.0,29.031097412109375,12.462704752885736,13.148523401236162,fcddfbf2e91f2e1526008484d3885710,b8b8fcfceefcf8f8,True,2588x1958
555d0bef3c5b,0,/kaggle/input/competitions/aptos2019-blindness-detection/train_images/555d0bef3c5b.png,1050,1050,1.1,0.916,1.0,87.23551940917969,46.1818245806628,136.69055411126465,cc14f93d220f6ab4504bfc3fa3695e24,f0f0f8fcfcf8f8f0,False,1050x1050
55968f0e63c4,0,/kaggle/input/competitions/aptos2019-blindness-detection/train_images/55968f0e63c4.png,1050,1050,1.1,0.914,1.0,80.39337158203125,41.90099452631816,128.50208961125463,28d2d4669fef1fa7b2f5e349501c927a,f0f8fcbcfcfcf8f0,False,1050x1050
55eac26bd383,1,/kaggle/input/competitions/aptos2019-blindness-detection/train_images/55eac26bd383.png,2416,1736,4.19,2.07,0.934,68.07218933105469,25.77426025994834,82.30875438079238,4be681817a360f7f02671c36ac3ced5f,f8fcfcec4cde9cdc,False,2416x1736
55eb405ec71e,4,/kaggle/input/competitions/aptos2019-blindness-detection/train_images/55eb405ec71e.png,3388,2588,8.77,3.771,0.875,77.86756896972656,35.55475952030382,167.30743696447462,c05df51a119d39219b2b25f60e0bdd75,ecc6c2ca46e0c0fc,False,3388x2588
55f7f018c61c,0,/kaggle/input/competitions/aptos2019-blindness-detection/train_images/55f7f018c61c.png,2588,1958,5.07,5.171,1.0,53.23883056640625,25.598331273043097,24.09465753263794,6077a2188f720082270f7c0402282318,e0e0c0c0c0c0e0e0,True,2588x1958
55fd453001cc,2,/kaggle/input/competitions/aptos2019-blindness-detection/train_images/55fd453001cc.png,2416,1736,4.19,2.436,0.934,55.94972229003906,23.036195001242707,110.86323728784919,9322c18061fdc4da77633e92948d1d72,c2b2f16b4e8286c4,False,2416x1736
5633ced07d8e,1,/kaggle/input/competitions/aptos2019-blindness-detection/train_images/5633ced07d8e.png,2416,1736,4.19,2.08,0.934,93.50961303710938,35.221243296721674,112.3442524522543,af2cb17e50d2eb8495c922842713945d,d4f4f0f8bcf8b8dc,False,2416x1736
565f3404f9b2,0,/kaggle/input/competitions/aptos2019-blindness-detection/train_images/565f3404f9b2.png,1050,1050,1.1,1.004,1.0,80.64750671386719,43.55519794624462,126.36166583723389,ec5e264bfbea1d11fcb551e1e7f906d7,f0e0c0c0c0e0e0f0,False,1050x1050
5671eb95512b,1,/kaggle/input/competitions/aptos2019-blindness-detection/train_images/5671eb95512b.png,2416,1736,4.19,2.507,0.934,81.33087158203125,29.68635826870522,106.1566582431551,44f4c92963fa67fcd2642ee2b501b9e6,cc96b270cceeeefc,False,2416x1736
568455854a11,0,/kaggle/input/competitions/aptos2019-blindness-detection/train_images/568455854a11.png,819,614,0.5,0.302,0.606,71.36260986328125,40.140688280593615,103.92518149293028,02e58ca17c0901e45b15db40aa251aa1,f0fcfcfeeefcfcf0,False,819x614
56e56aa08362,2,/kaggle/input/competitions/aptos2019-blindness-detection/train_images/56e56aa08362.png,3216,2136,6.87,2.962,0.842,99.23089599609375,36.54604916737329,144.58087952039205,5edf040eb40f765eeec88bd0a889abad,f0e0d08888c0c0c0,False,3216x2136
5712e2aa73a2,1,/kaggle/input/competitions/aptos2019-blindness-detection/train_images/5712e2aa73a2.png,2416,1736,4.19,2.091,0.934,84.59492492675781,32.968091270085004,123.57521568238735,4fc8233244a45a61b7abad4e3fe93398,dcfcfe7e7efebedc,False,2416x1736
571bbdbf585e,0,/kaggle/input/competitions/aptos2019-blindness-detection/train_images/571bbdbf585e.png,1050,1050,1.1,0.994,1.0,93.69599914550781,50.32008665004238,158.8874193688389,1798a8115738d06df460e323e0f4b72c,f0f0f8fcdcfcf8f0,False,1050x1050
5723d0ec895e,2,/kaggle/input/competitions/aptos2019-blindness-detection/train_images/5723d0ec895e.png,2588,1958,5.07,5.261,1.0,54.68896484375,25.813183306685467,27.953044518828392,514c011b421f4c78bd43c680b8f95400,f0f8ccecf8f8f8f8,True,2588x1958
5728b8aa98ef,0,/kaggle/input/competitions/aptos2019-blindness-detection/train_images/5728b8aa98ef.png,1050,1050,1.1,1.015,1.0,81.22061157226562,44.357287053681475,126.78060054779053,fdae639ef00afc0350ee73aff8496f5c,f0f0f0e0e2e0f0f0,False,1050x1050
573ea80a53be,0,/kaggle/input/competitions/aptos2019-blindness-detection/train_images/573ea80a53be.png,2048,1536,3.15,1.946,0.605,82.13420104980469,45.71495318057172,235.81978337443434,b6d217c3a4a244f2e4684309bbc1182b,f0989c0e0ebc9cf0,False,2048x1536
57469423a012,2,/kaggle/input/competitions/aptos2019-blindness-detection/train_images/57469423a012.png,2416,1736,4.19,2.281,0.934,64.06269836425781,27.443770575531783,70.56054173409939,f7ef4d0acaf9b543114c0762df7c7c01,f0a0a4b4949c9edc,False,2416x1736
576e189d23d4,4,/kaggle/input/competitions/aptos2019-blindness-detection/train_images/576e189d23d4.png,1504,1000,1.5,1.373,0.838,59.48564147949219,25.840076850987113,57.28849019459449,43dfa00fbc2751c3dfa76bb11efd9014,e0e0f0b0b8d8e8fc,False,1504x1000
57760be09c03,2,/kaggle/input/competitions/aptos2019-blindness-detection/train_images/57760be09c03.png,3216,2136,6.87,3.446,0.842,69.12765502929688,27.726503624975162,71.73613711819053,24883932a09255987f9446c4eeeece75,c080808088c080c0,False,3216x2136
5777ef74c9ec,1,/kaggle/input/competitions/aptos2019-blindness-detection/train_images/5777ef74c9ec.png,2416,1736,4.19,2.171,0.934,66.50083923339844,25.06343878343824,82.497896685265,dcba5dac7683345904ff61d99549e4ed,d2b0f062609090c0,False,2416x1736
578109578b46,1,/kaggle/input/competitions/aptos2019-blindness-detection/train_images/578109578b46.png,2588,1958,5.07,4.488,0.998,65.80410766601562,30.7315566747989,47.654021486407146,d20d55345c9a68c1b5d2d4d8ae035278,f0f8fcdcfcf0f8f0,False,2588x1958
57a5e4274275,0,/kaggle/input/competitions/aptos2019-blindness-detection/train_images/57a5e4274275.png,2048,1536,3.15,1.931,0.605,76.32553100585938,42.205748570846986,142.85465996619314,0eace87c60a876da5fdef70df272a128,f0c496989c9cdcf0,False,2048x1536
57a5f1015504,2,/kaggle/input/competitions/aptos2019-blindness-detection/train_images/57a5f1015504.png,3216,2136,6.87,2.484,0.842,73.17103576660156,27.80533172746822,88.75108653097413,a0b1a9223d7609f21f8da8f21e8e0f10,d080d062d28280c0,False,3216x2136
57a710de68a4,0,/kaggle/input/competitions/aptos2019-blindness-detection/train_images/57a710de68a4.png,1050,1050,1.1,0.981,1.0,83.74055480957031,44.97209992120721,136.69716485962272,16362bffc3b91b1532cc96fd7a5cf83a,f0f0e0c0c4c0e0f0,False,1050x1050
57ce57a8cfb0,2,/kaggle/input/competitions/aptos2019-blindness-detection/train_images/57ce57a8cfb0.png,2416,1736,4.19,2.077,0.934,59.22869873046875,22.475052719454176,49.024515237659216,f60a8899d1bd0ada11e0864ff02d5316,d0b8f8f8fcf8fcdc,False,2416x1736
57db4781e7ec,0,/kaggle/input/competitions/aptos2019-blindness-detection/train_images/57db4781e7ec.png,1050,1050,1.1,1.0,1.0,94.4884033203125,49.32944199411356,169.53696714248508,e18d33bbdb139cc4565a35d6dfc440a0,f0f0e0c0c4c0c0f0,False,1050x1050
57f5ad4b5b29,0,/kaggle/input/competitions/aptos2019-blindness-detection/train_images/57f5ad4b5b29.png,819,614,0.5,0.413,0.931,61.99861145019531,31.781235326026845,106.17959695961326,850532a9a30c1a610d1c3b70a61e0ea2,fcdcf4d4ded2e0e0,False,819x614
57f933d3d7c7,2,/kaggle/input/competitions/aptos2019-blindness-detection/train_images/57f933d3d7c7.png,2588,1958,5.07,5.083,1.0,50.50384521484375,24.487698025724843,20.44461625814438,74c73801eda5ffe49bbbb768f6198b2e,f8f8f8fefefcf8f0,True,2588x1958
58059e73d2d4,0,/kaggle/input/competitions/aptos2019-blindness-detection/train_images/58059e73d2d4.png,819,614,0.5,0.314,0.606,53.367279052734375,31.16501667024112,72.41538405418396,1837a816406f217a4f25588b58a74d3e,f0c080808cc4e0f0,False,819x614
5814cbd2e9bf,0,/kaggle/input/competitions/aptos2019-blindness-detection/train_images/5814cbd2e9bf.png,1050,1050,1.1,0.954,1.0,81.35581970214844,43.855600728020356,139.53880664869212,9c6123d3f86fb22107021a132118ee4b,f0f0f8bcf8f0e0f0,False,1050x1050
58184d6fd087,1,/kaggle/input/competitions/aptos2019-blindness-detection/train_images/58184d6fd087.png,2416,1736,4.19,1.692,0.934,113.43632507324219,39.53227755514551,171.93259024620056,8ceaf531bcc811d088257e8a7ad730dd,e0e0f0f0109082c4,False,2416x1736
582115961a3d,1,/kaggle/input/competitions/aptos2019-blindness-detection/train_images/582115961a3d.png,2416,1736,4.19,2.358,0.934,68.46846008300781,28.063677398380186,76.8202405886259,9ff38b3d62bcd6be40827ceb910a1738,c0e0e0c0c0c080c0,False,2416x1736
582f739b8f62,2,/kaggle/input/competitions/aptos2019-blindness-detection/train_images/582f739b8f62.png,2416,1736,4.19,2.27,0.935,57.425506591796875,20.976855038688843,55.55542212142609,c6e9146a731e2bf244c20a9902d1115b,e0f8faeef8b69ccc,False,2416x1736
58529a8638d0,2,/kaggle/input/competitions/aptos2019-blindness-detection/train_images/58529a8638d0.png,3216,2136,6.87,2.745,0.842,65.76251220703125,24.524051535147724,62.830268409103155,d020ed294e1b0b31c78281ab6e00ebb3,c0e0a088e8f0b2dc,False,3216x2136
586f5c56081e,0,/kaggle/input/competitions/aptos2019-blindness-detection/train_images/586f5c56081e.png,1050,1050,1.1,0.972,1.0,82.72537231445312,44.44705088988649,134.95817464590073,d45f4cb679592f92f9f2ed39ac1fddfb,f0f0f8b8f8f8e8f0,False,1050x1050
587146a55885,1,/kaggle/input/competitions/aptos2019-blindness-detection/train_images/587146a55885.png,2416,1736,4.19,1.859,0.934,68.60739135742188,25.59954557600415,63.60997315868735,3051cf26abc068a9bbf418dbc079a842,c8f0f0e0e0c0cccc,False,2416x1736
5879285f9d8d,1,/kaggle/input/competitions/aptos2019-blindness-detection/train_images/5879285f9d8d.png,2588,1958,5.07,5.662,1.0,82.81265258789062,34.91867377063884,67.93039479013532,7ce5538a407e4e62bb9cb8e600e7a28a,f0f8f8dcccf0e0f0,False,2588x1958
5889a0c75cac,0,/kaggle/input/competitions/aptos2019-blindness-detection/train_images/5889a0c75cac.png,1050,1050,1.1,1.072,1.0,84.30885314941406,47.25204439185289,185.28437622543424,c02bc267f52dd3fad86d5ef773d9f87c,f0f0f8f8f8f0e0f0,False,1050x1050
58a9e0d7f7af,0,/kaggle/input/competitions/aptos2019-blindness-detection/train_images/58a9e0d7f7af.png,1050,1050,1.1,1.038,1.0,84.42431640625,46.56013892159187,127.7587938895449,0c7b72ba83aa149f748f9d1c71261e0e,f0e0c0c0e0f0f8f0,False,1050x1050
58af2c054ced,0,/kaggle/input/competitions/aptos2019-blindness-detection/train_images/58af2c054ced.png,1050,1050,1.1,1.022,1.0,87.44976806640625,47.51656889985394,153.88891552388668,cca3b3b8f51c34630d08cdccfce2c0d9,f0e0c0c0c4c0e0f0,False,1050x1050
58b866484a05,4,/kaggle/input/competitions/aptos2019-blindness-detection/train_images/58b866484a05.png,1844,1226,2.26,0.795,0.816,55.98884582519531,25.387159272574475,49.84068189561367,faad11cb3c7319bc3be785dc4bc130cc,ecf2f0eae2e080c0,False,1844x1226
58c12863f33d,0,/kaggle/input/competitions/aptos2019-blindness-detection/train_images/58c12863f33d.png,1050,1050,1.1,0.953,1.0,86.5560302734375,45.435486761870905,166.94475249107927,1e995f1b9838b9430e8e41d353fb1db0,f0f0f8fcdcfcf8f0,False,1050x1050
58ccba7eec9c,1,/kaggle/input/competitions/aptos2019-blindness-detection/train_images/58ccba7eec9c.png,2416,1736,4.19,1.988,0.934,63.86460876464844,25.087971950155485,76.75010022311471,9e6d2e90dfdf404220cedebe317e911e,d0b0f0707cdc9ccc,False,2416x1736
58eb3809f456,0,/kaggle/input/competitions/aptos2019-blindness-detection/train_images/58eb3809f456.png,2048,1536,3.15,1.776,0.6,31.432571411132812,20.87183617764424,37.28870793804526,7c203554fb11124601ef7a16c5b23d74,e0901c1c1cfcf8f0,True,2048x1536
58f07741ee3b,0,/kaggle/input/competitions/aptos2019-blindness-detection/train_images/58f07741ee3b.png,2048,1536,3.15,1.929,0.605,80.85383605957031,43.663990667926896,183.75914563890547,33943b3195b2faff63f827ebf01b1e08,f0debc8c8cecf8f0,False,2048x1536
5905a9b06a73,2,/kaggle/input/competitions/aptos2019-blindness-detection/train_images/5905a9b06a73.png,2588,1958,5.07,5.43,1.0,60.73127746582031,34.690098466741794,58.51927541848272,88254fafa7401a437cd9c136657580e8,f8f8fcfefefefcf8,False,2588x1958
594f69b503ad,2,/kaggle/input/competitions/aptos2019-blindness-detection/train_images/594f69b503ad.png,4288,2848,12.21,4.481,0.81,66.15559387207031,26.84489547805389,67.05300418264233,b2b2949a3eae5ec50c1f7cc9d01e5aed,d0e0c0c0c0e0d2c4,False,4288x2848
595446774178,1,/kaggle/input/competitions/aptos2019-blindness-detection/train_images/595446774178.png,2416,1736,4.19,2.11,0.934,102.21224975585938,36.067840573357344,178.81245027272962,73596fbf13ee7fb3fef8a6be6cea049f,eaf0e08988c086e4,False,2416x1736
596f4fdb0004,0,/kaggle/input/competitions/aptos2019-blindness-detection/train_images/596f4fdb0004.png,1050,1050,1.1,1.056,1.0,84.8695068359375,46.875284508000675,196.2002277688589,882430dcbc485304a7fbacb57084acda,f0f0f0e0e1f0f8f8,False,1050x1050
598b8f5b3822,0,/kaggle/input/competitions/aptos2019-blindness-detection/train_images/598b8f5b3822.png,819,614,0.5,0.28,0.606,60.9312744140625,37.1069399817799,86.14278578385711,9500811bc580616a543ccdb15857de89,f0fcfc7efefeecf0,False,819x614
59928f999ae7,0,/kaggle/input/competitions/aptos2019-blindness-detection/train_images/59928f999ae7.png,2048,1536,3.15,1.93,0.605,72.92219543457031,41.02963642271123,108.80412362515926,5695a3e708197fb63d67312bb1336aa1,f0c080080880c4f0,False,2048x1536
599498e9e4bc,0,/kaggle/input/competitions/aptos2019-blindness-detection/train_images/599498e9e4bc.png,2048,1536,3.15,1.773,0.628,70.54518127441406,45.24073691941608,172.88618070539087,c63fe4a2e09c5deed230ae4d3518a440,70cce2c0c4c6c4f0,False,2048x1536
5995321563b7,0,/kaggle/input/competitions/aptos2019-blindness-detection/train_images/5995321563b7.png,1050,1050,1.1,1.044,1.0,80.720947265625,43.32182930371103,140.5539247931447,be95c1dacdecbca57c494e9da599e7fa,f0f8fcfcdcfcf8f0,False,1050x1050
599b89048034,2,/kaggle/input/competitions/aptos2019-blindness-detection/train_images/599b89048034.png,3388,2588,8.77,7.399,0.867,77.21463012695312,31.07849446459638,172.1694731703028,4642d060128d125d0cd1971a9ad26714,e0a0e2cac8c282c4,False,3388x2588
59bd19c1c5bb,0,/kaggle/input/competitions/aptos2019-blindness-detection/train_images/59bd19c1c5bb.png,1050,1050,1.1,1.02,1.0,81.55308532714844,46.28616969404671,124.84567165374756,0b89d5dbffdb2b0112d8577f3aa2e908,f0e0e0e0c0e0f0f0,False,1050x1050
59e5212f7139,1,/kaggle/input/competitions/aptos2019-blindness-detection/train_images/59e5212f7139.png,2416,1736,4.19,1.886,0.935,87.58921813964844,34.98059074464382,234.1451383298263,f06858c3ad6f3f7ea6683fe6fcd5ca6e,c6bafb796f4c8ec8,False,2416x1736
59ee65760535,2,/kaggle/input/competitions/aptos2019-blindness-detection/train_images/59ee65760535.png,2588,1958,5.07,5.119,1.0,51.93037414550781,34.81974090874744,91.47007977566682,288fe2ad7459fb3c5c691836962103ae,8038387e66fefcf8,False,2588x1958
59f3f70abddd,2,/kaggle/input/competitions/aptos2019-blindness-detection/train_images/59f3f70abddd.png,3216,2136,6.87,2.543,0.842,84.10029602050781,30.367274366518874,97.85625577322207,51f5271ff6a5263da31ee4ffc5b7dd54,f0f0f0f0eeee9ecc,False,3216x2136
59fee5bc3479,4,/kaggle/input/competitions/aptos2019-blindness-detection/train_images/59fee5bc3479.png,2588,1958,5.07,4.999,1.0,32.59739685058594,17.061723881615254,25.619601927464828,3eeb1f3eb774f312a66f1d025cf46f4e,dcf0f2fae0f0f0f0,True,2588x1958
5a03fe3ed15c,2,/kaggle/input/competitions/aptos2019-blindness-detection/train_images/5a03fe3ed15c.png,2416,1736,4.19,2.358,0.935,87.587158203125,32.1356155495489,131.43718552496284,bda445c4ee4fe94d6794fb93ea45270a,c0e088c8e8f0fefc,False,2416x1736
5a091e8cd95c,1,/kaggle/input/competitions/aptos2019-blindness-detection/train_images/5a091e8cd95c.png,2416,1736,4.19,2.407,0.934,83.02658081054688,30.838518885864023,110.87475723191164,f768ef55c36d60ddea154ab0202b5bba,f8f4f0eeeafedcc4,False,2416x1736
5a0fe0ee4301,0,/kaggle/input/competitions/aptos2019-blindness-detection/train_images/5a0fe0ee4301.png,1050,1050,1.1,1.035,1.0,78.92338562011719,43.48503685365292,130.41886623553,6beea0ff8b3bbacef6420bd779b13952,f0f0e0c0c4c4c4f0,False,1050x1050
5a11d21c2828,2,/kaggle/input/competitions/aptos2019-blindness-detection/train_images/5a11d21c2828.png,3388,2588,8.77,7.296,0.871,76.93038940429688,31.860650980145365,138.05300574656576,c9381c3c5a0d436f848931b1fdb360b7,c4c0c00888c082c4,False,3388x2588
5a179c123fd8,0,/kaggle/input/competitions/aptos2019-blindness-detection/train_images/5a179c123fd8.png,819,614,0.5,0.393,0.931,50.01863098144531,35.26425385959875,85.22201692219824,e20cc28f8208b6ee407808e14788e444,c48c868686c6d4e0,False,819x614
5a27b9b2a9c1,0,/kaggle/input/competitions/aptos2019-blindness-detection/train_images/5a27b9b2a9c1.png,819,614,0.5,0.362,0.931,53.58624267578125,36.17401463290758,47.829702481627464,87252b6526faa2b3b6667b894a805406,f8dc9c9e9e9edcf8,False,819x614
5a2c27b95c7c,2,/kaggle/input/competitions/aptos2019-blindness-detection/train_images/5a2c27b95c7c.png,2416,1736,4.19,2.514,0.934,60.46490478515625,23.756698557116636,67.28784915432334,359d544df611f1139e18b8c0ba9481bf,eef6e6f7f2e6e0e0,False,2416x1736
5a36cea278ae,2,/kaggle/input/competitions/aptos2019-blindness-detection/train_images/5a36cea278ae.png,3216,2136,6.87,2.102,0.842,82.13442993164062,31.006366118472766,107.14347558841109,28d0e4881c6126e523c4eb6652b4caf0,faf8fceeeeb6a4c8,False,3216x2136
5a444c32cd9a,0,/kaggle/input/competitions/aptos2019-blindness-detection/train_images/5a444c32cd9a.png,1050,1050,1.1,1.003,1.0,81.56166076660156,43.95589227314112,141.6055358571466,a089c80faf4999b4996f392792b19ea5,f0e0c0c2c0e0f0f0,False,1050x1050
5a5d3798c357,2,/kaggle/input/competitions/aptos2019-blindness-detection/train_images/5a5d3798c357.png,3216,2136,6.87,2.263,0.842,94.50834655761719,35.13848757760109,123.27353878109716,02b7ab33698feac58f03f44940c0ff27,e0e0a088888080c0,False,3216x2136
5a93c0f783c4,0,/kaggle/input/competitions/aptos2019-blindness-detection/train_images/5a93c0f783c4.png,819,614,0.5,0.342,0.931,37.859954833984375,24.557579627997953,43.535824239254,da78f5dd6e010111b1bf40fb91e796a4,d8e0e0c6c6c6e0e0,True,819x614
5ac7a414560e,0,/kaggle/input/competitions/aptos2019-blindness-detection/train_images/5ac7a414560e.png,1050,1050,1.1,0.998,1.0,86.89041137695312,47.60299581741346,135.06189201772213,1aaf809d7a26967b2a6969b4d23046b0,f0f0f8fcfcfcf0f0,False,1050x1050
5ad3dabeb2cd,0,/kaggle/input/competitions/aptos2019-blindness-detection/train_images/5ad3dabeb2cd.png,1050,1050,1.1,0.994,1.0,75.62017822265625,40.44937614578834,136.43077307543717,cef309de0c8bc37c269109b69e3b89ed,f0f8bc9cfcf8c0f0,False,1050x1050
5b068765e846,1,/kaggle/input/competitions/aptos2019-blindness-detection/train_images/5b068765e846.png,2416,1736,4.19,2.591,0.934,65.58731079101562,24.120977798194804,76.49744402989745,ea7af32b88030c1e4f400364748c4088,c890f8eae8f080c0,False,2416x1736
5b0e53f53ef3,1,/kaggle/input/competitions/aptos2019-blindness-detection/train_images/5b0e53f53ef3.png,2416,1736,4.19,2.385,0.934,54.68499755859375,19.775927207071938,49.0140427313745,736564149e7d85d846d3574c50ec73e0,cce4e0d0d0c8e6cc,False,2416x1736
5b1c4cefeb24,0,/kaggle/input/competitions/aptos2019-blindness-detection/train_images/5b1c4cefeb24.png,2048,1536,3.15,1.908,0.605,105.82899475097656,60.65433288647274,338.7291972404346,1ff7441c21fe9fd382c04465c814dfdb,f0c682c5c580c0f0,False,2048x1536
5b2648ad455e,0,/kaggle/input/competitions/aptos2019-blindness-detection/train_images/5b2648ad455e.png,2048,1536,3.15,1.96,0.684,58.73088073730469,41.02691447002619,100.67822209536098,14451cd65c16479a0a85eeaaf0cb46ed,70d6f8c0c6f0f470,False,2048x1536
5b301a6d1ac7,2,/kaggle/input/competitions/aptos2019-blindness-detection/train_images/5b301a6d1ac7.png,2588,1958,5.07,4.777,1.0,28.670303344726562,12.968675430631759,7.5708448176737875,b102e3420c74d51041cab2e226394a99,f8f8fcfcfcf4f4f0,True,2588x1958
5b32ece9c627,0,/kaggle/input/competitions/aptos2019-blindness-detection/train_images/5b32ece9c627.png,1050,1050,1.1,0.926,1.0,73.16278076171875,39.76489735927815,100.71083041816019,185409f1bc0505bf28670753bbe891d7,f0f8fcbcf8f0e0f0,False,1050x1050
5b3d41626ec5,0,/kaggle/input/competitions/aptos2019-blindness-detection/train_images/5b3d41626ec5.png,1050,1050,1.1,1.037,1.0,79.61611938476562,44.386366957754085,129.71283842413686,d1ca90183e2ec8db631fbd53a6796448,f0f8fcfcdcfcf8f0,False,1050x1050
5b3e7197ac1c,3,/kaggle/input/competitions/aptos2019-blindness-detection/train_images/5b3e7197ac1c.png,2416,1736,4.19,2.266,0.934,54.985198974609375,23.059775138018487,44.07328983768821,a42ab9c342c0ad1e67193415efe39c6d,f0f8e4c292828a8c,False,2416x1736
5b47043942f4,0,/kaggle/input/competitions/aptos2019-blindness-detection/train_images/5b47043942f4.png,819,614,0.5,0.309,0.606,70.27760314941406,41.58329641648859,130.17960463627242,0aeae877a37557dbec69ec4f283246d3,f0fcfafededefcf0,False,819x614
5b5b80a3edee,4,/kaggle/input/competitions/aptos2019-blindness-detection/train_images/5b5b80a3edee.png,2588,1958,5.07,5.43,1.0,67.81285095214844,36.84137718669334,77.39689540863037,e663003e3b57c227bc7b3224983f70d4,f2faf1e3f3f3fafa,False,2588x1958
5b644a403e1f,2,/kaggle/input/competitions/aptos2019-blindness-detection/train_images/5b644a403e1f.png,2416,1736,4.19,2.362,0.934,70.06256103515625,27.3454825064298,86.89143380150199,cb2512ddf55e044b7fe0dc95cbc0ad1f,f0f0f8f4fc9cb8d0,False,2416x1736
5b72ff04333d,1,/kaggle/input/competitions/aptos2019-blindness-detection/train_images/5b72ff04333d.png,2416,1736,4.19,2.132,0.934,63.3162841796875,25.548680549943672,53.76780951744877,2afecb6bb1045ef2524bfc2888825144,fce0f0e0d0c680c4,False,2416x1736
5b76117c4bcb,4,/kaggle/input/competitions/aptos2019-blindness-detection/train_images/5b76117c4bcb.png,2416,1736,4.19,2.25,0.934,83.0914306640625,32.11588811762894,115.43958940147422,bc7a44a01c566a98d6b19ca435b18830,c6c4c0888cc882c4,False,2416x1736
5b804948e35f,1,/kaggle/input/competitions/aptos2019-blindness-detection/train_images/5b804948e35f.png,819,614,0.5,0.345,0.931,39.310760498046875,19.421070105575186,33.284153080545366,ab5ff3c66e768ac3a585ac57c5871fcc,e0c0c6d4d2c0e0f0,True,819x614
5b994ff78547,0,/kaggle/input/competitions/aptos2019-blindness-detection/train_images/5b994ff78547.png,1050,1050,1.1,1.045,1.0,83.08314514160156,44.175993148982,125.90973881050013,299dd5abf3af3de61cdcdd43ece25f12,f0f0f8fcdcfcf8f0,False,1050x1050
5ba156a35ff2,0,/kaggle/input/competitions/aptos2019-blindness-detection/train_images/5ba156a35ff2.png,1050,1050,1.1,1.111,1.0,82.28884887695312,46.31281268522262,153.90043175872415,2da65153db1d62cce0e5f973c6a9ef4d,f0f0f8fcdcf8f8f0,False,1050x1050
5baed382f062,0,/kaggle/input/competitions/aptos2019-blindness-detection/train_images/5baed382f062.png,819,614,0.5,0.268,0.606,63.80284118652344,36.09770792840586,76.9918634807691,d504e0aa29bd28e0faad3a89091532f4,f0dcbef6eefefcf0,False,819x614
5bda2ed09e62,4,/kaggle/input/competitions/aptos2019-blindness-detection/train_images/5bda2ed09e62.png,3388,2588,8.77,7.006,0.872,59.10505676269531,25.973018344980282,70.88296447857283,0d9dcf978392638552ba20b17f9ca413,c0e0c088888080c0,False,3388x2588
5bea250d8bf5,0,/kaggle/input/competitions/aptos2019-blindness-detection/train_images/5bea250d8bf5.png,1050,1050,1.1,0.953,1.0,87.16470336914062,45.5069980801309,149.4112244695425,ccea80578b7e25fda069d9d25584075b,f0f0fcfcdcfcf8f0,False,1050x1050
5bf3357a2823,0,/kaggle/input/competitions/aptos2019-blindness-detection/train_images/5bf3357a2823.png,2048,1536,3.15,1.784,0.628,53.423919677734375,32.12422070305682,93.17925522383302,e70aadebec21c61fb5dd0bb6fe917eec,70c8bc3e6efcfcf0,False,2048x1536
5bf6f2958e53,0,/kaggle/input/competitions/aptos2019-blindness-detection/train_images/5bf6f2958e53.png,1050,1050,1.1,0.914,1.0,103.9658203125,54.25836362400927,202.24071814096533,14bb4c1365abd3dd678d5bb221566088,f0fcdedcf8f0f0f0,False,1050x1050
5c6194562ed2,2,/kaggle/input/competitions/aptos2019-blindness-detection/train_images/5c6194562ed2.png,3216,2136,6.87,2.116,0.842,81.3564453125,30.479273382396837,117.81581473350525,274483a10355ba92d3528d11737ea4aa,e0e0e08989c092c0,False,3216x2136
5c7ab966a3ee,4,/kaggle/input/competitions/aptos2019-blindness-detection/train_images/5c7ab966a3ee.png,2588,1958,5.07,5.021,1.0,42.92405700683594,17.168067419957417,18.14748218562454,6bbb8e28398fb4ef8f026b7a2ad7104a,fcfef8fdff8ebaf0,True,2588x1958
5c817060c0ed,0,/kaggle/input/competitions/aptos2019-blindness-detection/train_images/5c817060c0ed.png,1050,1050,1.1,1.048,1.0,72.50711059570312,40.22166529505457,96.97161868936382,67d1fdac5a4b309ae36b2ca1dc83069e,f0f0f8fcdcfcf8f0,False,1050x1050
5c8482926a08,2,/kaggle/input/competitions/aptos2019-blindness-detection/train_images/5c8482926a08.png,3216,2136,6.87,2.894,0.842,78.13578796386719,28.963236854583243,79.46840050444007,551048ac4b990834e6ca8c47f10cc45d,c0f8f8faeaea9ccc,False,3216x2136
5c85d22bd0de,0,/kaggle/input/competitions/aptos2019-blindness-detection/train_images/5c85d22bd0de.png,1050,1050,1.1,0.923,1.0,80.81297302246094,43.95096015972155,138.68689318164252,c2ce6967757d4dbe11cf9e8ff830c6e7,f0c0e0e0e0e0c0f0,False,1050x1050
5ca73d28f17f,0,/kaggle/input/competitions/aptos2019-blindness-detection/train_images/5ca73d28f17f.png,2048,1536,3.15,1.913,0.605,89.88107299804688,50.3129095909283,183.90334090217948,49b2a45ceb66042ec035924b2c3059ca,f0defc7cdcfcf8f0,False,2048x1536
5ca779ace6e7,0,/kaggle/input/competitions/aptos2019-blindness-detection/train_images/5ca779ace6e7.png,1050,1050,1.1,0.967,1.0,73.53938293457031,39.2638494955235,109.64176712930202,8f4efce405e1ab5c8d6a32331aab3cd6,f0f0f8fcdcfcf8f0,False,1050x1050
5cab3ef4b31c,1,/kaggle/input/competitions/aptos2019-blindness-detection/train_images/5cab3ef4b31c.png,2588,1958,5.07,3.616,0.994,42.41685485839844,27.857342093535905,36.74736457224935,a1519bdb320332fafbc2d68b3a2fe78e,f0e0c0c0c0c0e0f0,True,2588x1958
5cbe88914a72,0,/kaggle/input/competitions/aptos2019-blindness-detection/train_images/5cbe88914a72.png,1050,1050,1.1,1.015,1.0,79.19190979003906,42.76942142793082,123.99164604768157,8928003faa4fc09d4bb03d25209e6b4a,f0f8f8fcdcf8f8f0,False,1050x1050
5cc6dea19614,2,/kaggle/input/competitions/aptos2019-blindness-detection/train_images/5cc6dea19614.png,2588,1958,5.07,5.143,1.0,56.28050231933594,23.890146142940896,16.47765669762157,77531b77f79b0dba6a4d75dca4aa78ad,e0e0e0f070b09cd0,True,2588x1958
5cde55f745af,2,/kaggle/input/competitions/aptos2019-blindness-detection/train_images/5cde55f745af.png,2416,1736,4.19,2.051,0.935,81.6739501953125,30.23029207931416,102.94036240782589,2a26416579e6926362927113f48f3361,f0e0f0c0c4c0c0c0,False,2416x1736
5ce5eeaf757a,0,/kaggle/input/competitions/aptos2019-blindness-detection/train_images/5ce5eeaf757a.png,2048,1536,3.15,1.768,0.605,80.61637878417969,44.69954498861851,230.78693456179462,9b021fd15affdce6e1d154c0e1f5e7c9,f08480048c8ccef0,False,2048x1536
5cf9127f251a,2,/kaggle/input/competitions/aptos2019-blindness-detection/train_images/5cf9127f251a.png,3216,2136,6.87,3.576,0.842,61.5245361328125,27.758844439368257,105.89811644610018,c9f3f408563c190ad6c7ed85c5ec89ff,a0f0708888c0e0e0,False,3216x2136
5d024177e214,2,/kaggle/input/competitions/aptos2019-blindness-detection/train_images/5d024177e214.png,3216,2136,6.87,2.176,0.843,101.306884765625,37.191727276965004,201.4099306797143,82756bda0835cd4d5d90d49791342113,e0c0c089c9c0a2ec,False,3216x2136
5d3c8c1f57da,0,/kaggle/input/competitions/aptos2019-blindness-detection/train_images/5d3c8c1f57da.png,819,614,0.5,0.306,0.926,32.3580322265625,18.930988920000875,29.63637489080429,db29cb915caa0f77ce366ba434b6e135,e8a89c949c9ce8f8,True,819x614
5d4e5fd34d91,0,/kaggle/input/competitions/aptos2019-blindness-detection/train_images/5d4e5fd34d91.png,2048,1536,3.15,1.829,0.605,85.87361145019531,47.59049544828862,183.80076533462852,28e4729e8027fac2bc91338b42460e01,f0f0f89c9c84c0e0,False,2048x1536
5d5b5da5f939,0,/kaggle/input/competitions/aptos2019-blindness-detection/train_images/5d5b5da5f939.png,1050,1050,1.1,1.083,1.0,81.59620666503906,44.56535519254568,146.34189059957862,3906cd549c8f4e26de60a14ac9e26201,f0f8f8fcdcfcf8f0,False,1050x1050
5d6239c0fd39,0,/kaggle/input/competitions/aptos2019-blindness-detection/train_images/5d6239c0fd39.png,1050,1050,1.1,0.904,1.0,74.606689453125,39.332488837494225,110.84126436128281,c0a67bccd368603ca2afe2ee34950b1c,f0f8f8fcdcfcf8f0,False,1050x1050
5d74f98d62be,4,/kaggle/input/competitions/aptos2019-blindness-detection/train_images/5d74f98d62be.png,1844,1226,2.26,0.733,0.818,76.94580078125,39.702551488175786,91.99293416365981,c6b16ddae8b627e65846b05a69520f2c,fcfefcfefafefefc,False,1844x1226
5d9c841eb245,0,/kaggle/input/competitions/aptos2019-blindness-detection/train_images/5d9c841eb245.png,2048,1536,3.15,1.935,0.626,74.66152954101562,46.75943535199979,121.63131432584487,a1e2a16fa7aa490ff49e18f86bd2084f,f0f8fef2eefefcf0,False,2048x1536
5db2e3a4594a,0,/kaggle/input/competitions/aptos2019-blindness-detection/train_images/5db2e3a4594a.png,1050,1050,1.1,0.92,1.0,71.20376586914062,38.9732920647352,104.63845857884735,7f88914302db37b85e812bd9c9a4a179,f0f0e0e0e2e0f8f0,False,1050x1050
5db895d3f1fc,0,/kaggle/input/competitions/aptos2019-blindness-detection/train_images/5db895d3f1fc.png,2048,1536,3.15,1.736,0.684,62.85615539550781,46.83097720829098,123.24405218078755,74446c32129fcaa9a5aaf386e8ad14ec,78fefcfefefcfc78,False,2048x1536
5dc23e440de3,2,/kaggle/input/competitions/aptos2019-blindness-detection/train_images/5dc23e440de3.png,3216,2136,6.87,6.049,0.842,82.07916259765625,32.46942985154951,126.42655086517334,e696ddd2ab0544e99e4a6050586875a9,f0f0f099908880cc,False,3216x2136
5dd2e26fc244,4,/kaggle/input/competitions/aptos2019-blindness-detection/train_images/5dd2e26fc244.png,1050,1050,1.1,0.832,1.0,80.55880737304688,45.27240234141753,125.20635606255382,fa7ce73df38ca296e4027c27832640d6,f0d8f0e0f0e0c8e0,False,1050x1050
5de4615a5161,0,/kaggle/input/competitions/aptos2019-blindness-detection/train_images/5de4615a5161.png,1050,1050,1.1,0.938,1.0,72.87075805664062,38.63530414913099,113.7662923259195,59d78afade9ae9f31abc1eb6f6234be0,f0e0c080888cc0f0,False,1050x1050
5e18af29d812,2,/kaggle/input/competitions/aptos2019-blindness-detection/train_images/5e18af29d812.png,2416,1736,4.19,2.251,0.935,60.66986083984375,24.353435068565535,67.20143400295638,4b6f073a21ed5944eb2a00c4f1ee8a82,f0f0f0eacac280c0,False,2416x1736
5e505e25cd3e,0,/kaggle/input/competitions/aptos2019-blindness-detection/train_images/5e505e25cd3e.png,2048,1536,3.15,1.912,0.605,87.01394653320312,49.736972541302606,166.05784210911952,6935e14f84e20ee7ee879f4940b88bb1,f8fcde8793c0e0f0,False,2048x1536
5e5275ddee29,0,/kaggle/input/competitions/aptos2019-blindness-detection/train_images/5e5275ddee29.png,1050,1050,1.1,1.052,1.0,78.41830444335938,41.94241174205797,121.73781259334646,d004286e9e3cae8b91f0e9d61de06d05,f0f0fcfcdcfcf8f0,False,1050x1050
5e52c9fe676f,2,/kaggle/input/competitions/aptos2019-blindness-detection/train_images/5e52c9fe676f.png,2588,1958,5.07,3.277,1.0,52.229339599609375,24.706220350396535,78.71796820964664,eb9f3a62c7af4155b62c8f62026486c7,f8f8ecccecd8f8f0,False,2588x1958
5e7630f8438e,2,/kaggle/input/competitions/aptos2019-blindness-detection/train_images/5e7630f8438e.png,3216,2136,6.87,3.544,0.842,82.16807556152344,32.6766200784464,139.84674991830252,567bb68567904744ff9aeb569a246533,f2f8f0ec98e0c0c0,False,3216x2136
5e7cc6ab4ac4,2,/kaggle/input/competitions/aptos2019-blindness-detection/train_images/5e7cc6ab4ac4.png,2416,1736,4.19,2.044,0.935,73.25529479980469,26.58618017961083,94.80151536222547,231881b1d6e2198e7c34749a2da355ea,d8f8f87872eedcdc,False,2416x1736
5e7db41b3bee,4,/kaggle/input/competitions/aptos2019-blindness-detection/train_images/5e7db41b3bee.png,3216,2136,6.87,5.471,0.842,45.01466369628906,21.32898668567109,38.62384073412977,b61e2db328e9cca61c40bebdcb147586,e0e0c0808880c4c4,False,3216x2136
5e97cb2b0888,0,/kaggle/input/competitions/aptos2019-blindness-detection/train_images/5e97cb2b0888.png,819,614,0.5,0.327,0.931,48.528533935546875,25.764547928406337,38.466265430441126,00ff5a54460526066c29bb92a7f1c83d,e8c0848484f0f0f0,False,819x614
5ea9e447bb62,0,/kaggle/input/competitions/aptos2019-blindness-detection/train_images/5ea9e447bb62.png,1050,1050,1.1,0.993,1.0,78.9735107421875,43.090048253910076,121.69242822541855,5a9d4671237be1507492b7fd16105a0a,f0e0f0e0e0f0f8f0,False,1050x1050
5ead17e894ae,0,/kaggle/input/competitions/aptos2019-blindness-detection/train_images/5ead17e894ae.png,819,614,0.5,0.325,0.931,45.18489074707031,23.086396423241585,37.05162978172302,f6d87629d55d719441d80304bffd0abd,ecf8b89cbcb2c0f8,False,819x614
5eb311bcb5f9,2,/kaggle/input/competitions/aptos2019-blindness-detection/train_images/5eb311bcb5f9.png,1504,1000,1.5,1.367,0.838,58.49432373046875,25.799492211017846,61.48189907311462,d4fde9f76b4e7cc88059684cf9dc0ed2,e0e08090d0c0c0f0,False,1504x1000
5eb8fb1aad41,0,/kaggle/input/competitions/aptos2019-blindness-detection/train_images/5eb8fb1aad41.png,1050,1050,1.1,1.049,1.0,79.73481750488281,43.98263560778252,135.3157185909804,fd135a8a05b68d63c8d470605d9fe4bc,f0f0e0e0e0f0f0f0,False,1050x1050
5ed6dc419e4d,2,/kaggle/input/competitions/aptos2019-blindness-detection/train_images/5ed6dc419e4d.png,2416,1736,4.19,2.177,0.934,58.220977783203125,22.139894392298785,49.539764947257936,f2b92d1c7741d0eab84d190cfb8199a0,f8fcfcfcf8f8b0c0,False,2416x1736
5efa24b03d5e,1,/kaggle/input/competitions/aptos2019-blindness-detection/train_images/5efa24b03d5e.png,2896,1944,5.63,2.496,0.639,86.7637939453125,38.858339431448314,215.4627725703176,88d1e6d0309fb674d5bd0af83fd684f3,f8f8f8eeeebe9cdc,False,2896x1944
5f13e8a07344,3,/kaggle/input/competitions/aptos2019-blindness-detection/train_images/5f13e8a07344.png,640,480,0.31,0.314,1.0,86.74714660644531,16.80538981418984,33.984228474786505,9cd277c3d4404a0f8e0c42f6384a8d5d,fce0f0f2f2f8a8ec,False,640x480
5f4a8c074bd5,0,/kaggle/input/competitions/aptos2019-blindness-detection/train_images/5f4a8c074bd5.png,1050,1050,1.1,1.065,1.0,75.88327026367188,40.97165407504583,122.80458321026526,7e22bfbdbf82ef3b9fa399f77b1fb4a5,f0e0e0c0c0e0e0f0,False,1050x1050
5f51192841f7,0,/kaggle/input/competitions/aptos2019-blindness-detection/train_images/5f51192841f7.png,1050,1050,1.1,0.934,1.0,89.75804138183594,46.280644056177906,151.05893025454134,f75b456a67eddf168184b627f0ed11ca,f0f8fcdcdcfcf8f0,False,1050x1050
5f6db235c04d,0,/kaggle/input/competitions/aptos2019-blindness-detection/train_images/5f6db235c04d.png,1050,1050,1.1,0.947,1.0,82.04216003417969,43.20352878142317,127.37781248986721,b89e153da213d5ce2066a7a935ba691a,f0fcdedef8f8e0f0,False,1050x1050
5f70ad48a525,2,/kaggle/input/competitions/aptos2019-blindness-detection/train_images/5f70ad48a525.png,3388,2588,8.77,7.226,0.869,69.0009765625,28.784788612091806,110.65788599755615,68547680dfa133e06d783c8bc6ec6af5,e4f0e06890988acc,False,3388x2588
5fcff7280019,0,/kaggle/input/competitions/aptos2019-blindness-detection/train_images/5fcff7280019.png,819,614,0.5,0.366,0.931,50.63337707519531,31.36965037200865,63.31506133079529,ecbeef62ffb5cd54fb4e374e8c166a67,fcfece8e9ab2c4e0,False,819x614
6028a575dc27,1,/kaggle/input/competitions/aptos2019-blindness-detection/train_images/6028a575dc27.png,2416,1736,4.19,2.27,0.934,73.86222839355469,26.924832030999625,114.40579556836747,d4bc08d768be78e710b6316d9b16d89f,e8e0e0e0898c88c4,False,2416x1736
6061f5b7378d,3,/kaggle/input/competitions/aptos2019-blindness-detection/train_images/6061f5b7378d.png,2896,1944,5.63,1.77,0.643,92.56716918945312,42.70873036549788,157.782586093992,7f3951f1cfa9b554f05574b05b3f22ce,f0f8fceefedc9efc,False,2896x1944
606daaf0bfc7,0,/kaggle/input/competitions/aptos2019-blindness-detection/train_images/606daaf0bfc7.png,819,614,0.5,0.377,0.931,50.422760009765625,28.29376207251928,65.44482013187371,e137bbff75962df14890adc7df40f6d8,f4f8cc9c9c9cd4e8,False,819x614
6089fa333013,3,/kaggle/input/competitions/aptos2019-blindness-detection/train_images/6089fa333013.png,2588,1958,5.07,5.203,1.0,46.79718017578125,22.995161831014126,49.57901115505956,e35a74f0239fc544f2ebdfce599a4791,f0f8fcfcd4d4f0e0,False,2588x1958
609be3ca5ddf,0,/kaggle/input/competitions/aptos2019-blindness-detection/train_images/609be3ca5ddf.png,819,614,0.5,0.311,0.931,46.49037170410156,24.653318258270517,38.454963881289586,a292ddc0223b741c26d8f4200ea24d9c,f8ec8e8e8e9ef0e0,False,819x614
60aa4e649abf,0,/kaggle/input/competitions/aptos2019-blindness-detection/train_images/60aa4e649abf.png,2588,1958,5.07,5.536,1.0,58.81333923339844,25.681332059056977,66.89197439490817,c69b0ed7b8728409013b6744521317b8,c0808088c0c0e0f0,False,2588x1958
60e269e3e188,2,/kaggle/input/competitions/aptos2019-blindness-detection/train_images/60e269e3e188.png,2416,1736,4.19,2.165,0.934,78.264892578125,28.72108915576058,100.87979683442973,c87eeb2f21b8f8af851ed9e1bbc3eb22,d0e0f0f878b8b0c4,False,2416x1736
60edda7b4871,0,/kaggle/input/competitions/aptos2019-blindness-detection/train_images/60edda7b4871.png,2048,1536,3.15,1.901,0.682,41.837066650390625,28.942349238314595,59.47938577248715,a8df2d8668c474887359425212344862,70e6c68fcfe6ee78,True,2048x1536
60eeae3ba23d,2,/kaggle/input/competitions/aptos2019-blindness-detection/train_images/60eeae3ba23d.png,3216,2136,6.87,2.138,0.843,104.17654418945312,38.54922180255736,173.9419672486838,303d50891f2087e0261b1b92147e4f52,f2c0f080888880c4,False,3216x2136
60f15dd68d30,4,/kaggle/input/competitions/aptos2019-blindness-detection/train_images/60f15dd68d30.png,2896,1944,5.63,2.19,0.634,58.548919677734375,30.659583959254626,76.18747427663766,fc193ee5b4467caaeeb4cbb68d442535,f4f0f0e6e6e6a2c4,False,2896x1944
6107a2e9f60e,0,/kaggle/input/competitions/aptos2019-blindness-detection/train_images/6107a2e9f60e.png,1476,1117,1.65,2.272,1.0,82.93057250976562,38.135741895898036,111.09885516390204,4eb9f9400ea875e04d77171c3e74cfa6,c0c0e0e0c0c2cae0,False,1476x1117
6110ecb3bb1c,0,/kaggle/input/competitions/aptos2019-blindness-detection/train_images/6110ecb3bb1c.png,1050,1050,1.1,1.035,1.0,78.13810729980469,43.238620736840424,124.60133045818657,dd33dc60582ab0523f0f38ad130b906b,f0f0f8fcdcf8f0e0,False,1050x1050
612f2df37a1d,4,/kaggle/input/competitions/aptos2019-blindness-detection/train_images/612f2df37a1d.png,2416,1736,4.19,2.131,0.934,84.085205078125,31.911907108318896,135.81882743514143,b5fc7546e9f3bccc1d41e04ba6357673,e2c0c2c6f0f09ecc,False,2416x1736
613028ede6a0,4,/kaggle/input/competitions/aptos2019-blindness-detection/train_images/613028ede6a0.png,1050,1050,1.1,0.94,1.0,70.34565734863281,37.67578040437107,102.66855425736867,11c9eac4678c2460f947ea6d4027d323,f0c4c09088c0c0f0,False,1050x1050
613bacb35c05,1,/kaggle/input/competitions/aptos2019-blindness-detection/train_images/613bacb35c05.png,2416,1736,4.19,2.132,0.934,72.78944396972656,28.009064852072584,65.81067463918589,23b31ed1b94fc73b297c2927e84c32dc,f0e0e0c8c0e0e0c0,False,2416x1736
6155cf375354,0,/kaggle/input/competitions/aptos2019-blindness-detection/train_images/6155cf375354.png,1050,1050,1.1,0.913,1.0,83.87791442871094,45.74088921109089,162.82625435944647,d9922d31ec21238fbe48ef60349290e7,f0f0e0e2e0f0f0f0,False,1050x1050
6165081b9021,1,/kaggle/input/competitions/aptos2019-blindness-detection/train_images/6165081b9021.png,2416,1736,4.19,2.024,0.934,72.51606750488281,25.71360950467894,83.29420455521904,744cd9e1e5b28be9b4ed20c7698e2634,f0f8f85c7cf8b0e4,False,2416x1736
6180920bc224,0,/kaggle/input/competitions/aptos2019-blindness-detection/train_images/6180920bc224.png,1050,1050,1.1,0.935,1.0,85.21566772460938,44.18916263757774,205.04140340327285,b5f24c144afa73b50a2188de5445962d,f0fee65363e2ecf0,False,1050x1050
6181aa9f75f4,3,/kaggle/input/competitions/aptos2019-blindness-detection/train_images/6181aa9f75f4.png,2588,1958,5.07,3.783,0.997,52.90846252441406,28.132782090321957,61.343156828545034,e2fedf54119e0b2b9b355f9975b77fd4,e0c09c94c0e0e0e0,False,2588x1958
6194e0fff071,4,/kaggle/input/competitions/aptos2019-blindness-detection/train_images/6194e0fff071.png,1844,1226,2.26,0.895,0.818,96.1649169921875,44.06093774538707,132.23264354467392,e604ae5a9afe190ea4bf15703f157437,e2c2c0c1c18280d8,False,1844x1226
61a62b1dcc36,0,/kaggle/input/competitions/aptos2019-blindness-detection/train_images/61a62b1dcc36.png,2048,1536,3.15,1.768,0.602,37.20701599121094,22.572045304275157,42.96554171084426,78daaa4f46c661eb0dcbd8d974c3d332,f0c2c6c6c6c0e4f0,True,2048x1536
61ac9b0dc6b9,2,/kaggle/input/competitions/aptos2019-blindness-detection/train_images/61ac9b0dc6b9.png,4288,2848,12.21,4.568,0.81,66.44038391113281,27.450916968406048,85.64398592337966,05fe3d9a967d3a5bac8be7cb8feba520,a0e0e0c8c88686c4,False,4288x2848
61bbc11fe503,4,/kaggle/input/competitions/aptos2019-blindness-detection/train_images/61bbc11fe503.png,2416,1736,4.19,1.995,0.935,92.60244750976562,34.34332928634953,141.3109915216919,4d0a7bdfeced105f4c983135a41739c1,f8f4f6ee7cfc90c4,False,2416x1736
61bbe8db6f3a,1,/kaggle/input/competitions/aptos2019-blindness-detection/train_images/61bbe8db6f3a.png,2416,1736,4.19,2.184,0.934,66.17750549316406,25.62891431094779,84.53179322183132,49b8e35672c2f5c76b70ebd6f4bc5147,fef0f0c8c89084c4,False,2416x1736
61c2fbd16e38,2,/kaggle/input/competitions/aptos2019-blindness-detection/train_images/61c2fbd16e38.png,2588,1958,5.07,5.209,1.0,46.40960693359375,21.537915712166882,35.250354492804036,96da980539d307d390fa0434d5be2684,f8fcfce7fcf8fcf8,False,2588x1958
61c667663f2f,0,/kaggle/input/competitions/aptos2019-blindness-detection/train_images/61c667663f2f.png,1050,1050,1.1,1.015,1.0,94.39462280273438,48.999282250122356,175.37195601686835,f0989eb3a73fc70c4cf17415a69d1667,f0f0f89cdcfce0f0,False,1050x1050
61d9c88a3a4b,0,/kaggle/input/competitions/aptos2019-blindness-detection/train_images/61d9c88a3a4b.png,2048,1536,3.15,1.746,0.605,69.98985290527344,39.90565737667278,123.41335797845386,c638eab54b2d59710337398b41c9d7da,f0fcfeefeff8fcf0,False,2048x1536
61da799bf0aa,0,/kaggle/input/competitions/aptos2019-blindness-detection/train_images/61da799bf0aa.png,2588,1958,5.07,5.072,1.0,51.71235656738281,21.581499439732998,17.013225134462118,d8cea8ffe373c9e40e1a86f6c2a146d6,f0f0f8fcfefefcf8,True,2588x1958
61e301bd3c25,4,/kaggle/input/competitions/aptos2019-blindness-detection/train_images/61e301bd3c25.png,3388,2588,8.77,7.381,0.866,84.02653503417969,34.84459404973165,177.50004190206528,00411449bb17208728235e6e0f36c92a,c0c0a080d0c8b2c4,False,3388x2588
61f403fdb434,4,/kaggle/input/competitions/aptos2019-blindness-detection/train_images/61f403fdb434.png,2588,1958,5.07,5.518,1.0,59.37471008300781,31.947445926333405,62.650021554669365,e621354c3a1b394e6d77dcae3d80f44c,e0c0808081c0c0c0,False,2588x1958
62318d514160,4,/kaggle/input/competitions/aptos2019-blindness-detection/train_images/62318d514160.png,2416,1736,4.19,2.094,0.935,71.04373168945312,27.959128021749947,96.21530277188867,845a2fafeadddbaafa6d1e671f577e5f,e2b0f8d8dcdcdcc8,False,2416x1736
624fb7317106,2,/kaggle/input/competitions/aptos2019-blindness-detection/train_images/624fb7317106.png,2416,1736,4.19,2.148,0.934,90.09140014648438,35.372089282546504,117.81807363941334,72ba898b91e2176d04ec48a0c952ac76,f2e2e0c0c6c6a2c4,False,2416x1736
6253f23229b1,3,/kaggle/input/competitions/aptos2019-blindness-detection/train_images/6253f23229b1.png,2896,1944,5.63,2.122,0.633,55.124755859375,27.80835094471828,41.06948937824927,292a349e96cc5560aeb965019b116180,d0e0c0c4e0e0f0f0,False,2896x1944
628b581aa905,0,/kaggle/input/competitions/aptos2019-blindness-detection/train_images/628b581aa905.png,2048,1536,3.15,1.849,0.684,63.0465087890625,44.15238370777986,143.64160594251007,00c7934deb532564d1e4deb4330ea3e8,78cedefee6fefe78,False,2048x1536
6294b378d09f,0,/kaggle/input/competitions/aptos2019-blindness-detection/train_images/6294b378d09f.png,819,614,0.5,0.287,0.606,70.08891296386719,39.315264417752374,115.18795230402611,48a2263cb1aaa05c61eff350101c7cbf,e084e0726eecf4f0,False,819x614
6298468d7d75,1,/kaggle/input/competitions/aptos2019-blindness-detection/train_images/6298468d7d75.png,3388,2588,8.77,7.117,0.865,69.09303283691406,27.651572526302886,99.24989115609787,ae7ae0c797f6b3b22ab7573eb7760797,c0a0c0c0c0c0e0d0,False,3388x2588
62ab144d5cee,2,/kaggle/input/competitions/aptos2019-blindness-detection/train_images/62ab144d5cee.png,2144,1424,3.05,2.94,0.841,63.72967529296875,26.387819742334536,69.44680151250213,d4913c08bb0b1a3f58e2211c68b7084a,f0f0f0f8eaf6f6d4,False,2144x1424
62b4be2799ca,0,/kaggle/input/competitions/aptos2019-blindness-detection/train_images/62b4be2799ca.png,1050,1050,1.1,0.996,1.0,79.697265625,42.857415021304654,132.87614369019866,cfa654d3f049bee48b278c789347434e,f0f8fcdcf8f8e0f0,False,1050x1050
62b826899151,0,/kaggle/input/competitions/aptos2019-blindness-detection/train_images/62b826899151.png,1050,1050,1.1,1.011,1.0,89.11082458496094,46.89839684339651,163.20880689378828,21c4f0b7dab4a6c828f5292adeed7d2c,f0f0e0c0e0f0f8f0,False,1050x1050
62cc7ddb53b6,2,/kaggle/input/competitions/aptos2019-blindness-detection/train_images/62cc7ddb53b6.png,3216,2136,6.87,3.634,0.845,108.30061340332031,42.6520932568854,288.1455832570791,a8121770221a17d6ed1d4cf6f4eff46b,f2e0f0a088c0e0e0,False,3216x2136
62e6f814c8f5,2,/kaggle/input/competitions/aptos2019-blindness-detection/train_images/62e6f814c8f5.png,2416,1736,4.19,2.082,0.934,97.86299133300781,36.26638587750894,198.5397936271038,c97a331141ea94d37f05df30e86dc9d4,f0c2d0c1c583c6c6,False,2416x1736
62ecdc90dd42,2,/kaggle/input/competitions/aptos2019-blindness-detection/train_images/62ecdc90dd42.png,1050,1050,1.1,1.017,1.0,72.61021423339844,38.819622261806195,116.50714264041744,75c3db30cabfc5952a7d2e54e7bf4c4c,f0e4e0c0e0f0c8f0,False,1050x1050
6324d77cf926,0,/kaggle/input/competitions/aptos2019-blindness-detection/train_images/6324d77cf926.png,1050,1050,1.1,1.043,1.0,76.55662536621094,41.34341522579799,117.59149697772227,f693915fe041d0f87df3b975b7e14623,f0f0fcfcdcfcf8f0,False,1050x1050
63363410389a,1,/kaggle/input/competitions/aptos2019-blindness-detection/train_images/63363410389a.png,2416,1736,4.19,2.164,0.934,59.85652160644531,26.4435612282097,79.44178731716238,cb51315962c707bf8e15431f1a2210a7,80a0e040808080c0,False,2416x1736
633fe9dbaf39,0,/kaggle/input/competitions/aptos2019-blindness-detection/train_images/633fe9dbaf39.png,2588,1958,5.07,2.445,1.0,58.77662658691406,27.617118169944202,36.391962884925306,aed5c7c9a14107d8c30981b0df48a35d,f8fcfcfcfcfcfcf8,False,2588x1958
6363b360aefb,2,/kaggle/input/competitions/aptos2019-blindness-detection/train_images/6363b360aefb.png,3216,2136,6.87,2.872,0.842,83.67562866210938,31.81520090423683,105.67933760583401,1d82fdd586e97b4d66870933418db32b,e0e0e070e2e68ecc,False,3216x2136
6377e23928f6,1,/kaggle/input/competitions/aptos2019-blindness-detection/train_images/6377e23928f6.png,3216,2136,6.87,2.913,0.842,86.06307983398438,30.96171943699334,114.79920856631361,287c068d308d802f199ab1c042d74175,c484ac4cfcf0f2c4,False,3216x2136
639915f58a2f,0,/kaggle/input/competitions/aptos2019-blindness-detection/train_images/639915f58a2f.png,1050,1050,1.1,1.019,1.0,83.30598449707031,45.221971646058165,145.41653653606772,83bce2b286ffd2af2671c772e0606d59,f0c0848480c0e0f0,False,1050x1050
63a03880939c,1,/kaggle/input/competitions/aptos2019-blindness-detection/train_images/63a03880939c.png,2416,1736,4.19,2.056,0.934,69.63442993164062,26.545799458232224,74.74996891967021,cf167b308c1501b136483264a98efb08,e0f0f0c0c0c0c0c4,False,2416x1736
63b4d030b016,4,/kaggle/input/competitions/aptos2019-blindness-detection/train_images/63b4d030b016.png,2416,1736,4.19,1.861,0.934,68.44685363769531,28.17199060873592,76.07548652566038,c7ce41e045f0a70f5a7adde5d97d4dfc,c0c08088809090c0,False,2416x1736
63b71347e95d,0,/kaggle/input/competitions/aptos2019-blindness-detection/train_images/63b71347e95d.png,1050,1050,1.1,0.899,1.0,75.34840393066406,40.798226660739296,110.66633089981042,88a904ccd48cfc6903d2be96a42de610,f0fcfcdedefcf8f0,False,1050x1050
63c0eafd6aa9,0,/kaggle/input/competitions/aptos2019-blindness-detection/train_images/63c0eafd6aa9.png,1050,1050,1.1,1.074,1.0,77.29627990722656,43.26877043492191,148.14767538011074,26673e2b77eaf14e1d9d066351dcc4fd,f0fcfcdcfcf8f0f0,False,1050x1050
63c3c571b8ee,2,/kaggle/input/competitions/aptos2019-blindness-detection/train_images/63c3c571b8ee.png,640,480,0.31,0.331,1.0,107.70777893066406,18.639515252379994,61.71442565671168,fa0e4d88e9e4869becd0e46543b2d0d9,ecae8e7a70701000,False,640x480
63c7b0265775,0,/kaggle/input/competitions/aptos2019-blindness-detection/train_images/63c7b0265775.png,1476,1117,1.65,2.049,1.0,60.69078063964844,26.82404288275092,66.90325301885605,bd63386631c8159952180f76f29434f4,fcf2f9e98ce8f0e8,False,1476x1117
63d217b059b6,2,/kaggle/input/competitions/aptos2019-blindness-detection/train_images/63d217b059b6.png,2416,1736,4.19,2.087,0.934,82.09765625,32.09993422076654,85.98518786486238,f92ed62929ea1ffe0b364dac8ba39b97,e0e0f0e0c0c0c0c8,False,2416x1736
63e041a757eb,0,/kaggle/input/competitions/aptos2019-blindness-detection/train_images/63e041a757eb.png,2588,1958,5.07,5.55,1.0,86.10893249511719,32.9292304542064,63.27361676446162,dc77c33e9c25401042ca77c4ae6f95ea,f0f0e0d5c7e6e2f0,False,2588x1958
64678182d8a8,1,/kaggle/input/competitions/aptos2019-blindness-detection/train_images/64678182d8a8.png,2416,1736,4.19,2.148,0.935,72.228271484375,26.8106210923934,111.0421539710369,7b9295a4e13c2b6684a249675b34cd38,f2e0e1a1998884c4,False,2416x1736
64a13949e879,2,/kaggle/input/competitions/aptos2019-blindness-detection/train_images/64a13949e879.png,3216,2136,6.87,3.525,0.842,95.98797607421875,35.76104150205818,153.57708373572677,3a35171cf32f96f02439b896c0b19a33,e4e0c0c0c4c0e0f4,False,3216x2136
64ac539f58cb,0,/kaggle/input/competitions/aptos2019-blindness-detection/train_images/64ac539f58cb.png,2048,1536,3.15,1.907,0.604,58.68000793457031,34.135791555378376,67.23819780140184,2da8394197c44ca25b8b91964a0343cd,f0e0ccb0b0d0f8f0,False,2048x1536
64b9206afb3f,0,/kaggle/input/competitions/aptos2019-blindness-detection/train_images/64b9206afb3f.png,1050,1050,1.1,0.916,1.0,89.76666259765625,47.44122755029567,149.04150846763514,fab37a423043541bea8a0253e1097c08,f0f8f8fcdcf8f0f0,False,1050x1050
64bad93fde3f,4,/kaggle/input/competitions/aptos2019-blindness-detection/train_images/64bad93fde3f.png,1844,1226,2.26,1.136,0.816,81.13697814941406,33.707127298424126,87.51625467743725,b19e2af0216a5edca686d05b70735238,d8e0f0e8ccce8cc0,False,1844x1226
64c6c6ee0d98,0,/kaggle/input/competitions/aptos2019-blindness-detection/train_images/64c6c6ee0d98.png,2588,1958,5.07,5.256,1.0,61.90789794921875,26.998563960569182,33.30245847161859,3e27710926da9438fcebf313f3bf0842,f0f0feeeecf8f8f8,False,2588x1958
64eb5a79dfdd,1,/kaggle/input/competitions/aptos2019-blindness-detection/train_images/64eb5a79dfdd.png,2588,1958,5.07,4.559,1.0,96.24519348144531,46.05634522202524,123.79951755679213,3fd99b47150db1e215aa907b08bdd31d,f4fefedfdffffefc,False,2588x1958
64fedbf97473,4,/kaggle/input/competitions/aptos2019-blindness-detection/train_images/64fedbf97473.png,2588,1958,5.07,5.172,1.0,46.16545104980469,24.74054052179277,35.80980533361435,6af22f417166a3b9b46578e39a360b81,fcfafcfef6fcf2f0,False,2588x1958
650104ede84c,0,/kaggle/input/competitions/aptos2019-blindness-detection/train_images/650104ede84c.png,1050,1050,1.1,1.041,1.0,84.70074462890625,47.02438192877625,146.79223693883978,ccb623327c11d3e67d9243abc4350d50,f0f0f8fcdcfcf8f0,False,1050x1050
6504b703c429,0,/kaggle/input/competitions/aptos2019-blindness-detection/train_images/6504b703c429.png,1050,1050,1.1,0.898,1.0,80.27436828613281,42.54316540415262,119.33210675953887,9df732cc9fc5fb58eae78032e449adfc,f0f8f8bcf8f8f0f0,False,1050x1050
650fbed3fdca,2,/kaggle/input/competitions/aptos2019-blindness-detection/train_images/650fbed3fdca.png,3216,2136,6.87,2.257,0.842,95.64089965820312,35.04092389246451,144.82890144898556,680fb362e91d41bb833fb13b77eb9ea0,d2e0e0c1c5c0c2c4,False,3216x2136
6531070bf03c,2,/kaggle/input/competitions/aptos2019-blindness-detection/train_images/6531070bf03c.png,3216,2136,6.87,2.469,0.842,95.09754943847656,35.09298069129261,139.25112102925777,48281ae9f25638148c9051f950a74b10,d6b0f078fcdcf8c8,False,3216x2136
653534ded339,2,/kaggle/input/competitions/aptos2019-blindness-detection/train_images/653534ded339.png,1050,1050,1.1,0.942,1.0,80.56089782714844,42.159734236220125,135.0883417574223,14977a023b2884ece04e932663249194,f0e0e0e2e0e0c0f0,False,1050x1050
655cafb4c932,1,/kaggle/input/competitions/aptos2019-blindness-detection/train_images/655cafb4c932.png,2416,1736,4.19,1.883,0.935,107.77580261230469,41.55062845680404,259.6898728979286,4780dc682b754485ab9749b3a8e1c64b,d6f2e3c18d8c86c4,False,2416x1736
657859f893d9,2,/kaggle/input/competitions/aptos2019-blindness-detection/train_images/657859f893d9.png,3216,2136,6.87,3.056,0.843,84.2337646484375,33.74369170410319,117.82906246185303,cfb9c09b9dc8c090487403967fbc4bea,c8a0b06140c4c2c4,False,3216x2136
658ad9f09f5d,0,/kaggle/input/competitions/aptos2019-blindness-detection/train_images/658ad9f09f5d.png,819,614,0.5,0.298,0.606,56.26087951660156,33.7175120197884,76.15568590140902,8cd0d005f90003e972242fe4c1cb2185,f0fcdcfcf8f8fcf0,False,819x614
65a3b13ad9a0,0,/kaggle/input/competitions/aptos2019-blindness-detection/train_images/65a3b13ad9a0.png,2416,1736,4.19,2.246,0.934,54.14802551269531,23.86565915616691,58.285836424678564,3516573d68f326275ab67b0f93e8bd27,fcfcfeeefefefcdc,False,2416x1736
65a7fe9482fe,0,/kaggle/input/competitions/aptos2019-blindness-detection/train_images/65a7fe9482fe.png,1050,1050,1.1,1.051,1.0,74.40994262695312,40.869875801964426,125.1300961971283,f4e584a998b6a8194e6bef2ef185e12c,f0f8fcfcfcfcfcf0,False,1050x1050
65c958379680,4,/kaggle/input/competitions/aptos2019-blindness-detection/train_images/65c958379680.png,2144,1424,3.05,2.808,0.841,68.41883850097656,27.9959965437747,55.07378535321914,f5a81fd1e5907e2a9f66595e63e845cd,f8f0f0e6eefcf8d0,False,2144x1424
65cf00be6fb4,0,/kaggle/input/competitions/aptos2019-blindness-detection/train_images/65cf00be6fb4.png,819,614,0.5,0.301,0.606,70.87802124023438,40.32533613880431,93.58989384374581,be1b3ab0687c5b2110352aa8608b473f,f0c0808080c0f0f0,False,819x614
65dda202653d,0,/kaggle/input/competitions/aptos2019-blindness-detection/train_images/65dda202653d.png,2588,1958,5.07,5.141,1.0,51.49285888671875,22.448672146329887,27.841181341325864,859288e1d467c20e07f2869c0eab9b15,fcfceefefefcf0f0,True,2588x1958
65e120143825,4,/kaggle/input/competitions/aptos2019-blindness-detection/train_images/65e120143825.png,2416,1736,4.19,2.113,0.934,90.48043823242188,32.742622516397674,137.01331286667846,f9df4bace04b42144d2cb783bdb9b0fe,e0a0808cceceaeec,False,2416x1736
65e51e18242b,1,/kaggle/input/competitions/aptos2019-blindness-detection/train_images/65e51e18242b.png,2416,1736,4.19,2.455,0.934,71.25929260253906,29.839890242675178,88.81223843968473,c4554a3c1170517ea907f3577a548871,f8f8fcdcfcf8f0c0,False,2416x1736
65e530ee2e79,2,/kaggle/input/competitions/aptos2019-blindness-detection/train_images/65e530ee2e79.png,1467,1110,1.63,2.161,1.0,73.924560546875,37.2163853947142,63.81494106515311,b47f63cd10b41fa545595082ef2042df,f8fcfcfcd4f4f0f0,False,1467x1110
65e6f1bd9875,0,/kaggle/input/competitions/aptos2019-blindness-detection/train_images/65e6f1bd9875.png,2588,1958,5.07,5.398,1.0,58.285552978515625,24.11808026518905,40.25596492527984,22c5a3076bb9e3153d28cd80c6052ca5,f0f8fcfceee6fcf8,False,2588x1958
65f5d2a6eb7e,0,/kaggle/input/competitions/aptos2019-blindness-detection/train_images/65f5d2a6eb7e.png,1050,1050,1.1,0.907,1.0,80.05769348144531,42.26959656366005,119.87167331180535,f89005be84064916f8c093ca72895975,f0e0e0c0c4e0e0f0,False,1050x1050
65f69234c8a7,0,/kaggle/input/competitions/aptos2019-blindness-detection/train_images/65f69234c8a7.png,1050,1050,1.1,1.007,1.0,82.733154296875,45.555150305932635,126.21449250518344,9cf878630bb5ac0f5b2f53708dcc403f,f0f0f8fcdcf8f0f0,False,1050x1050
6630f8675a97,4,/kaggle/input/competitions/aptos2019-blindness-detection/train_images/6630f8675a97.png,4288,2848,12.21,5.206,0.807,51.193511962890625,23.336749559964755,51.93880237988196,9da4020912c4dc56edba6acdddd0d8af,fcfcecce8e8686c4,False,4288x2848
66366a90d1ef,0,/kaggle/input/competitions/aptos2019-blindness-detection/train_images/66366a90d1ef.png,2588,1958,5.07,2.588,1.0,65.04435729980469,25.390334749942422,36.79745668172836,d07de0494898ffc4aba3a8c62c695018,f8f0f4e7f4f0f0f0,False,2588x1958
66375b3c64db,4,/kaggle/input/competitions/aptos2019-blindness-detection/train_images/66375b3c64db.png,3388,2588,8.77,3.698,0.871,70.95211791992188,30.46875344201521,113.76240911986679,fb99ee94f95c9fe0ede6f6ef99e7c83b,c0e0c0c0e0c0e0c0,False,3388x2588
66393d8c60ba,0,/kaggle/input/competitions/aptos2019-blindness-detection/train_images/66393d8c60ba.png,1050,1050,1.1,1.065,1.0,73.86639404296875,42.157382939569196,118.95341821177863,020bc668fb19ae3305d20f21efbc7859,f0e0e0f0f0f0f8f0,False,1050x1050
663a923d5398,2,/kaggle/input/competitions/aptos2019-blindness-detection/train_images/663a923d5398.png,2588,1958,5.07,5.172,1.0,48.37091064453125,23.77025115232388,25.345922857290134,9e99677e9b61f5175721b05b00d73656,f8f8fcfeeefcf8f8,True,2588x1958
66460ecab347,0,/kaggle/input/competitions/aptos2019-blindness-detection/train_images/66460ecab347.png,2048,1536,3.15,1.76,0.6,29.606338500976562,18.58437383697047,30.93701092689298,3a58f8705dc8bb5b6d807f21ae0e48f1,f0c2848c8cc4c0f0,True,2048x1536
664b1f9a2087,4,/kaggle/input/competitions/aptos2019-blindness-detection/train_images/664b1f9a2087.png,3216,2136,6.87,2.711,0.842,104.69631958007812,38.73020186184416,150.8461892819032,630692b141065e2df70276fda681206b,f0f0f8f8fedefcfc,False,3216x2136
6653ad026901,0,/kaggle/input/competitions/aptos2019-blindness-detection/train_images/6653ad026901.png,1050,1050,1.1,0.96,1.0,69.19038391113281,38.26107878563286,112.80741882324219,1a923062dc21357644724dea742c4f41,f0e0e0e0e2e0f0f0,False,1050x1050
665ce639a331,1,/kaggle/input/competitions/aptos2019-blindness-detection/train_images/665ce639a331.png,2416,1736,4.19,2.16,0.935,73.19038391113281,26.70209001224522,103.49477848573588,52f0b0382241f63dce914cb4d3b08800,c280e24260f0b0c0,False,2416x1736
6666c4f18396,2,/kaggle/input/competitions/aptos2019-blindness-detection/train_images/6666c4f18396.png,3216,2136,6.87,5.962,0.842,55.42369079589844,23.77174823321946,58.2585210762918,3fe71f031a023ed6f4020f9f968f1a2c,fef2f088ccc882c0,False,3216x2136
668a319c2d23,0,/kaggle/input/competitions/aptos2019-blindness-detection/train_images/668a319c2d23.png,1050,1050,1.1,1.056,1.0,80.00154113769531,43.32927390620748,137.49309969856404,cd781250eb3230a5631fe83c10026547,f0f8feceeefcf8f0,False,1050x1050
668e853258cd,2,/kaggle/input/competitions/aptos2019-blindness-detection/train_images/668e853258cd.png,2588,1958,5.07,5.071,1.0,40.09178161621094,22.218534679142234,34.28412654623389,784e0dc4f42d9e449c81476fa6afec41,f8f8fcfeecfcf8f0,True,2588x1958
66a0bf258013,4,/kaggle/input/competitions/aptos2019-blindness-detection/train_images/66a0bf258013.png,2416,1736,4.19,2.258,0.934,61.515594482421875,24.71875619223233,81.05255244672298,d2f734586d1ef60612aa8fb5c3ad37a7,82b0f0664e9c9cdc,False,2416x1736
66b88a4bc474,0,/kaggle/input/competitions/aptos2019-blindness-detection/train_images/66b88a4bc474.png,2048,1536,3.15,1.914,0.604,70.54714965820312,42.52144957696678,81.95964980777353,42fb097596dfdd72fde25ee4b1884dbb,f0f8fcfcdcfcf8f0,False,2048x1536
66bae1ba227f,2,/kaggle/input/competitions/aptos2019-blindness-detection/train_images/66bae1ba227f.png,4288,2848,12.21,4.415,0.809,50.49107360839844,20.57180891839611,59.59453068673611,fb4427772f544ec207a0eb0a0615f3a6,a0e2e243878686c4,False,4288x2848
66bfec8d6bcd,0,/kaggle/input/competitions/aptos2019-blindness-detection/train_images/66bfec8d6bcd.png,1050,1050,1.1,0.95,1.0,90.76718139648438,48.873679945306904,150.3980044722557,66196a5edd17b2fb9823e137f67b0314,f0f8f8fc9cfcf8f0,False,1050x1050
66cd9c28e636,1,/kaggle/input/competitions/aptos2019-blindness-detection/train_images/66cd9c28e636.png,2416,1736,4.19,1.845,0.935,77.22067260742188,27.614139858127754,94.81049814238213,6e71c028b884ff39c628b3c022130347,f0f8f0ece6c286c4,False,2416x1736
66d2ca47aa44,2,/kaggle/input/competitions/aptos2019-blindness-detection/train_images/66d2ca47aa44.png,2588,1958,5.07,5.043,1.0,48.784576416015625,26.927174058688095,14.812707151984796,9390ce34b709f3771841d383a227c14e,fcf8fcfcfefefcf8,True,2588x1958
6733544ae7a6,2,/kaggle/input/competitions/aptos2019-blindness-detection/train_images/6733544ae7a6.png,2588,1958,5.07,3.258,1.0,81.91169738769531,36.632769595534,30.276549892267212,0652ec8c13493c57ef0e412a28cdf7c5,e8f8fcfcdcecf8f8,False,2588x1958
6735931000ec,3,/kaggle/input/competitions/aptos2019-blindness-detection/train_images/6735931000ec.png,3216,2136,6.87,3.281,0.842,76.79902648925781,28.98825887311378,105.23407937004231,bbace394111891f9ffe0cf4912930cb2,daf8f4eeeef4b8c0,False,3216x2136
674057ab250c,2,/kaggle/input/competitions/aptos2019-blindness-detection/train_images/674057ab250c.png,2588,1958,5.07,5.309,1.0,53.73626708984375,25.686675979616126,51.65861717960797,1d7e2852c00395bd36f41ef03e5445ad,f8e8ceceecf8f0e0,False,2588x1958
675de69373f8,0,/kaggle/input/competitions/aptos2019-blindness-detection/train_images/675de69373f8.png,819,614,0.5,0.333,0.61,78.4483642578125,44.47619425304399,174.72935550822876,11acaf55ec19849b7effa77b5523857d,f0d8be4e7efcf8f0,False,819x614
6762b2b48ea5,1,/kaggle/input/competitions/aptos2019-blindness-detection/train_images/6762b2b48ea5.png,2416,1736,4.19,2.408,0.934,77.2774658203125,28.652197714331383,110.29990512109362,a914c662af6307d3ada5ca94c693a39d,c0a0c0d0918286c0,False,2416x1736
677f087cd697,1,/kaggle/input/competitions/aptos2019-blindness-detection/train_images/677f087cd697.png,2416,1736,4.19,2.175,0.934,69.10366821289062,25.958329385264793,74.2453656187281,a29d8fd1c41baeb5cda4e4f6ef1992a7,f0f0f0eeeefcdcd8,False,2416x1736
67844c46bc61,2,/kaggle/input/competitions/aptos2019-blindness-detection/train_images/67844c46bc61.png,3216,2136,6.87,3.152,0.842,87.67434692382812,32.82281085952975,147.84790855553,cd3c2570aab925ac6daa588ce677d90b,f4ecc6eeeef4f8c8,False,3216x2136
67c03349bb31,2,/kaggle/input/competitions/aptos2019-blindness-detection/train_images/67c03349bb31.png,1050,1050,1.1,0.926,1.0,70.33404541015625,38.09121098865094,103.709371923469,3fdcc16eaefb21aef2a9f32cba771075,f0f8fcdefcf8f0f0,False,1050x1050
67d8f94f04e0,0,/kaggle/input/competitions/aptos2019-blindness-detection/train_images/67d8f94f04e0.png,2048,1536,3.15,1.93,0.605,77.05088806152344,44.36038135504208,109.0787320099771,5171ba0eb08a6e1d36cb9a228288441b,f0f8fceecefcfcf0,False,2048x1536
67ed8cc78b97,0,/kaggle/input/competitions/aptos2019-blindness-detection/train_images/67ed8cc78b97.png,819,614,0.5,0.295,0.606,69.07461547851562,39.41502049332653,82.03084105905145,965c09196fa8a02318075975edb0a93f,f0c0c08cc4e0f0f0,False,819x614
67f5d89da548,1,/kaggle/input/competitions/aptos2019-blindness-detection/train_images/67f5d89da548.png,2416,1736,4.19,2.221,0.934,88.20085144042969,32.10818532821417,131.73069494124502,8fd5b16dc4c978845366c6e4190b38db,dcc2cac2c0e080c0,False,2416x1736
6810410187a0,2,/kaggle/input/competitions/aptos2019-blindness-detection/train_images/6810410187a0.png,3216,2136,6.87,2.741,0.842,94.06462097167969,34.90767838581142,120.737062783679,8f65224942cbccb0f543f1c51ca427dd,f0e0c08088c0c0c4,False,3216x2136
681c3c115684,2,/kaggle/input/competitions/aptos2019-blindness-detection/train_images/681c3c115684.png,2588,1958,5.07,4.995,1.0,44.152313232421875,15.799849617792386,15.47120316978544,06891cc0ae202b98b33fe5fa1a49aec9,e4e0e0c1c9c0e0f0,True,2588x1958
682312e82ee3,0,/kaggle/input/competitions/aptos2019-blindness-detection/train_images/682312e82ee3.png,2588,1958,5.07,5.506,1.0,81.33683776855469,42.50459629224925,69.73680317029357,ab667d9026d269d7059419cdf7cbf838,f0f0f8f8dcdcf8f0,False,2588x1958
683023cda6a5,0,/kaggle/input/competitions/aptos2019-blindness-detection/train_images/683023cda6a5.png,819,614,0.5,0.294,0.61,100.59745788574219,60.57466065271002,463.2752670047339,6eea1b1a38a371e31ca2dfd5f465219f,f08e9e1e1e9e8cf0,False,819x614
68332fdcaa70,1,/kaggle/input/competitions/aptos2019-blindness-detection/train_images/68332fdcaa70.png,2416,1736,4.19,2.143,0.935,72.60627746582031,26.85650815529769,100.8317786147818,c018040a60996e17debbca55416f5adb,e2f2f0a9888880c4,False,2416x1736
684dd88a0d49,0,/kaggle/input/competitions/aptos2019-blindness-detection/train_images/684dd88a0d49.png,819,614,0.5,0.327,0.931,43.70530700683594,23.7700019835215,32.011134350439534,d07a457f11f1fffc74abf07d128e9449,f89cd6d696e6e0e0,False,819x614
6852f4531591,0,/kaggle/input/competitions/aptos2019-blindness-detection/train_images/6852f4531591.png,1050,1050,1.1,1.033,1.0,76.63792419433594,42.32503609891005,121.20213340222836,0fbb496fce3e34711fd50131b5f4b87b,f0f8fcfcdcfcf8f0,False,1050x1050
686ed1dbae20,2,/kaggle/input/competitions/aptos2019-blindness-detection/train_images/686ed1dbae20.png,2144,1424,3.05,2.516,0.843,75.64071655273438,28.023976635708568,112.40540235466324,7f5ae8d14e38b5465e559649739d5ec3,fce2c08191988acc,False,2144x1424
687759336b0d,3,/kaggle/input/competitions/aptos2019-blindness-detection/train_images/687759336b0d.png,2588,1958,5.07,5.528,1.0,63.10670471191406,28.141703702395144,71.67051250091754,0257b855c1594301cc972bf6af02bc10,f8f0e0e0c0c4e0f0,False,2588x1958
6889bc64ab09,2,/kaggle/input/competitions/aptos2019-blindness-detection/train_images/6889bc64ab09.png,2588,1958,5.07,5.096,1.0,41.45082092285156,18.07471198261008,23.61948576197028,46296fcd45ed1a486ae665bea12ede8c,f0f0f0f0e3e0e0f0,True,2588x1958
68987fb159ab,0,/kaggle/input/competitions/aptos2019-blindness-detection/train_images/68987fb159ab.png,1050,1050,1.1,1.012,1.0,83.13151550292969,44.95952285660712,154.6328904365655,6c4554128c6bf08390378a480c289223,f0f8fcbcf8f0e0f0,False,1050x1050
68ddb15a74de,0,/kaggle/input/competitions/aptos2019-blindness-detection/train_images/68ddb15a74de.png,1050,1050,1.1,1.015,1.0,83.89453125,45.48567309504367,146.75864501460455,8406b9bfb0c9350569462214013341ad,f0f0f8fcdcf8f0f0,False,1050x1050
691eeb59b4cb,0,/kaggle/input/competitions/aptos2019-blindness-detection/train_images/691eeb59b4cb.png,1050,1050,1.1,0.978,1.0,73.208740234375,38.76737860711358,111.9104305987712,a09cb1457dec0b95e3bb11c754960882,f0f0fcfcdcfcf8f0,False,1050x1050
692e946b1f85,0,/kaggle/input/competitions/aptos2019-blindness-detection/train_images/692e946b1f85.png,1050,1050,1.1,0.905,1.0,105.03823852539062,55.91556589403994,302.2100812708959,a2bbaafab651d8d3332f17fe3995bd52,f082b06060f0d0f0,False,1050x1050
69591ebb198d,2,/kaggle/input/competitions/aptos2019-blindness-detection/train_images/69591ebb198d.png,3216,2136,6.87,2.839,0.842,82.55462646484375,30.250174135638428,122.5953820773866,b5058ed49490456b6c84d89d081b3180,f0f0f8eeeefebccc,False,3216x2136
6966abf40b8c,0,/kaggle/input/competitions/aptos2019-blindness-detection/train_images/6966abf40b8c.png,1050,1050,1.1,1.044,1.0,94.12672424316406,51.281776447674666,157.31570571660995,11df16e9b1fc768172c86cb31c9c9c1b,f0f8f8b8f8f0fcf0,False,1050x1050
697538183db5,3,/kaggle/input/competitions/aptos2019-blindness-detection/train_images/697538183db5.png,2896,1944,5.63,2.31,0.641,77.08273315429688,37.57492381376103,165.01547907828353,9178111757e4b12d6432175bac12c898,c8c0e0c0c4c686d0,False,2896x1944
6987804eb464,2,/kaggle/input/competitions/aptos2019-blindness-detection/train_images/6987804eb464.png,1844,1226,2.26,1.004,0.818,120.82345581054688,49.73582760917408,156.28869493096136,3f5fe1c0975a46f6c6fa6ac9777a239a,f0f8f8e8ecdcfce8,False,1844x1226
698d6e422a80,2,/kaggle/input/competitions/aptos2019-blindness-detection/train_images/698d6e422a80.png,640,480,0.31,0.334,1.0,92.88473510742188,21.944324195453454,69.07701181527227,f27775eb17ec6bc768f3ac1a56865523,ba73f1c9c9f123d7,False,640x480
69b3a00927fc,0,/kaggle/input/competitions/aptos2019-blindness-detection/train_images/69b3a00927fc.png,1050,1050,1.1,0.984,1.0,81.47726440429688,42.276754925354304,139.1379627061542,6bfa7e714e27f9f611de019c32fd0979,f0fcdcdcf8f0e0f0,False,1050x1050
69c4cbb630de,0,/kaggle/input/competitions/aptos2019-blindness-detection/train_images/69c4cbb630de.png,819,614,0.5,0.309,0.61,87.20085144042969,48.50629615304557,195.45327785774134,17ed1452e8ca51d338bb0b51859dccb9,f0d89c0ecef8f8f0,False,819x614
69df7ade0575,2,/kaggle/input/competitions/aptos2019-blindness-detection/train_images/69df7ade0575.png,2416,1736,4.19,2.061,0.934,88.06317138671875,32.18044675604845,140.987692235969,633361f2d59bb412d0bd3bc981525708,cc84f0f0f1808ecc,False,2416x1736
69f43381317b,0,/kaggle/input/competitions/aptos2019-blindness-detection/train_images/69f43381317b.png,2048,1536,3.15,1.914,0.604,89.81436157226562,48.90855462116991,166.3843190500047,fc80bb2efcc0e13690f15a60cf93c22d,f8eccc8c8cdcecf0,False,2048x1536
69fff98cb32a,4,/kaggle/input/competitions/aptos2019-blindness-detection/train_images/69fff98cb32a.png,2416,1736,4.19,1.948,0.934,75.90887451171875,27.696884266099,98.36526875360869,efde031b2abe81748e97ed6e2235f894,eac0e089888082c4,False,2416x1736
6a244e855d0e,3,/kaggle/input/competitions/aptos2019-blindness-detection/train_images/6a244e855d0e.png,3216,2136,6.87,1.568,0.845,138.5201416015625,49.78515079643426,276.3688595145941,ea95586a0124444758a79287cb8666e8,c492909498b0a2c0,False,3216x2136
6a2642131e4a,0,/kaggle/input/competitions/aptos2019-blindness-detection/train_images/6a2642131e4a.png,1050,1050,1.1,0.981,1.0,82.48744201660156,45.4102944663185,200.01593959680758,f835aaf31b7f92aee83bdf709ada8db6,f0e2c0c0c4c0e0f0,False,1050x1050
6a2c3f4ef329,0,/kaggle/input/competitions/aptos2019-blindness-detection/train_images/6a2c3f4ef329.png,2588,1958,5.07,5.174,1.0,59.35365295410156,33.00845422487388,46.92635828163475,1575a3abf76fddb9470a20e603ab9dd7,fcfaff9f8ffffefe,False,2588x1958
6a57a3db3eff,0,/kaggle/input/competitions/aptos2019-blindness-detection/train_images/6a57a3db3eff.png,1050,1050,1.1,1.02,1.0,76.32963562011719,41.96541477232441,122.88383312686346,5781d73dcbcf7c0ff59e1cf8a846dfd3,f0e2c0c0c4e0e0f0,False,1050x1050
6a905a7202d2,0,/kaggle/input/competitions/aptos2019-blindness-detection/train_images/6a905a7202d2.png,1050,1050,1.1,0.998,1.0,92.396240234375,48.71423693742326,159.5293132280931,f816b83d272370d4f50ffa0945dacc1a,f0fcdcf8f8f8e0f0,False,1050x1050
6a91eb157f47,2,/kaggle/input/competitions/aptos2019-blindness-detection/train_images/6a91eb157f47.png,3388,2588,8.77,7.276,0.87,74.37028503417969,30.364664787070478,130.1420606886968,ff699cdc64173d700f9ba1c99426d10b,c0c0f03050b090c0,False,3388x2588
6af071b0ac6e,0,/kaggle/input/competitions/aptos2019-blindness-detection/train_images/6af071b0ac6e.png,2588,1958,5.07,5.278,1.0,50.62925720214844,25.302385452124476,43.11146477400325,86812b0edbb1e3a7cb65d3ba48c590a7,fcfafeff8fcff6fc,False,2588x1958
6b00cb764237,1,/kaggle/input/competitions/aptos2019-blindness-detection/train_images/6b00cb764237.png,2416,1736,4.19,2.148,0.935,72.228271484375,26.8106210923934,111.0421539710369,7b9295a4e13c2b6684a249675b34cd38,f2e0e1a1998884c4,False,2416x1736
6b07971c3bf6,1,/kaggle/input/competitions/aptos2019-blindness-detection/train_images/6b07971c3bf6.png,819,614,0.5,0.326,0.931,45.877960205078125,25.37531507346299,35.62844424485229,99a06910c933379cde2ef2f578af7efc,c0e4c2c2c2c2e0e0,False,819x614
6b128e648646,3,/kaggle/input/competitions/aptos2019-blindness-detection/train_images/6b128e648646.png,3216,2136,6.87,3.027,0.842,97.9932861328125,37.05371011047789,134.0504501303658,128d4099d8cb3341c4ad53700ca4338c,f0f0f0f8988892c4,False,3216x2136
6b30767595d8,0,/kaggle/input/competitions/aptos2019-blindness-detection/train_images/6b30767595d8.png,2048,1536,3.15,1.931,0.605,77.32109069824219,44.34924915257632,118.38419549819082,8a7251f69f4115407ced523eb7b4515c,f0e0c0c0c4e0f0f0,False,2048x1536
6b3860e8f64f,0,/kaggle/input/competitions/aptos2019-blindness-detection/train_images/6b3860e8f64f.png,1050,1050,1.1,0.92,1.0,88.08787536621094,46.22854478294893,143.73616118635982,e3520ac1042e0378354c67075daf4718,f0f8f8fcfcf8f0f0,False,1050x1050
6b664ed2a938,0,/kaggle/input/competitions/aptos2019-blindness-detection/train_images/6b664ed2a938.png,2048,1536,3.15,1.914,0.605,76.15863037109375,45.51632479378681,114.83951842412353,e7268f5c1c84d2cb1c7c4d6d578a9f93,f0f8fcfefefcf8f0,False,2048x1536
6b66b0e86f7e,0,/kaggle/input/competitions/aptos2019-blindness-detection/train_images/6b66b0e86f7e.png,1050,1050,1.1,0.923,1.0,85.80035400390625,45.77686622966097,136.4277382378932,7a7873e9092868de19aa9b56100ed668,f0e0e0c0c4c0c0f0,False,1050x1050
6b7cf869622a,2,/kaggle/input/competitions/aptos2019-blindness-detection/train_images/6b7cf869622a.png,2588,1958,5.07,5.003,1.0,45.05650329589844,23.3300485356837,17.220113349845633,4f7e11d32bdbf4fa22d078f8552f5c27,fcfcfcfeeefcfcf8,True,2588x1958
6b869f37cdf3,2,/kaggle/input/competitions/aptos2019-blindness-detection/train_images/6b869f37cdf3.png,2416,1736,4.19,2.302,0.934,54.052825927734375,22.280686078230882,47.047118635615334,aa12debe2e38508e9e83c4faba72bc49,e0f0f0f0dcfcb8d0,False,2416x1736
6b91e99c9408,0,/kaggle/input/competitions/aptos2019-blindness-detection/train_images/6b91e99c9408.png,2048,1536,3.15,1.946,0.605,72.6710205078125,41.94968037573746,114.26806087768637,2b1bb134c50c9a2bf6c1fec336f29e0e,f0c2d09090c2c4e0,False,2048x1536
6ba5ed791444,2,/kaggle/input/competitions/aptos2019-blindness-detection/train_images/6ba5ed791444.png,3388,2588,8.77,7.397,0.865,70.55632019042969,28.764935966744574,136.30227623856626,ea4c045570089f47113fc2d99c545f2a,f0f0f8f2f8a488c0,False,3388x2588
6baafa56895c,3,/kaggle/input/competitions/aptos2019-blindness-detection/train_images/6baafa56895c.png,2588,1958,5.07,5.339,1.0,56.145233154296875,23.79321522881351,37.62213300168514,ba99bb27ccbdb4e43fc823f379312d06,e0f0e8e8e6e6e8e8,False,2588x1958
6bb30ec3231a,0,/kaggle/input/competitions/aptos2019-blindness-detection/train_images/6bb30ec3231a.png,1050,1050,1.1,1.059,1.0,84.21731567382812,45.329344759328016,143.10920337750576,8839bd2a25e2ff6174690066ae53730d,f0f8f8bcf8f0e0f0,False,1050x1050
6bcce181be65,0,/kaggle/input/competitions/aptos2019-blindness-detection/train_images/6bcce181be65.png,2588,1958,5.07,5.724,1.0,74.67213439941406,32.48766154945079,96.19053944852203,5204b8d4635b7eb7c9cebde7b81210d1,f8f0f8fcfcfefef8,False,2588x1958
6bf26b777e3a,0,/kaggle/input/competitions/aptos2019-blindness-detection/train_images/6bf26b777e3a.png,2588,1958,5.07,5.136,1.0,35.558624267578125,13.997426894955584,27.08990916237235,3469942502f27bb84163cf8b8012a7b4,e0c0e0eec8e0f0f0,True,2588x1958
6bf2a81a5d91,0,/kaggle/input/competitions/aptos2019-blindness-detection/train_images/6bf2a81a5d91.png,819,614,0.5,0.307,0.606,76.36668395996094,43.48427450443687,112.61342588043772,2e8e2d092014db6b52f07e38c09162dc,f0f8fcbcdcfcf8f0,False,819x614
6c00dd8bf708,0,/kaggle/input/competitions/aptos2019-blindness-detection/train_images/6c00dd8bf708.png,1050,1050,1.1,0.937,1.0,72.64437866210938,40.14276773325803,102.34753926633857,f6e34d1e2755a50984a14444ee5dbb68,f0e0c08080c0e0f0,False,1050x1050
6c250a30593b,4,/kaggle/input/competitions/aptos2019-blindness-detection/train_images/6c250a30593b.png,2416,1736,4.19,2.221,0.934,87.68144226074219,31.968437954320194,173.87754080980085,b9960b44c59228ea75876a9cf2067310,c6829181a1c086cc,False,2416x1736
6c2555a9cae4,2,/kaggle/input/competitions/aptos2019-blindness-detection/train_images/6c2555a9cae4.png,2416,1736,4.19,2.3,0.935,73.70851135253906,31.11573272189729,187.40508352220058,b1dd6abf121ac4be1fe6f29073598b8f,fc9cd1d1e3838286,False,2416x1736
6c30dd481717,0,/kaggle/input/competitions/aptos2019-blindness-detection/train_images/6c30dd481717.png,819,614,0.5,0.317,0.606,70.35287475585938,38.524883486125795,126.21465018182062,add5bc1a5ee2e461744a57e57d18f0b7,f0e68e949ccce4f0,False,819x614
6c315ad3d07f,2,/kaggle/input/competitions/aptos2019-blindness-detection/train_images/6c315ad3d07f.png,640,480,0.31,0.351,1.0,103.33094787597656,29.59480828596257,78.90762858069502,a789185e2333f28932ef20197919f4e3,b03078f870547818,False,640x480
6c3589d7ed8d,0,/kaggle/input/competitions/aptos2019-blindness-detection/train_images/6c3589d7ed8d.png,1050,1050,1.1,1.09,1.0,87.19207763671875,49.98952345788772,236.63495630561374,a5d29873b90d7f5ea5185470d34813be,f0e8e0e062e0b0f0,False,1050x1050
6c3745a222da,4,/kaggle/input/competitions/aptos2019-blindness-detection/train_images/6c3745a222da.png,1050,1050,1.1,0.95,1.0,44.953155517578125,26.69986202688364,56.45681861578487,e4b6268985b346018804a921801508d1,f0f0e0e0e0f0d0f0,False,1050x1050
6c4ec95dd8ba,0,/kaggle/input/competitions/aptos2019-blindness-detection/train_images/6c4ec95dd8ba.png,2588,1958,5.07,5.063,1.0,39.100341796875,16.401608417232666,22.418667670339346,2ba042652493bbe048f56f1d76960189,f0e0e0c0c0e0e0f0,True,2588x1958
6c6505a0c637,0,/kaggle/input/competitions/aptos2019-blindness-detection/train_images/6c6505a0c637.png,2048,1536,3.15,1.716,0.6,37.063720703125,21.394512315107587,42.51964753866196,73f92fa6491f089c72a6e2d41408484f,e098ccce8edefcf8,True,2048x1536
6c6efb6b1358,1,/kaggle/input/competitions/aptos2019-blindness-detection/train_images/6c6efb6b1358.png,4288,2848,12.21,5.196,0.812,57.01521301269531,24.244069373556716,68.51853024191223,a82a411d300cc0746ecbaca3febe3760,e2f0f8f9fcbcbcdc,False,4288x2848
6c9c902a97de,0,/kaggle/input/competitions/aptos2019-blindness-detection/train_images/6c9c902a97de.png,1050,1050,1.1,0.93,1.0,72.21064758300781,39.86273885174933,134.98424434661865,b45da7859afbb947e6af3d76462d9b09,f0f2f8b8f8f0e8f0,False,1050x1050
6cb96a6fb029,0,/kaggle/input/competitions/aptos2019-blindness-detection/train_images/6cb96a6fb029.png,2048,1536,3.15,1.832,0.602,29.7587890625,20.31400570497304,28.67374595417641,60eca2ae3c8111626ce933cea7fa84f3,f0f8fcdcdefcfcf0,True,2048x1536
6cb98da77e3e,2,/kaggle/input/competitions/aptos2019-blindness-detection/train_images/6cb98da77e3e.png,1504,1000,1.5,1.324,0.811,54.88075256347656,22.943695505993233,55.41417413111776,e7699fcab7a16c18350e96d8e9890cff,d2f0b090808088c4,False,1504x1000
6cbc3dad809c,2,/kaggle/input/competitions/aptos2019-blindness-detection/train_images/6cbc3dad809c.png,3216,2136,6.87,3.13,0.842,82.61354064941406,31.848793690598725,125.60646516806446,da5de6209f5699871b25dd0991c7f1f8,f0e0e0c0c6c0e0e0,False,3216x2136
6ccfdb031184,0,/kaggle/input/competitions/aptos2019-blindness-detection/train_images/6ccfdb031184.png,819,614,0.5,0.372,0.931,73.86116027832031,56.118009978671324,62.33587369672023,063d9471e2a332f13edb415a022374eb,f8f8d09484f0f0f0,False,819x614
6cd606dc52e9,4,/kaggle/input/competitions/aptos2019-blindness-detection/train_images/6cd606dc52e9.png,4288,2848,12.21,4.452,0.81,76.9776611328125,28.53697865284999,110.36302645108663,ac3d86a46924732d836651a525a9b82a,a0c0a0808080c2c4,False,4288x2848
6cdd0f985270,1,/kaggle/input/competitions/aptos2019-blindness-detection/train_images/6cdd0f985270.png,4288,2848,12.21,4.445,0.81,60.346282958984375,25.601802528379928,54.898543536430225,c05b8c94399b930ad200f16cbd1d6d9d,f0f0f8fcde9e9edc,False,4288x2848
6cee2e148520,0,/kaggle/input/competitions/aptos2019-blindness-detection/train_images/6cee2e148520.png,2588,1958,5.07,5.447,1.0,76.61653137207031,34.329048665882915,50.557688034838066,512f25c680af661a687f6f9b130e3c9c,f0f0e0c0c0c4c0e0,False,2588x1958
6cfb7b44ef6f,4,/kaggle/input/competitions/aptos2019-blindness-detection/train_images/6cfb7b44ef6f.png,1844,1226,2.26,0.87,0.816,90.79536437988281,36.958005556009354,104.6985329752788,f10b380787f26e320f42c1238dd25e09,c0c0c08c8c8e8ecc,False,1844x1226
6cffc6c6851a,0,/kaggle/input/competitions/aptos2019-blindness-detection/train_images/6cffc6c6851a.png,819,614,0.5,0.284,0.61,73.19949340820312,41.61946317913695,104.8837152570486,afb1e07a14e6fef70ecafb4e288c3c17,f0fcfefeeefcfcf0,False,819x614
6d0c0531083f,3,/kaggle/input/competitions/aptos2019-blindness-detection/train_images/6d0c0531083f.png,2416,1736,4.19,2.021,0.934,82.84269714355469,29.838451387871878,105.55676086153835,afdb1bb140a6f56b17117ace5efffd89,e0f0f0f0b09890c0,False,2416x1736
6d10709053ae,0,/kaggle/input/competitions/aptos2019-blindness-detection/train_images/6d10709053ae.png,1050,1050,1.1,0.97,1.0,49.57356262207031,27.751565797526855,68.70970125473104,252bc00d513c215a232cc84564c7a3d9,f0f8fcfecefefcf0,False,1050x1050
6d259b5b4c76,4,/kaggle/input/competitions/aptos2019-blindness-detection/train_images/6d259b5b4c76.png,3388,2588,8.77,3.457,0.873,82.67221069335938,33.56455954488211,198.10911228414625,7ac8ee3385d5c18f20bf82eb9ba88791,d4b8b89ca8e892c0,False,3388x2588
6d292ca4c9ad,1,/kaggle/input/competitions/aptos2019-blindness-detection/train_images/6d292ca4c9ad.png,2416,1736,4.19,2.32,0.934,59.466094970703125,22.64770537385502,68.3695193415042,275230b47674e33ff15f9d5a7c8327f7,f8f0f8e6e6be9cdc,False,2416x1736
6d3d1fe6c32a,2,/kaggle/input/competitions/aptos2019-blindness-detection/train_images/6d3d1fe6c32a.png,2416,1736,4.19,2.157,0.934,69.37016296386719,27.66077249852473,70.50248315557837,fee4f7e1f851065079c71267eb7d8633,e0e0f0f8fcfcfefc,False,2416x1736
6d454444f17c,2,/kaggle/input/competitions/aptos2019-blindness-detection/train_images/6d454444f17c.png,2416,1736,4.19,1.944,0.935,96.26155090332031,35.20171403959142,204.6304738484323,8b27b77100fdd9012cb55487b80dc5af,e6f2b09199ca86cc,False,2416x1736
6d4f6c9a8406,0,/kaggle/input/competitions/aptos2019-blindness-detection/train_images/6d4f6c9a8406.png,1050,1050,1.1,0.94,1.0,72.28715515136719,37.8702452093579,109.26668694522232,4a2705a558e69f38ddf641991febd2e8,f0e0c0c0c4c0e0f0,False,1050x1050
6d5a8362dd1e,0,/kaggle/input/competitions/aptos2019-blindness-detection/train_images/6d5a8362dd1e.png,2588,1958,5.07,5.125,1.0,41.10237121582031,17.687907266523432,28.43216023570858,d7d4d71ae93ff08081b4913fd85a2dc2,8078fcfeeeecfcf8,True,2588x1958
6d6be4cfc73f,0,/kaggle/input/competitions/aptos2019-blindness-detection/train_images/6d6be4cfc73f.png,1050,1050,1.1,1.045,0.996,73.84013366699219,42.07978546443779,101.6264646591153,599a2ab123158fbd50dc9d398ccbc9b3,f0f8f8f8f8f0e0f0,False,1050x1050
6d6fcf49e515,0,/kaggle/input/competitions/aptos2019-blindness-detection/train_images/6d6fcf49e515.png,1050,1050,1.1,0.967,1.0,77.57089233398438,41.79398804176488,120.7324853381142,ef1e2269e23b459f3141bf24125363da,f0e0e0c4c4e0f0f0,False,1050x1050
6d7d26025122,4,/kaggle/input/competitions/aptos2019-blindness-detection/train_images/6d7d26025122.png,3388,2588,8.77,7.481,0.872,77.99224853515625,32.349740458573365,170.08393669780344,a37215fff9d3782866978b11ad82ae12,f0e0f070189082c4,False,3388x2588
6d9effbcde78,0,/kaggle/input/competitions/aptos2019-blindness-detection/train_images/6d9effbcde78.png,2588,1958,5.07,2.461,1.0,45.80641174316406,18.81993425387596,29.681552046677098,fe2ae9614e74d731a4f907f6008f4973,f8f4e6f7f7f2f4f0,False,2588x1958
6daef3e5ca22,4,/kaggle/input/competitions/aptos2019-blindness-detection/train_images/6daef3e5ca22.png,1844,1226,2.26,0.834,0.813,51.11932373046875,25.28646751884735,39.64460625872016,3cd5611987b5d6e2a06f10fbb3ae5022,fcf8f8dcf8f0c0c0,False,1844x1226
6dc0281f11e3,0,/kaggle/input/competitions/aptos2019-blindness-detection/train_images/6dc0281f11e3.png,1050,1050,1.1,0.938,1.0,77.99827575683594,41.86086201785113,130.3171385815367,ba4aebbf519e5c122841d806088d767f,f0c0c0c2c0e0d0f0,False,1050x1050
6dc07f968794,0,/kaggle/input/competitions/aptos2019-blindness-detection/train_images/6dc07f968794.png,1050,1050,1.1,1.004,1.0,65.35293579101562,34.16543778745239,100.88605278357863,fac212c619c24853e78fe6c2df5cd3ef,f0f0e0c0c6c0e0f0,False,1050x1050
6dcde47060f9,2,/kaggle/input/competitions/aptos2019-blindness-detection/train_images/6dcde47060f9.png,3216,2136,6.87,2.279,0.842,91.00914001464844,33.73652063840205,120.5735544168856,12e6166bcbfee4e1c3c8f171377a89fb,c4a0c080808080c0,False,3216x2136
6de39b94f634,0,/kaggle/input/competitions/aptos2019-blindness-detection/train_images/6de39b94f634.png,2048,1536,3.15,1.95,0.605,76.53877258300781,42.86426954492985,182.1261480783578,03f32e72a2c546729aa731c77ca79f51,f0fafcfefeeefcf0,False,2048x1536
6df8b7b6e837,0,/kaggle/input/competitions/aptos2019-blindness-detection/train_images/6df8b7b6e837.png,2588,1958,5.07,5.308,1.0,48.44706726074219,21.019018508081757,35.0145223652944,80513426d9901203c472a32a6a184d02,f8f8fee6fcfcf8f0,False,2588x1958
6dfd80748e72,2,/kaggle/input/competitions/aptos2019-blindness-detection/train_images/6dfd80748e72.png,2416,1736,4.19,2.262,0.934,53.242218017578125,19.848475012322055,57.1787047253456,2c9633742d7d56108a413af6f603cdd7,e0e0b09889c0d2f4,False,2416x1736
6e018411ba4a,0,/kaggle/input/competitions/aptos2019-blindness-detection/train_images/6e018411ba4a.png,2588,1958,5.07,5.746,1.0,83.73455810546875,34.711364866616265,93.71759675443172,37d4b28da0c80dcb44c5438645d0b0cb,f8fcfcdcfcfcf8f0,False,2588x1958
6e092b306fe1,2,/kaggle/input/competitions/aptos2019-blindness-detection/train_images/6e092b306fe1.png,2588,1958,5.07,5.349,1.0,70.31074523925781,31.20432909573965,31.278172753518447,9822e23089820ee6711688ced6dfa965,d0f0e0c0c8e0e0f0,False,2588x1958
6e092caa065f,0,/kaggle/input/competitions/aptos2019-blindness-detection/train_images/6e092caa065f.png,1050,1050,1.1,1.011,1.0,77.3924560546875,41.27417024445417,118.937779415166,7d0b247eab0903444cd552d29eee5b78,f0f0e0c0c4c0e0f0,False,1050x1050
6e0f78e188ff,0,/kaggle/input/competitions/aptos2019-blindness-detection/train_images/6e0f78e188ff.png,2588,1958,5.07,5.458,1.0,71.07719421386719,31.27520528296852,41.917238167487085,354a931b536615ea6d73ae78dba196e3,f0f0fcfeeefcfcf8,False,2588x1958
6e1db8711879,0,/kaggle/input/competitions/aptos2019-blindness-detection/train_images/6e1db8711879.png,2048,1536,3.15,1.97,0.604,56.18013000488281,31.26671685816353,90.25680642738007,e97e908284132d94f2b8bf16bbe1db6f,f0e0dcac9cdcfcf0,False,2048x1536
6e3526053de0,0,/kaggle/input/competitions/aptos2019-blindness-detection/train_images/6e3526053de0.png,819,614,0.5,0.343,0.931,42.66072082519531,24.843335764391345,48.218015130609274,976acc3e6f3042686bb571267275ca3d,f49a9c9c9c9cdcf8,True,819x614
6e44f6d04fc9,0,/kaggle/input/competitions/aptos2019-blindness-detection/train_images/6e44f6d04fc9.png,1050,1050,1.1,1.005,1.0,80.98356628417969,43.2646155034854,132.23335611447692,5428a412af9429e9418a1abb0e22de2c,f0f0e0c2e0f0f0f0,False,1050x1050
6e68e742f5bc,2,/kaggle/input/competitions/aptos2019-blindness-detection/train_images/6e68e742f5bc.png,3216,2136,6.87,2.636,0.842,89.55673217773438,32.67635517412964,117.99653174635023,c3e1b4d4b630af09d757a734217dd0d3,e0e0e0c8cace86cc,False,3216x2136
6e73acb2cf60,4,/kaggle/input/competitions/aptos2019-blindness-detection/train_images/6e73acb2cf60.png,2416,1736,4.19,2.092,0.934,71.56034851074219,29.09130726437401,72.04959314106964,777fdb10ed30727366c517cb9e28c618,f8f8f8eefefcb6cc,False,2416x1736
6e861bc3bd7b,0,/kaggle/input/competitions/aptos2019-blindness-detection/train_images/6e861bc3bd7b.png,819,614,0.5,0.282,0.61,79.11331176757812,44.64637471770315,139.99602315481752,8e4d952f5ce44ff6b4d0aef9081b01af,f08080c2c6c4e4f0,False,819x614
6e92b1c5ac8e,3,/kaggle/input/competitions/aptos2019-blindness-detection/train_images/6e92b1c5ac8e.png,2144,1424,3.05,2.709,0.841,50.07661437988281,21.449500928358738,49.129545455565676,f9f3914e7ff337cb501cbbbe3ff0a1bb,d4f0b028989c82c8,False,2144x1424
6ea07d19b4ce,1,/kaggle/input/competitions/aptos2019-blindness-detection/train_images/6ea07d19b4ce.png,3216,2136,6.87,2.266,0.842,99.50364685058594,36.67860445194552,139.67384525295347,b4b87d8d9512bffb6cbf3f616427614e,d8b8b0707cbcb8c8,False,3216x2136
6efa36d59ada,3,/kaggle/input/competitions/aptos2019-blindness-detection/train_images/6efa36d59ada.png,2588,1958,5.07,5.302,1.0,55.844696044921875,29.290133942257164,38.942345866700634,6919a5fedba843ff5630c2fbda6481d5,f4f0f0f8f8f8f8f0,False,2588x1958
6f0463c1ff18,2,/kaggle/input/competitions/aptos2019-blindness-detection/train_images/6f0463c1ff18.png,3216,2136,6.87,2.813,0.842,111.572998046875,43.58520000043732,148.74812885536812,23ce6133d85fe33da7f10852b4af00f1,f0e0e0c0c0c0e0f0,False,3216x2136
6f0e5848d9ce,0,/kaggle/input/competitions/aptos2019-blindness-detection/train_images/6f0e5848d9ce.png,1050,1050,1.1,0.978,1.0,74.51133728027344,40.57357050671461,110.44905991759151,778976babde9c06dd1b85326b2b72547,f0e0c0c0c0c0e0f0,False,1050x1050
6f3b62e5b7f5,0,/kaggle/input/competitions/aptos2019-blindness-detection/train_images/6f3b62e5b7f5.png,819,614,0.5,0.352,0.931,43.131011962890625,22.06536902991034,37.90891546010971,1eea436aca2541eda66661eafb8bf6e9,e0f2f07878f4f0e0,True,819x614
6f460f9968c7,0,/kaggle/input/competitions/aptos2019-blindness-detection/train_images/6f460f9968c7.png,1050,1050,1.1,0.907,1.0,72.97889709472656,39.484776098630604,113.30363924033009,c6c298051da41f5d080eff1c011fcce5,f0f0f8fcdcf8f0f0,False,1050x1050
6f4719c6bb4b,4,/kaggle/input/competitions/aptos2019-blindness-detection/train_images/6f4719c6bb4b.png,2588,1958,5.07,4.957,1.0,30.990585327148438,17.747268333807806,20.589042691281065,ebaef48c4499624644f7c1340ffff08f,f8f4fefeeefcf8f8,True,2588x1958
6f4e0538d1e4,2,/kaggle/input/competitions/aptos2019-blindness-detection/train_images/6f4e0538d1e4.png,2416,1736,4.19,2.223,0.934,81.18862915039062,32.460206577972336,104.85230348235928,023d68903001045e51e7bc93486707b9,f0f8ccecf8b28ecc,False,2416x1736
6f689fced922,0,/kaggle/input/competitions/aptos2019-blindness-detection/train_images/6f689fced922.png,1050,1050,1.1,1.023,1.0,83.02761840820312,45.19803295255413,134.03302520117722,64f21c52bd7b4a9857e8141a122230f1,f0f8fcfcf8f0e0f0,False,1050x1050
6f923b60934b,4,/kaggle/input/competitions/aptos2019-blindness-detection/train_images/6f923b60934b.png,2416,1736,4.19,1.869,0.934,89.65937805175781,33.2754082901894,101.66236351407133,d6d0aee931cf16c280e6d4f7512b0ddd,e0e0b0a0808080c0,False,2416x1736
6fb656d506b2,3,/kaggle/input/competitions/aptos2019-blindness-detection/train_images/6fb656d506b2.png,3388,2588,8.77,4.056,0.868,67.49273681640625,29.480767279445697,111.32457606284879,3b75624dc1a3c101ed7e3a57734299df,c090e0c0c0c0c0e0,False,3388x2588
6fbaaf8eb67a,0,/kaggle/input/competitions/aptos2019-blindness-detection/train_images/6fbaaf8eb67a.png,819,614,0.5,0.291,0.931,52.59574890136719,26.542715855940873,32.002000933280215,b1bff6ada656fa06bad1f3fff2b9953f,c0c0ccc496f8f0f0,False,819x614
6fe4751a3b42,0,/kaggle/input/competitions/aptos2019-blindness-detection/train_images/6fe4751a3b42.png,1050,1050,1.1,1.012,1.0,79.62869262695312,42.72921526180195,136.0193380319979,9411c4b52dd040e0f1df484a7a2e6af3,f0f8dcdcf8f8e4f0,False,1050x1050
6fe67482bfae,4,/kaggle/input/competitions/aptos2019-blindness-detection/train_images/6fe67482bfae.png,3216,2136,6.87,2.194,0.842,109.38719177246094,40.60532539070521,167.06000330206007,61c922f570ec8e4690dc387a89abd4c7,f8e0f0b1998082e0,False,3216x2136
6fe67fd7f5d1,0,/kaggle/input/competitions/aptos2019-blindness-detection/train_images/6fe67fd7f5d1.png,1050,1050,1.1,1.096,1.0,76.80288696289062,43.57584717475355,199.32199297007173,0cc859d5fdcb049fbf0ec28a61bce7ba,f0f0e0c0c0e0f0f0,False,1050x1050
7005be54cab1,1,/kaggle/input/competitions/aptos2019-blindness-detection/train_images/7005be54cab1.png,2416,1736,4.19,2.178,0.934,80.70506286621094,30.1198392153348,129.48071667179465,904f4908413390a79e0c6f294f056796,e2808189858686c4,False,2416x1736
702de9dcde32,4,/kaggle/input/competitions/aptos2019-blindness-detection/train_images/702de9dcde32.png,2416,1736,4.19,2.264,0.935,96.83876037597656,35.30405586887198,142.39339298009872,b059dc059898d36312ef09347d2295cc,d4a0c0c881e0c0e0,False,2416x1736
705f508d1e42,0,/kaggle/input/competitions/aptos2019-blindness-detection/train_images/705f508d1e42.png,1050,1050,1.1,1.08,1.0,77.94522094726562,43.45583712249829,126.33248376753181,ff3640278e2a1537eaa738f3cb391c73,f0f0f8fcdcf8f0f0,False,1050x1050
709784f7fcc2,2,/kaggle/input/competitions/aptos2019-blindness-detection/train_images/709784f7fcc2.png,1844,1226,2.26,1.02,0.816,87.09556579589844,36.008966912579865,123.49575720727444,263cc1f899eb251cdfbc640200cc8117,f8fcfece7cbc9ecc,False,1844x1226
70d0392397de,0,/kaggle/input/competitions/aptos2019-blindness-detection/train_images/70d0392397de.png,2588,1958,5.07,1.978,1.0,37.74266052246094,15.32385628480133,14.989880073582754,05cc52e89618886c8c3e76fd27c741ee,f0f0f8f8eaf8f0f0,True,2588x1958
70d657f8f503,4,/kaggle/input/competitions/aptos2019-blindness-detection/train_images/70d657f8f503.png,1050,1050,1.1,0.889,1.0,71.1888427734375,37.97612672719388,98.4834647141397,a1c81946dad9855fe5f1644cf46059d2,f0e0f0909088e0f0,False,1050x1050
70ed3ec68b94,2,/kaggle/input/competitions/aptos2019-blindness-detection/train_images/70ed3ec68b94.png,2416,1736,4.19,2.317,0.934,81.46408081054688,28.579323505440534,148.62353899679147,8eb53cde67dc585fbf215ba5d18634b9,e6c28a89c5c48ecc,False,2416x1736
70f5caf5f305,2,/kaggle/input/competitions/aptos2019-blindness-detection/train_images/70f5caf5f305.png,1050,1050,1.1,1.011,1.0,69.51631164550781,37.90511976358272,109.38070839550346,8c9cd8353be6a7beb8f31217c76653a5,f0f8fcdcdcf8d0f0,False,1050x1050
7102f29e052e,2,/kaggle/input/competitions/aptos2019-blindness-detection/train_images/7102f29e052e.png,3388,2588,8.77,7.021,0.864,79.84751892089844,32.95582751237478,136.2119957273826,3bcb96368af57f5b7a3834006c62480a,c4e0e060e0e0b0e4,False,3388x2588
710b05a96e0f,4,/kaggle/input/competitions/aptos2019-blindness-detection/train_images/710b05a96e0f.png,4288,2848,12.21,4.351,0.823,51.66712951660156,31.94796084262694,49.572100101970136,851b0e43b4ee36ce6f974243b539fb92,e0c0c0c0c08080c0,False,4288x2848
7116128c65ab,1,/kaggle/input/competitions/aptos2019-blindness-detection/train_images/7116128c65ab.png,1844,1226,2.26,0.8,0.818,84.15823364257812,35.061759544809334,95.22459853230976,6e98281de9086cb6690c8f54536c079e,f0e0e0c0c0e0e2dc,False,1844x1226
711d1480d2e3,2,/kaggle/input/competitions/aptos2019-blindness-detection/train_images/711d1480d2e3.png,2416,1736,4.19,2.428,0.934,61.0997314453125,25.120506729091193,70.55660026683472,0d3c902ceb0ac70765738d8f7c876c10,f8f8f8feeeee9ccc,False,2416x1736
7131bf4c9e6f,0,/kaggle/input/competitions/aptos2019-blindness-detection/train_images/7131bf4c9e6f.png,819,614,0.5,0.325,0.931,48.19892883300781,24.145364359819084,38.160882166586816,ce7772259763273f1e1cbfca37c795ee,c09c8686d4a8f8f0,False,819x614
7179f85bfd6f,0,/kaggle/input/competitions/aptos2019-blindness-detection/train_images/7179f85bfd6f.png,819,614,0.5,0.349,0.931,50.495941162109375,30.701705825668924,50.73615112528205,d786e87ef96e1ca1f8c13d1a4596b11e,f8d89c9c9c9cd8f0,False,819x614
71a39c660432,3,/kaggle/input/competitions/aptos2019-blindness-detection/train_images/71a39c660432.png,3216,2136,6.87,3.682,0.842,84.8272705078125,32.00488308417191,185.63021064712666,551d411f5e195956ba27106f264459ca,e8a8f0eceec6d4d8,False,3216x2136
71c1a3cdbe47,1,/kaggle/input/competitions/aptos2019-blindness-detection/train_images/71c1a3cdbe47.png,2416,1736,4.19,2.065,0.934,70.7724609375,25.838836295051262,123.07270064111799,a8317a69910d9f044779c51f19d02b20,f0f8e04e46c686c6,False,2416x1736
71c22da3d6c6,0,/kaggle/input/competitions/aptos2019-blindness-detection/train_images/71c22da3d6c6.png,2048,1536,3.15,1.96,0.605,68.95689392089844,39.38061429648951,147.44003738369793,173bf3a1575c2ff7521119ce311b6d44,f09cbe6feef6f8f0,False,2048x1536
71e4130bf5c8,2,/kaggle/input/competitions/aptos2019-blindness-detection/train_images/71e4130bf5c8.png,3216,2136,6.87,3.168,0.842,82.95429992675781,35.07711234624591,132.47754744044505,8f16f1a2c1ec7e77a01b4a95f10d8dfc,c080a0c0c0c080c0,False,3216x2136
71e43b4f8ba6,0,/kaggle/input/competitions/aptos2019-blindness-detection/train_images/71e43b4f8ba6.png,1050,1050,1.1,1.016,1.0,76.42764282226562,41.55763138231957,114.57907454576343,69b69c37223b5722c8ec35a9be33fda6,f0e0c0c4c0e0e0f0,False,1050x1050
71f6a6e4620a,1,/kaggle/input/competitions/aptos2019-blindness-detection/train_images/71f6a6e4620a.png,2416,1736,4.19,2.405,0.934,68.42921447753906,26.953706862481084,88.5278432359919,642afeb3aaec370b9b327cc8d375a326,f0f8fceece8e8ecc,False,2416x1736
720b5f62ce80,0,/kaggle/input/competitions/aptos2019-blindness-detection/train_images/720b5f62ce80.png,2048,1536,3.15,1.763,0.602,33.02543640136719,22.11787346243367,35.28777044056915,9c6daaa432a1d29e2497624ac8a28342,e0c0c0c4c6e0e0f0,True,2048x1536
721214151233,0,/kaggle/input/competitions/aptos2019-blindness-detection/train_images/721214151233.png,1050,1050,1.1,0.962,1.0,70.37590026855469,37.594558252414075,98.78892561420798,6c494a9d4a96cb74d0947ed00894de53,f0f8f8b8f8f8e0f0,False,1050x1050
7214fc7cbe03,0,/kaggle/input/competitions/aptos2019-blindness-detection/train_images/7214fc7cbe03.png,2048,1536,3.15,1.797,0.6,30.972640991210938,20.901168025947637,46.948093130253255,e3bcfa3c78339fee6c222346ec8d0600,e0c0808484c0e0f0,True,2048x1536
7247a2c97f71,2,/kaggle/input/competitions/aptos2019-blindness-detection/train_images/7247a2c97f71.png,3216,2136,6.87,2.191,0.843,78.15992736816406,28.733616893200765,103.63319636671804,3349228d1d8ec828151caa5aca0695a1,c89cb8b8f8f8f6fc,False,3216x2136
72595230840c,3,/kaggle/input/competitions/aptos2019-blindness-detection/train_images/72595230840c.png,2588,1958,5.07,5.543,1.0,78.39323425292969,27.56554216755528,51.74468861683272,a162f9942ba9c1113fba00b673e21512,f8fcf4e674f0b0f0,False,2588x1958
72606afaf3da,0,/kaggle/input/competitions/aptos2019-blindness-detection/train_images/72606afaf3da.png,2048,1536,3.15,2.023,0.602,34.31150817871094,23.19788699575205,62.71569167985581,51c3842438988260c981d2d3a6762b1e,f09c9e0eeefcf8f0,True,2048x1536
7269a1d84a57,0,/kaggle/input/competitions/aptos2019-blindness-detection/train_images/7269a1d84a57.png,2048,1536,3.15,1.8,0.681,25.29931640625,21.10672293831539,45.439253359800205,9c7bbe52370888ef5163260b5cf68e18,70e2e8decefcf878,True,2048x1536
726dff37edc0,0,/kaggle/input/competitions/aptos2019-blindness-detection/train_images/726dff37edc0.png,819,614,0.5,0.346,0.931,43.89404296875,22.92159149369045,45.74326258315705,e82c6d026c88397048452ed6bdb57455,c0c8c4d692d8f0f0,False,819x614
7270367410a1,4,/kaggle/input/competitions/aptos2019-blindness-detection/train_images/7270367410a1.png,3216,2136,6.87,2.664,0.842,100.36512756347656,36.16596280452395,187.16867978102528,a1cec6a974c3756619f182977cedc898,d2f8f86e6efabecc,False,3216x2136
72a867980067,0,/kaggle/input/competitions/aptos2019-blindness-detection/train_images/72a867980067.png,819,614,0.5,0.366,0.931,41.368377685546875,20.686375383185727,36.61582377459854,37bf582dac48de74b4f89724a44c118e,c0a4eaeab2e8e0f0,True,819x614
72c31aa48e2c,0,/kaggle/input/competitions/aptos2019-blindness-detection/train_images/72c31aa48e2c.png,1050,1050,1.1,1.031,1.0,77.43359375,41.720329477649535,120.7870675586164,83ac250874fc789866696cba6a4489bf,f0f0e0e2e0f0f0f0,False,1050x1050
72d98188648f,4,/kaggle/input/competitions/aptos2019-blindness-detection/train_images/72d98188648f.png,3388,2588,8.77,7.298,0.866,76.30215454101562,32.34900431349858,199.67499464727007,17406b1c7bda4304e388da8bad4ed762,c0801020228880c0,False,3388x2588
731b19a460ad,2,/kaggle/input/competitions/aptos2019-blindness-detection/train_images/731b19a460ad.png,2416,1736,4.19,2.264,0.935,87.99761962890625,37.846305755305465,116.8913837634027,2688e363197253fa4da5305751e7df55,f0f0f8fcf4f4e8d8,False,2416x1736
7335a2d43ada,1,/kaggle/input/competitions/aptos2019-blindness-detection/train_images/7335a2d43ada.png,4288,2848,12.21,5.659,0.81,66.54493713378906,27.495781497990865,83.71124983485788,7ce747839238bca89acd6db7dc695bfc,e0e0c0c084c0e0e4,False,4288x2848
7347bd23ba80,0,/kaggle/input/competitions/aptos2019-blindness-detection/train_images/7347bd23ba80.png,1050,1050,1.1,0.992,1.0,96.19856262207031,50.76659961513819,171.5405648460146,5454c9129e7e54f64bca7b0e9f12c2d9,f0f0f8fcdcf8f0f0,False,1050x1050
7347f5133a6a,1,/kaggle/input/competitions/aptos2019-blindness-detection/train_images/7347f5133a6a.png,2416,1736,4.19,1.874,0.934,102.90464782714844,38.68620614038516,164.57956017903052,174674747a8adcea7f1f9a947bdbd8f3,c0f0f07870e084c4,False,2416x1736
7350c50667c5,2,/kaggle/input/competitions/aptos2019-blindness-detection/train_images/7350c50667c5.png,2416,1736,4.19,2.048,0.935,90.21719360351562,33.00747283161205,181.45925650908612,e7f8a726d2f99f2200885e84ba77ecfb,e0f0f0e1ca868ecc,False,2416x1736
7356dd08b0ae,2,/kaggle/input/competitions/aptos2019-blindness-detection/train_images/7356dd08b0ae.png,640,480,0.31,0.341,1.0,74.33697509765625,17.170507510107363,46.61185535416007,af9a45640b283dc7207e358f74e47bb9,b030e6eae8f0f030,False,640x480
735836b1ffa6,0,/kaggle/input/competitions/aptos2019-blindness-detection/train_images/735836b1ffa6.png,2416,1736,4.19,2.177,0.934,80.26210021972656,32.65681137949319,97.91985970363021,29517ed30ef8c57840a70f1dc73edcca,f4e8f0f1f7f8fefc,False,2416x1736
737ef6226677,0,/kaggle/input/competitions/aptos2019-blindness-detection/train_images/737ef6226677.png,1050,1050,1.1,0.988,1.0,88.99430847167969,46.59853741181135,186.95459173619747,24fc4a0ef384e2304bd2758ff6e6935a,f0f8bcbcf8f0c0f0,False,1050x1050
73881f55a3ec,1,/kaggle/input/competitions/aptos2019-blindness-detection/train_images/73881f55a3ec.png,2416,1736,4.19,2.234,0.935,95.76277160644531,36.437746822020415,207.37433544523083,d768906d9ad6c45a8dd19bdfccae7878,ceceafafefceeefc,False,2416x1736
73a07e2ea23e,0,/kaggle/input/competitions/aptos2019-blindness-detection/train_images/73a07e2ea23e.png,819,614,0.5,0.279,0.606,61.334381103515625,34.99399283437738,88.0876999029424,8c67028561275c08557926a0dd3a289f,f0fedcbc1c1cdcf0,False,819x614
73ba798fee25,0,/kaggle/input/competitions/aptos2019-blindness-detection/train_images/73ba798fee25.png,1050,1050,1.1,0.917,1.0,90.08839416503906,47.19718232434357,148.87481735553592,9b40bb58298b01dde6b3d869cc509814,f0f8fc9cfcfcf0f0,False,1050x1050
73d40ce06a67,0,/kaggle/input/competitions/aptos2019-blindness-detection/train_images/73d40ce06a67.png,1050,1050,1.1,1.009,1.0,76.78587341308594,42.70295565765329,115.4540027230978,9ab21bd8085ee4ff63b42e00d006bf7c,f0f0f8b8f8f0e0f0,False,1050x1050
73e83a07a16d,2,/kaggle/input/competitions/aptos2019-blindness-detection/train_images/73e83a07a16d.png,2588,1958,5.07,5.173,1.0,57.1573486328125,27.33680085271276,33.773020684486255,afc43ada80f189053666e403b5a4e561,bcfcf777fffefefc,False,2588x1958
73ef3c3dcbe4,0,/kaggle/input/competitions/aptos2019-blindness-detection/train_images/73ef3c3dcbe4.png,2588,1958,5.07,5.326,1.0,63.869171142578125,23.466063412960455,34.963513280963525,9dd0025904a4c6b0826e05c3d9a9318d,f8f8fceeeef8f8f0,False,2588x1958
74211a2b6dcf,0,/kaggle/input/competitions/aptos2019-blindness-detection/train_images/74211a2b6dcf.png,2588,1958,5.07,5.407,1.0,48.51640319824219,25.896604021214284,58.045732874190435,34d8fb1e40755082c50057138b99de61,e0c0c0c4e0e0f0d0,False,2588x1958
7427dedafccf,1,/kaggle/input/competitions/aptos2019-blindness-detection/train_images/7427dedafccf.png,4288,2848,12.21,4.158,0.808,80.58895874023438,33.81555395988686,100.68445908441208,95f40e23fa44c4d091e91c62bd8b14dc,e0f0e878b8bcbedc,False,4288x2848
7435e9a3e36e,0,/kaggle/input/competitions/aptos2019-blindness-detection/train_images/7435e9a3e36e.png,2588,1958,5.07,5.36,1.0,61.72496032714844,27.73227308548522,105.23282375559211,5f1074a387cac4ee874eb70510185da5,f0f0f0709c9cd0c0,False,2588x1958
74418f620068,2,/kaggle/input/competitions/aptos2019-blindness-detection/train_images/74418f620068.png,3216,2136,6.87,2.997,0.842,64.93460083007812,24.021627122829564,84.27114359941334,f6bdf81cf488d6657213d0fbe443d3e7,ce88a0b0889082d4,False,3216x2136
7455e2b5fc57,2,/kaggle/input/competitions/aptos2019-blindness-detection/train_images/7455e2b5fc57.png,3388,2588,8.77,7.33,0.864,71.72706604003906,29.513685001883687,104.45235558017157,e352ddea3700dda89a06a2036c5fd9e1,e0f0f0e0e2c68ecc,False,3388x2588
74898f372d2b,0,/kaggle/input/competitions/aptos2019-blindness-detection/train_images/74898f372d2b.png,2588,1958,5.07,5.29,1.0,47.08174133300781,18.522031753385573,33.8268040639814,b8266c08614b9793cf46f93b9e412f34,f8f0f8f8fcfcfcf8,False,2588x1958
74eee788edee,3,/kaggle/input/competitions/aptos2019-blindness-detection/train_images/74eee788edee.png,2416,1736,4.19,1.954,0.935,80.3858642578125,32.57054071467678,110.82197364326566,038aebd42fcd0e818ca8f7ffa4ebdc0d,c0f0e06060f498cc,False,2416x1736
750e0168399d,0,/kaggle/input/competitions/aptos2019-blindness-detection/train_images/750e0168399d.png,2048,1536,3.15,1.928,0.605,81.96168518066406,47.48742714840229,169.36773423082195,26c77360b2894cd5a0c20bc44457e115,f0f8fefedefcf8f0,False,2048x1536
75238d945315,0,/kaggle/input/competitions/aptos2019-blindness-detection/train_images/75238d945315.png,1050,1050,1.1,1.023,1.0,74.02043151855469,40.14183829921537,128.26612364850007,2cc66338f79a72af20e7191f5905fa4c,f0f8fcdcfcf8e4f0,False,1050x1050
7525ebb3434d,3,/kaggle/input/competitions/aptos2019-blindness-detection/train_images/7525ebb3434d.png,1504,1000,1.5,1.383,0.838,64.30708312988281,26.44832451228254,74.6965122425463,22f5076c4ee1788e4e80c44b3d459e93,98f0f0f2f2ccd0f0,False,1504x1000
7526c59c36d3,0,/kaggle/input/competitions/aptos2019-blindness-detection/train_images/7526c59c36d3.png,1050,1050,1.1,1.112,1.0,67.06419372558594,39.0709648908311,117.85174161102623,25d5bf30855d9f09da8326499f3b0a14,f0e0c0c0c4e0e0f0,False,1050x1050
7526cf435753,0,/kaggle/input/competitions/aptos2019-blindness-detection/train_images/7526cf435753.png,819,614,0.5,0.371,0.931,41.45875549316406,22.32374627538149,43.080528454622254,3259c95b4eb2ad88bb9e4f86bea5e266,ecf8b81c3cbaf0e0,True,819x614
75369248dba0,0,/kaggle/input/competitions/aptos2019-blindness-detection/train_images/75369248dba0.png,1050,1050,1.1,1.004,1.0,82.55369567871094,44.21261984149658,141.41042512655258,e4ac2e9f4d450094dcff97bca9ce8a5c,f0e0c0c4c4e0e0f0,False,1050x1050
753b14c27c83,4,/kaggle/input/competitions/aptos2019-blindness-detection/train_images/753b14c27c83.png,2416,1736,4.19,2.24,0.934,50.84114074707031,19.287572528583677,55.326323207467794,1ae47150dcff4f134bc1a0321694222d,fef2f8b9bdbc9edc,False,2416x1736
7550966ef777,2,/kaggle/input/competitions/aptos2019-blindness-detection/train_images/7550966ef777.png,2144,1424,3.05,2.832,0.841,74.37460327148438,28.802556700519652,75.93720816075802,73341fb3fe7160f070afff19b20332ed,f0e0e0c4cce0e0fc,False,2144x1424
7569ac24762e,0,/kaggle/input/competitions/aptos2019-blindness-detection/train_images/7569ac24762e.png,2048,1536,3.15,1.852,0.602,43.059844970703125,26.7251418044536,46.11774098104797,e19ff49623699effa4ffd4e7c0e7029e,f0c080808080e0e0,True,2048x1536
756b0d6488bb,1,/kaggle/input/competitions/aptos2019-blindness-detection/train_images/756b0d6488bb.png,2416,1736,4.19,2.207,0.934,74.06388854980469,28.878406538035566,81.36283861100674,7141c4fd91c7531b1706f650cc733fc8,f0e0d0c4c0e0d0d8,False,2416x1736
757572337fd0,2,/kaggle/input/competitions/aptos2019-blindness-detection/train_images/757572337fd0.png,3216,2136,6.87,1.969,0.842,79.60075378417969,29.02567567990405,96.31076905038208,1758fcfe8289375fb433aa7c5cd2e7b1,dcbef6ceccf8a0cc,False,3216x2136
757e39293591,0,/kaggle/input/competitions/aptos2019-blindness-detection/train_images/757e39293591.png,1050,1050,1.1,1.136,1.0,67.6646728515625,37.16765999497882,105.60197994764894,181e61ddd0c5d54e8f7a003d7c27fbc6,f0f8f88c8cc4e0f0,False,1050x1050
75a071608ea6,0,/kaggle/input/competitions/aptos2019-blindness-detection/train_images/75a071608ea6.png,1050,1050,1.1,1.032,1.0,82.7208251953125,44.524459840349685,141.19049439928494,d1707e2c183bfd40d51bd2fe680f9c5a,f0f0f8fcdcf8f0f0,False,1050x1050
75a4343b12f9,0,/kaggle/input/competitions/aptos2019-blindness-detection/train_images/75a4343b12f9.png,2416,1736,4.19,2.128,0.934,58.40074157714844,21.753282434871164,52.5287632138934,7ec0217df96daf7c7b8e55a47aae49db,c0c2e0c0c0c080c0,False,2416x1736
75a7bc945b7d,2,/kaggle/input/competitions/aptos2019-blindness-detection/train_images/75a7bc945b7d.png,2416,1736,4.19,2.192,0.934,59.41950988769531,24.38626649386474,60.37299961945973,7dec9b9409bbe91d196a4923135b4c4e,f0f8f8f8f6fc9ecc,False,2416x1736
75c180e04f65,0,/kaggle/input/competitions/aptos2019-blindness-detection/train_images/75c180e04f65.png,1050,1050,1.1,1.002,1.0,87.87313842773438,46.96245118369084,166.32622921443544,ebd9752132fce6b2e9deb460c3c2b143,f0f0e0c0c6c4e0f0,False,1050x1050
75ed83dbccce,0,/kaggle/input/competitions/aptos2019-blindness-detection/train_images/75ed83dbccce.png,1050,1050,1.1,1.023,1.0,83.43803405761719,46.46398981132408,157.49880574643612,6798e75903b0a15714c8a02ddfbb93ea,f0f8fcdcdcf8f0f0,False,1050x1050
76095c338728,0,/kaggle/input/competitions/aptos2019-blindness-detection/train_images/76095c338728.png,1050,1050,1.1,1.012,1.0,76.68013000488281,42.69726586002405,118.06102244160138,a1aac1d8c0dd198c8bed4971276cc308,f0f8fcdcfcf8f0f0,False,1050x1050
760b6f4c6d82,2,/kaggle/input/competitions/aptos2019-blindness-detection/train_images/760b6f4c6d82.png,2416,1736,4.19,2.092,0.934,91.90512084960938,33.52780592528563,146.1778363173362,79d5bea696baa4fe463d618de6d5190d,f0f0f8c8d28e86cc,False,2416x1736
762d6e5d5068,3,/kaggle/input/competitions/aptos2019-blindness-detection/train_images/762d6e5d5068.png,2416,1736,4.19,2.216,0.934,68.17408752441406,26.905486329603413,150.95049631223083,d157a6aec2042f1f8f034662e900f6d8,dcbeb6363f1e8686,False,2416x1736
7635921c5efb,0,/kaggle/input/competitions/aptos2019-blindness-detection/train_images/7635921c5efb.png,2048,1536,3.15,1.905,0.605,73.40017700195312,44.514100823085386,124.56919477786869,0b465907d2fbe70b2412bffb24fdec82,f0defc7cfcfcfcf0,False,2048x1536
763ad1236efe,0,/kaggle/input/competitions/aptos2019-blindness-detection/train_images/763ad1236efe.png,1050,1050,1.1,0.897,1.0,80.74331665039062,43.49259273079838,134.27349068014883,620ba7cea585921a8ef3b16b159a4578,f0f0f8fcdcfcf0f0,False,1050x1050
76516f828d88,0,/kaggle/input/competitions/aptos2019-blindness-detection/train_images/76516f828d88.png,1050,1050,1.1,0.975,1.0,76.10646057128906,42.015843305021406,121.430476896232,5771de2d4b4953611b2495aba8c24a43,f0f0e0e0e2e0f0f0,False,1050x1050
7663aba8d762,2,/kaggle/input/competitions/aptos2019-blindness-detection/train_images/7663aba8d762.png,2416,1736,4.19,1.812,0.934,97.69378662109375,36.32451992149016,208.33713229652494,e44a68f63f5c42abfce8ce3b2f0b0cbf,cebe387d777ebedc,False,2416x1736
767d777ee889,0,/kaggle/input/competitions/aptos2019-blindness-detection/train_images/767d777ee889.png,2048,1536,3.15,1.929,0.605,88.21257019042969,46.522381994461064,182.26683331932873,271e385be826530aac6143ee81e417ef,f0c6c289ccc0e4f0,False,2048x1536
76b950c6ed5e,0,/kaggle/input/competitions/aptos2019-blindness-detection/train_images/76b950c6ed5e.png,2048,1536,3.15,1.981,0.604,53.23197937011719,30.36035712996711,78.15688307932578,5958783965bfcb501a019fdbd2304afc,f0f0f0e3e3e6e4f0,False,2048x1536
76bc31e0d3be,0,/kaggle/input/competitions/aptos2019-blindness-detection/train_images/76bc31e0d3be.png,2048,1536,3.15,1.923,0.604,85.41848754882812,47.11832978746741,185.5533100364264,b87502819e7bb00aa6e8281c938c6ecc,f0e6e29189cce0f0,False,2048x1536
76be29bb30b2,1,/kaggle/input/competitions/aptos2019-blindness-detection/train_images/76be29bb30b2.png,2416,1736,4.19,2.403,0.934,75.23207092285156,27.746808786732736,105.12050356622785,f9be99c965df88db4e0576fa431819de,f8fcf2eefafc9cf0,False,2416x1736
76c0c7e1b6cb,2,/kaggle/input/competitions/aptos2019-blindness-detection/train_images/76c0c7e1b6cb.png,2416,1736,4.19,1.718,0.934,99.5880126953125,35.02185822205913,143.26563947438262,4ac3df1624ea4ccc4ad9c93555f00bc2,d8e8f0f86ece8cd8,False,2416x1736
76cab26493f1,0,/kaggle/input/competitions/aptos2019-blindness-detection/train_images/76cab26493f1.png,819,614,0.5,0.296,0.931,39.51914978027344,23.356536579949623,22.33646013191901,abaa7f67316d63b2ebebe3bb2985457b,f4d89c9cb4bce8e0,True,819x614
76cb010f7aa0,0,/kaggle/input/competitions/aptos2019-blindness-detection/train_images/76cb010f7aa0.png,2048,1536,3.15,1.94,0.604,73.07522583007812,40.987912352233934,125.33607957861386,ceff4b2544127a0f3aa34606746fa2d0,f0e0f0f096fefcf0,False,2048x1536
76cfe8967f7d,2,/kaggle/input/competitions/aptos2019-blindness-detection/train_images/76cfe8967f7d.png,2896,1944,5.63,2.122,0.633,55.124755859375,27.80835094471828,41.06948937824927,292a349e96cc5560aeb965019b116180,d0e0c0c4e0e0f0f0,False,2896x1944
76df141d966b,0,/kaggle/input/competitions/aptos2019-blindness-detection/train_images/76df141d966b.png,2048,1536,3.15,1.927,0.605,78.31333923339844,43.75942151952029,126.59774043783545,a6446f66572b6d1f60017fcc31e2329b,f0c082c6c4c0e4f0,False,2048x1536
76e589911303,1,/kaggle/input/competitions/aptos2019-blindness-detection/train_images/76e589911303.png,2416,1736,4.19,1.912,0.935,83.7164306640625,31.119585330098197,138.2504897133913,e1f83abb4934a96cc5c623979b0a80f2,c2c0a081898082c4,False,2416x1736
76e5b50f95a7,0,/kaggle/input/competitions/aptos2019-blindness-detection/train_images/76e5b50f95a7.png,1050,1050,1.1,0.916,1.0,73.12966918945312,39.78947054710435,123.59538548346609,aeca5532b6ea87185a91967076e353b0,f0f0f0e0e2e0e0f0,False,1050x1050
76e6a9238570,2,/kaggle/input/competitions/aptos2019-blindness-detection/train_images/76e6a9238570.png,3216,2136,6.87,2.391,0.843,100.591064453125,36.970800998285526,150.72396081592888,ed96affa3d9c1d00c82a9af7b5473784,f0e0a080c0c2e2c4,False,3216x2136
76f3473df8a6,0,/kaggle/input/competitions/aptos2019-blindness-detection/train_images/76f3473df8a6.png,2048,1536,3.15,1.793,0.605,66.36415100097656,36.68429453403214,142.77360374643467,ca03f11399806b42ae7c544fdcf3eb02,f0c2841c9cccccf0,False,2048x1536
76fe19ff64fb,2,/kaggle/input/competitions/aptos2019-blindness-detection/train_images/76fe19ff64fb.png,3216,2136,6.87,2.555,0.842,115.67308044433594,42.40623034433985,166.07637238851748,c686612ad80b35fe94b427826d961de4,c0f8f0f8dcdab0dc,False,3216x2136
772af553b8b7,3,/kaggle/input/competitions/aptos2019-blindness-detection/train_images/772af553b8b7.png,2896,1944,5.63,2.068,0.634,58.54756164550781,30.65782075963196,76.10817045625299,37a1dbe84388b77fa56ee5f5d6bda0fc,f4f0f0e6e6e6a2c4,False,2896x1944
7743f4e04a6d,2,/kaggle/input/competitions/aptos2019-blindness-detection/train_images/7743f4e04a6d.png,3216,2136,6.87,3.018,0.842,88.96223449707031,33.080127775962644,118.22884830995463,3a67fe9da8ee54e0eb9708800da8a9cf,c0c0e0c88880c0c0,False,3216x2136
77543f66a84a,2,/kaggle/input/competitions/aptos2019-blindness-detection/train_images/77543f66a84a.png,640,480,0.31,0.311,1.0,92.49853515625,23.87882281450609,32.9536653123796,ed2ff13c85770558602ba999d9e39347,c0a0808080d0e0f0,False,640x480
77a1f1398fdb,0,/kaggle/input/competitions/aptos2019-blindness-detection/train_images/77a1f1398fdb.png,2588,1958,5.07,5.465,1.0,69.50721740722656,30.554264657788337,57.70176098658703,f3eabb90a805b553c0c89305a067b0bb,f8f8fcfeeeeefcf8,False,2588x1958
77a9538b8362,1,/kaggle/input/competitions/aptos2019-blindness-detection/train_images/77a9538b8362.png,2416,1736,4.19,2.272,0.934,65.05615234375,27.635576489031095,88.34361465927213,e7ec65d286ccf33375db4c82254b2ab5,bcbcfc7777fe9ccc,False,2416x1736
77ab222bf85c,0,/kaggle/input/competitions/aptos2019-blindness-detection/train_images/77ab222bf85c.png,819,614,0.5,0.289,0.61,98.32783508300781,55.19177180666812,396.8917477314826,892b11d55617cdfd076c2e4eef19b593,f0ce86878fc6cef0,False,819x614
77acc2cafee1,0,/kaggle/input/competitions/aptos2019-blindness-detection/train_images/77acc2cafee1.png,1050,1050,1.1,1.019,1.0,86.03471374511719,46.960191470220465,148.53018784313463,9dea439baa32133c390b584a4013cecd,f0e8f0e0e0e0f0f0,False,1050x1050
77b7b71ebcc3,0,/kaggle/input/competitions/aptos2019-blindness-detection/train_images/77b7b71ebcc3.png,1050,1050,1.1,1.047,1.0,78.25367736816406,42.30519166902844,135.0270770629868,049c56fa898eeb2fa0589de38ac3ded7,f0f0f8fc9cfcfcf0,False,1050x1050
77baa08a1345,2,/kaggle/input/competitions/aptos2019-blindness-detection/train_images/77baa08a1345.png,2588,1958,5.07,4.689,1.0,25.365798950195312,9.586815889874819,5.3064526580274105,341433883eda7fbef6d5a36d6bf2be80,f8f8f8f8d8f4f0f0,True,2588x1958
77e15f213b04,0,/kaggle/input/competitions/aptos2019-blindness-detection/train_images/77e15f213b04.png,2048,1536,3.15,1.904,0.605,108.86074829101562,62.35713985146918,257.5939909806475,9120bb2f38385ac9ed09e12cf5770165,f0e080a484ccf8f0,False,2048x1536
77e7c7a160c8,2,/kaggle/input/competitions/aptos2019-blindness-detection/train_images/77e7c7a160c8.png,1050,1050,1.1,0.987,1.0,69.69392395019531,37.48625265195638,110.18909957911819,91e7bc0d7b0f52300409b20cc67f17e0,f0f8f8fcdcfcd4e0,False,1050x1050
77f69c7ff324,2,/kaggle/input/competitions/aptos2019-blindness-detection/train_images/77f69c7ff324.png,2588,1958,5.07,5.259,1.0,62.898712158203125,30.10174337801967,20.175839273026213,1c53a12d22206c988d8184450a4e8365,f8f8fceefcfcf8f0,True,2588x1958
780be525036d,0,/kaggle/input/competitions/aptos2019-blindness-detection/train_images/780be525036d.png,1050,1050,1.1,0.95,1.0,78.68515014648438,42.327947168662696,124.93551328405738,035024e32cb49a1b81fadaa129a15e37,f0f8f8eacefeccf0,False,1050x1050
780f9c237c56,0,/kaggle/input/competitions/aptos2019-blindness-detection/train_images/780f9c237c56.png,1050,1050,1.1,0.826,1.0,97.88919067382812,50.67693451897519,208.65084352320991,f24b530a56ca5bf11c292ed1dd096aa7,f0f8fcdc1c9880e0,False,1050x1050
780f9daaa24b,0,/kaggle/input/competitions/aptos2019-blindness-detection/train_images/780f9daaa24b.png,1050,1050,1.1,1.03,1.0,81.89865112304688,44.353277659574694,137.9160741334781,099428d283ba33cbc225cfa5ff2d953f,f0f8fcdcfcfcf0f0,False,1050x1050
7828dd083cdc,0,/kaggle/input/competitions/aptos2019-blindness-detection/train_images/7828dd083cdc.png,1050,1050,1.1,1.043,1.0,80.01622009277344,43.51076045767161,131.38920900877565,db777b810055897c8f6a0c189f662554,f0f8fcdcdcfcf8f0,False,1050x1050
7831ce1d895e,0,/kaggle/input/competitions/aptos2019-blindness-detection/train_images/7831ce1d895e.png,1050,1050,1.1,0.987,1.0,92.33580017089844,48.87486060949702,270.8397630415857,d0641dbcf9216ca3f55969e897a46d5b,f0fefcfeeffedcf0,False,1050x1050
784d6d302f98,0,/kaggle/input/competitions/aptos2019-blindness-detection/train_images/784d6d302f98.png,1050,1050,1.1,1.023,1.0,78.63648986816406,43.42935637362828,113.59043879597448,eeb14e409bb3d341331c4560ab35a6cf,f0f8fcfcdcfcf8f0,False,1050x1050
785777558f05,4,/kaggle/input/competitions/aptos2019-blindness-detection/train_images/785777558f05.png,2588,1958,5.07,5.393,1.0,71.09307861328125,42.160073228164244,46.59790572151542,60805638e6d3e0a29dcb5e8a738e9aac,fcf8fc7efefefcf8,False,2588x1958
7877be80901c,2,/kaggle/input/competitions/aptos2019-blindness-detection/train_images/7877be80901c.png,3216,2136,6.87,6.056,0.842,64.1929931640625,27.376079387537686,73.39701840188354,ec96fe859062b331093a609ae243341a,f0f0e0e0e2e0f0f8,False,3216x2136
788ddb0b70b7,3,/kaggle/input/competitions/aptos2019-blindness-detection/train_images/788ddb0b70b7.png,2588,1958,5.07,5.148,1.0,51.95787048339844,25.913754744202897,22.555641704937443,ec70adcf9121c05a0cf6c162b61f9bad,f8f0e0e0c1c0e0f0,True,2588x1958
78937523f7a8,0,/kaggle/input/competitions/aptos2019-blindness-detection/train_images/78937523f7a8.png,819,614,0.5,0.334,0.606,73.93412780761719,40.229922885834235,130.70321854180656,e55ca9b7a8c80a34fce56e185501387e,f0c0808888c0ecf0,False,819x614
789434d095d1,4,/kaggle/input/competitions/aptos2019-blindness-detection/train_images/789434d095d1.png,3216,2136,6.87,2.662,0.842,93.58955383300781,33.72170770716046,129.5413677385077,bedfb075fc09a172059638a6b2c84d04,c080e088888092cc,False,3216x2136
789c60cba801,0,/kaggle/input/competitions/aptos2019-blindness-detection/train_images/789c60cba801.png,819,614,0.5,0.279,0.606,70.73832702636719,38.154526694217466,117.23954330384731,40562ed9aae5e7a06fddc506015626f4,f0e682858cc0e0f0,False,819x614
789f0ec1eab8,0,/kaggle/input/competitions/aptos2019-blindness-detection/train_images/789f0ec1eab8.png,1050,1050,1.1,1.006,1.0,81.20683288574219,43.26797259753825,128.39764630701393,0fafb1f7fac9ddd7781d971466b2ec7b,f0e0c0e0e0f0e8f0,False,1050x1050
78a577c3e0bf,2,/kaggle/input/competitions/aptos2019-blindness-detection/train_images/78a577c3e0bf.png,2588,1958,5.07,4.947,1.0,69.50080871582031,33.855569472494714,49.18578387773596,17bc75a61575367ef94a4bb62fa57f98,e0f0fcfcfefef8f8,False,2588x1958
78b3f819dcc5,4,/kaggle/input/competitions/aptos2019-blindness-detection/train_images/78b3f819dcc5.png,2588,1958,5.07,5.157,1.0,53.94432067871094,28.268924235377007,18.56014788802713,8183f0fe17e55d667b9cbdd7405a629b,e0f0f8fcfcfcf8f0,True,2588x1958
78bcdffb8785,1,/kaggle/input/competitions/aptos2019-blindness-detection/train_images/78bcdffb8785.png,1844,1226,2.26,1.066,0.818,68.10287475585938,27.967083361436607,62.65374136622995,cf041ce50157b4779829ef1af338680a,f0e0f8f8dcdcfcd8,False,1844x1226
78d53c82a23e,2,/kaggle/input/competitions/aptos2019-blindness-detection/train_images/78d53c82a23e.png,640,480,0.31,0.419,1.0,100.63043212890625,31.981607650933757,98.50216352846473,27bf17a99026864771b2ae830ebfa7ca,800070e8f153270e,False,640x480
79059d0592c4,2,/kaggle/input/competitions/aptos2019-blindness-detection/train_images/79059d0592c4.png,3216,2136,6.87,2.635,0.843,95.64918518066406,35.66060305829234,230.16325543727726,9e2e5df5f930ab5c4d9635c8bb5bc7a9,ceb874747cf696cc,False,3216x2136
79540be95177,2,/kaggle/input/competitions/aptos2019-blindness-detection/train_images/79540be95177.png,3216,2136,6.87,2.855,0.842,84.56521606445312,32.0873925062674,142.03932522889227,6872c90cffbb437527661a912967e408,c280e061e3e282c0,False,3216x2136
799214e8b07c,0,/kaggle/input/competitions/aptos2019-blindness-detection/train_images/799214e8b07c.png,1050,1050,1.1,0.841,1.0,85.3048095703125,45.389043836088476,135.8852694099769,3d8202b76cfbfe6fff1d6ab5c137b779,f0e0c0c0c4c0e0f0,False,1050x1050
799cb4c816ae,2,/kaggle/input/competitions/aptos2019-blindness-detection/train_images/799cb4c816ae.png,2416,1736,4.19,1.894,0.935,114.72254943847656,40.57955317711217,278.678494628286,39df7ccf3bce91c9453dbe6fcb9fed5c,ce9ebe2e37be9ecc,False,2416x1736
79ade634c633,0,/kaggle/input/competitions/aptos2019-blindness-detection/train_images/79ade634c633.png,2048,1536,3.15,1.694,0.682,30.46710205078125,22.40641789185564,31.432093111565337,307c4534cad3abcf8f216374a0db79ed,70fcf6eeeeeefc78,True,2048x1536
79be2ff796bf,2,/kaggle/input/competitions/aptos2019-blindness-detection/train_images/79be2ff796bf.png,3216,2136,6.87,2.951,0.843,92.25950622558594,34.58037229550935,133.0891981010791,21b25bf89638cd5969933fbeb39585c3,e4d8f0fcf4f2f2e8,False,3216x2136
79cbae28d8b2,0,/kaggle/input/competitions/aptos2019-blindness-detection/train_images/79cbae28d8b2.png,1050,1050,1.1,0.936,1.0,83.27645874023438,44.8171045757882,127.62553102127276,d6ee718b2eee9cace1d8b497e472277a,f0e0c0c0c0e0f0f0,False,1050x1050
79ce83c07588,1,/kaggle/input/competitions/aptos2019-blindness-detection/train_images/79ce83c07588.png,2416,1736,4.19,2.065,0.934,70.7724609375,25.838836295051262,123.07270064111799,a8317a69910d9f044779c51f19d02b20,f0f8e04e46c686c6,False,2416x1736
79d44db3da2d,4,/kaggle/input/competitions/aptos2019-blindness-detection/train_images/79d44db3da2d.png,4288,2848,12.21,5.952,0.815,58.21281433105469,23.79338043175177,105.03453154768795,f95aa132e4a4c722b62491f7628618bb,a4f2e0d3e3a286c4,False,4288x2848
7a06ea127e02,0,/kaggle/input/competitions/aptos2019-blindness-detection/train_images/7a06ea127e02.png,1050,1050,1.1,1.046,1.0,70.80699157714844,37.83229838179666,108.57904150988907,eba3fc8d995229f1492ee7a1430267b6,f0e0c0c0c4c0e0f0,False,1050x1050
7a0cff4c24b2,2,/kaggle/input/competitions/aptos2019-blindness-detection/train_images/7a0cff4c24b2.png,3216,2136,6.87,6.324,0.842,78.46530151367188,34.21880464635202,226.7246181925293,8fcda303040d5beddf94056fb8c90fdb,8ac0c0009098d0d0,False,3216x2136
7a12f49e29df,0,/kaggle/input/competitions/aptos2019-blindness-detection/train_images/7a12f49e29df.png,2588,1958,5.07,5.21,1.0,49.412078857421875,22.744084655488933,30.02064026053995,c6f0e2d0b54762ba7e8344e5c710fa3a,f8f8fcfceeeefcf8,False,2588x1958
7a238a1d3cf3,4,/kaggle/input/competitions/aptos2019-blindness-detection/train_images/7a238a1d3cf3.png,2416,1736,4.19,1.933,0.934,87.82139587402344,31.570391388245483,109.84810557123274,41e131d4b19bf7f784a6616ab12f93b3,c0c0c0c4c0e0e0c8,False,2416x1736
7a39c91416e2,0,/kaggle/input/competitions/aptos2019-blindness-detection/train_images/7a39c91416e2.png,1050,1050,1.1,1.064,1.0,86.50473022460938,47.15765698839098,158.526411768049,1625d80ae52ad2058c01ad61c5a4a5b1,f0f4f8fcfcf8f0f0,False,1050x1050
7a3ea1779b13,1,/kaggle/input/competitions/aptos2019-blindness-detection/train_images/7a3ea1779b13.png,2416,1736,4.19,1.759,0.934,77.78996276855469,28.1605308978768,86.76705191191286,7466afedd7c8d829f842228478bc65ee,f8f8fafebcb8b8f8,False,2416x1736
7a42443ed106,0,/kaggle/input/competitions/aptos2019-blindness-detection/train_images/7a42443ed106.png,1050,1050,1.1,1.127,1.0,72.70301818847656,42.571165006511535,120.9496287368238,34d1ed21da916455cb86cbece4e68546,f0f8fcdcfcf8f0f0,False,1050x1050
7a46cfa69bae,0,/kaggle/input/competitions/aptos2019-blindness-detection/train_images/7a46cfa69bae.png,1050,1050,1.1,0.957,1.0,72.57528686523438,38.65996197003616,117.40651703602634,7b35e558455aed54fc088ea5ea5d0435,f0f8dcdcfcf0c0e0,False,1050x1050
7a6495a39d87,0,/kaggle/input/competitions/aptos2019-blindness-detection/train_images/7a6495a39d87.png,1476,1117,1.65,2.18,1.0,72.72395324707031,32.989801169052164,65.91506889089942,78f82d26053378e8e1faf82f2a0dc988,f0f0f8facef8f8f0,False,1476x1117
7a6e384a0846,3,/kaggle/input/competitions/aptos2019-blindness-detection/train_images/7a6e384a0846.png,2588,1958,5.07,5.145,1.0,42.577606201171875,19.157899290037705,22.98454126319848,f6e5e3da5f97caf52a285bcedd09d202,f8f8f8eeeef8f8f8,True,2588x1958
7a77c3eb468c,0,/kaggle/input/competitions/aptos2019-blindness-detection/train_images/7a77c3eb468c.png,1050,1050,1.1,1.022,1.0,83.59503173828125,44.41563633396623,153.2933998235967,a802383947014574655ef64cd0e1d178,f0f8fcfcfcfce4f0,False,1050x1050
7a9f45fdf29b,0,/kaggle/input/competitions/aptos2019-blindness-detection/train_images/7a9f45fdf29b.png,1050,1050,1.1,1.03,1.0,82.02165222167969,43.91760450717992,133.6192376902327,dca53464101deebe44968e827cad4d06,f0f0e0c0c4e0f0f0,False,1050x1050
7aabd768abff,0,/kaggle/input/competitions/aptos2019-blindness-detection/train_images/7aabd768abff.png,2588,1958,5.07,5.45,1.0,81.76847839355469,42.960079047463395,59.68958579003811,be38680ba5d52ada4baac86b11b1a4a7,f8f8f87c77f4f0f0,False,2588x1958
7ad0c4975890,0,/kaggle/input/competitions/aptos2019-blindness-detection/train_images/7ad0c4975890.png,2416,1736,4.19,2.192,0.934,62.265625,26.023666174693275,60.69993084575981,bb965c0fe12d11a472824c1d4858fa06,f0f8fcdcfcf8b0e0,False,2416x1736
7adfb8fc0621,0,/kaggle/input/competitions/aptos2019-blindness-detection/train_images/7adfb8fc0621.png,1050,1050,1.1,1.049,1.0,81.0811767578125,45.18128937515583,142.7291940813884,f5d8284a49050ba99bdbaee7f57aa38d,f0e0c0c0c4c0e0f0,False,1050x1050
7ae69d22075a,1,/kaggle/input/competitions/aptos2019-blindness-detection/train_images/7ae69d22075a.png,1050,1050,1.1,0.985,1.0,80.21769714355469,43.461726943436524,133.95333906798624,b628bc3cac3857c2390e10a02363c83d,f0e0e0c0c4c0e0f0,False,1050x1050
7af4d8704032,0,/kaggle/input/competitions/aptos2019-blindness-detection/train_images/7af4d8704032.png,1050,1050,1.1,0.984,1.0,83.10787963867188,44.52033022826707,135.97296360111795,1d5e99234c1eff03bbcfb3990e25600e,f0e0c0c0c4c0e0f0,False,1050x1050
7b20210d9120,1,/kaggle/input/competitions/aptos2019-blindness-detection/train_images/7b20210d9120.png,2416,1736,4.19,1.68,0.934,91.22055053710938,32.5122061857404,131.59458620822988,2e04d5fe499552e22b2b2078f1e5df73,dcfcf86e6efcbcdc,False,2416x1736
7b211d8bd249,4,/kaggle/input/competitions/aptos2019-blindness-detection/train_images/7b211d8bd249.png,3388,2588,8.77,7.225,0.876,62.20408630371094,26.821649258057178,85.70103514846414,19382436cdb6aa582c512e834d780580,f0a0f2b298d0c0f8,False,3388x2588
7b29e3783919,3,/kaggle/input/competitions/aptos2019-blindness-detection/train_images/7b29e3783919.png,2588,1958,5.07,4.615,0.994,76.56753540039062,40.94350264024948,90.94527615513653,73a696f8de8478c8b8784178d834793d,f0f0f0e8ece0e0e0,False,2588x1958
7b49041cbf17,3,/kaggle/input/competitions/aptos2019-blindness-detection/train_images/7b49041cbf17.png,2588,1958,5.07,5.834,1.0,92.55059814453125,41.18694618170951,109.39362604822963,bff2d7cce5560999c253e738d7ec9edc,e0e0c0c4c0e0f0f0,False,2588x1958
7b691d9ced34,0,/kaggle/input/competitions/aptos2019-blindness-detection/train_images/7b691d9ced34.png,2416,1736,4.19,2.477,0.934,65.03004455566406,26.153695832495615,77.21207126392983,6207f33919babcb3e65625538a4118e1,f4f8f0eacef280c0,False,2416x1736
7b87b0015282,0,/kaggle/input/competitions/aptos2019-blindness-detection/train_images/7b87b0015282.png,1050,1050,1.1,1.003,1.0,84.64346313476562,45.474918228186105,141.63900363072753,51f3101537c6e47a209b11da4aa0a78f,f0f8fcfcdcf8f8f0,False,1050x1050
7b8c78b41c0d,2,/kaggle/input/competitions/aptos2019-blindness-detection/train_images/7b8c78b41c0d.png,2588,1958,5.07,5.408,1.0,66.95542907714844,40.48063494495972,124.84449109225534,5665309ef5b73f486845b738ce2fccde,9c383858707070f0,False,2588x1958
7b9d519cbd66,0,/kaggle/input/competitions/aptos2019-blindness-detection/train_images/7b9d519cbd66.png,2588,1958,5.07,5.282,1.0,61.23316955566406,31.632584321699742,31.42362006660551,ca42bef2235077e8a6736913677cac52,fcfcfcfefefefefc,False,2588x1958
7ba6b23c4b46,0,/kaggle/input/competitions/aptos2019-blindness-detection/train_images/7ba6b23c4b46.png,819,614,0.5,0.344,0.931,49.887054443359375,30.667262964198446,59.94376127771102,5daa6dab9a9f77470828a8f6c2269f74,fcfadc9c9e9ed8e0,False,819x614
7bc00e58d419,0,/kaggle/input/competitions/aptos2019-blindness-detection/train_images/7bc00e58d419.png,1050,1050,1.1,1.043,1.0,71.39057922363281,39.83139769917535,114.73575537558645,3c87b26c018b300eefc5bfdf49f78a3a,f0e0e0c0c4c0e0f0,False,1050x1050
7bc2e0fa3f72,2,/kaggle/input/competitions/aptos2019-blindness-detection/train_images/7bc2e0fa3f72.png,2588,1958,5.07,5.118,1.0,42.911865234375,17.189649605275577,30.16032610833645,b4a921eaacad1842811a0567da5e839c,f0e0e4f6f6f4f0f0,True,2588x1958
7bc4dd99eee5,4,/kaggle/input/competitions/aptos2019-blindness-detection/train_images/7bc4dd99eee5.png,4288,2848,12.21,5.517,0.808,71.91534423828125,27.19237741637078,120.15450934227556,fd88c9652121c32fa416248fd7f118d1,b0e8eecaa88286c4,False,4288x2848
7bda86d95c5b,2,/kaggle/input/competitions/aptos2019-blindness-detection/train_images/7bda86d95c5b.png,3216,2136,6.87,3.388,0.843,100.96830749511719,37.71078843072072,182.92070184554905,88715358dc08ead89e5c41bf9a2e4a3b,d8b8f0e0e6e6bec8,False,3216x2136
7be1b9aa78aa,0,/kaggle/input/competitions/aptos2019-blindness-detection/train_images/7be1b9aa78aa.png,1050,1050,1.1,0.976,1.0,83.03021240234375,43.89145765668216,133.9012510755565,8549f7dbef7321bb51b203243f6fdafa,f0f8fcbcf8f0e0f0,False,1050x1050
7bf981d9c7fe,1,/kaggle/input/competitions/aptos2019-blindness-detection/train_images/7bf981d9c7fe.png,2416,1736,4.19,2.215,0.935,94.10220336914062,33.532524931765295,132.20352392550558,4c301ac57f6743f7dcfb3e6f0eb28282,d0b0a0aca09090d0,False,2416x1736
7c2e852171c0,0,/kaggle/input/competitions/aptos2019-blindness-detection/train_images/7c2e852171c0.png,1050,1050,1.1,1.021,1.0,82.70671081542969,46.13309061499694,130.55198933160864,56698fbaffc64cab397922dfa9daa686,f0e0c0c0c4e0e0f0,False,1050x1050
7c2f820a6425,2,/kaggle/input/competitions/aptos2019-blindness-detection/train_images/7c2f820a6425.png,2416,1736,4.19,2.253,0.934,79.63874816894531,30.851293038521728,105.17442116863094,8ede29daf1e365d542912e47d37ca34a,f8f8b0888980c4c4,False,2416x1736
7c3747c0b2c3,0,/kaggle/input/competitions/aptos2019-blindness-detection/train_images/7c3747c0b2c3.png,2048,1536,3.15,1.922,0.604,80.75692749023438,45.14693652855307,110.18090564664453,f1f7ee9c856c71bda24e9c91ce1721c2,f0f8fcfedefcfcf0,False,2048x1536
7c52fe73e748,2,/kaggle/input/competitions/aptos2019-blindness-detection/train_images/7c52fe73e748.png,1504,1000,1.5,1.318,0.838,88.14317321777344,34.574451024725725,132.4801725745201,921fcd6831c1d642cbdad255ef97dcd6,90b8707236a68cd8,False,1504x1000
7c629b491d1a,4,/kaggle/input/competitions/aptos2019-blindness-detection/train_images/7c629b491d1a.png,3216,2136,6.87,2.601,0.842,78.54931640625,28.59891053622273,88.30092464364134,dd0d1150a2851057b6693b9f83690364,d8f0f0f2e2e0c4e0,False,3216x2136
7c6594b50690,0,/kaggle/input/competitions/aptos2019-blindness-detection/train_images/7c6594b50690.png,1050,1050,1.1,0.955,1.0,88.63308715820312,46.453481924143006,150.57968523330055,16798d0a7fc06e06f4cd2240b529f576,f0e0c08080c0c0f0,False,1050x1050
7c90ab025331,4,/kaggle/input/competitions/aptos2019-blindness-detection/train_images/7c90ab025331.png,3216,2136,6.87,2.811,0.843,93.49156188964844,35.54691520724996,127.5358873938676,bbaa0df770f56d25cbd9473e33184ff0,d0f8fc6cccdccce4,False,3216x2136
7cc4b7aabe04,4,/kaggle/input/competitions/aptos2019-blindness-detection/train_images/7cc4b7aabe04.png,2416,1736,4.19,2.2,0.934,70.96853637695312,26.23724378543677,91.92552366480231,e6892caa64ce260769d85bb8575e5016,98b0e084958486c4,False,2416x1736
7ccb267fd394,1,/kaggle/input/competitions/aptos2019-blindness-detection/train_images/7ccb267fd394.png,2416,1736,4.19,1.94,0.935,75.99253845214844,27.437398603957558,86.01274997345172,9b75a01d429308c31d4be0e0e1503f81,f8f0f0e088cc86c4,False,2416x1736
7ccf9d25dc48,0,/kaggle/input/competitions/aptos2019-blindness-detection/train_images/7ccf9d25dc48.png,1050,1050,1.1,1.053,1.0,77.95942687988281,43.190760111085,127.42708466947079,a5ae395c971e0a0e0cd5c99447c9a014,f0fcfedefcf8f0f0,False,1050x1050
7ce671f952be,0,/kaggle/input/competitions/aptos2019-blindness-detection/train_images/7ce671f952be.png,1050,1050,1.1,0.948,1.0,81.15339660644531,42.87691729807559,134.0496124678757,45cf3db1e5578effb8d2519cf2cfcda6,f0f0f0fc9cfcf8f0,False,1050x1050
7d0a871c45db,0,/kaggle/input/competitions/aptos2019-blindness-detection/train_images/7d0a871c45db.png,1050,1050,1.1,1.008,1.0,83.19357299804688,44.31279860345766,146.57228642865084,76fbc81929e83ac8c37e790d5ba583cd,f0fcfedefcf8f0f0,False,1050x1050
7d11dbc1e738,0,/kaggle/input/competitions/aptos2019-blindness-detection/train_images/7d11dbc1e738.png,2048,1536,3.15,1.924,0.605,85.51651000976562,47.9174750346768,215.8971254916396,1f4332101837deb69200a396a46b3f09,f0e6e693c4c0e0f0,False,2048x1536
7d1b40fdbd86,2,/kaggle/input/competitions/aptos2019-blindness-detection/train_images/7d1b40fdbd86.png,1050,1050,1.1,1.023,1.0,69.20564270019531,38.54951395469641,107.90469220187515,77c204d7a135ab3114e62227430f1ec4,f0fcdcdcf8f0f0f0,False,1050x1050
7d1da90d3ca9,2,/kaggle/input/competitions/aptos2019-blindness-detection/train_images/7d1da90d3ca9.png,2588,1958,5.07,5.545,1.0,93.49417114257812,42.83300749382219,87.18004813417792,fba0f795387e54e58803d83168aafa66,f8eccccbcfdffefe,False,2588x1958
7d261f986bef,2,/kaggle/input/competitions/aptos2019-blindness-detection/train_images/7d261f986bef.png,2144,1424,3.05,2.747,0.843,72.88652038574219,27.855929447077266,86.19881841517054,3dff539fe2c5e2dfcb8dac73b0424f16,f0f0e0e8888880c0,False,2144x1424
7d37a2939f12,2,/kaggle/input/competitions/aptos2019-blindness-detection/train_images/7d37a2939f12.png,3216,2136,6.87,2.709,0.842,96.63307189941406,35.255170181628706,145.83757309964858,d9199e6981ec9f7cd8f708cf31009d6d,f4f0f86eeeeebad4,False,3216x2136
7d3835e4e63a,3,/kaggle/input/competitions/aptos2019-blindness-detection/train_images/7d3835e4e63a.png,3216,2136,6.87,3.039,0.842,71.76789855957031,26.740588236222518,81.48274796828628,1c8e22c2b948527300805ece355d35ca,d0b8fc7cecfcb8d4,False,3216x2136
7d48f8cdfb69,0,/kaggle/input/competitions/aptos2019-blindness-detection/train_images/7d48f8cdfb69.png,2048,1536,3.15,1.912,0.628,77.73771667480469,48.064249051921095,227.22163854702376,c3a0174f31a8b653c2ccdc73b073330c,70cc860a0a988ce0,False,2048x1536
7d626a7ffe76,4,/kaggle/input/competitions/aptos2019-blindness-detection/train_images/7d626a7ffe76.png,2416,1736,4.19,2.56,0.935,70.35490417480469,27.50897244757486,124.2760911276564,7f3986231cabdfebd2fe56bee78bbfcd,e0f8f5f472bc9e8c,False,2416x1736
7d8f67cadc29,2,/kaggle/input/competitions/aptos2019-blindness-detection/train_images/7d8f67cadc29.png,3216,2136,6.87,2.511,0.843,107.18463134765625,39.02974524391013,175.33719446416944,2db5e68db5c084e862ab64264d77568d,f0b8fc6ceafe9ecc,False,3216x2136
7d94a000c2d0,0,/kaggle/input/competitions/aptos2019-blindness-detection/train_images/7d94a000c2d0.png,1050,1050,1.1,0.95,1.0,88.64460754394531,46.51588046606486,147.94202102627605,f23ed074985342657134e5bf76194280,f0f8f8fcdcdcf8f0,False,1050x1050
7da558d92100,0,/kaggle/input/competitions/aptos2019-blindness-detection/train_images/7da558d92100.png,819,614,0.5,0.271,0.606,62.33001708984375,36.59364917257273,68.76833077892661,6ff7e5d7c92500ad8df8875f7040bb24,f0e0c8949efcf8f0,False,819x614
7ddcfcea7369,0,/kaggle/input/competitions/aptos2019-blindness-detection/train_images/7ddcfcea7369.png,2048,1536,3.15,1.661,0.605,76.94850158691406,43.515648001434364,145.5293216125574,68dd506870f04a8e2effb80338193fd6,f084b83c1cdcfcf0,False,2048x1536
7dee6bf8b9c1,2,/kaggle/input/competitions/aptos2019-blindness-detection/train_images/7dee6bf8b9c1.png,2416,1736,4.19,2.249,0.934,89.16188049316406,31.947931273405935,121.48341284110211,63e3f81a7e80fed35e020cb406ecae39,e0f0f0a8f0d0e2c4,False,2416x1736
7e0598cc88a0,4,/kaggle/input/competitions/aptos2019-blindness-detection/train_images/7e0598cc88a0.png,2416,1736,4.19,2.235,0.934,80.23928833007812,31.869083464090746,94.90647102799267,c03ce025c98bc746a6a590806817790d,c080e0e0d4d480c0,False,2416x1736
7e160c8b611e,3,/kaggle/input/competitions/aptos2019-blindness-detection/train_images/7e160c8b611e.png,3216,2136,6.87,5.828,0.842,75.36753845214844,31.600103320496835,198.89159558876418,165540476389b5d13f68c4468bcb4ed4,e0b0f0f8c8e4c4e8,False,3216x2136
7e4019ac7f5a,4,/kaggle/input/competitions/aptos2019-blindness-detection/train_images/7e4019ac7f5a.png,3216,2136,6.87,2.563,0.845,100.17910766601562,36.52223419521306,140.8602526448667,5d1a8e5a3bf4a8fa248ecd7e31a1448b,e0e0c6e6e2e0e0c0,False,3216x2136
7e5a76c4e103,0,/kaggle/input/competitions/aptos2019-blindness-detection/train_images/7e5a76c4e103.png,2048,1536,3.15,1.824,0.605,80.7117919921875,44.02042752699998,142.02354458882473,0de9b03a235e0f2e8a5c2674da45878c,f0fcfceeeefcfcf0,False,2048x1536
7e6e90a93aa5,2,/kaggle/input/competitions/aptos2019-blindness-detection/train_images/7e6e90a93aa5.png,3216,2136,6.87,2.867,0.842,67.61106872558594,26.962730832090127,99.30362907703966,c03c3a0525701ca17434615c714bc177,fef2e161918a86c4,False,3216x2136
7e70344b0c25,0,/kaggle/input/competitions/aptos2019-blindness-detection/train_images/7e70344b0c25.png,2048,1536,3.15,1.92,0.605,85.77334594726562,48.91965753229572,212.19668262824416,4e1e48672d926bbf06620438c4a92466,f09c9e2e2ebe9cf0,False,2048x1536
7e77b61e1639,0,/kaggle/input/competitions/aptos2019-blindness-detection/train_images/7e77b61e1639.png,1050,1050,1.1,0.913,1.0,69.84477233886719,37.709622014594245,105.44660949707031,a26e67d23627830b3c63662bf863e34f,f0f0e0e0e0f0f0f0,False,1050x1050
7e9081e95bf6,0,/kaggle/input/competitions/aptos2019-blindness-detection/train_images/7e9081e95bf6.png,1050,1050,1.1,1.02,1.0,86.10372924804688,45.95847915413508,140.7498108111322,0c13d371fde2de389e7bf473f55b686b,f0f8fc9c9cdcf8f0,False,1050x1050
7e9458de5707,2,/kaggle/input/competitions/aptos2019-blindness-detection/train_images/7e9458de5707.png,2416,1736,4.19,2.237,0.934,60.54270935058594,23.77977884089588,70.14003430213779,6511da1d31ee3d1468953086f5d48001,dcbcfc6e6efc98c8,False,2416x1736
7e980424868e,0,/kaggle/input/competitions/aptos2019-blindness-detection/train_images/7e980424868e.png,1050,1050,1.1,1.01,1.0,84.17556762695312,45.142854563022595,140.63386478438042,dfdf2b88ca1c1c2d0169ae5f05c8f63e,f0e0c084c0c0e0f0,False,1050x1050
7ea756985353,1,/kaggle/input/competitions/aptos2019-blindness-detection/train_images/7ea756985353.png,2416,1736,4.19,2.333,0.934,62.64295959472656,24.372223716202733,59.71581946313381,afbe12764bcaa620e1a02bd9a4a7ad2a,c8d0f0d0d49080c0,False,2416x1736
7ec0e61a7e29,0,/kaggle/input/competitions/aptos2019-blindness-detection/train_images/7ec0e61a7e29.png,1050,1050,1.1,0.992,1.0,89.77391052246094,46.92960638236187,167.47061376995407,30a6539c16a23c4603a6628f7f02a8ea,f0f8fececcfce0f0,False,1050x1050
7ec1ffe8220b,2,/kaggle/input/competitions/aptos2019-blindness-detection/train_images/7ec1ffe8220b.png,3216,2136,6.87,3.036,0.842,77.7276611328125,29.29950282378707,90.56883708736859,7f1aba98bc56e70476bd036bf5fea9ae,d4c088a0f0f0c6d4,False,3216x2136
7ed4128b2a4e,0,/kaggle/input/competitions/aptos2019-blindness-detection/train_images/7ed4128b2a4e.png,1050,1050,1.1,1.066,1.0,80.03520202636719,44.18563071156576,130.98693751706742,01c087edf75a4653ef72617e425e761a,f0e0c0c0c4c0e0f0,False,1050x1050
7ee6de71c140,0,/kaggle/input/competitions/aptos2019-blindness-detection/train_images/7ee6de71c140.png,1050,1050,1.1,0.995,1.0,84.07611083984375,44.26971761063769,138.78506469726562,73ed713b9ab5c45f797e5109705614c6,f0e0c08084c0c0f0,False,1050x1050
7eeb191ad06b,0,/kaggle/input/competitions/aptos2019-blindness-detection/train_images/7eeb191ad06b.png,1050,1050,1.1,1.035,1.0,74.14726257324219,41.247221469384854,132.61978885880671,a2b286a83f0b724bc17bcc4156d8acea,f0f0f8fcdcfcf8f0,False,1050x1050
7eee3d1f1268,0,/kaggle/input/competitions/aptos2019-blindness-detection/train_images/7eee3d1f1268.png,2588,1958,5.07,4.805,1.0,28.051193237304688,13.503199019826962,9.80300498008728,3160722c9aec6d1af7e26a1da448156d,fcfefeeefefefefc,True,2588x1958
7ef5ff774a48,1,/kaggle/input/competitions/aptos2019-blindness-detection/train_images/7ef5ff774a48.png,819,614,0.5,0.312,0.931,38.08564758300781,20.37732379420776,23.42857678886503,8f8aaf2c0f32eaa85d50b5113fe842a0,e8ec9e9e9e9ccce0,True,819x614
7efc91af4ae6,4,/kaggle/input/competitions/aptos2019-blindness-detection/train_images/7efc91af4ae6.png,474,358,0.17,0.222,1.0,67.11705017089844,36.24742740487054,24.50848388671875,f772adc2d12bbe75a1830431f17a0290,f8f8fcfcdefcf4f0,True,474x358
7f0ffeb0a333,0,/kaggle/input/competitions/aptos2019-blindness-detection/train_images/7f0ffeb0a333.png,2588,1958,5.07,5.778,1.0,81.51260375976562,30.18219000242536,98.51585080847144,46f539301f64c872c25f0a4ff815e592,f8f0f6f7f6f4f4f0,False,2588x1958
7f1f3269f546,0,/kaggle/input/competitions/aptos2019-blindness-detection/train_images/7f1f3269f546.png,1050,1050,1.1,0.963,1.0,82.810791015625,44.18090284313405,136.2898527381476,1f6290b0fb520d5ca399dc637a00b75f,f0f8f8fceecefcf0,False,1050x1050
7f2123bc89a3,0,/kaggle/input/competitions/aptos2019-blindness-detection/train_images/7f2123bc89a3.png,819,614,0.5,0.288,0.606,66.19456481933594,38.0635803979314,90.33629830158316,408b36dd237a96275fddf33fadda1446,f0e0e0c0808ec4e0,False,819x614
7f2cce721e19,0,/kaggle/input/competitions/aptos2019-blindness-detection/train_images/7f2cce721e19.png,1050,1050,1.1,0.984,1.0,77.68115234375,43.57361264835341,122.76723240222782,54a76df112fb274a2f63cd6c802cc18c,f0f0f0c0c0c2e0f0,False,1050x1050
7f39c36469b5,0,/kaggle/input/competitions/aptos2019-blindness-detection/train_images/7f39c36469b5.png,1050,1050,1.1,1.076,1.0,73.81867980957031,39.72418533405516,118.56885427399538,a700d14ffbb807ffd62ed773a4fee67b,f0fcd6e7e4f0e4f0,False,1050x1050
7f43becd3e83,0,/kaggle/input/competitions/aptos2019-blindness-detection/train_images/7f43becd3e83.png,819,614,0.5,0.365,0.931,47.62591552734375,31.016533889653445,63.18657638854347,2efb962e94779c95a22b74640afd5ba2,f0b0a0e1e1d0f0f0,False,819x614
7f60f2a083d3,1,/kaggle/input/competitions/aptos2019-blindness-detection/train_images/7f60f2a083d3.png,2416,1736,4.19,2.132,0.935,71.42308044433594,26.30711160929214,90.87753693363629,4309420c88285bd80a63c2f55e891e1b,e0f0f0fcdcdcb4e8,False,2416x1736
7f6690fa390a,0,/kaggle/input/competitions/aptos2019-blindness-detection/train_images/7f6690fa390a.png,2048,1536,3.15,1.8,0.602,32.57771301269531,22.674945212175437,38.89010569616221,03b9ee9599f08e737bb24f3d5257b3a8,f0defcfcdcfefcf0,True,2048x1536
7f6ce40f306b,2,/kaggle/input/competitions/aptos2019-blindness-detection/train_images/7f6ce40f306b.png,1504,1000,1.5,1.302,0.838,63.1080322265625,27.152960260587133,52.2950622998178,e7440b2f698cd9e00f00ab3296a14430,f8f8fcf4f4f8f8dc,False,1504x1000
7f84284598f5,2,/kaggle/input/competitions/aptos2019-blindness-detection/train_images/7f84284598f5.png,2588,1958,5.07,5.138,1.0,43.1162109375,23.091000177719856,20.971799846738577,2f51d46882167ac7e8dcb59919c108d1,e0e0c088c8c0e0f0,True,2588x1958
7fc3a8bb40de,0,/kaggle/input/competitions/aptos2019-blindness-detection/train_images/7fc3a8bb40de.png,1050,1050,1.1,1.038,1.0,78.15888977050781,42.842722225236315,130.78899012855254,37dad5c2dcd514564c45b201403e8aa8,f0f8fcfcdcf8f8f0,False,1050x1050
7fdb177b8f7d,0,/kaggle/input/competitions/aptos2019-blindness-detection/train_images/7fdb177b8f7d.png,1050,1050,1.1,0.996,1.0,71.90953063964844,39.77436218463159,122.32423627004027,639a1ced3f01634decf5dcb87e45accc,f0f0e0e0e2f0e8f0,False,1050x1050
7fe7309d0b4f,0,/kaggle/input/competitions/aptos2019-blindness-detection/train_images/7fe7309d0b4f.png,1050,1050,1.1,1.074,1.0,78.46488952636719,44.38717496568495,124.75787884905003,d07857cd9dfd3aaecd7affa8b7309663,f0f0e0c0e2e0e0f0,False,1050x1050
8000a6b97a84,2,/kaggle/input/competitions/aptos2019-blindness-detection/train_images/8000a6b97a84.png,4288,2848,12.21,4.512,0.81,63.06623840332031,28.174945739610223,89.02524290885776,a1635aa1d24c6048b0e05482eaf74f7c,80c0c0c4e4c080c0,False,4288x2848
8010c931321f,0,/kaggle/input/competitions/aptos2019-blindness-detection/train_images/8010c931321f.png,1050,1050,1.1,1.047,1.0,78.95854187011719,44.874951776804586,132.32659459766,3a70e525395dc3c864ed0fd1d2f327a1,f0f8f0e0e0f0f0f0,False,1050x1050
803120c5d287,2,/kaggle/input/competitions/aptos2019-blindness-detection/train_images/803120c5d287.png,3388,2588,8.77,7.461,0.869,83.77294921875,34.604205111796695,188.4178099296987,f43b45fa1a1da4a02680c0a50d731e90,fcfcf0e0c8c8d4f0,False,3388x2588
807135cbc438,2,/kaggle/input/competitions/aptos2019-blindness-detection/train_images/807135cbc438.png,2588,1958,5.07,4.875,1.0,33.427825927734375,14.92107666008929,14.108034279197454,c082fdc8f5c96c0398a03115c9210754,f8f8f8f0f0d8c8e8,True,2588x1958
80964d8e0863,4,/kaggle/input/competitions/aptos2019-blindness-detection/train_images/80964d8e0863.png,1504,1000,1.5,1.326,0.838,68.93019104003906,28.632786819994074,71.56899280636571,374fb66d60f97af7ff2c679f81063fbb,e8c0e2f2e2c286cc,False,1504x1000
80a02014b418,1,/kaggle/input/competitions/aptos2019-blindness-detection/train_images/80a02014b418.png,2896,1944,5.63,2.497,0.64,62.278167724609375,30.232154059451464,139.90346284746192,3ed87b009b749af59af8fff4a85b63f0,e4a08888e9cebefc,False,2896x1944
80b5697f2a5e,0,/kaggle/input/competitions/aptos2019-blindness-detection/train_images/80b5697f2a5e.png,1050,1050,1.1,1.033,1.0,89.34376525878906,47.259232895588426,159.8992067684885,df0e9b7066a2201016b8fe64385ebcb8,f0f8fcdcf8f8c8f0,False,1050x1050
80b5a9519aec,2,/kaggle/input/competitions/aptos2019-blindness-detection/train_images/80b5a9519aec.png,2588,1958,5.07,5.019,1.0,33.75067138671875,14.953888255677931,22.087582763284445,9cb8d134ab3a66781434d33b373aaebf,f8e0e0c6c6e0f0f0,True,2588x1958
80c67efc8101,0,/kaggle/input/competitions/aptos2019-blindness-detection/train_images/80c67efc8101.png,1050,1050,1.1,0.943,1.0,83.40727233886719,44.962938177346075,133.37928482680582,9ec4eb21df6be18854f5422954a4da96,f0c0c0c0c4c0e0f0,False,1050x1050
80ca40196225,3,/kaggle/input/competitions/aptos2019-blindness-detection/train_images/80ca40196225.png,2588,1958,5.07,4.37,0.995,63.373992919921875,28.57379486226855,53.04535232274793,b3814384203c24392f021627ec456c61,f8f8f8dcf8f0f0f0,False,2588x1958
80d24897669f,1,/kaggle/input/competitions/aptos2019-blindness-detection/train_images/80d24897669f.png,2416,1736,4.19,1.885,0.934,90.741455078125,32.34407674928451,149.26171196601354,70f1921d018abf3eb649fe94cdda57d7,c2e0e08189c082c4,False,2416x1736
80dbeb0fdc75,0,/kaggle/input/competitions/aptos2019-blindness-detection/train_images/80dbeb0fdc75.png,1050,1050,1.1,1.014,1.0,84.00862121582031,45.075151570216136,139.01664881198667,bc88cf29ccc16d09f3b504718fb6e871,f0e0c0808cc0e0f0,False,1050x1050
80e6e425f966,0,/kaggle/input/competitions/aptos2019-blindness-detection/train_images/80e6e425f966.png,1050,1050,1.1,0.914,1.0,68.9837646484375,37.04841101027163,113.16959918825887,6d890c5ddc57411991d90bc425188a32,f0eed88d8dfafcf0,False,1050x1050
80e7cc0a0649,3,/kaggle/input/competitions/aptos2019-blindness-detection/train_images/80e7cc0a0649.png,2588,1958,5.07,4.312,0.995,63.4117431640625,37.229670466909326,105.53696320950985,1e22812d577a545fb0f48d0bb3a284d3,f0f0e0c0c0c0e0e0,False,2588x1958
80ed04a84a16,0,/kaggle/input/competitions/aptos2019-blindness-detection/train_images/80ed04a84a16.png,2048,1536,3.15,1.66,0.602,39.5028076171875,23.17386342884691,36.22139014466666,7cc4992bb605ebc724eff4eb727cb059,f0e0c68486c0e0f0,True,2048x1536
80f6b30ece8c,0,/kaggle/input/competitions/aptos2019-blindness-detection/train_images/80f6b30ece8c.png,2048,1536,3.15,1.849,0.625,64.5277099609375,46.47953028829115,82.60738220228814,8c330f96514e4f15bf8cf02374c5d5c4,f0fcfcfedefefcf0,False,2048x1536
80feb1f7ca5e,2,/kaggle/input/competitions/aptos2019-blindness-detection/train_images/80feb1f7ca5e.png,3216,2136,6.87,6.157,0.842,73.79560852050781,26.80250407124905,69.01826951256953,6bce9101e760604a547a99d783f05209,d8f0f0f2eec280c0,False,3216x2136
810d3779abd9,3,/kaggle/input/competitions/aptos2019-blindness-detection/train_images/810d3779abd9.png,640,480,0.31,0.347,1.0,93.01181030273438,19.12523889682164,36.5600266372785,a4c7b0422296040786710d4070655a2c,d0d8f0eeeedcece8,False,640x480
810ed108f5b7,0,/kaggle/input/competitions/aptos2019-blindness-detection/train_images/810ed108f5b7.png,2048,1536,3.15,1.925,0.605,75.888671875,40.95781412245054,138.30719035491347,95e9f7fc8172b3fd7aa8483b77200805,f0c6828484c4e4f0,False,2048x1536
8114d6a160df,1,/kaggle/input/competitions/aptos2019-blindness-detection/train_images/8114d6a160df.png,4288,2848,12.21,4.977,0.81,70.9654541015625,29.497325139238704,89.2347921167966,147b11ce6578cc31bf5b9c41cff51e0f,f0d080898392c2f0,False,4288x2848
812d5adafaf2,2,/kaggle/input/competitions/aptos2019-blindness-detection/train_images/812d5adafaf2.png,2416,1736,4.19,2.449,0.935,82.20878601074219,31.504156457520974,119.57053009211086,6beb6078115302cf704d9aa04eb61031,c0c0a088c0c0e2cc,False,2416x1736
81371b0c01ad,0,/kaggle/input/competitions/aptos2019-blindness-detection/train_images/81371b0c01ad.png,819,614,0.5,0.319,0.606,67.20307922363281,38.325869288950685,103.65290817245841,16a7dd2ab603d240f3b6284cb91cfb60,f0fcceeefefefcf0,False,819x614
81704925f759,0,/kaggle/input/competitions/aptos2019-blindness-detection/train_images/81704925f759.png,2048,1536,3.15,1.945,0.71,67.03024291992188,49.98970750670611,169.0147923445329,b01aa0c58a55e9dd7d693283460927f1,70e6e2c1c1e0e070,False,2048x1536
8185ce1cdcef,0,/kaggle/input/competitions/aptos2019-blindness-detection/train_images/8185ce1cdcef.png,1050,1050,1.1,1.005,1.0,84.82029724121094,45.44754066664139,138.65618241741322,5b0ca21777908595e7e7ff273cf6db0e,f0f8fcfcdcfcf8f0,False,1050x1050
81914ceb4e74,0,/kaggle/input/competitions/aptos2019-blindness-detection/train_images/81914ceb4e74.png,1050,1050,1.1,0.973,1.0,78.26300048828125,41.98118295551861,130.71619224455208,77f7be8dce65a6b598e89de82e74c34c,f0f8fcdefcf8f8f0,False,1050x1050
8191ae701985,0,/kaggle/input/competitions/aptos2019-blindness-detection/train_images/8191ae701985.png,2588,1958,5.07,5.123,1.0,50.1268310546875,18.335856686996298,20.763552612625062,44f96377624f2e5d9f3835e186a1089f,fcfefeeefefcf8f8,True,2588x1958
81b0a2651c45,2,/kaggle/input/competitions/aptos2019-blindness-detection/train_images/81b0a2651c45.png,2144,1424,3.05,2.632,0.841,51.1341552734375,22.667054437107534,42.00492000579834,b18463e4dc88eebb8623b80025f4004f,dcd0e0c0c08080c0,False,2144x1424
81bc03e2ff2b,2,/kaggle/input/competitions/aptos2019-blindness-detection/train_images/81bc03e2ff2b.png,3216,2136,6.87,2.798,0.842,61.7781982421875,26.08409366192019,82.98049539327621,18d7bb5b5ea161ee69bfe21c44d7c0f8,c0c0808489c0a2e4,False,3216x2136
81d79d53ed7b,0,/kaggle/input/competitions/aptos2019-blindness-detection/train_images/81d79d53ed7b.png,2588,1958,5.07,5.394,1.0,65.52496337890625,25.188055871146442,58.425450667738914,c557377a4b87c3c3627889a95b22b62f,f0f0d8cdeff7f6fe,False,2588x1958
8201cab8322d,3,/kaggle/input/competitions/aptos2019-blindness-detection/train_images/8201cab8322d.png,640,480,0.31,0.413,1.0,83.09420776367188,28.65226902290525,38.594455189071596,7941d75cdeff70197923f2c1f5014ea4,fcbbb8f0f0f47dff,False,640x480
82088c6734e6,0,/kaggle/input/competitions/aptos2019-blindness-detection/train_images/82088c6734e6.png,1050,1050,1.1,1.031,1.0,82.82817077636719,44.29930583868324,151.53159676492214,1d7a19a22d1983567dd0229174114291,f0f8dc9cf8f0c0f0,False,1050x1050
821789e9053f,1,/kaggle/input/competitions/aptos2019-blindness-detection/train_images/821789e9053f.png,1050,1050,1.1,0.973,1.0,80.07563781738281,42.80643063718543,148.4717942615971,a6d66d571e97d979a395c7e483eb0551,f0e0c080c0c0e0f0,False,1050x1050
8241e43408a8,0,/kaggle/input/competitions/aptos2019-blindness-detection/train_images/8241e43408a8.png,1050,1050,1.1,1.051,1.0,85.47822570800781,45.657559572266365,137.36214761598967,68e21c456e134d2e0ef6f793c061b079,f0fcfcdefcfcf0f0,False,1050x1050
8273fdb4405e,1,/kaggle/input/competitions/aptos2019-blindness-detection/train_images/8273fdb4405e.png,2416,1736,4.19,2.129,0.935,86.37382507324219,31.67334165488505,152.30172363272868,1f5367b539eb154d9113b33eb65cac5d,f6e0d0b1909880c4,False,2416x1736
82910bba4753,2,/kaggle/input/competitions/aptos2019-blindness-detection/train_images/82910bba4753.png,2588,1958,5.07,4.111,1.0,119.27882385253906,43.28985771026148,135.0148711046204,ef66d335f9eb9ae98b5fd9f615df82bf,f0e0c0c0c5c5e2e2,False,2588x1958
82ac8463fadd,1,/kaggle/input/competitions/aptos2019-blindness-detection/train_images/82ac8463fadd.png,1050,1050,1.1,1.031,1.0,74.77076721191406,42.94938861306518,109.33188188727945,805803b129ab8af1b14743bab2516a06,f0fcfcfcf8f0e0f0,False,1050x1050
82bb8a01935f,4,/kaggle/input/competitions/aptos2019-blindness-detection/train_images/82bb8a01935f.png,4288,2848,12.21,4.665,0.812,73.87287902832031,30.54528647243898,110.79318645223975,d0ac52533e2ea5ca2055f5e474233929,90e0c0c0c08086cc,False,4288x2848
82d364726a58,0,/kaggle/input/competitions/aptos2019-blindness-detection/train_images/82d364726a58.png,2588,1958,5.07,5.439,1.0,66.15501403808594,29.512280565359635,46.39061292167753,a816358bca0ab3618707f9b4d18b9919,f0f0f0dcdcf8f8f0,False,2588x1958
82deb07a6618,2,/kaggle/input/competitions/aptos2019-blindness-detection/train_images/82deb07a6618.png,3216,2136,6.87,2.778,0.843,85.48042297363281,31.263860911030445,134.57326605077833,1d6c17badf84a0744f12733c7586035b,c682e021998082cc,False,3216x2136
82e5bc01f8a4,0,/kaggle/input/competitions/aptos2019-blindness-detection/train_images/82e5bc01f8a4.png,1050,1050,1.1,1.006,1.0,79.68069458007812,43.77172629737962,145.50381739041768,eafd9829acd4d1b0341c7e9bbd059545,f0f0e0e0e2c0e0f0,False,1050x1050
82f2784ead76,2,/kaggle/input/competitions/aptos2019-blindness-detection/train_images/82f2784ead76.png,3216,2136,6.87,3.178,0.842,99.43638610839844,38.00238848632245,143.13929329812527,afc91357d2beede1ec342f25be25326b,f8f0f8f8eaeeded8,False,3216x2136
83038ca49b6d,0,/kaggle/input/competitions/aptos2019-blindness-detection/train_images/83038ca49b6d.png,1050,1050,1.1,1.033,1.0,89.62940979003906,50.51328797351549,145.53782310709357,7ac84dc94f774c903c346ba765059065,f0f8e0e0e2e2e0f0,False,1050x1050
830e297965a1,0,/kaggle/input/competitions/aptos2019-blindness-detection/train_images/830e297965a1.png,2048,1536,3.15,1.93,0.605,85.37220764160156,50.83152645465992,198.49237815942615,2e1afaff20f10c7178a3c09d17df4e13,f0fafefedefcf8f0,False,2048x1536
8329e80c10ac,0,/kaggle/input/competitions/aptos2019-blindness-detection/train_images/8329e80c10ac.png,1050,1050,1.1,1.162,1.0,83.03887939453125,44.968637843676426,161.98539584502578,6bd142cc8f536efa633f4e506334a439,f0f0e0e0e0e0f0f0,False,1050x1050
8344c783da65,0,/kaggle/input/competitions/aptos2019-blindness-detection/train_images/8344c783da65.png,1050,1050,1.1,0.948,1.0,75.03742980957031,39.531418521263575,118.71205703821033,8465903d07c5b8d50e69572c9d6d0b17,f0e0c0c0c4c0e0f0,False,1050x1050
83517eaeccb9,0,/kaggle/input/competitions/aptos2019-blindness-detection/train_images/83517eaeccb9.png,1050,1050,1.1,1.032,0.996,54.58213806152344,31.509779087507685,84.36493914481252,66b019af4c30b56b83cd167bf6265e74,f0f0e0e0e2e0f0f0,False,1050x1050
835b9f6e12ba,0,/kaggle/input/competitions/aptos2019-blindness-detection/train_images/835b9f6e12ba.png,1050,1050,1.1,0.805,1.0,101.12841796875,52.73053939094562,168.5694957440719,252e4e78312c9cfe3c18145f0d5e9463,f0f0c0c0c0e0e0f0,False,1050x1050
837acf120946,0,/kaggle/input/competitions/aptos2019-blindness-detection/train_images/837acf120946.png,819,614,0.5,0.359,0.931,50.104827880859375,33.63482359887597,66.72879326995462,759102489ac1f69020930d17d2170513,c0c0c0868e86c0f0,False,819x614
838b3e4d0bb4,0,/kaggle/input/competitions/aptos2019-blindness-detection/train_images/838b3e4d0bb4.png,2588,1958,5.07,5.684,1.0,65.32615661621094,35.335246882917644,99.52515568956733,a12d94a56c5607132bcb08d72dea5f13,e0c0c0c0c0c0e0f0,False,2588x1958
838c87c63422,4,/kaggle/input/competitions/aptos2019-blindness-detection/train_images/838c87c63422.png,2416,1736,4.19,2.004,0.935,81.38401794433594,31.51709354254918,145.7646831551101,ac5dcf5a68f046ae0368469161fc2e6c,ccc66c531358bac0,False,2416x1736
83a63c4a3e4a,0,/kaggle/input/competitions/aptos2019-blindness-detection/train_images/83a63c4a3e4a.png,1050,1050,1.1,1.028,1.0,80.59011840820312,44.20586194149892,128.69423785433173,1f3bd1c5e1142a39d484d9064038e89c,f0f0e0e0e2f0e8f0,False,1050x1050
83b61051737f,2,/kaggle/input/competitions/aptos2019-blindness-detection/train_images/83b61051737f.png,3216,2136,6.87,2.976,0.843,108.69184875488281,40.832337845490756,188.06071376428008,45ce6144592380b69fab1becc8345e3f,d0f0e0c88c8c8cc4,False,3216x2136
83d6e40c869f,2,/kaggle/input/competitions/aptos2019-blindness-detection/train_images/83d6e40c869f.png,1844,1226,2.26,0.77,0.818,87.8531494140625,35.94133189276272,76.03281583543867,25e2f2d9212aacf34ce72a541119235e,f0f0f8fcdcdcfcfc,False,1844x1226
83d81ba5959c,0,/kaggle/input/competitions/aptos2019-blindness-detection/train_images/83d81ba5959c.png,2048,1536,3.15,1.943,0.604,71.98785400390625,41.96237101540551,114.50889845844358,90bedc9fd49fb450c8a27a6d06ddcd90,f0f8fcfedefcf8f0,False,2048x1536
83df53d58f28,0,/kaggle/input/competitions/aptos2019-blindness-detection/train_images/83df53d58f28.png,1050,1050,1.1,0.946,1.0,94.40579223632812,49.41274182419717,168.46907316800207,902c73d72c0b437c577f75d3b7806e10,f0f8fcfcdcfcf0f0,False,1050x1050
83e529e95b0e,1,/kaggle/input/competitions/aptos2019-blindness-detection/train_images/83e529e95b0e.png,2416,1736,4.19,2.163,0.934,74.03219604492188,28.023402669978424,95.03980724420398,2f7970e9982036f5ea5e1a751838f079,f0e0f0b0989c8ecc,False,2416x1736
83fda7c0500b,0,/kaggle/input/competitions/aptos2019-blindness-detection/train_images/83fda7c0500b.png,2588,1958,5.07,5.64,1.0,69.78326416015625,31.76498215408841,73.01569620496593,e42aa6efe4eb8e3f2ae9a6465162653a,f8f8fcfeeeeefefc,False,2588x1958
840527bc6628,2,/kaggle/input/competitions/aptos2019-blindness-detection/train_images/840527bc6628.png,3216,2136,6.87,2.328,0.842,97.44966125488281,35.997001084874974,131.00504178460687,3f22b0fbc171e5b46a06a54783e662cf,f0f0f0f8f8dcd8f8,False,3216x2136
840a06a9c690,0,/kaggle/input/competitions/aptos2019-blindness-detection/train_images/840a06a9c690.png,1050,1050,1.1,1.012,1.0,78.84434509277344,43.26451496400213,128.72829682729207,0240cd8080117b6c067c637d35714f02,f0e0e0c0c4c0e0f0,False,1050x1050
8421107255ae,2,/kaggle/input/competitions/aptos2019-blindness-detection/train_images/8421107255ae.png,3216,2136,6.87,2.555,0.843,109.81271362304688,39.699160374717486,176.87216189852916,cee92f21d6ecfd994dad1df120461c92,f0fcdcdcfcf0b0e4,False,3216x2136
842d697884f6,2,/kaggle/input/competitions/aptos2019-blindness-detection/train_images/842d697884f6.png,1050,1050,1.1,0.942,1.0,76.74041748046875,41.037318292597725,124.4329610010609,ef3a9768072de49a6a23e0dad271eccd,f0f8fcfcdcfcfcf0,False,1050x1050
8433a032b96c,0,/kaggle/input/competitions/aptos2019-blindness-detection/train_images/8433a032b96c.png,2048,1536,3.15,1.937,0.605,87.66233825683594,53.94176124309591,257.19204276800156,aafa07f365fc0eb8fec0ea6b157ad7e4,e084800407bc8cf0,False,2048x1536
8446826853d0,2,/kaggle/input/competitions/aptos2019-blindness-detection/train_images/8446826853d0.png,3216,2136,6.87,6.243,0.841,71.39762878417969,26.65737055945198,80.31627921923064,d5595a2c533362dcbadf66195c3bc3bb,c8c8f474fcf4b8dc,False,3216x2136
8448af27ba07,0,/kaggle/input/competitions/aptos2019-blindness-detection/train_images/8448af27ba07.png,1050,1050,1.1,1.111,1.0,66.56271362304688,38.81256530992291,114.56562973721884,9432874160c8c1352e20fc616183a118,f0f8fcfcdcf8f0f0,False,1050x1050
847b04287c9c,0,/kaggle/input/competitions/aptos2019-blindness-detection/train_images/847b04287c9c.png,1050,1050,1.1,0.985,1.0,91.60285949707031,48.70323976618692,144.1675464771688,476e47750d85dec8c1f61dee946c9031,f0f0fcdcf8f8f0f0,False,1050x1050
848e66b9e199,0,/kaggle/input/competitions/aptos2019-blindness-detection/train_images/848e66b9e199.png,2588,1958,5.07,5.451,1.0,59.26289367675781,30.401683400586972,47.892133232206106,66b3060874ab150154081df9f331a09c,f0e0e0c0c4c4c0e0,False,2588x1958
849a91e9ab28,1,/kaggle/input/competitions/aptos2019-blindness-detection/train_images/849a91e9ab28.png,2416,1736,4.19,2.313,0.934,73.78118896484375,26.594525802110045,132.58353508915752,e2b7269f2c1b3af505b3fdb497ccea83,ccacfc7071a08acc,False,2416x1736
84a72e15b23c,1,/kaggle/input/competitions/aptos2019-blindness-detection/train_images/84a72e15b23c.png,2416,1736,4.19,2.108,0.934,78.17716979980469,29.49044900749724,105.54512973851524,ea14c1f17deaa7077f8b1630be51fde3,e8f0f2eefcbc9cd4,False,2416x1736
84b472c49cfa,0,/kaggle/input/competitions/aptos2019-blindness-detection/train_images/84b472c49cfa.png,819,614,0.5,0.319,0.931,41.09693908691406,24.122506963276248,28.54993364866823,927334aed390d3e21aef30ba06b18f31,e4f0b83838b8f0f0,True,819x614
84b4da14bc23,0,/kaggle/input/competitions/aptos2019-blindness-detection/train_images/84b4da14bc23.png,1050,1050,1.1,0.825,1.0,74.26129150390625,39.376581000526215,97.52840805053711,2d0f2cfeb1c3879d5ca22d36ab1cbf69,f0c0c0c0e0e0f0f0,False,1050x1050
84b79243e430,0,/kaggle/input/competitions/aptos2019-blindness-detection/train_images/84b79243e430.png,1050,1050,1.1,0.996,1.0,86.17213439941406,46.12745575639425,145.91229950543493,2ed503de87e5feac0e0527fdc71a141d,f0f8fcdcfcf8f0f0,False,1050x1050
84b88e8d3bca,0,/kaggle/input/competitions/aptos2019-blindness-detection/train_images/84b88e8d3bca.png,819,614,0.5,0.357,0.931,47.75050354003906,28.55185665991585,38.23927739984356,7055a904a0bd8d0bb22c428aaab29442,f0e0c2c2c6c2e0e0,False,819x614
84c663f39632,4,/kaggle/input/competitions/aptos2019-blindness-detection/train_images/84c663f39632.png,3388,2588,8.77,7.01,0.865,50.187103271484375,21.050392991585095,47.31297882995568,8772272d4661185cb6999d0df9decfb9,f0f8f8f0f0e0e0f8,False,3388x2588
84e8c62165b5,2,/kaggle/input/competitions/aptos2019-blindness-detection/train_images/84e8c62165b5.png,3216,2136,6.87,2.559,0.843,98.41558837890625,36.252351047419445,149.84826396312565,b1fa4fb83d9c105979098f1736e0cde7,c0a4d0c4cc8882c0,False,3216x2136
851e40a21f81,0,/kaggle/input/competitions/aptos2019-blindness-detection/train_images/851e40a21f81.png,1050,1050,1.1,0.945,1.0,85.75224304199219,45.17994724668668,143.31924368976615,dadc1973979fcc2e29d7f392889209c7,f0e0c0c4e0f0f0f0,False,1050x1050
8543a801dce0,2,/kaggle/input/competitions/aptos2019-blindness-detection/train_images/8543a801dce0.png,3388,2588,8.77,3.794,0.869,63.34843444824219,26.75288175925233,110.88150821230374,2c6c58a5dcc3061dab74052d4e948d11,c6f0e0e8d4d080c0,False,3388x2588
855f0a5442b6,2,/kaggle/input/competitions/aptos2019-blindness-detection/train_images/855f0a5442b6.png,3388,2588,8.77,4.075,0.87,73.84407043457031,30.98811495344765,134.54026756226085,2786cbd1f21b799f4afe740e1845ad74,c0c0f0a0908080c0,False,3388x2588
8564b7aa3c1a,0,/kaggle/input/competitions/aptos2019-blindness-detection/train_images/8564b7aa3c1a.png,1050,1050,1.1,0.956,1.0,85.16154479980469,45.47931053618768,136.72403561300598,11058963be83fb761d9caa8dbf6a6a7e,f0e0c0e0e2e0e0f0,False,1050x1050
857002ed4e49,2,/kaggle/input/competitions/aptos2019-blindness-detection/train_images/857002ed4e49.png,3216,2136,6.87,2.328,0.842,97.44966125488281,35.997001084874974,131.00504178460687,3f22b0fbc171e5b46a06a54783e662cf,f0f0f0f8f8dcd8f8,False,3216x2136
857230f64a2e,4,/kaggle/input/competitions/aptos2019-blindness-detection/train_images/857230f64a2e.png,1844,1226,2.26,0.952,0.816,75.67576599121094,32.77654776835497,84.60967514570802,8dfe30196af4aa1059c4a84e22aa05ca,d0b0f0646efebedc,False,1844x1226
8596a24a14bd,4,/kaggle/input/competitions/aptos2019-blindness-detection/train_images/8596a24a14bd.png,2416,1736,4.19,2.447,0.934,70.46681213378906,30.30053319087758,106.21210298594087,21df3f6681222a9170aba4eee2c90b23,c0d0f0785cf0b8d0,False,2416x1736
85cbb84ac8e0,4,/kaggle/input/competitions/aptos2019-blindness-detection/train_images/85cbb84ac8e0.png,2416,1736,4.19,2.263,0.934,80.32200622558594,31.681800393526473,112.80376354954205,717259cc6a51660f3104c1d83300dd19,d0f8e8ccc4c480c0,False,2416x1736
85cc6d636898,2,/kaggle/input/competitions/aptos2019-blindness-detection/train_images/85cc6d636898.png,2416,1736,4.19,2.227,0.934,78.14044189453125,29.36492341215953,108.45618152525276,fd286541126388ff33752385c4e65ef2,e0f0a080808088c4,False,2416x1736
85f99e7e4052,0,/kaggle/input/competitions/aptos2019-blindness-detection/train_images/85f99e7e4052.png,2588,1958,5.07,5.366,1.0,67.62422180175781,32.58796658673906,36.32903900370002,f110f750542bbc3cacfe2110cbb904da,f0f0f0e0e2e0f0f0,False,2588x1958
85fce24084da,2,/kaggle/input/competitions/aptos2019-blindness-detection/train_images/85fce24084da.png,3216,2136,6.87,2.105,0.843,101.13272094726562,36.75778999924604,148.4419098997023,4ebe5904e4adf6a8dd736aafac8397f7,d8f0f0d0909082c4,False,3216x2136
86410aa13b3e,0,/kaggle/input/competitions/aptos2019-blindness-detection/train_images/86410aa13b3e.png,1050,1050,1.1,0.934,1.0,92.44573974609375,48.36132004786585,166.88088463246822,c30430aadb1186b77d2bcd833ec1366f,f0e0c0c0c4c0e0f0,False,1050x1050
8650d32f4a9e,0,/kaggle/input/competitions/aptos2019-blindness-detection/train_images/8650d32f4a9e.png,819,614,0.5,0.307,0.606,66.94670104980469,41.89365781191177,141.85274330433458,1f9d7793594b8030549adfcfe71f7764,f0fefe6e6efcfcf0,False,819x614
8660e1864665,0,/kaggle/input/competitions/aptos2019-blindness-detection/train_images/8660e1864665.png,1050,1050,1.1,1.033,1.0,83.24818420410156,44.49388548325189,141.32715739216655,fd7e9feda04337c2615b9d729f77b720,f0fcfcdefcfcfcf0,False,1050x1050
86722fcd802c,2,/kaggle/input/competitions/aptos2019-blindness-detection/train_images/86722fcd802c.png,2416,1736,4.19,2.604,0.935,80.60533142089844,33.11204209657634,161.51430242857896,67c1e3092f6b5f5489bcab763c7c8a23,f2e0c0c1c5c3a2c6,False,2416x1736
8676427e4625,1,/kaggle/input/competitions/aptos2019-blindness-detection/train_images/8676427e4625.png,2588,1958,5.07,4.009,0.998,76.90739440917969,37.3861906161822,27.297939397161826,42e2712357b31c821138938aa220bcbf,f0f0f8f8fcfcf0f0,True,2588x1958
8688f3d0fcaf,3,/kaggle/input/competitions/aptos2019-blindness-detection/train_images/8688f3d0fcaf.png,1050,1050,1.1,0.932,1.0,47.09991455078125,26.83270192908206,75.62635490088724,49a6201602c5263c7f0191eaf8984d5e,f0e0e0c4c6c0c4f0,False,1050x1050
8693ab1fd2be,0,/kaggle/input/competitions/aptos2019-blindness-detection/train_images/8693ab1fd2be.png,819,614,0.5,0.347,0.931,40.6510009765625,20.04795417311559,34.28211146011017,e52f6d269f4deaaed731edc7f91bb6d2,c8ccc4d6d290e0f0,True,819x614
869bbd3170cc,2,/kaggle/input/competitions/aptos2019-blindness-detection/train_images/869bbd3170cc.png,3216,2136,6.87,2.906,0.842,74.38825988769531,27.994566724641892,98.58459761366248,27273259f83a5edb92f4f4efcb570784,f6f0f078ecdc9cdc,False,3216x2136
86b3a7929bec,2,/kaggle/input/competitions/aptos2019-blindness-detection/train_images/86b3a7929bec.png,1504,1000,1.5,1.367,0.838,82.27890014648438,35.19280483729185,158.2744170667138,832da9ad4da3837e03629b8ab7ceffb7,c2e2e19185ce9efc,False,1504x1000
86baef833ae0,2,/kaggle/input/competitions/aptos2019-blindness-detection/train_images/86baef833ae0.png,3216,2136,6.87,6.324,0.842,78.46530151367188,34.21880464635202,226.7246181925293,8fcda303040d5beddf94056fb8c90fdb,8ac0c0009098d0d0,False,3216x2136
86d58f850a0c,0,/kaggle/input/competitions/aptos2019-blindness-detection/train_images/86d58f850a0c.png,819,614,0.5,0.403,0.931,56.89581298828125,33.790336096635976,105.68187322840095,75d5bb9889f48421b5c42c6336835b22,f4f2f278f8e4c0f0,False,819x614
86d6808f0609,3,/kaggle/input/competitions/aptos2019-blindness-detection/train_images/86d6808f0609.png,2416,1736,4.19,2.13,0.934,60.67811584472656,25.877103078024422,101.15082127950154,72a906aa40300b89fb15145619b0c384,c6b2901dd9d8c0c4,False,2416x1736
86e7f98f73f1,2,/kaggle/input/competitions/aptos2019-blindness-detection/train_images/86e7f98f73f1.png,3216,2136,6.87,2.484,0.851,110.04183959960938,43.03584308712203,208.4100484214723,e0ee1b72ae0b532a120e5d782d360e1d,dceee66763f6bedc,False,3216x2136
86fbac86ed3e,2,/kaggle/input/competitions/aptos2019-blindness-detection/train_images/86fbac86ed3e.png,2416,1736,4.19,2.219,0.934,77.000244140625,34.01273242092247,84.50001121219248,af8160c05e463b690480e87856d04f54,f4f8f8fcfcfcfcfc,False,2416x1736
870f433e8f37,0,/kaggle/input/competitions/aptos2019-blindness-detection/train_images/870f433e8f37.png,1050,1050,1.1,0.92,1.0,74.69955444335938,41.66614269777375,116.05742318904959,3162ddd126718dfa0677dc1fdf9324fd,f0f0f0f8f8f0e0e0,False,1050x1050
870fbe6eaa68,0,/kaggle/input/competitions/aptos2019-blindness-detection/train_images/870fbe6eaa68.png,1050,1050,1.1,0.915,1.0,92.35232543945312,49.250813093973655,149.93017340800725,8fe51dddf4bc2a5fe68bb5b2da23a5b8,f0f0e0e0e0c0e0f0,False,1050x1050
8714d17bb6da,1,/kaggle/input/competitions/aptos2019-blindness-detection/train_images/8714d17bb6da.png,1844,1226,2.26,0.797,0.816,54.18312072753906,25.435611999524536,38.633907987736166,61cb745d0d0e94c72fc6ea8092d81467,f0f0c0c4c0868ecc,False,1844x1226
87295c5fa1cc,0,/kaggle/input/competitions/aptos2019-blindness-detection/train_images/87295c5fa1cc.png,1050,1050,1.1,1.021,1.0,78.50506591796875,44.63657061480572,132.69873517658561,3e64d3821a2d206afd069bdb5e701aff,f0fcdedcfcf8f0f0,False,1050x1050
873dcc0b468f,4,/kaggle/input/competitions/aptos2019-blindness-detection/train_images/873dcc0b468f.png,2416,1736,4.19,2.288,0.934,62.66932678222656,23.103521149920095,86.12957646674477,2b3fc8d01784100f09cd9e905dfd4574,f6d2f089998286cc,False,2416x1736
873fe0404d6e,2,/kaggle/input/competitions/aptos2019-blindness-detection/train_images/873fe0404d6e.png,4288,2848,12.21,4.874,0.81,59.57160949707031,25.199874809992693,67.08395385742188,16d21f44a62353cb4d398d5f319368de,f0f8f8fcfcf8bacc,False,4288x2848
874f8c1929f6,0,/kaggle/input/competitions/aptos2019-blindness-detection/train_images/874f8c1929f6.png,1050,1050,1.1,0.944,1.0,89.93965148925781,48.79160670683832,135.55806776043028,9ce8b6740d416f5e3e02122df3cbdb69,f0e0c0c0c0c0e0f0,False,1050x1050
875a2fc5fe23,4,/kaggle/input/competitions/aptos2019-blindness-detection/train_images/875a2fc5fe23.png,2896,1944,5.63,1.933,0.64,77.75820922851562,34.05350247230126,129.6068393511232,5088e6085d96ec1b735fce0a5d5307c5,c0e8f8f0fcf89cfc,False,2896x1944
875d2ffcbf47,0,/kaggle/input/competitions/aptos2019-blindness-detection/train_images/875d2ffcbf47.png,1050,1050,1.1,1.027,1.0,79.36041259765625,43.28485556084845,126.40351784881204,ceb98d2dea79cbfd78b6b0f14fb345ad,f0f0e0e0e2e0e0f0,False,1050x1050
876deb29f000,0,/kaggle/input/competitions/aptos2019-blindness-detection/train_images/876deb29f000.png,2048,1536,3.15,1.636,0.602,63.31211853027344,36.29073357450355,100.51058622426353,1c318b255de19bcb1fdd9d3830ec5436,f0fefcbc8ccccef0,False,2048x1536
876e1dd12d38,2,/kaggle/input/competitions/aptos2019-blindness-detection/train_images/876e1dd12d38.png,3216,2136,6.87,3.232,0.843,97.80894470214844,36.7230027450428,158.5879533952102,9a98c9097be679e8af98f25014957cdb,f8f8f0faf6ee9ecc,False,3216x2136
87774aafe068,4,/kaggle/input/competitions/aptos2019-blindness-detection/train_images/87774aafe068.png,2416,1736,4.19,2.295,0.934,72.81190490722656,27.43019937746428,86.02198508917354,838d56e6f3568fb747e0639a513446d6,f0e8faeeeeec9ccc,False,2416x1736
8785b71238d8,4,/kaggle/input/competitions/aptos2019-blindness-detection/train_images/8785b71238d8.png,2588,1958,5.07,5.2,1.0,42.14666748046875,16.567635476760042,27.238944879733026,ed98948730b7192a1a029951db7b9d97,f4f8f3f7f6e4f0f0,True,2588x1958
878a3a097436,2,/kaggle/input/competitions/aptos2019-blindness-detection/train_images/878a3a097436.png,3216,2136,6.87,6.157,0.842,73.79560852050781,26.80250407124905,69.01826951256953,6bce9101e760604a547a99d783f05209,d8f0f0f2eec280c0,False,3216x2136
878e356c8fc9,0,/kaggle/input/competitions/aptos2019-blindness-detection/train_images/878e356c8fc9.png,1050,1050,1.1,1.063,1.0,84.46226501464844,46.82942978294194,144.27156242355704,57dd0f4873ab8fbd20d7f0c4df4e2a23,f0f0fcfc9cfcf8f0,False,1050x1050
879744b9dc65,2,/kaggle/input/competitions/aptos2019-blindness-detection/train_images/879744b9dc65.png,3216,2136,6.87,3.482,0.842,83.11917114257812,31.142335841841444,117.14926300174557,f38bd714ec4b2a4814ca1a0245e70a80,f0f8f0eae8f4acc8,False,3216x2136
87a9f4d20f07,0,/kaggle/input/competitions/aptos2019-blindness-detection/train_images/87a9f4d20f07.png,1050,1050,1.1,0.951,1.0,81.26498413085938,43.83638518932684,130.90094542852603,6950e4dee8335af8d2b3c251ed1bb48e,f0f0f8fcdcfcf8f0,False,1050x1050
87b1938994b5,2,/kaggle/input/competitions/aptos2019-blindness-detection/train_images/87b1938994b5.png,3216,2136,6.87,2.736,0.842,105.94349670410156,39.14382740304515,158.43319606781006,3045d2c3ae286fc6629a36ae51eca943,d0f8f8fcfcf8b8cc,False,3216x2136
87b671c6d4c5,0,/kaggle/input/competitions/aptos2019-blindness-detection/train_images/87b671c6d4c5.png,1050,1050,1.1,0.814,1.0,94.93258666992188,50.67548513652172,150.6748665338382,4d97b4fa1fca8f4c80072e53dcf650d3,f0d0e0c0c0e0f0f0,False,1050x1050
87d46b1cc4e9,0,/kaggle/input/competitions/aptos2019-blindness-detection/train_images/87d46b1cc4e9.png,2048,1536,3.15,1.809,0.6,27.74188232421875,17.523610642585886,26.589659120887518,35f3e5b12fd0e930909e517af90a9e05,e0c0c0c4c6e0e0f8,True,2048x1536
880edb2cdb69,0,/kaggle/input/competitions/aptos2019-blindness-detection/train_images/880edb2cdb69.png,1050,1050,1.1,0.999,1.0,81.26045227050781,42.719172795211875,141.2526452334132,ac16bf3023ff21aae72db078134762ac,f0fefcbcf8f8e8f0,False,1050x1050
881ec6186e68,0,/kaggle/input/competitions/aptos2019-blindness-detection/train_images/881ec6186e68.png,1050,1050,1.1,1.087,1.0,84.81178283691406,47.51296970042623,192.0338619016111,a8b8f0b13c69d8b8b287eda64663b84b,f0f2f8fcdcfcf8f0,False,1050x1050
882a71de424e,2,/kaggle/input/competitions/aptos2019-blindness-detection/train_images/882a71de424e.png,2416,1736,4.19,1.706,0.935,91.21122741699219,32.70404485455015,122.3603359402623,5105479b25c805117348b2b4df45a714,f0fcdcf8f0f0f2f4,False,2416x1736
883c6a184f16,0,/kaggle/input/competitions/aptos2019-blindness-detection/train_images/883c6a184f16.png,1050,1050,1.1,0.974,1.0,73.81845092773438,40.023994864760304,113.1711487879511,eb8c294af5b36ffca2c5927c4540287b,f0fcfedefefcf0f0,False,1050x1050
883ddb650967,0,/kaggle/input/competitions/aptos2019-blindness-detection/train_images/883ddb650967.png,1050,1050,1.1,0.943,1.0,84.09275817871094,44.684043846325295,148.43459419882856,615ffc898c5ff2636d25bc57e9b3d684,f0e0c0c0c6e0e0f0,False,1050x1050
8846b09384a4,0,/kaggle/input/competitions/aptos2019-blindness-detection/train_images/8846b09384a4.png,2588,1958,5.07,5.249,1.0,39.977386474609375,21.64131756801423,31.480428566923365,31d651c3786246fec6c35a1f25d242c4,f0e0e0c6c6f0f0f8,True,2588x1958
885fa5fc5da8,0,/kaggle/input/competitions/aptos2019-blindness-detection/train_images/885fa5fc5da8.png,1050,1050,1.1,0.936,1.0,73.67526245117188,40.1133447632174,111.21077725640498,3b01c8e1ce71da456079aad93e9ab13d,f0fcdcdcf8f0e0f0,False,1050x1050
8860c7b11530,2,/kaggle/input/competitions/aptos2019-blindness-detection/train_images/8860c7b11530.png,3216,2136,6.87,2.613,0.842,92.77546691894531,33.73693888702413,150.52210933319293,4827b1112cd6a35c00c8e2b45898ba26,d0f0f868e6e68ecc,False,3216x2136
8871e6a26596,2,/kaggle/input/competitions/aptos2019-blindness-detection/train_images/8871e6a26596.png,3216,2136,6.87,3.033,0.842,53.314971923828125,23.011862423942354,47.51989202108234,4989f8e7d072cae96f1bd916792a9713,d0f8f8feee9e9edc,False,3216x2136
887c26fc0e1f,4,/kaggle/input/competitions/aptos2019-blindness-detection/train_images/887c26fc0e1f.png,3216,2136,6.87,3.466,0.842,88.48007202148438,35.75385908605663,101.83721188362688,e05a022f6954d50d28f915efe802caae,c0e0c08888d080f0,False,3216x2136
88e4399d207c,0,/kaggle/input/competitions/aptos2019-blindness-detection/train_images/88e4399d207c.png,1050,1050,1.1,1.035,1.0,83.52413940429688,45.734023978560884,141.4052125774324,2336d22b9aec45e30318e97cb1eb42b9,f0fcfcdcfcf8f0f0,False,1050x1050
88e5051f65bd,0,/kaggle/input/competitions/aptos2019-blindness-detection/train_images/88e5051f65bd.png,2048,1536,3.15,1.975,0.626,54.70518493652344,35.73775179062155,71.96521460800432,07abde761d2229c03bf28d2482ea785a,70c0bcfefefcf8f8,False,2048x1536
8906c9ed54a2,0,/kaggle/input/competitions/aptos2019-blindness-detection/train_images/8906c9ed54a2.png,2048,1536,3.15,1.931,0.605,85.20606994628906,46.81667563305362,125.61765934131108,3233bb41a8a8f876cfbb566f3a777077,f0c0808c8cc0c0f0,False,2048x1536
891329021e12,0,/kaggle/input/competitions/aptos2019-blindness-detection/train_images/891329021e12.png,1050,1050,1.1,1.014,1.0,89.20323181152344,48.4631242320567,149.20536781451665,8b32199f45f38f49f64cbc8ecf511ef7,f0f8dc9cfcf8e0f0,False,1050x1050
891392c9683c,2,/kaggle/input/competitions/aptos2019-blindness-detection/train_images/891392c9683c.png,2588,1958,5.07,5.047,1.0,38.14671325683594,15.152252791218194,19.80440328246914,61c233362022fd5ed45e8119efdf262b,f0f8f8fceeeef8f0,True,2588x1958
894a37fc3738,0,/kaggle/input/competitions/aptos2019-blindness-detection/train_images/894a37fc3738.png,2048,1536,3.15,1.676,0.682,32.47966003417969,25.701344830197353,33.20163391530514,fc1240c1929cb9bc8c9db319e8ed2b5a,70f0e2c6c6e2f078,True,2048x1536
8958a4d17b7e,3,/kaggle/input/competitions/aptos2019-blindness-detection/train_images/8958a4d17b7e.png,2416,1736,4.19,2.655,0.934,82.71371459960938,31.745902862115155,143.57971856649965,44663c4f5b883474a43b0f7cbb6135e1,e2e0c0a0c0c084c8,False,2416x1736
895fe2bfc5b6,0,/kaggle/input/competitions/aptos2019-blindness-detection/train_images/895fe2bfc5b6.png,2048,1536,3.15,1.904,0.605,93.02825927734375,51.54542355486424,223.54374969168566,301b87acf2c4c6d6dae7fb96681a9c44,f0d6e0c0c1c6fcf0,False,2048x1536
896ad584a841,0,/kaggle/input/competitions/aptos2019-blindness-detection/train_images/896ad584a841.png,1050,1050,1.1,0.905,1.0,81.51130676269531,43.43305388766348,185.7977444527205,8b75d87d6562a6d7649ded21fab4bbd1,f0f2e0e0e3e2e6f8,False,1050x1050
898f0bc8acfa,0,/kaggle/input/competitions/aptos2019-blindness-detection/train_images/898f0bc8acfa.png,2048,1536,3.15,1.945,0.605,71.34568786621094,40.52446873111594,115.10775075852871,2863ac1d0dbd27525c93475ad3e8686a,f0a0c0d0d0e0e4f0,False,2048x1536
89b044cbaf85,2,/kaggle/input/competitions/aptos2019-blindness-detection/train_images/89b044cbaf85.png,2416,1736,4.19,2.745,0.935,96.75007629394531,36.0755702617233,200.0602144598961,5583cc1bb918aea89a5278913d87c82e,d0f0f8c8c88096c4,False,2416x1736
89b725411cee,2,/kaggle/input/competitions/aptos2019-blindness-detection/train_images/89b725411cee.png,2416,1736,4.19,2.195,0.935,71.97628784179688,29.220881949112076,120.4661500453949,afc777260c77a4e315d9e67d6d7bd4d3,f2f0f0fddcdc9ecc,False,2416x1736
89d2a7403a06,2,/kaggle/input/competitions/aptos2019-blindness-detection/train_images/89d2a7403a06.png,2588,1958,5.07,5.235,1.0,41.623626708984375,17.856505904200507,43.13895650859922,9e175f7ae5079eb748fa1d9ac60f4497,e0e0e8c8a8a8e8d0,True,2588x1958
89d9c071a56f,1,/kaggle/input/competitions/aptos2019-blindness-detection/train_images/89d9c071a56f.png,2416,1736,4.19,1.998,0.935,84.82315063476562,32.23371897713539,199.03345718211494,f3a1cde062c927a0e121ce1ed77e6f1f,cebefe737a2a88c0,False,2416x1736
89ed6a0dd53f,1,/kaggle/input/competitions/aptos2019-blindness-detection/train_images/89ed6a0dd53f.png,2416,1736,4.19,2.341,0.934,82.46488952636719,29.690673455694604,127.26011766470037,26266bd47876fdb7ecd8a1b806b34eca,e0c0b0b8d8d080c4,False,2416x1736
89ee1fa16f90,2,/kaggle/input/competitions/aptos2019-blindness-detection/train_images/89ee1fa16f90.png,2416,1736,4.19,1.914,0.934,138.74661254882812,48.23666217219463,273.06249617016874,3f1812d1140beda28b4e5918c897722f,e8e0f0f0d0c080c0,False,2416x1736
89fc080f7e83,2,/kaggle/input/competitions/aptos2019-blindness-detection/train_images/89fc080f7e83.png,3216,2136,6.87,2.814,0.842,81.78683471679688,32.2590385796527,116.64513742551208,8bd50da12df98ce164986ca95175afc8,d080c0c0c0e0e0c0,False,3216x2136
8a01daa423f7,1,/kaggle/input/competitions/aptos2019-blindness-detection/train_images/8a01daa423f7.png,2416,1736,4.19,2.485,0.934,60.65675354003906,24.600670481556765,56.8196486197412,d3371106dfcf1049f212f871a22a7847,e4e4f8eceeac8ecc,False,2416x1736
8a234d68b27e,3,/kaggle/input/competitions/aptos2019-blindness-detection/train_images/8a234d68b27e.png,2588,1958,5.07,3.929,0.997,56.82283020019531,34.23332752630352,71.3655542244669,8307142ea13e9a2940531fd2557bc4d8,fcf0fce4fcfcf8f8,False,2588x1958
8a25a080f28f,1,/kaggle/input/competitions/aptos2019-blindness-detection/train_images/8a25a080f28f.png,1844,1226,2.26,1.0,0.818,104.88249206542969,43.15774665179031,127.76262740581296,f52cdc9fdde9571b31b49d62e6f37bea,e0e0e0e0888880c4,False,1844x1226
8a3eb86ae4bd,0,/kaggle/input/competitions/aptos2019-blindness-detection/train_images/8a3eb86ae4bd.png,2048,1536,3.15,1.899,0.605,100.02720642089844,54.81946083554562,200.25720768771134,ea3f37b7d6e3de2663e7930a301920aa,f0f8f0d0d4d8f0f0,False,2048x1536
8a482c024fc2,0,/kaggle/input/competitions/aptos2019-blindness-detection/train_images/8a482c024fc2.png,1050,1050,1.1,0.916,1.0,77.83378601074219,41.84049936303176,123.35452589020133,6a6348a818b02edaeba1e7786fcd8641,f0f8fcdc9cfcf8f0,False,1050x1050
8a67f1efa315,2,/kaggle/input/competitions/aptos2019-blindness-detection/train_images/8a67f1efa315.png,2416,1736,4.19,2.137,0.934,88.768310546875,34.52546261495431,193.39652173942886,e1dfe8ddf7c3b276bda340327a826f99,fab09c1c7dd88ecc,False,2416x1736
8a759f94613a,2,/kaggle/input/competitions/aptos2019-blindness-detection/train_images/8a759f94613a.png,1504,1000,1.5,1.377,0.838,88.34634399414062,34.52085283501645,124.17600120208226,9de693d1d4aa57e91748bc3aaf0a77d6,def0f0b08088c0e8,False,1504x1000
8a7765e785fb,0,/kaggle/input/competitions/aptos2019-blindness-detection/train_images/8a7765e785fb.png,2048,1536,3.15,1.925,0.605,84.94807434082031,46.80540574259397,176.44081575027667,96b0e3d515bee416561e42cbb50c2e6a,f0f6f8dcdcf8f8f0,False,2048x1536
8a81f62320d6,0,/kaggle/input/competitions/aptos2019-blindness-detection/train_images/8a81f62320d6.png,1050,1050,1.1,1.026,1.0,85.23707580566406,46.58098081775656,178.88453651126474,c26b5fdd4f61e81a91e377bfd948be30,f0e0c0c0c0e0f0f0,False,1050x1050
8a87dd2a784e,0,/kaggle/input/competitions/aptos2019-blindness-detection/train_images/8a87dd2a784e.png,819,614,0.5,0.277,0.606,65.7623291015625,39.4996724249062,81.61003620084375,b567bf9fb95c2fb6d3702e5b1309dd55,f0fcbcb4bcfcf8f0,False,819x614
8a8a251770cd,0,/kaggle/input/competitions/aptos2019-blindness-detection/train_images/8a8a251770cd.png,1050,1050,1.1,1.034,1.0,85.84580993652344,45.790100351971944,148.34222816652618,6651894dd3a5f19fe2bfde8161532202,f0f8f8bcf8f0e0f0,False,1050x1050
8a9bef2fbd4e,3,/kaggle/input/competitions/aptos2019-blindness-detection/train_images/8a9bef2fbd4e.png,2416,1736,4.19,2.063,0.934,54.82368469238281,23.00754711110088,69.5512107303366,3001277e3fbc0eb5671f40b4631f4252,fceceeceeedce8c4,False,2416x1736
8aa3c4681542,0,/kaggle/input/competitions/aptos2019-blindness-detection/train_images/8aa3c4681542.png,1050,1050,1.1,0.969,1.0,81.8072509765625,43.65297402270382,150.05544684804045,d4e1dc4834ced3019ce6bcf7f99a5f7e,f0f0e0c0c4c0e0f0,False,1050x1050
8aab201c0691,2,/kaggle/input/competitions/aptos2019-blindness-detection/train_images/8aab201c0691.png,1844,1226,2.26,0.892,0.818,96.90145874023438,39.98623871036328,110.41759312804788,ebe0fb0cda26c829816443f7087a55c9,f0d0c0c0808886c4,False,1844x1226
8ab3faa3701f,0,/kaggle/input/competitions/aptos2019-blindness-detection/train_images/8ab3faa3701f.png,2048,1536,3.15,1.941,0.605,81.42581176757812,50.1884770541638,161.19982922729105,efc2d14fa34934dc1548fd670e9ed175,e0ca82808080c0e0,False,2048x1536
8ab8d9b3ce3f,2,/kaggle/input/competitions/aptos2019-blindness-detection/train_images/8ab8d9b3ce3f.png,3216,2136,6.87,3.505,0.843,111.13043212890625,42.27420976711875,203.43202409497462,5f913539ce053fa2fa0cdfc946167763,d0f0f0eeeefcb8e4,False,3216x2136
8ac0c44bbf24,4,/kaggle/input/competitions/aptos2019-blindness-detection/train_images/8ac0c44bbf24.png,2416,1736,4.19,2.547,0.934,72.25675964355469,29.26630970815562,74.097247838974,598bbd1f97e471820b8fd49cc57b6b5f,c0e0e0e1e0e0a0c0,False,2416x1736
8acdf12f412a,0,/kaggle/input/competitions/aptos2019-blindness-detection/train_images/8acdf12f412a.png,1050,1050,1.1,1.05,1.0,81.816162109375,44.135888006520396,144.7088822571095,4d6164376359b03f46a5f8204d942937,f0e0d0c4c0e0f0f0,False,1050x1050
8acffaf1f4b9,2,/kaggle/input/competitions/aptos2019-blindness-detection/train_images/8acffaf1f4b9.png,1504,1000,1.5,1.464,0.838,75.31883239746094,31.675196920155834,101.57973178080283,70137cf193f130d2cae49768c75fc565,e0d0809090c0e2f8,False,1504x1000
8ae049175db6,4,/kaggle/input/competitions/aptos2019-blindness-detection/train_images/8ae049175db6.png,2588,1958,5.07,5.043,1.0,50.05677795410156,21.308813132332233,10.247613820945844,21d8f02f54aceff663bdc512acd81faf,f8fceeecfcf8f0f0,True,2588x1958
8af50c9d0a86,0,/kaggle/input/competitions/aptos2019-blindness-detection/train_images/8af50c9d0a86.png,1476,1117,1.65,2.16,1.0,72.30923461914062,34.75200203842709,63.570849891752005,da6f0ce388bdc11fbce307d846d6d90b,e0888cc8c0e0f0f0,False,1476x1117
8af6a4e5396f,4,/kaggle/input/competitions/aptos2019-blindness-detection/train_images/8af6a4e5396f.png,2416,1736,4.19,1.889,0.934,79.58634948730469,30.778644239585663,80.13395535573363,20c2984cdf8dc8776a186177481e5395,f8e8f0f4f4d098f0,False,2416x1736
8b079e79035f,0,/kaggle/input/competitions/aptos2019-blindness-detection/train_images/8b079e79035f.png,1050,1050,1.1,0.754,1.0,75.749267578125,39.31941760792062,112.4016664007213,42a97b476b570b82bb731be832229e2a,f0f0f8fcdcf8f4f0,False,1050x1050
8b26d3cd61e8,2,/kaggle/input/competitions/aptos2019-blindness-detection/train_images/8b26d3cd61e8.png,2144,1424,3.05,2.713,0.843,78.86248779296875,33.58260278807799,95.58861561026424,1cfbf8b5587db193f79a92ef0b3d0d59,f4f0f2f6fcfcfefc,False,2144x1424
8b568d47a1fd,0,/kaggle/input/competitions/aptos2019-blindness-detection/train_images/8b568d47a1fd.png,1050,1050,1.1,0.985,1.0,77.02201843261719,41.01887993546758,120.79850290319882,ce7dca812d1037317f598e4bc4d5bcba,f0e0c0c0c4e0f0f0,False,1050x1050
8b58f9a338e8,0,/kaggle/input/competitions/aptos2019-blindness-detection/train_images/8b58f9a338e8.png,819,614,0.5,0.287,0.606,74.842041015625,43.25312058472402,146.75466599850915,2155f8ce93d0dac6adeec735a239909c,f0fcb889c1f0f0f0,False,819x614
8b76c3c5cb3e,3,/kaggle/input/competitions/aptos2019-blindness-detection/train_images/8b76c3c5cb3e.png,2588,1958,5.07,5.469,1.0,82.6895751953125,34.314575514487466,52.41827059327625,aae0ea1502bcb70f774507f19382a9dc,ece6d4e7e7f0faf8,False,2588x1958
8b8fe3fc8950,0,/kaggle/input/competitions/aptos2019-blindness-detection/train_images/8b8fe3fc8950.png,819,614,0.5,0.369,0.931,53.559326171875,27.27944876436752,60.42043623118661,94a31da419bfe284946802449911a16a,c4c6c6c392d8f0f0,False,819x614
8bad12d70368,4,/kaggle/input/competitions/aptos2019-blindness-detection/train_images/8bad12d70368.png,2588,1958,5.07,5.378,1.0,62.00941467285156,27.42537904716244,38.83942692633718,f7a7aae4ca087a4dbe6c572257f0f6f7,e0e0f0f0b8a8f8f0,False,2588x1958
8bbd7835e9aa,1,/kaggle/input/competitions/aptos2019-blindness-detection/train_images/8bbd7835e9aa.png,2416,1736,4.19,2.402,0.935,86.18310546875,36.90786793559574,125.74966263002716,c029606e5689caea904dea31db9aaf39,c080c0c0c0c080c0,False,2416x1736
8bc6716c2238,1,/kaggle/input/competitions/aptos2019-blindness-detection/train_images/8bc6716c2238.png,2588,1958,5.07,5.216,1.0,63.75914001464844,31.78418699967252,37.40660670027137,5c0826721fffb80abe92f6cd1117d123,b0f8f8f8fcfcfcf8,False,2588x1958
8bdb891661a8,2,/kaggle/input/competitions/aptos2019-blindness-detection/train_images/8bdb891661a8.png,2588,1958,5.07,5.33,1.0,68.51643371582031,40.20064694864045,30.29584414116107,c2d69ae5a1954fdf4acff9192d7625cb,fcfc7e7efefcf8f8,False,2588x1958
8be6629a6039,0,/kaggle/input/competitions/aptos2019-blindness-detection/train_images/8be6629a6039.png,2588,1958,5.07,3.781,1.0,87.2618408203125,38.44904965172932,135.04367755260319,e6cb409642516ef378e087b97a34a6e5,f0f0f8fcfceefcfc,False,2588x1958
8bed09514c3b,4,/kaggle/input/competitions/aptos2019-blindness-detection/train_images/8bed09514c3b.png,2416,1736,4.19,1.86,0.935,99.16737365722656,35.78861931958301,204.9733489714563,c33804fc444c08672093e58f1f9d61c2,f0e0f0c0818c8a8e,False,2416x1736
8bf05909e1e1,0,/kaggle/input/competitions/aptos2019-blindness-detection/train_images/8bf05909e1e1.png,1050,1050,1.1,1.051,1.0,77.26730346679688,43.39476831394196,122.73431705287658,6668fc375f552bb1906e168286f7756d,f0e0f0f8f8f0e0f0,False,1050x1050
8bf2d925dc0c,0,/kaggle/input/competitions/aptos2019-blindness-detection/train_images/8bf2d925dc0c.png,1050,1050,1.1,0.956,1.0,95.97035217285156,50.524482064405795,165.30382880195975,9fe7afa9859f7fdcc024c3731b702ea3,f0f0f8fcdcfcf8f0,False,1050x1050
8c0d05233238,3,/kaggle/input/competitions/aptos2019-blindness-detection/train_images/8c0d05233238.png,2588,1958,5.07,5.025,1.0,45.90028381347656,18.97402678785932,12.51490297820419,94daab06bb6ae628db05a50461e85389,f8fcfcf6e6f4fcf0,True,2588x1958
8c29a76fa08c,0,/kaggle/input/competitions/aptos2019-blindness-detection/train_images/8c29a76fa08c.png,1050,1050,1.1,0.986,1.0,76.35482788085938,40.91306799270076,137.75003105937503,bea6244c2b4bdc19115af179a1714957,f0d0f0e0c0c2e0f0,False,1050x1050
8c2f0f04e1ed,1,/kaggle/input/competitions/aptos2019-blindness-detection/train_images/8c2f0f04e1ed.png,2416,1736,4.19,2.359,0.934,71.93923950195312,27.749843301883068,82.90461837104522,6a9b0ea4929ea13780a6c82bebb815b4,e2e0c0808880c0e0,False,2416x1736
8c4ceddeb1c6,0,/kaggle/input/competitions/aptos2019-blindness-detection/train_images/8c4ceddeb1c6.png,2048,1536,3.15,1.754,0.626,55.87022399902344,34.86923755472119,107.52348240441643,3c8b1e7328bc2971d7b828d3dfc0424d,f0cc9c0c0c8c8ce0,False,2048x1536
8c7c26c52a6c,4,/kaggle/input/competitions/aptos2019-blindness-detection/train_images/8c7c26c52a6c.png,2416,1736,4.19,2.282,0.935,90.7845458984375,35.156706114247356,197.26598830125295,bd2636023e6ab247c48ec1c9fee7e452,e2e0f0f2b9b990c6,False,2416x1736
8c84e96d9b01,0,/kaggle/input/competitions/aptos2019-blindness-detection/train_images/8c84e96d9b01.png,819,614,0.5,0.416,0.931,75.17320251464844,53.85750754019936,144.59119601151906,a20b036a825f24e666982369d64e6a2b,dc9c9c9cb6e2e0e0,False,819x614
8c87bd748996,2,/kaggle/input/competitions/aptos2019-blindness-detection/train_images/8c87bd748996.png,3216,2136,6.87,3.645,0.842,79.01875305175781,30.887208559458895,121.50680719316006,287aedd0a6a1252f7c51b4c81649dc06,f0f0f0c2c4e0e2c4,False,3216x2136
8cb6b0efaaac,2,/kaggle/input/competitions/aptos2019-blindness-detection/train_images/8cb6b0efaaac.png,2416,1736,4.19,2.512,0.934,86.26663208007812,34.679987764946546,115.32563672750257,ece61abc754cc776d087ab5ba13e3837,f0f0f0c0c0e0f2d4,False,2416x1736
8cb6b5b2f19c,2,/kaggle/input/competitions/aptos2019-blindness-detection/train_images/8cb6b5b2f19c.png,3216,2136,6.87,3.478,0.842,69.95582580566406,26.389342288300963,65.76442724629305,2694319c811276b8bfe76ca9bb0d19c1,d0f0e0cacec684c8,False,3216x2136
8ceff4c4c860,0,/kaggle/input/competitions/aptos2019-blindness-detection/train_images/8ceff4c4c860.png,1050,1050,1.1,0.965,1.0,78.14248657226562,41.61683028601818,142.33091175346635,526550338ffec09e9a302cd88f7338b1,f0c0c0c0c4e0e0f0,False,1050x1050
8d13c46e7d75,0,/kaggle/input/competitions/aptos2019-blindness-detection/train_images/8d13c46e7d75.png,1050,1050,1.1,0.897,1.0,77.906005859375,41.57354268322993,119.44684899947606,7f4408707e0e8baa7fd0e78324d5ceb4,f0f8f8bcf8f0e0f0,False,1050x1050
8d3d67661620,2,/kaggle/input/competitions/aptos2019-blindness-detection/train_images/8d3d67661620.png,2416,1736,4.19,2.105,0.935,91.10893249511719,33.96252964616138,162.4996099472046,28acc171dd4e590fbcb2454a6c1caf8e,c8a0f06062aa82c4,False,2416x1736
8d4d14a4ab07,0,/kaggle/input/competitions/aptos2019-blindness-detection/train_images/8d4d14a4ab07.png,1050,1050,1.1,0.959,1.0,77.12690734863281,41.27610766630651,124.30588829144835,ca4de6277bf12fe6754490fbe86e87bd,f0e0e0c0c4e0e0f0,False,1050x1050
8d4ff745a409,0,/kaggle/input/competitions/aptos2019-blindness-detection/train_images/8d4ff745a409.png,1050,1050,1.1,0.98,1.0,90.67616271972656,48.342453086362056,161.58556192740798,9021a668283cbabdf9dda5dd4467507e,f0f8fcdcdefcf8f0,False,1050x1050
8d62ba9cb22a,2,/kaggle/input/competitions/aptos2019-blindness-detection/train_images/8d62ba9cb22a.png,2588,1958,5.07,2.394,1.0,52.42576599121094,27.911982164388508,28.99582016095519,4ae257b08736e22ff7dfaf3a47a7bc9a,f0f8fcfcfcfcf8f0,False,2588x1958
8d7bb0649a02,2,/kaggle/input/competitions/aptos2019-blindness-detection/train_images/8d7bb0649a02.png,2144,1424,3.05,2.832,0.841,74.37460327148438,28.802556700519652,75.93720816075802,73341fb3fe7160f070afff19b20332ed,f0e0e0c4cce0e0fc,False,2144x1424
8d8aca52c07b,4,/kaggle/input/competitions/aptos2019-blindness-detection/train_images/8d8aca52c07b.png,2588,1958,5.07,5.937,1.0,101.7366943359375,44.49736690617042,166.68037543795072,dff111ecf1d7d99e310ac4b831bea15e,c0e0e0c080808080,False,2588x1958
8d9516ea3587,0,/kaggle/input/competitions/aptos2019-blindness-detection/train_images/8d9516ea3587.png,1050,1050,1.1,1.028,1.0,81.00770568847656,44.257827171470446,169.68532937765121,10a025e8f10fce9cd01e024770d7871d,f0e0e0c0c4e0e0f0,False,1050x1050
8dafa62f9322,0,/kaggle/input/competitions/aptos2019-blindness-detection/train_images/8dafa62f9322.png,1050,1050,1.1,0.985,1.0,80.95462036132812,44.61492499149794,129.29837610945106,c3e513d0497536fd069ddfa92187353b,f0f8fcfeeefcf8f0,False,1050x1050
8db2ce991101,4,/kaggle/input/competitions/aptos2019-blindness-detection/train_images/8db2ce991101.png,2588,1958,5.07,5.125,1.0,51.494659423828125,19.57195606979967,19.18129321350716,8c6746d28d28d494aaf92ba5f57d6fb1,e0f0c888e8f0f0f0,True,2588x1958
8dba09a4e5ed,2,/kaggle/input/competitions/aptos2019-blindness-detection/train_images/8dba09a4e5ed.png,3388,2588,8.77,7.005,0.865,70.83888244628906,30.152646562495196,79.20503377146088,53a714f6458b21e6e365e1066a1cdb0b,f0f0e08888a0c0e0,False,3388x2588
8dc22e65c06f,1,/kaggle/input/competitions/aptos2019-blindness-detection/train_images/8dc22e65c06f.png,2588,1958,5.07,5.035,1.0,39.939361572265625,16.0478444124365,18.31761288549751,52ce79ea21506b54110112ec2fc95c2f,c0e0e060e0e4e6e0,True,2588x1958
8dfa629ca74e,2,/kaggle/input/competitions/aptos2019-blindness-detection/train_images/8dfa629ca74e.png,1050,1050,1.1,0.871,1.0,65.25050354003906,35.539503116812206,84.38386672735214,01e9c0f8833e086198824046d86f92a2,f0f0e0c0c0c0c0f0,False,1050x1050
8dfff47b06b7,2,/kaggle/input/competitions/aptos2019-blindness-detection/train_images/8dfff47b06b7.png,3216,2136,6.87,2.726,0.842,118.97142028808594,43.15150896887486,217.40592188178562,8bba0cfafd99ad2f653f62f0aa760a91,cce2f0a18984c2cc,False,3216x2136
8e20b8fac7c3,2,/kaggle/input/competitions/aptos2019-blindness-detection/train_images/8e20b8fac7c3.png,3216,2136,6.87,2.666,0.842,96.21852111816406,35.94897056221263,137.37570932134986,a39173688427ef8ffee206c61d2694f8,c8f0e0c0c0c4c4e4,False,3216x2136
8e2a3978c244,0,/kaggle/input/competitions/aptos2019-blindness-detection/train_images/8e2a3978c244.png,1050,1050,1.1,1.004,1.0,86.65293884277344,48.10723962908184,165.27908756956458,75d5ab99fe06d913c8bcdbea3f92aa52,f0f0e0e0e2f0f0f0,False,1050x1050
8e3b79e1f1f7,2,/kaggle/input/competitions/aptos2019-blindness-detection/train_images/8e3b79e1f1f7.png,2588,1958,5.07,5.231,1.0,67.30377197265625,39.52802846842159,68.42963021597825,4ef3d0b6142e4343a20dc64f82075db9,8898381c5444e0f0,False,2588x1958
8e4a354e3da2,0,/kaggle/input/competitions/aptos2019-blindness-detection/train_images/8e4a354e3da2.png,2048,1536,3.15,1.944,0.605,77.79165649414062,44.88839127062169,180.73826440330595,36633163bef0dca42d72292dfaebc54d,f0c282898980e0e0,False,2048x1536
8e63fc4ab532,2,/kaggle/input/competitions/aptos2019-blindness-detection/train_images/8e63fc4ab532.png,3216,2136,6.87,3.143,0.842,102.122802734375,38.50407480917189,145.1121225634124,31092184aceefebe3a4c38b5c4ed9c99,e0e0e088888080c4,False,3216x2136
8e67f2d7e0ee,0,/kaggle/input/competitions/aptos2019-blindness-detection/train_images/8e67f2d7e0ee.png,1050,1050,1.1,1.039,1.0,71.26837158203125,39.26311878796219,119.59376298543066,c1d4213a8afaf284597862c529eb5c49,f0f8fcbcf8f0e0f0,False,1050x1050
8e6df9eedcd8,0,/kaggle/input/competitions/aptos2019-blindness-detection/train_images/8e6df9eedcd8.png,2588,1958,5.07,5.843,1.0,73.08311462402344,34.12046258955884,116.77174382819794,3e32a81b3f4558085a773269011be7f5,f0f8f8feeefcfcf8,False,2588x1958
8e76054f0831,0,/kaggle/input/competitions/aptos2019-blindness-detection/train_images/8e76054f0831.png,1050,1050,1.1,0.956,1.0,84.94569396972656,46.014404317962345,140.1389115320053,0d2501e8774021cb724e128ced3abd4b,f0fcfcdcfcf8f0f0,False,1050x1050
8e7981855125,0,/kaggle/input/competitions/aptos2019-blindness-detection/train_images/8e7981855125.png,2588,1958,5.07,5.235,1.0,45.87437438964844,20.191394810234918,26.418739563785493,8b715e0045e013a0c3e39a2ce37221c6,e4e0c0c4ccc0e0f0,True,2588x1958
8ead17dfb6a6,0,/kaggle/input/competitions/aptos2019-blindness-detection/train_images/8ead17dfb6a6.png,2048,1536,3.15,1.873,0.71,61.834136962890625,47.9840047043856,185.2826796041336,96418e90df21653d6190dc84527fa58d,70e6f0f0c4c4e678,False,2048x1536
8ead8f37423c,0,/kaggle/input/competitions/aptos2019-blindness-detection/train_images/8ead8f37423c.png,1050,1050,1.1,0.868,1.0,95.43748474121094,50.135273230248934,175.89381609018892,4c6fd9f0713ecfb97d6e27f6af923aa8,f0fcdcfcf8f0e0f0,False,1050x1050
8eb3337a54e9,2,/kaggle/input/competitions/aptos2019-blindness-detection/train_images/8eb3337a54e9.png,3216,2136,6.87,1.969,0.842,110.96334838867188,39.63533264852696,198.0306929415092,45415fa572fc6a153eb83a96cc2889e7,c698d0589c8c84cc,False,3216x2136
8ed586c43023,0,/kaggle/input/competitions/aptos2019-blindness-detection/train_images/8ed586c43023.png,1050,1050,1.1,1.007,1.0,78.15428161621094,42.11683228020172,121.73538095667027,66325e1cb0ff68d3afa1eea0569cf315,f0d89cbcf8f0e0f0,False,1050x1050
8ee50c26fc13,0,/kaggle/input/competitions/aptos2019-blindness-detection/train_images/8ee50c26fc13.png,819,614,0.5,0.312,0.606,62.17359924316406,39.20429459254511,85.86556334700435,171b63cd5bd30431bc18fb5f1528c2f3,f0fcfcfcfcfcfcf0,False,819x614
8eeac97f02f0,4,/kaggle/input/competitions/aptos2019-blindness-detection/train_images/8eeac97f02f0.png,4288,2848,12.21,5.454,0.815,78.62519836425781,30.88700275026662,133.11045288667083,c812a3e7cf1be8e13e37858a3b5a6a7a,c0e0c889c0c286ec,False,4288x2848
8ef2eb8c51c4,1,/kaggle/input/competitions/aptos2019-blindness-detection/train_images/8ef2eb8c51c4.png,3216,2136,6.87,6.243,0.841,71.39762878417969,26.65737055945198,80.31627921923064,d5595a2c533362dcbadf66195c3bc3bb,c8c8f474fcf4b8dc,False,3216x2136
8f06ca4642bd,0,/kaggle/input/competitions/aptos2019-blindness-detection/train_images/8f06ca4642bd.png,819,614,0.5,0.287,0.606,79.260498046875,45.41696148224023,146.04300008621067,0bde166b5d8c7431e0f3524869011e35,f0fcfefeeefefcf0,False,819x614
8f10e41a2f02,0,/kaggle/input/competitions/aptos2019-blindness-detection/train_images/8f10e41a2f02.png,1050,1050,1.1,0.907,1.0,103.13099670410156,53.869069264586805,187.629181381315,27711e353abeb7bf7f20b00408e549a3,f0c0c0c4c0c0c0f0,False,1050x1050
8f14bca04b47,0,/kaggle/input/competitions/aptos2019-blindness-detection/train_images/8f14bca04b47.png,2048,1536,3.15,1.92,0.605,75.63534545898438,42.11916548366463,182.74732180661522,bf08c64554b98a4baeafc3c29ed42b70,f086824347c2c4f0,False,2048x1536
8f1e7433a95d,2,/kaggle/input/competitions/aptos2019-blindness-detection/train_images/8f1e7433a95d.png,3388,2588,8.77,7.144,0.871,77.12554931640625,31.103368629515437,123.10971336974762,bc331b082f3d242e12d1886f866c4004,d4f8fce8eaf880c0,False,3388x2588
8f2996b8d855,1,/kaggle/input/competitions/aptos2019-blindness-detection/train_images/8f2996b8d855.png,2416,1736,4.19,2.409,0.934,88.00741577148438,32.79981488336918,138.15792118012905,2b76c4907253149e13df26cf6d182cc1,f0f8f8fcfedcbcd8,False,2416x1736
8f318a978844,4,/kaggle/input/competitions/aptos2019-blindness-detection/train_images/8f318a978844.png,1844,1226,2.26,0.716,0.813,35.260894775390625,15.893266982625619,23.494636615505442,1dcf97ac261f8659e36e90d4d363d848,f4b8b8f8bcbcfedc,True,1844x1226
8f9819752ca0,0,/kaggle/input/competitions/aptos2019-blindness-detection/train_images/8f9819752ca0.png,1050,1050,1.1,1.043,1.0,74.99812316894531,41.93875138743959,118.45690887328237,53213d7b147cec80824e226fccbd96ae,f0f8f0e0e0e0f8f0,False,1050x1050
8fbb2ca39911,0,/kaggle/input/competitions/aptos2019-blindness-detection/train_images/8fbb2ca39911.png,1050,1050,1.1,1.02,1.0,46.14903259277344,27.994013936265556,66.474454279989,7b79fb06fb0b423c9537a7590dfc624d,f0e0c0c0c4c0e0f0,False,1050x1050
8fc09fecd22f,1,/kaggle/input/competitions/aptos2019-blindness-detection/train_images/8fc09fecd22f.png,2416,1736,4.19,2.189,0.934,82.67021179199219,30.62184127709784,153.4921065045055,9a0aac8db3b1c536864cc6bafd8905a6,e2e0e0e0898986c6,False,2416x1736
8fd7ad26e691,4,/kaggle/input/competitions/aptos2019-blindness-detection/train_images/8fd7ad26e691.png,3216,2136,6.87,3.314,0.842,88.20817565917969,33.81132189028059,98.05962569429539,f8ff5469a7d1eaab9b965fc2564eca5f,f8f0e0c8c8e0d0c0,False,3216x2136
8ff2733f6aef,2,/kaggle/input/competitions/aptos2019-blindness-detection/train_images/8ff2733f6aef.png,3388,2588,8.77,6.848,0.871,65.93051147460938,26.47568232542444,107.3950787873473,06ebf493de8827ac7b79665723c6a263,d0b0f07cccf4bac4,False,3388x2588
8ff863f8874f,1,/kaggle/input/competitions/aptos2019-blindness-detection/train_images/8ff863f8874f.png,2588,1958,5.07,2.344,1.0,47.51069641113281,22.403965279498895,8.749475236982107,910d75a782e6e50c446db7d28d8cdb4a,e0e0c0c0e0e0e0e0,True,2588x1958
8ffa608170d3,0,/kaggle/input/competitions/aptos2019-blindness-detection/train_images/8ffa608170d3.png,819,614,0.5,0.362,0.931,53.385528564453125,30.926162704108485,43.33473246451467,2784559b83a0f6e5309079cf35a15854,e0c88e868686f0e0,False,819x614
901a3552fe26,0,/kaggle/input/competitions/aptos2019-blindness-detection/train_images/901a3552fe26.png,1050,1050,1.1,1.069,1.0,73.44570922851562,39.60650199790659,142.97270823060535,bcb1c23b1b0adc6affc7eb1671808b51,f0f0f8fcdcfcf0f0,False,1050x1050
902dc5a91a3f,0,/kaggle/input/competitions/aptos2019-blindness-detection/train_images/902dc5a91a3f.png,1050,1050,1.1,1.044,1.0,89.48129272460938,48.73692750047221,169.41034077107906,7a0967286247763e50f013dd663bccd3,f0f8fcbcfcf0e0f0,False,1050x1050
9033f1493da1,2,/kaggle/input/competitions/aptos2019-blindness-detection/train_images/9033f1493da1.png,3216,2136,6.87,2.006,0.843,108.4195556640625,39.122996103557455,169.88443010835908,e65442581155a0e669b1805135bbf734,c0c0e0c0c0c086c4,False,3216x2136
9039cbfcbb2f,0,/kaggle/input/competitions/aptos2019-blindness-detection/train_images/9039cbfcbb2f.png,819,614,0.5,0.323,0.931,40.46734619140625,19.204980347674546,28.926868855953217,bc4b21e0615aae57f6d7f18781024ac7,e4c4d4d4d2e0e0e0,True,819x614
9041eb43456e,2,/kaggle/input/competitions/aptos2019-blindness-detection/train_images/9041eb43456e.png,3216,2136,6.87,2.497,0.843,116.44720458984375,41.99283671879695,218.72387012070976,989da820a250b2ce669d12fec7d2845f,c682888981c086d4,False,3216x2136
904b03ad5594,0,/kaggle/input/competitions/aptos2019-blindness-detection/train_images/904b03ad5594.png,2588,1958,5.07,4.942,1.0,37.187896728515625,14.713450644835387,13.065010895719752,cff0ec635e3b45af01c007e59821bec7,fcf8fc7e7ef7f4f8,True,2588x1958
905cc86bf100,4,/kaggle/input/competitions/aptos2019-blindness-detection/train_images/905cc86bf100.png,3216,2136,6.87,2.855,0.845,106.09614562988281,39.38227068645452,169.30897846422158,ee66220f17f4ca6f8ade1466b8b85618,c0a0c08088c0e0c4,False,3216x2136
906d02fb822d,0,/kaggle/input/competitions/aptos2019-blindness-detection/train_images/906d02fb822d.png,2416,1736,4.19,2.538,0.934,85.98152160644531,35.49688505506431,262.5536893585231,46c634487f3586097900e0fbb564a63c,e6c2e389938382c6,False,2416x1736
907aaff827e5,2,/kaggle/input/competitions/aptos2019-blindness-detection/train_images/907aaff827e5.png,3216,2136,6.87,3.46,0.842,79.957275390625,30.177724798629473,169.79037079866976,bfc4842422cf04c8f9513a3176b29047,da90b06929b0d2d4,False,3216x2136
9095d43fb132,0,/kaggle/input/competitions/aptos2019-blindness-detection/train_images/9095d43fb132.png,2588,1958,5.07,5.486,1.0,72.21446228027344,26.305299688407686,60.94592469930649,73f21c49d2521f07ca28e65bcad82204,f0e0c0c1c5c0e0f0,False,2588x1958
90960ddf4d14,0,/kaggle/input/competitions/aptos2019-blindness-detection/train_images/90960ddf4d14.png,2048,1536,3.15,1.996,0.604,50.193115234375,29.34452633445225,58.59067128947936,8b160d62bcb3e140d56bed02b761be40,f0e0c0c0c4c0e0f8,False,2048x1536
90a786abe58e,0,/kaggle/input/competitions/aptos2019-blindness-detection/train_images/90a786abe58e.png,1050,1050,1.1,1.056,1.0,77.65574645996094,42.81701338690257,132.3133005106356,9c01e1212014dff229069baba3b9b553,f0f0fcfcdcfcf8f0,False,1050x1050
90a9a41eec6d,0,/kaggle/input/competitions/aptos2019-blindness-detection/train_images/90a9a41eec6d.png,819,614,0.5,0.33,0.931,41.278076171875,22.457741735913928,35.82640082179569,5468968f2855d1c2025c1ae537b4b9cb,fcdccc869686c0e0,True,819x614
90b8bf342032,3,/kaggle/input/competitions/aptos2019-blindness-detection/train_images/90b8bf342032.png,2416,1736,4.19,2.64,0.935,84.952392578125,32.68529039777523,185.81672179303132,b56818b19a9842e14cbe94f2a0acb644,faf0f0e0c0c4c4c4,False,2416x1736
90bde2ff8953,0,/kaggle/input/competitions/aptos2019-blindness-detection/train_images/90bde2ff8953.png,1050,1050,1.1,0.955,1.0,80.07595825195312,42.057098065343794,125.60194923332892,0768a7890bc6e73caffb37ac926782a2,f0f8f8fecefcf8f0,False,1050x1050
90c982cc2d96,1,/kaggle/input/competitions/aptos2019-blindness-detection/train_images/90c982cc2d96.png,2416,1736,4.19,2.233,0.934,70.60551452636719,28.54302738566851,86.63413552101701,32fc65076a8479eab3893c5eaaa9db5e,ccbcfe7efcfcf8fc,False,2416x1736
910bfd38e2f5,3,/kaggle/input/competitions/aptos2019-blindness-detection/train_images/910bfd38e2f5.png,3216,2136,6.87,2.62,0.842,83.66911315917969,31.108969784954134,113.12298909481615,0444d6020c5d2be6d615b5624eafe207,dac084e4f0d0a2c0,False,3216x2136
9122b31414d3,0,/kaggle/input/competitions/aptos2019-blindness-detection/train_images/9122b31414d3.png,1050,1050,1.1,1.013,1.0,85.37684631347656,45.29290996697957,154.01828311383724,90de6a7c9764ae14bec45383c8f06caa,f0e0e0c0c4c0e0f0,False,1050x1050
912fbe06407e,0,/kaggle/input/competitions/aptos2019-blindness-detection/train_images/912fbe06407e.png,1050,1050,1.1,1.024,1.0,82.61988830566406,43.53285187611757,135.94702364411205,55241e6bec00abdea0a9912e0613dc05,f0f0f8fcdcfcf8f0,False,1050x1050
913490237ad4,3,/kaggle/input/competitions/aptos2019-blindness-detection/train_images/913490237ad4.png,2588,1958,5.07,5.775,1.0,79.26152038574219,41.30864431921195,207.42381358123384,1fa2aca6b9eaf8292862b6bf8c419932,f0e8f0d0c4c4e0f0,False,2588x1958
913b1890ed1e,2,/kaggle/input/competitions/aptos2019-blindness-detection/train_images/913b1890ed1e.png,3216,2136,6.87,2.666,0.843,107.15618896484375,41.90907167720554,151.92406264110468,15f1f69deca4a11ca1c070d2a107160a,e8b0f0f8dc9c98d8,False,3216x2136
916915f01e17,0,/kaggle/input/competitions/aptos2019-blindness-detection/train_images/916915f01e17.png,1050,1050,1.1,0.986,1.0,83.16983032226562,45.03864134609596,152.5459197142627,83824865db8dede333450ca1a0484684,f0f0f0e0e2e0e0f0,False,1050x1050
916ec976ff30,3,/kaggle/input/competitions/aptos2019-blindness-detection/train_images/916ec976ff30.png,2416,1736,4.19,2.445,0.934,64.87908935546875,25.709808064505175,90.96729648765177,1c4365a126dfb58e408aa2ddb3263f73,e0f0d8cccdde9adc,False,2416x1736
917f76f360b6,2,/kaggle/input/competitions/aptos2019-blindness-detection/train_images/917f76f360b6.png,2588,1958,5.07,5.172,1.0,59.03788757324219,30.7924142302373,24.488463159650564,089eea854155d3e8bd26fd58372b1e73,f8f8feeefcf8f8f0,True,2588x1958
91a88d3b0358,2,/kaggle/input/competitions/aptos2019-blindness-detection/train_images/91a88d3b0358.png,2416,1736,4.19,2.228,0.935,75.41755676269531,27.397373357352233,136.6846923751291,064ad7cdc1fff681d163edcdcbecce89,d4a8c8cfc5c486c4,False,2416x1736
91b6ebaa3678,3,/kaggle/input/competitions/aptos2019-blindness-detection/train_images/91b6ebaa3678.png,3216,2136,6.87,5.828,0.842,75.36753845214844,31.600103320496835,198.89159558876418,165540476389b5d13f68c4468bcb4ed4,e0b0f0f8c8e4c4e8,False,3216x2136
91b7a4179ecf,0,/kaggle/input/competitions/aptos2019-blindness-detection/train_images/91b7a4179ecf.png,819,614,0.5,0.347,0.931,42.30049133300781,24.16486047831285,50.04600157961249,12a3e67f6881d467ff09a32cd9df978a,fcdcdc9e9edeccf0,True,819x614
91cbe1c775ef,2,/kaggle/input/competitions/aptos2019-blindness-detection/train_images/91cbe1c775ef.png,2144,1424,3.05,2.747,0.843,72.88652038574219,27.855929447077266,86.19881841517054,3dff539fe2c5e2dfcb8dac73b0424f16,f0f0e0e8888880c0,False,2144x1424
91cf56d3d1af,3,/kaggle/input/competitions/aptos2019-blindness-detection/train_images/91cf56d3d1af.png,2416,1736,4.19,2.35,0.934,78.73419189453125,30.686997698382296,101.47194754867814,52bdeb7adcd72842bb6e96021a8190ae,e0e0c0a0a0a080c4,False,2416x1736
91e2c2890c9f,2,/kaggle/input/competitions/aptos2019-blindness-detection/train_images/91e2c2890c9f.png,2588,1958,5.07,5.209,1.0,60.12971496582031,32.54755157616065,44.25421899557114,bad6eb4c141a441b30f1b55dce9f43e9,fcfe7e7e7ffffefe,False,2588x1958
91e82fe4e434,0,/kaggle/input/competitions/aptos2019-blindness-detection/train_images/91e82fe4e434.png,1050,1050,1.1,0.927,1.0,97.82980346679688,52.12652331393576,224.330640014261,8dad29a39c1ca3ccf2d3443bf6f2bb62,f0e0e0c0c4e0e4f0,False,1050x1050
91e8af9ceee9,2,/kaggle/input/competitions/aptos2019-blindness-detection/train_images/91e8af9ceee9.png,3216,2136,6.87,2.469,0.843,102.49479675292969,37.5253686622626,159.8167046904564,8906489f715593c43c14d944264f6f31,d4a0e0e080908ac4,False,3216x2136
91f3c4c1e72b,0,/kaggle/input/competitions/aptos2019-blindness-detection/train_images/91f3c4c1e72b.png,2588,1958,5.07,5.792,1.0,72.80046081542969,42.20802481515142,97.69090034719557,917626d09da717d37c44a9ef462e696f,f8fc7c7e7c7efcf8,False,2588x1958
921433215353,2,/kaggle/input/competitions/aptos2019-blindness-detection/train_images/921433215353.png,3216,2136,6.87,2.067,0.843,108.04562377929688,38.796548478464636,174.86885576602072,a6930e49754b6c089a1bf27749448d46,f0e0d0a888c0a2c0,False,3216x2136
922586d86cd8,0,/kaggle/input/competitions/aptos2019-blindness-detection/train_images/922586d86cd8.png,1050,1050,1.1,1.028,1.0,75.61305236816406,41.82822721518074,122.75083661056124,12abbc3b9440206fa743b914950608aa,f0f0f0e0e0f0f8f0,False,1050x1050
9232dc06cfdc,0,/kaggle/input/competitions/aptos2019-blindness-detection/train_images/9232dc06cfdc.png,1050,1050,1.1,1.06,1.0,88.55477905273438,48.6287864396519,151.57768988609314,9be9ba2ce042c350c513193137b4865e,f0fc9cdcfcf8f0f0,False,1050x1050
92587e494d51,0,/kaggle/input/competitions/aptos2019-blindness-detection/train_images/92587e494d51.png,2048,1536,3.15,1.904,0.605,69.68763732910156,38.16852196625115,156.7571846691426,dce18b78726d50269ed7acb879289f6d,f09eae6e78f8fcf0,False,2048x1536
9274e75dc4d5,0,/kaggle/input/competitions/aptos2019-blindness-detection/train_images/9274e75dc4d5.png,1050,1050,1.1,0.977,1.0,86.01667785644531,45.66299767041711,150.95161947235465,e74320a7f710a8c42255ea75aa8c3aa9,f0f8fcfcfcf8e0f0,False,1050x1050
9287e57326d0,0,/kaggle/input/competitions/aptos2019-blindness-detection/train_images/9287e57326d0.png,2048,1536,3.15,1.896,0.605,85.58029174804688,49.89046833148397,122.58497348055243,6ed7ee210905a65daa6d257e04b5fefe,f0c4848c80c0e4f0,False,2048x1536
92889b863ae6,0,/kaggle/input/competitions/aptos2019-blindness-detection/train_images/92889b863ae6.png,2588,1958,5.07,5.607,1.0,111.9425048828125,37.184220853651624,62.608004327863455,e3dbb47588750f1a2a027ca99122bcc4,f8f0f0f8eaeaf0f8,False,2588x1958
929cd3867815,2,/kaggle/input/competitions/aptos2019-blindness-detection/train_images/929cd3867815.png,2588,1958,5.07,5.426,1.0,78.74079895019531,46.25835841381507,77.81269778474234,a9a87f597eb98229e90c123c4ae2f1ee,fefafbffdffffefa,False,2588x1958
92b0d27fc0ec,2,/kaggle/input/competitions/aptos2019-blindness-detection/train_images/92b0d27fc0ec.png,3216,2136,6.87,6.066,0.841,64.18150329589844,26.3334124009328,109.51247839536518,b0096445fdcb0bfe78b842bd1b013c1d,ceb4b8d8dc9cb8f0,False,3216x2136
92d8a7c8e718,2,/kaggle/input/competitions/aptos2019-blindness-detection/train_images/92d8a7c8e718.png,2588,1958,5.07,3.535,1.0,85.34330749511719,35.15880870130345,70.91485211602412,ac843e48e8d510314284e3ee610592e0,e8f0f4fcf4f8f0f0,False,2588x1958
92d9e9f08709,1,/kaggle/input/competitions/aptos2019-blindness-detection/train_images/92d9e9f08709.png,2896,1944,5.63,2.204,0.639,70.46247863769531,31.427617724989496,132.10197927593254,102892594c7b73a41b39222f813a9fee,d4f8fcecceec88c4,False,2896x1944
92e3d608fd3c,0,/kaggle/input/competitions/aptos2019-blindness-detection/train_images/92e3d608fd3c.png,1050,1050,1.1,1.07,1.0,77.16960144042969,41.955473754373735,131.1486181130167,4c512b4122a31b694c80d2e7380c9ab9,f0e0c0e2e0e0f0f0,False,1050x1050
92f313287a29,2,/kaggle/input/competitions/aptos2019-blindness-detection/train_images/92f313287a29.png,2416,1736,4.19,2.154,0.934,64.97892761230469,23.830587058712492,90.33131546131335,97defab956e3d71543498fac55ff449f,fefef1e2e2e090c0,False,2416x1736
92fcf50b3562,0,/kaggle/input/competitions/aptos2019-blindness-detection/train_images/92fcf50b3562.png,2048,1536,3.15,1.892,0.605,86.1314697265625,51.87131764874734,286.3687388561666,941edc23f2cd168a7ea4003315783203,f08682810180c6e0,False,2048x1536
930fee99213a,0,/kaggle/input/competitions/aptos2019-blindness-detection/train_images/930fee99213a.png,1050,1050,1.1,1.058,1.0,84.67437744140625,46.05363807093285,188.2350627311971,735d6cead8b7449899f91123b16b8e06,f0f0f8fcdcdcf8f0,False,1050x1050
932181b93b2f,2,/kaggle/input/competitions/aptos2019-blindness-detection/train_images/932181b93b2f.png,2416,1736,4.19,2.243,0.934,68.05503845214844,27.323046424408584,68.02807504101656,250eb1aceb5e99c92294cf14d1d282ef,f8f8f8f8fcfcf8ec,False,2416x1736
934104859e68,0,/kaggle/input/competitions/aptos2019-blindness-detection/train_images/934104859e68.png,1050,1050,1.1,0.96,1.0,78.63479614257812,42.88761502040674,116.84268771111965,d54625f8d093b5a6320f1ab5fd9cb112,f0f0f8f8f8f0e0f0,False,1050x1050
93421787f520,0,/kaggle/input/competitions/aptos2019-blindness-detection/train_images/93421787f520.png,1050,1050,1.1,1.074,1.0,75.1025390625,42.034082106007354,125.70566834858619,96e0bb6973f71aaa5bd6d7e21700182a,f0e0e0e0e2f0f8f0,False,1050x1050
936299166bea,0,/kaggle/input/competitions/aptos2019-blindness-detection/train_images/936299166bea.png,819,614,0.5,0.302,0.61,77.60968017578125,44.710980435778545,159.88064193725586,3b10a0dbd58d746ca6a12d0e4b5aff61,f0debcfecefcf8f0,False,819x614
937bc1b924b1,0,/kaggle/input/competitions/aptos2019-blindness-detection/train_images/937bc1b924b1.png,1050,1050,1.1,1.093,1.0,93.49021911621094,49.4646322466786,182.4065991928801,6ba68f012d94d2aa0effc327252cc7ad,f0f8f8fc9cfcfcf0,False,1050x1050
93802d1e3c41,0,/kaggle/input/competitions/aptos2019-blindness-detection/train_images/93802d1e3c41.png,1050,1050,1.1,0.981,1.0,85.23722839355469,45.52725020940449,140.60396867152303,eeec5f5d3d8d34ffba4c33bda32ea043,f0f8f8f8f8f0e8f0,False,1050x1050
93a1b984de84,0,/kaggle/input/competitions/aptos2019-blindness-detection/train_images/93a1b984de84.png,1050,1050,1.1,1.0,1.0,79.93966674804688,42.386046363219094,132.1866334786173,5154752b637bb63d244a4b40874e1a0f,f0f0e0c0c4e0f0f0,False,1050x1050
93be637084a2,1,/kaggle/input/competitions/aptos2019-blindness-detection/train_images/93be637084a2.png,2416,1736,4.19,2.424,0.934,87.01907348632812,32.10737908138185,154.87716416176409,b54618ebe582e8fc2942ac3c253de1f8,d0e0c0a0818882c4,False,2416x1736
93d6d20a5ee3,0,/kaggle/input/competitions/aptos2019-blindness-detection/train_images/93d6d20a5ee3.png,1050,1050,1.1,1.02,1.0,76.57319641113281,42.98838771369423,117.92659231647849,958b83b1efa72051a4c0b667881525ca,f0f0e0c0c0e0f0f0,False,1050x1050
94076a9fb9b5,0,/kaggle/input/competitions/aptos2019-blindness-detection/train_images/94076a9fb9b5.png,1050,1050,1.1,0.96,1.0,79.67283630371094,43.25082666269687,128.28102469444275,eb973aeeca094d640a5a592887253330,f0f8fc9cf8f0f0f0,False,1050x1050
94111ed3d276,1,/kaggle/input/competitions/aptos2019-blindness-detection/train_images/94111ed3d276.png,1844,1226,2.26,0.767,0.818,72.4302978515625,31.21630497900326,71.9708932673093,4d1f8c5b0ff8054a82e82066cc347b20,f8f0f0e8888884c4,False,1844x1226
94145d1f42cf,0,/kaggle/input/competitions/aptos2019-blindness-detection/train_images/94145d1f42cf.png,2048,1536,3.15,1.909,0.605,77.55517578125,47.66524416989534,211.97290001041256,f24cd7ba02d21587cda932d0ca58e0b3,e0868080808080f0,False,2048x1536
941d874c8afb,0,/kaggle/input/competitions/aptos2019-blindness-detection/train_images/941d874c8afb.png,1050,1050,1.1,1.05,1.0,90.73674011230469,50.05473154621996,153.99498423561454,265480ea0db150eb26491341e150b2dd,f0f8f8fcfcfcf8f0,False,1050x1050
942f544c4e15,0,/kaggle/input/competitions/aptos2019-blindness-detection/train_images/942f544c4e15.png,1050,1050,1.1,1.032,1.0,85.48722839355469,45.284736461829155,148.28071859106421,88806958bd3eb9a6d87ba0ed2612f8be,f0f0c0808cc0c0f0,False,1050x1050
94372043d55b,1,/kaggle/input/competitions/aptos2019-blindness-detection/train_images/94372043d55b.png,2416,1736,4.19,2.31,0.934,73.64228820800781,29.14079338780844,79.7756694406271,1a78b60bc76f0b2ddf72f50a62086ac8,f0f8f8eccc8c8ce4,False,2416x1736
944a233fbf8e,1,/kaggle/input/competitions/aptos2019-blindness-detection/train_images/944a233fbf8e.png,2416,1736,4.19,2.335,0.934,79.4295654296875,29.74196301393835,115.66618159040809,dc6395ebcc9f103720bfe481a16a515b,f0f8f8eeeaf48ec4,False,2416x1736
946545473380,0,/kaggle/input/competitions/aptos2019-blindness-detection/train_images/946545473380.png,1050,1050,1.1,0.997,1.0,74.43345642089844,40.046061850758996,120.5264961940702,47250811139cc5ceb34af48c2dd03561,f0f8fcdcfcf8f0f0,False,1050x1050
949710bead24,0,/kaggle/input/competitions/aptos2019-blindness-detection/train_images/949710bead24.png,1050,1050,1.1,0.987,1.0,80.63215637207031,42.86827410888127,139.25698918825947,9e98a18edeb80ad4727f5e51d0adaec5,f0f8fcdc9cfcf8f0,False,1050x1050
94a67ec0714f,2,/kaggle/input/competitions/aptos2019-blindness-detection/train_images/94a67ec0714f.png,2416,1736,4.19,2.164,0.934,76.40303039550781,31.446948171299272,125.40352438390255,1900ff775b4929d525a29d944f5be8bc,fefcfcfe7ebe9edc,False,2416x1736
94b1d8ad35ec,1,/kaggle/input/competitions/aptos2019-blindness-detection/train_images/94b1d8ad35ec.png,1504,1000,1.5,1.291,0.838,60.82318115234375,25.212334675946025,55.420158533146605,cb7523a83e7304c837e86cd5afdef5ab,c8808090b0d0f0f0,False,1504x1000
94b9ccc73bb9,0,/kaggle/input/competitions/aptos2019-blindness-detection/train_images/94b9ccc73bb9.png,819,614,0.5,0.302,0.61,72.44779968261719,40.111141185426,174.87947750091553,35de25b38ed579db540793d119f8a6f3,f08ebe3737befcf0,False,819x614
94dcb491143f,2,/kaggle/input/competitions/aptos2019-blindness-detection/train_images/94dcb491143f.png,3388,2588,8.77,3.262,0.868,50.05155944824219,21.30862661139208,52.51389453466982,15cfb1cf6a926aa0d51d3cca53babfbb,d4e0f0c0c0c0c0c4,False,3388x2588
94ef1d14597f,4,/kaggle/input/competitions/aptos2019-blindness-detection/train_images/94ef1d14597f.png,3388,2588,8.77,7.272,0.873,77.31730651855469,32.1738689970039,135.92016052361578,0299c2088a357f0057bd6423523c1831,d0e0c0c0988882c0,False,3388x2588
94f9ecf4b8d2,0,/kaggle/input/competitions/aptos2019-blindness-detection/train_images/94f9ecf4b8d2.png,819,614,0.5,0.369,0.931,52.05696105957031,27.645593585074113,36.64984284993261,89d6f688ccd03d47d922b60f5284a226,e0e0cec2a8a8f8f0,False,819x614
9519a590985d,0,/kaggle/input/competitions/aptos2019-blindness-detection/train_images/9519a590985d.png,1050,1050,1.1,0.964,1.0,77.35061645507812,41.13539312875577,142.92161460127681,cb7d543830135fd6cc1fb2187bb1f4ab,f0e0c0c0c4e0e0f0,False,1050x1050
956765d5f46d,0,/kaggle/input/competitions/aptos2019-blindness-detection/train_images/956765d5f46d.png,819,614,0.5,0.442,0.931,62.07643127441406,28.850144071102616,67.79732874198817,3bbb263c926e326f3a8d719453621924,f4e4c2c3b2a0f0f0,False,819x614
9568eb7e9c08,2,/kaggle/input/competitions/aptos2019-blindness-detection/train_images/9568eb7e9c08.png,2588,1958,5.07,5.048,1.0,46.82771301269531,19.296701711814578,15.573873735032976,0fa71d95dda098a01a7ede223457bf34,f8f8f8fccdf4f6f6,True,2588x1958
958c1fa044ba,0,/kaggle/input/competitions/aptos2019-blindness-detection/train_images/958c1fa044ba.png,1050,1050,1.1,0.98,1.0,82.24531555175781,43.70668738097354,142.88280236627907,e718f3103f19f70e4be9a93fce428e4e,f0f0e0c0c4c0e0f0,False,1050x1050
959bb2d01091,0,/kaggle/input/competitions/aptos2019-blindness-detection/train_images/959bb2d01091.png,819,614,0.5,0.321,0.61,82.00346374511719,45.40706663107189,182.829688295722,c34f74cc43eeb1ef7bd54f883fbec80d,f0c6828981e0e0f0,False,819x614
959dc602febc,2,/kaggle/input/competitions/aptos2019-blindness-detection/train_images/959dc602febc.png,3216,2136,6.87,2.278,0.842,90.74232482910156,32.752317306277845,135.46612775488757,e3f9fea7e96e77727380a47769f30e6e,f4b2f87938bca8cc,False,3216x2136
95a4cc805c7b,1,/kaggle/input/competitions/aptos2019-blindness-detection/train_images/95a4cc805c7b.png,2588,1958,5.07,5.172,1.0,41.64483642578125,24.767513733136298,30.514288514619693,88b923d024898842d91c5c4b91a78c3a,f8fceefefcf8f8f0,True,2588x1958
95e732e043a1,4,/kaggle/input/competitions/aptos2019-blindness-detection/train_images/95e732e043a1.png,1504,1000,1.5,1.26,0.838,56.644073486328125,22.941014709826476,53.28801570832729,60b5506f2fdfae4dbe0cc4a49c7c1152,cac8b8b1b8f8d6fc,False,1504x1000
962c0fc85e13,0,/kaggle/input/competitions/aptos2019-blindness-detection/train_images/962c0fc85e13.png,2048,1536,3.15,1.947,0.605,85.13035583496094,46.287011981564405,142.37490682210773,e68be2de9effcadfa8a12460d72affab,f0f8fc6edefcf8f0,False,2048x1536
962cf85e4f6d,2,/kaggle/input/competitions/aptos2019-blindness-detection/train_images/962cf85e4f6d.png,2416,1736,4.19,2.249,0.935,103.25419616699219,37.13561908059587,166.86390801891685,f9fced8174fdc2280f84e813a662d741,f8f0e0e0c8ee8ecc,False,2416x1736
966c07831334,0,/kaggle/input/competitions/aptos2019-blindness-detection/train_images/966c07831334.png,1050,1050,1.1,1.073,1.0,76.20484924316406,42.27781545311643,133.6854352762457,b801cce57669255154ad26289b8aeabb,f0f8f8b8f8f0e4f0,False,1050x1050
96793edb1003,0,/kaggle/input/competitions/aptos2019-blindness-detection/train_images/96793edb1003.png,819,614,0.5,0.426,0.931,54.49079895019531,34.08354568890099,94.06982220616192,98cab1fbaff51c2b2678dc941c53c237,fcfeeeeeeff0e8f0,False,819x614
9688c6ef5dc5,0,/kaggle/input/competitions/aptos2019-blindness-detection/train_images/9688c6ef5dc5.png,1050,1050,1.1,0.955,1.0,79.997802734375,43.09327971842911,133.05330928321928,98fd6bfac2f68cacf56aacd6f38b597d,f0f0e0c0c0c0e0f0,False,1050x1050
969f92a390db,0,/kaggle/input/competitions/aptos2019-blindness-detection/train_images/969f92a390db.png,1050,1050,1.1,1.011,1.0,95.52999877929688,50.763922978787676,252.13341954885982,78e66300f3f9b4e0ccefb5bf94d4026f,f0e0c0c0c4e0e0f0,False,1050x1050
96a9706b8534,1,/kaggle/input/competitions/aptos2019-blindness-detection/train_images/96a9706b8534.png,3388,2588,8.77,7.258,0.875,72.328857421875,29.20472760137795,122.71101075760089,892097e2f68d1a7ec57b1f257869004f,c4e0b0b9f0e084dc,False,3388x2588
96b5474ae604,0,/kaggle/input/competitions/aptos2019-blindness-detection/train_images/96b5474ae604.png,1050,1050,1.1,0.942,1.0,91.40594482421875,47.47384377048705,154.50080728693865,1ad1ccc540235b9fef05b70f09ead434,f0f0e0c0c4c0e0f0,False,1050x1050
96c3e3db68bc,2,/kaggle/input/competitions/aptos2019-blindness-detection/train_images/96c3e3db68bc.png,3388,2588,8.77,7.05,0.867,76.47242736816406,32.32902701593181,99.43026343523525,5ee79ad13460db46a834e57db00ef8ec,d0f0e080888084c4,False,3388x2588
96c699221180,0,/kaggle/input/competitions/aptos2019-blindness-detection/train_images/96c699221180.png,1050,1050,1.1,1.041,1.0,73.71559143066406,41.536924533247856,116.66982381395064,7579906b859bf65c9429583c622341ad,f0f8f0f0f0f0f8f0,False,1050x1050
96ce10a1dbd7,0,/kaggle/input/competitions/aptos2019-blindness-detection/train_images/96ce10a1dbd7.png,1050,1050,1.1,1.028,1.0,59.14375305175781,32.3345012210701,80.17224788665771,ede4060cb73cf3a69ac0e8909eb66e4a,f0f0f8dcdcfcf0f0,False,1050x1050
96d48b073f18,2,/kaggle/input/competitions/aptos2019-blindness-detection/train_images/96d48b073f18.png,1844,1226,2.26,0.827,0.818,107.59141540527344,44.20661140988724,136.97160899429582,f25b8dd160c0ccda44c48ad01f741c6d,fcf8f0f830a090dc,False,1844x1226
96ea316ed0ab,0,/kaggle/input/competitions/aptos2019-blindness-detection/train_images/96ea316ed0ab.png,819,614,0.5,0.308,0.606,60.803863525390625,37.932227254245205,88.8996693675872,e5f32fbe67e904197b882b1d6654cfbb,f0ecf8fcfedefcf8,False,819x614
971bb98ab935,0,/kaggle/input/competitions/aptos2019-blindness-detection/train_images/971bb98ab935.png,819,614,0.5,0.339,0.61,79.28004455566406,46.33037603587893,164.94270268734545,15980700d19e8ec45b3a20f551abfb11,f0e0c0c0c6c0e0f0,False,819x614
973b0facfa9b,0,/kaggle/input/competitions/aptos2019-blindness-detection/train_images/973b0facfa9b.png,1050,1050,1.1,1.072,1.0,75.43060302734375,41.78051271118864,119.98108592419885,1f79bc9625f878ec08a58ab60a5baa34,f0c0c0c4c4e0e0f0,False,1050x1050
974c7d7b9c64,0,/kaggle/input/competitions/aptos2019-blindness-detection/train_images/974c7d7b9c64.png,1050,1050,1.1,0.949,1.0,89.64788818359375,47.582296722211126,149.11367588862777,f1e872dbeb8f6f7a8a6a4b9b94b2d32d,f0fcfcfcfcf8f0f0,False,1050x1050
975252e325e3,2,/kaggle/input/competitions/aptos2019-blindness-detection/train_images/975252e325e3.png,3388,2588,8.77,7.338,0.872,67.2412109375,28.632234533703535,111.9320578193292,2e703ac2821ca079ebbba93191002718,c0e0a0888880c0c4,False,3388x2588
976082127e2a,0,/kaggle/input/competitions/aptos2019-blindness-detection/train_images/976082127e2a.png,1050,1050,1.1,0.93,1.0,84.03521728515625,44.47562396061674,149.98163824900985,a1ee22a8f7152a4217b25379f29db779,f0e0c0c0c4c0e0f0,False,1050x1050
977e1ca77653,1,/kaggle/input/competitions/aptos2019-blindness-detection/train_images/977e1ca77653.png,2416,1736,4.19,2.055,0.934,84.73532104492188,31.03893489987547,162.63876831135713,72861c3d8c7d3fda5324b0b20cfebe32,e8e0c08989008684,False,2416x1736
9782c0489eca,1,/kaggle/input/competitions/aptos2019-blindness-detection/train_images/9782c0489eca.png,2416,1736,4.19,2.192,0.934,85.29338073730469,30.53857488152871,136.88154637231492,5dfa5cda0583ba3678bc735db5fcc415,c2a0e0e9898c82cc,False,2416x1736
9785805af1b8,2,/kaggle/input/competitions/aptos2019-blindness-detection/train_images/9785805af1b8.png,640,480,0.31,0.353,1.0,77.89411926269531,25.584440048487735,71.34834522008896,1b23ddf398acb2770946b78921ec1729,a0a1202080c00000,False,640x480
97a235367f9d,0,/kaggle/input/competitions/aptos2019-blindness-detection/train_images/97a235367f9d.png,819,614,0.5,0.358,0.931,50.2381591796875,26.60221434003232,58.86546820309013,9acdb0456cda8fce776aa5c048d8425b,c4c4808cb4b0f0f0,False,819x614
97a5ad7548b7,2,/kaggle/input/competitions/aptos2019-blindness-detection/train_images/97a5ad7548b7.png,3388,2588,8.77,3.507,0.873,50.10322570800781,21.51556070354144,53.01141768321395,d5cfd865302a2835880e27ae9e9d1368,c0e0e0eaeae0e4e0,False,3388x2588
97bf61736b86,2,/kaggle/input/competitions/aptos2019-blindness-detection/train_images/97bf61736b86.png,3216,2136,6.87,2.334,0.845,100.00564575195312,36.70865343049473,155.4731797070708,aa64ce71bf11df5765353d2321da32d6,ccc4c088888c8ecc,False,3216x2136
97c6cb55866d,0,/kaggle/input/competitions/aptos2019-blindness-detection/train_images/97c6cb55866d.png,2588,1958,5.07,5.576,1.0,78.552490234375,30.99260289534295,59.048364447196946,1544c99ff9d17275da19b81be803589e,f0f0e1e7e4f0b8f8,False,2588x1958
97d02a9b94f7,0,/kaggle/input/competitions/aptos2019-blindness-detection/train_images/97d02a9b94f7.png,1050,1050,1.1,1.039,1.0,78.63031005859375,41.82878220500177,129.28062894567847,c62fca5ac2e12ea48b4917637ec6b3cc,f0e0c0c0c4c0e0f0,False,1050x1050
97da093947e8,4,/kaggle/input/competitions/aptos2019-blindness-detection/train_images/97da093947e8.png,3216,2136,6.87,2.949,0.841,62.75733947753906,23.07351412293304,74.75936038699001,999d8f969910e98a7879193f8d6175d0,ca88c01c48c0c0c4,False,3216x2136
97f290d31813,0,/kaggle/input/competitions/aptos2019-blindness-detection/train_images/97f290d31813.png,2588,1958,5.07,5.514,1.0,74.39460754394531,36.64754191906332,58.87661641067825,755b2b12a0b0fe57a5eb034ea6ff5af0,f8fcfceeeefcf8f8,False,2588x1958
97fdee242fea,0,/kaggle/input/competitions/aptos2019-blindness-detection/train_images/97fdee242fea.png,819,614,0.5,0.392,0.931,59.274139404296875,32.39779763247292,61.534527061274275,0c2bf319d478d4d06aafe3be00f04121,ece4c4c6b292f8f0,False,819x614
98104c8c67eb,2,/kaggle/input/competitions/aptos2019-blindness-detection/train_images/98104c8c67eb.png,2416,1736,4.19,2.192,0.934,59.41950988769531,24.38626649386474,60.37299961945973,7dec9b9409bbe91d196a4923135b4c4e,f0f8f8f8f6fc9ecc,False,2416x1736
98277aeb96a7,0,/kaggle/input/competitions/aptos2019-blindness-detection/train_images/98277aeb96a7.png,2048,1536,3.15,1.967,0.604,75.83473205566406,52.67935309295956,154.17717419727705,01fb86c04bb338153e176b75ec8a0dd2,f0fafefefefefcf8,False,2048x1536
9837048b85dc,2,/kaggle/input/competitions/aptos2019-blindness-detection/train_images/9837048b85dc.png,1504,1000,1.5,1.487,0.838,81.30455017089844,33.507505227068734,94.4037079566624,1856eda9eabd7be77ddc236c7c59b10c,f0f0f8f0b09cdcdc,False,1504x1000
983c98354e9c,0,/kaggle/input/competitions/aptos2019-blindness-detection/train_images/983c98354e9c.png,1050,1050,1.1,0.883,1.0,74.58921813964844,40.91818006761093,125.97922944184393,d31f71056cde3482b14cacbf45745a03,f0fcbcfcf8f0e0f0,False,1050x1050
98441214557f,0,/kaggle/input/competitions/aptos2019-blindness-detection/train_images/98441214557f.png,1050,1050,1.1,0.937,1.0,78.59416198730469,42.48893807929405,114.83810774888843,65bbc63d01393790b66b7583d9072ae8,f0e0c0c0c0e0e0f0,False,1050x1050
9858cc2ae073,0,/kaggle/input/competitions/aptos2019-blindness-detection/train_images/9858cc2ae073.png,2048,1536,3.15,1.948,0.605,71.93135070800781,42.93986496221141,96.47805308154784,8e52a79677b67bdcdf6aec6b51082ccd,f0f4fceeceeeecf0,False,2048x1536
9859e2a6cc24,4,/kaggle/input/competitions/aptos2019-blindness-detection/train_images/9859e2a6cc24.png,1050,1050,1.1,0.94,1.0,70.35736083984375,37.93799483585938,109.56717212847434,f9fe222d22810c5b1514be3f1d738c2a,f0e0c0c4d0e0f0f0,False,1050x1050
9870ce41cac4,0,/kaggle/input/competitions/aptos2019-blindness-detection/train_images/9870ce41cac4.png,2048,1536,3.15,1.757,0.625,63.86590576171875,41.13588982357203,68.86188158183359,4f34fc4d758a208eac2be121be0a9e18,f0f0fcfedefcfcf0,False,2048x1536
9878db94d9f3,3,/kaggle/input/competitions/aptos2019-blindness-detection/train_images/9878db94d9f3.png,2896,1944,5.63,2.786,0.636,73.06544494628906,33.824356184990755,214.94880089885555,6371fb35e3933e15f8cf9d335e33ece4,f4f8f8faeeaeece4,False,2896x1944
98d41bce73a8,0,/kaggle/input/competitions/aptos2019-blindness-detection/train_images/98d41bce73a8.png,2048,1536,3.15,1.84,0.604,83.63401794433594,48.78512214503743,219.60323695628904,677f5b41f68789b70e95cd6825f3decc,f8fefefedcfcf8f0,False,2048x1536
98e44127872f,0,/kaggle/input/competitions/aptos2019-blindness-detection/train_images/98e44127872f.png,1050,1050,1.1,0.868,1.0,77.18388366699219,42.04576796381689,107.54586886777543,60052e6d530cd97c6f022eb8040e01e7,f0e0e0c0c4e0f0f0,False,1050x1050
98e8adcf085c,2,/kaggle/input/competitions/aptos2019-blindness-detection/train_images/98e8adcf085c.png,3216,2136,6.87,5.357,0.842,42.48182678222656,16.3853151196458,27.36942645534873,98676a1c7620db82004eb9490750b657,e0e0c08c8c8c86cc,True,3216x2136
98f48850ebce,2,/kaggle/input/competitions/aptos2019-blindness-detection/train_images/98f48850ebce.png,3388,2588,8.77,7.475,0.872,74.86003112792969,31.183835489699472,149.8465868809726,e1cb1150c031d56eb790fc3ade41d87a,dcf0f0f0eaceaecc,False,3388x2588
98f7136d2e7a,2,/kaggle/input/competitions/aptos2019-blindness-detection/train_images/98f7136d2e7a.png,1504,1000,1.5,1.371,0.838,70.12930297851562,29.32217456746254,79.77045677579008,f52144fec260494290f0ba7b23653c02,c6a09090f0f0f0f8,False,1504x1000
98fbe56dcc2c,1,/kaggle/input/competitions/aptos2019-blindness-detection/train_images/98fbe56dcc2c.png,2416,1736,4.19,2.3,0.934,57.69677734375,23.50949565811359,56.312759816646576,03c2dce77121deb70be472d0fc0dc65c,f0f0e0e0c4c0c4c4,False,2416x1736
9904939ab83d,2,/kaggle/input/competitions/aptos2019-blindness-detection/train_images/9904939ab83d.png,3388,2588,8.77,3.682,0.873,49.9669189453125,22.051073708296897,64.0059181319084,bf17837f3989646bf8e6cdf4a707894c,c0a0e4c8c2c2c2c0,False,3388x2588
9910c827e2fe,0,/kaggle/input/competitions/aptos2019-blindness-detection/train_images/9910c827e2fe.png,1050,1050,1.1,0.921,1.0,87.00361633300781,44.657140812747926,155.1161034607794,a9cd9bef5f401ac64f0c8bf381b58558,f0c0808888c0c0f0,False,1050x1050
99132193eaa0,1,/kaggle/input/competitions/aptos2019-blindness-detection/train_images/99132193eaa0.png,2416,1736,4.19,2.216,0.935,73.465087890625,27.159626774953576,94.79307834710926,5beb5aa8d81072862516fe6c3cf44f3f,c0e0f068189080c4,False,2416x1736
991a0b7a8c87,0,/kaggle/input/competitions/aptos2019-blindness-detection/train_images/991a0b7a8c87.png,819,614,0.5,0.311,0.606,64.77513122558594,39.02572783038799,93.63107001408935,07fb8026e44b9898d7bf054e687308aa,f0f0fcfcdcfcfcf0,False,819x614
99240ee00485,0,/kaggle/input/competitions/aptos2019-blindness-detection/train_images/99240ee00485.png,1050,1050,1.1,0.969,1.0,95.9716796875,53.3318461995612,185.74394004023634,78bed8caf22a331141fe02e02160c354,f0e0c0c0c4c0e0f0,False,1050x1050
992599744a23,0,/kaggle/input/competitions/aptos2019-blindness-detection/train_images/992599744a23.png,2588,1958,5.07,5.415,1.0,54.900726318359375,26.88024003166567,51.90786372125149,dd87acade766cf7425d41671aa712dda,f8f8fcfeeefcfcf8,False,2588x1958
992b9a07b25f,0,/kaggle/input/competitions/aptos2019-blindness-detection/train_images/992b9a07b25f.png,2588,1958,5.07,5.123,1.0,51.95310974121094,18.66010878382381,18.931785073131323,45fb5f7c78f0d323f57e6ed655a3321a,f8f8fcbc9df8f2f8,True,2588x1958
996f57c86ba5,3,/kaggle/input/competitions/aptos2019-blindness-detection/train_images/996f57c86ba5.png,2144,1424,3.05,2.83,0.843,73.24745178222656,27.91846094148205,120.35046492516994,a5860fb93abb41508aa95dc5fe0fbb54,c8a8b87877e4aee4,False,2144x1424
996f9bba4ef0,0,/kaggle/input/competitions/aptos2019-blindness-detection/train_images/996f9bba4ef0.png,1050,1050,1.1,0.989,1.0,82.57948303222656,44.99233943124558,130.95606226078235,75a2ae37bce274708088b259884b9c9d,f0fcfcfcf8f0e0f0,False,1050x1050
9985375d709f,0,/kaggle/input/competitions/aptos2019-blindness-detection/train_images/9985375d709f.png,1050,1050,1.1,1.041,1.0,83.22331237792969,47.330798433332454,130.11154315597378,abcdff253c3aec51acecc2b97c3af121,f0f0c0c0c4c0e0f0,False,1050x1050
999115d9386b,2,/kaggle/input/competitions/aptos2019-blindness-detection/train_images/999115d9386b.png,3216,2136,6.87,3.289,0.842,83.60769653320312,31.4349749792332,120.77352623990737,b2465a5bf01c45bc723921130231d390,9ebee2e2f2e0a0e0,False,3216x2136
999ad827ed35,0,/kaggle/input/competitions/aptos2019-blindness-detection/train_images/999ad827ed35.png,1050,1050,1.1,0.966,1.0,83.63630676269531,44.66892000170574,140.27114592655562,3b72e93f639878a352c015b643ef53be,f0e0c0c4c0e0f0f0,False,1050x1050
99c626e58464,0,/kaggle/input/competitions/aptos2019-blindness-detection/train_images/99c626e58464.png,2048,1536,3.15,1.925,0.605,81.62150573730469,47.02224082656946,134.0800270808395,fbcc013c99febabd5f3ac59acb9aa8fa,f0d6fcdcfcf8f8f0,False,2048x1536
99c6a123ed6a,0,/kaggle/input/competitions/aptos2019-blindness-detection/train_images/99c6a123ed6a.png,1050,1050,1.1,0.864,1.0,93.90106201171875,48.956856007027596,157.40970486029983,6e3a38d995c78dd058e33672126f4802,f0f0f8fcfcf8f0f0,False,1050x1050
99e8bf998285,2,/kaggle/input/competitions/aptos2019-blindness-detection/train_images/99e8bf998285.png,3216,2136,6.87,1.686,0.842,72.49508666992188,26.034102865126734,71.8130049770698,4cc3257bc5076439151066e6fdd2c120,c8a0c0c2d2c080c0,False,3216x2136
99ecdb41d5e7,1,/kaggle/input/competitions/aptos2019-blindness-detection/train_images/99ecdb41d5e7.png,3388,2588,8.77,7.159,0.865,64.09623718261719,25.661405884216215,79.24214654788375,2eb6e0fbcb308f51e65abc303c767af5,c0f0e0e2f0f0e0f0,False,3388x2588
9a1029536d78,0,/kaggle/input/competitions/aptos2019-blindness-detection/train_images/9a1029536d78.png,1050,1050,1.1,1.042,1.0,77.86105346679688,43.727840152559395,123.69025701284409,b9f44de517c565b93ca689743f07756d,f0fcfcfcfcf0e0f0,False,1050x1050
9a159d4674cd,0,/kaggle/input/competitions/aptos2019-blindness-detection/train_images/9a159d4674cd.png,819,614,0.5,0.327,0.61,74.42573547363281,41.583189633229104,170.55235358700156,d02812830afb9b2095dbf5dd338e24fa,e080a0324ac6c4f0,False,819x614
9a28d4e8aef0,2,/kaggle/input/competitions/aptos2019-blindness-detection/train_images/9a28d4e8aef0.png,3216,2136,6.87,3.04,0.842,117.29273986816406,43.85002217058503,218.47421322669834,dbc1e11e578bcbe6870a5ef4388d2e16,c0c8908980c0e4d8,False,3216x2136
9a3109657ac1,1,/kaggle/input/competitions/aptos2019-blindness-detection/train_images/9a3109657ac1.png,2416,1736,4.19,2.02,0.935,74.54234313964844,27.905900189890563,91.90291607170366,3b1ced873d9ca5f98ca123050bb1630c,f8f8fcdcdcf8b8cc,False,2416x1736
9a326446c431,0,/kaggle/input/competitions/aptos2019-blindness-detection/train_images/9a326446c431.png,2588,1958,5.07,5.281,1.0,55.18611145019531,20.293778556478713,32.91125697246753,c4a3bcceaf7fde7813e7188f79e2026c,f0f0f8787ccebcfc,False,2588x1958
9a3c03a5ad0f,2,/kaggle/input/competitions/aptos2019-blindness-detection/train_images/9a3c03a5ad0f.png,3216,2136,6.87,6.232,0.842,70.03543090820312,28.700609784026586,76.79263773537241,3be1e5644df038399c1d31319e733af1,fcf4f4e7e6f4fcd8,False,3216x2136
9a496b1e20f9,4,/kaggle/input/competitions/aptos2019-blindness-detection/train_images/9a496b1e20f9.png,2588,1958,5.07,5.036,1.0,42.83599853515625,16.409897898138844,19.853002212010324,4fb7a2ea0667654e276d10288e8e2757,f0f8786e7ef8f8f0,True,2588x1958
9a4f370d341b,2,/kaggle/input/competitions/aptos2019-blindness-detection/train_images/9a4f370d341b.png,2416,1736,4.19,2.13,0.934,101.44113159179688,35.64817701511187,188.85998959071003,adf132b0caff25c70eb7870062e55f02,e6888888c8c0c0c8,False,2416x1736
9a56cfb980ec,0,/kaggle/input/competitions/aptos2019-blindness-detection/train_images/9a56cfb980ec.png,2048,1536,3.15,1.929,0.605,79.29522705078125,44.52067547607413,136.6492186614778,6aca0f9bec00fe6b7d7fe67c1a7162fa,f0e0c0c0c4e0e0f0,False,2048x1536
9a78c6a7b1c2,2,/kaggle/input/competitions/aptos2019-blindness-detection/train_images/9a78c6a7b1c2.png,2416,1736,4.19,2.341,0.934,70.10325622558594,27.09588615051666,78.4793227976188,9a6ca7fdc8c3aafe03cb6c5db8a9d6e2,f0f0f08888c0c2c4,False,2416x1736
9a7bd084395e,2,/kaggle/input/competitions/aptos2019-blindness-detection/train_images/9a7bd084395e.png,2588,1958,5.07,5.325,1.0,68.65068054199219,36.45373404459668,42.36925121769309,89116f071b0559bc9854d7f7510056b1,fcfcfcececfcfcf8,False,2588x1958
9a94e0316ee3,3,/kaggle/input/competitions/aptos2019-blindness-detection/train_images/9a94e0316ee3.png,2416,1736,4.19,2.041,0.935,103.9608154296875,38.04716523527795,155.04879089607857,b9495ba1c5cb8c2db3bab1ce0c63ae3a,f0f8f8eceeeebecc,False,2416x1736
9a9b21215c55,2,/kaggle/input/competitions/aptos2019-blindness-detection/train_images/9a9b21215c55.png,2588,1958,5.07,4.945,1.0,38.730804443359375,19.98323609714889,33.301570042967796,4bc5a5bb1d38c8823f8a7f0e7a2abbe7,b87c7dddd7f7f2f6,True,2588x1958
9ab18a4a957f,0,/kaggle/input/competitions/aptos2019-blindness-detection/train_images/9ab18a4a957f.png,2048,1536,3.15,1.846,0.604,53.96476745605469,31.591820879544596,97.46111120446585,32fb98c3df223e01d3550a37df20785d,f0ca9e1c1cbcfcf0,False,2048x1536
9ac2e3e9fca5,0,/kaggle/input/competitions/aptos2019-blindness-detection/train_images/9ac2e3e9fca5.png,1050,1050,1.1,0.975,1.0,89.68038940429688,46.712841167877144,166.27930620964617,bbc28e5334dee0a7bf0f78f0208251ba,f0e8fc9cdcfcf0f0,False,1050x1050
9ac41b9a809e,0,/kaggle/input/competitions/aptos2019-blindness-detection/train_images/9ac41b9a809e.png,1050,1050,1.1,0.96,1.0,88.426025390625,46.955455915763054,149.25339201255701,f3dbb8023616c2c406ae850096fca03a,f0fcfcdcf8f8f0f0,False,1050x1050
9ad92f1c1542,2,/kaggle/input/competitions/aptos2019-blindness-detection/train_images/9ad92f1c1542.png,2416,1736,4.19,2.381,0.934,80.73014831542969,32.515316373099445,149.99519677623175,8142020470e9b4d4e6fdb82bcba5d389,cac2e0f1f1f0f0e0,False,2416x1736
9ae54843c69a,0,/kaggle/input/competitions/aptos2019-blindness-detection/train_images/9ae54843c69a.png,2588,1958,5.07,5.154,1.0,44.721527099609375,21.76059784599753,27.97767263278365,57bb980ac85186d0581ab197ac4d30d4,fcf6f8fcacacf8f0,True,2588x1958
9b093fe95d6b,3,/kaggle/input/competitions/aptos2019-blindness-detection/train_images/9b093fe95d6b.png,2896,1944,5.63,2.392,0.636,57.451568603515625,27.65410376303929,88.62126372754574,9d031feff0f0abfb1f0909629c78af7d,f0f0f0f4de8e8ecc,False,2896x1944
9b0eb9f41da4,2,/kaggle/input/competitions/aptos2019-blindness-detection/train_images/9b0eb9f41da4.png,2588,1958,5.07,5.281,1.0,46.54206848144531,24.93703191169981,65.43167304620147,19647430fe4dab22ace791f4285bc4ce,e4f0d8889af8e0f0,False,2588x1958
9b32e8ef0ca0,2,/kaggle/input/competitions/aptos2019-blindness-detection/train_images/9b32e8ef0ca0.png,2416,1736,4.19,1.889,0.935,69.36039733886719,29.99395507316414,83.75770991086029,711902fa983501707939c072ff430530,fefefeeefcfcbafc,False,2416x1736
9b418ce42c13,2,/kaggle/input/competitions/aptos2019-blindness-detection/train_images/9b418ce42c13.png,1504,1000,1.5,1.486,0.838,74.6146240234375,30.487390367833598,93.440077038249,502eeb59021479778423eb06ff749d11,e0c8c0d0d0c0c0e0,False,1504x1000
9b4fc15df3c8,0,/kaggle/input/competitions/aptos2019-blindness-detection/train_images/9b4fc15df3c8.png,819,614,0.5,0.276,0.606,52.065765380859375,31.51658376721828,55.46281316783279,f0f9dca8c609cd17f24cecc953203398,f0de9e9cbcfcfcf8,False,819x614
9b57e43b44e7,0,/kaggle/input/competitions/aptos2019-blindness-detection/train_images/9b57e43b44e7.png,2588,1958,5.07,5.498,1.0,58.6715087890625,22.363205254104955,40.64938368066214,f1f46d3d9fa25fedf8958afa9ec00404,e0e0e0e888c8d0e0,False,2588x1958
9b70f84400af,0,/kaggle/input/competitions/aptos2019-blindness-detection/train_images/9b70f84400af.png,819,614,0.5,0.355,0.931,54.730987548828125,33.56091039104458,63.34138911962509,97616a5524a428dca186faf27a605e10,dcdc9c9e9e92f0f0,False,819x614
9b7b6e4db1d5,2,/kaggle/input/competitions/aptos2019-blindness-detection/train_images/9b7b6e4db1d5.png,1504,1000,1.5,1.448,0.838,76.76042175292969,33.33251292013772,98.51561337872408,bff7a72c5c20fb6d8e505a59e13eb440,f0fcfefef6fcb8f8,False,1504x1000
9b95d6203406,2,/kaggle/input/competitions/aptos2019-blindness-detection/train_images/9b95d6203406.png,640,480,0.31,0.354,1.0,78.09999084472656,30.49886976805571,25.856580765685067,3df5ac3f67c64dc995e6e30a97ea6ccc,9c10c0c0c0804082,True,640x480
9ba469af2980,0,/kaggle/input/competitions/aptos2019-blindness-detection/train_images/9ba469af2980.png,2588,1958,5.07,2.309,1.0,61.87255859375,28.187790587929886,27.904586925171316,c683735ad66dbd1162f3eba50b117535,f8fcfcfeeefefcf8,True,2588x1958
9bafbbd152d2,3,/kaggle/input/competitions/aptos2019-blindness-detection/train_images/9bafbbd152d2.png,2588,1958,5.07,5.2,1.0,49.33085632324219,21.18433711381522,32.62442200537771,75ec6200edee9bb5737c03424c76a189,e0f0f0f0f3f5f0f0,False,2588x1958
9bbb6c455913,0,/kaggle/input/competitions/aptos2019-blindness-detection/train_images/9bbb6c455913.png,1050,1050,1.1,0.908,1.0,76.36958312988281,40.907208520862014,114.30525476392359,8673c22b6b818beb3b60411a919c16cb,f0e0e08080c0c0f0,False,1050x1050
9bd008aab548,0,/kaggle/input/competitions/aptos2019-blindness-detection/train_images/9bd008aab548.png,1050,1050,1.1,1.014,1.0,78.19546508789062,41.67018915835595,124.93201480712742,bae9e5b01fd1541e89435709ee06ef50,f0f8fcfcdcfcfcf0,False,1050x1050
9be0683649ff,0,/kaggle/input/competitions/aptos2019-blindness-detection/train_images/9be0683649ff.png,2048,1536,3.15,1.834,0.605,66.08891296386719,37.411580514191286,121.47939656674862,dcfe27e65f17ddfcdf6cdb270d1adba4,f08ebe6ffefefcf0,False,2048x1536
9be71d6d7e59,0,/kaggle/input/competitions/aptos2019-blindness-detection/train_images/9be71d6d7e59.png,1050,1050,1.1,0.994,1.0,67.92807006835938,37.95166654529683,96.82022781460546,08b8a86b8d255079088eaf595421ac27,f0f8fcdcfcf0e0f0,False,1050x1050
9bf060db8376,3,/kaggle/input/competitions/aptos2019-blindness-detection/train_images/9bf060db8376.png,2416,1736,4.19,2.471,0.934,70.65632629394531,25.561302679209852,107.23068883642554,76773eca8d3a286e9baf4c146745d912,f8f8e8e646f694c0,False,2416x1736
9c088d2d1559,2,/kaggle/input/competitions/aptos2019-blindness-detection/train_images/9c088d2d1559.png,2588,1958,5.07,2.243,1.0,42.22639465332031,17.650343826242615,10.645139005035162,5489480112528ac1962f57392d7772c3,fcfcfcfcfcf8f0f0,True,2588x1958
9c14ce27cbfc,0,/kaggle/input/competitions/aptos2019-blindness-detection/train_images/9c14ce27cbfc.png,2048,1536,3.15,1.74,0.626,69.11428833007812,43.24426301696831,134.24968921765685,ebe0ced8474e947ea2682aff8f9eca39,f0fcfeeeeefefcf0,False,2048x1536
9c514d2d5b3f,0,/kaggle/input/competitions/aptos2019-blindness-detection/train_images/9c514d2d5b3f.png,1050,1050,1.1,0.998,1.0,80.39678955078125,43.294021321349724,138.35361028066836,573ce99a6990309da1bfa1ec8c16f4dd,f0c08088c0e0e0f0,False,1050x1050
9c52b87d01f1,3,/kaggle/input/competitions/aptos2019-blindness-detection/train_images/9c52b87d01f1.png,2144,1424,3.05,2.709,0.841,50.07661437988281,21.449500928358738,49.129545455565676,f9f3914e7ff337cb501cbbbe3ff0a1bb,d4f0b028989c82c8,False,2144x1424
9c5dd3612f0c,2,/kaggle/input/competitions/aptos2019-blindness-detection/train_images/9c5dd3612f0c.png,1504,1000,1.5,1.515,0.838,82.36038208007812,33.73773026752118,101.77437126263976,5e85c7ff25e879de224c15aacb11d553,f2f0f0f0b09c9edc,False,1504x1000
9c6512166557,0,/kaggle/input/competitions/aptos2019-blindness-detection/train_images/9c6512166557.png,819,614,0.5,0.345,0.606,72.6905517578125,43.53377517676219,125.6436288356781,d4eff290dbe65a1e4cb397739f759cf3,f0e0c0c4c4e0e0f0,False,819x614
9c72ed6befa0,4,/kaggle/input/competitions/aptos2019-blindness-detection/train_images/9c72ed6befa0.png,2588,1958,5.07,5.12,1.0,55.05987548828125,24.71373243133505,16.912421419285238,b3ee961ce59288093a77e051f90f5299,f0f0f8fcdcfcf0f0,True,2588x1958
9c893e16c055,0,/kaggle/input/competitions/aptos2019-blindness-detection/train_images/9c893e16c055.png,1050,1050,1.1,0.958,1.0,81.77813720703125,42.736454851658145,154.39293946232647,3b093cedc1a21cda229826485119f5f6,f0e0c0c0c0c0c0f0,False,1050x1050
9cc6b1f9bcbd,4,/kaggle/input/competitions/aptos2019-blindness-detection/train_images/9cc6b1f9bcbd.png,2588,1958,5.07,5.601,1.0,63.601654052734375,30.031888869512525,71.37386237084866,57394db5e56b62a29a95b79e00e84de9,e8f0e0c0c0c4c0e0,False,2588x1958
9ce46d400cd6,0,/kaggle/input/competitions/aptos2019-blindness-detection/train_images/9ce46d400cd6.png,1050,1050,1.1,0.892,1.0,88.21504211425781,46.214479803258364,157.0710997970309,843cc85d9fb0cd9e52b86bdbf0ead8c6,f0f8fccecef8e0f0,False,1050x1050
9cedf5c7016b,2,/kaggle/input/competitions/aptos2019-blindness-detection/train_images/9cedf5c7016b.png,2588,1958,5.07,5.226,1.0,51.56044006347656,23.56877966358798,27.188799375435337,ce684980e6e8c15baca29d26c957aeae,f0c0c0c0e0f0e0f0,True,2588x1958
9cf7c1349673,0,/kaggle/input/competitions/aptos2019-blindness-detection/train_images/9cf7c1349673.png,1050,1050,1.1,1.055,1.0,61.60292053222656,35.4715762831938,102.9640864096582,68fba5fb2a056b6c1e939e7664fedab3,f0f0f8fcdcf8f0f0,False,1050x1050
9d1feed37610,0,/kaggle/input/competitions/aptos2019-blindness-detection/train_images/9d1feed37610.png,1050,1050,1.1,0.942,1.0,89.32649230957031,47.122616661624306,164.070308763301,bb3195f0cee8a91a97fdfc36835de7c2,f0f0f0e0e2e0f0f0,False,1050x1050
9d62478042b6,0,/kaggle/input/competitions/aptos2019-blindness-detection/train_images/9d62478042b6.png,2588,1958,5.07,5.774,1.0,89.39002990722656,39.99310156379443,97.62910664617084,4087f6b929aacaff675288cb2e0cf0f6,f0e0c080c0c0e0e0,False,2588x1958
9d74428188bb,2,/kaggle/input/competitions/aptos2019-blindness-detection/train_images/9d74428188bb.png,3388,2588,8.77,7.148,0.871,77.457763671875,32.36632597557281,154.48913033213466,613f0488a541d5a37e6e7aee2b20cf73,f4f8f06a4efc9ecc,False,3388x2588
9d75de31f1b8,0,/kaggle/input/competitions/aptos2019-blindness-detection/train_images/9d75de31f1b8.png,1050,1050,1.1,0.975,1.0,84.58984375,44.91061900420456,144.72797387838364,4c2caaea8c1ea9a77584eaea3ff7f2b9,f0c0c0c4c0e0e0f0,False,1050x1050
9d98a0b585f2,2,/kaggle/input/competitions/aptos2019-blindness-detection/train_images/9d98a0b585f2.png,1050,1050,1.1,1.007,1.0,72.77508544921875,39.72286747648289,101.14201716240495,86c5f5d71d68cdf4fb9ac1742f938e7e,f0f0e0c0e2c0e0f0,False,1050x1050
9d9bfefa809c,2,/kaggle/input/competitions/aptos2019-blindness-detection/train_images/9d9bfefa809c.png,3216,2136,6.87,2.774,0.843,122.97393798828125,46.4330325515538,190.6436337211635,82dcd530494e8d2b32831377adcbab19,e0f0f038b8f8f0c0,False,3216x2136
9da74370835a,2,/kaggle/input/competitions/aptos2019-blindness-detection/train_images/9da74370835a.png,2416,1736,4.19,2.431,0.935,75.21018981933594,28.37784824551558,115.24983638874255,9cef4d6a7213032513f7038d5001fae9,f4f8f0ecccccc4c0,False,2416x1736
9dab2e6ba44b,2,/kaggle/input/competitions/aptos2019-blindness-detection/train_images/9dab2e6ba44b.png,2588,1958,5.07,5.377,1.0,53.741455078125,26.994508316144675,42.526378747075796,d387d6826940390da52a8cd6686bb92e,f8fcfefcfcf8f0f0,False,2588x1958
9de9421f17e3,0,/kaggle/input/competitions/aptos2019-blindness-detection/train_images/9de9421f17e3.png,1050,1050,1.1,0.931,1.0,89.29759216308594,46.18538941719921,155.07803684077226,df575b1b7cbb44a12abd4c8f5b0cd629,f0e0c0808080c0f0,False,1050x1050
9df31421cdd2,2,/kaggle/input/competitions/aptos2019-blindness-detection/train_images/9df31421cdd2.png,2588,1958,5.07,5.501,1.0,59.20268249511719,34.6686909626396,125.27836945815943,e1596c7a7cfec59d6bf89da5339a531a,f8f8f8fcfef6fcf8,False,2588x1958
9e2058917304,0,/kaggle/input/competitions/aptos2019-blindness-detection/train_images/9e2058917304.png,1050,1050,1.1,0.933,1.0,78.91365051269531,42.66452571612008,123.16090470459312,292dcab4fe504810069063b0d54cdef7,f0f0f8fcdcf8f0f0,False,1050x1050
9e2a8135f471,0,/kaggle/input/competitions/aptos2019-blindness-detection/train_images/9e2a8135f471.png,1050,1050,1.1,0.974,1.0,83.00276184082031,44.63497351743931,134.73943196237087,8378773a0a81aa84b9d144e1bd7e05f0,f0f89cbcf8f0e0f0,False,1050x1050
9e2ba2b979f1,0,/kaggle/input/competitions/aptos2019-blindness-detection/train_images/9e2ba2b979f1.png,2048,1536,3.15,2.002,0.604,47.41053771972656,29.62405110255805,67.74263777560554,8aa0a8cb4eeab932879150c7e1daa840,f0defededefefcf0,False,2048x1536
9e3510963315,4,/kaggle/input/competitions/aptos2019-blindness-detection/train_images/9e3510963315.png,1504,1000,1.5,1.344,0.838,72.00543212890625,29.36836175880896,84.06740780523978,2a613e17fe7eebeca8a21ac5f46e8ec2,c2f090b0d1f0f0f4,False,1504x1000
9e5737f771c3,0,/kaggle/input/competitions/aptos2019-blindness-detection/train_images/9e5737f771c3.png,2048,1536,3.15,1.938,0.605,63.17066955566406,38.29055731502929,112.41146368323825,b4d89e5d8e52bf91ef62bdea72686834,f0c080c4c4c080f0,False,2048x1536
9e5ec293267c,2,/kaggle/input/competitions/aptos2019-blindness-detection/train_images/9e5ec293267c.png,3388,2588,8.77,3.76,0.87,64.54936218261719,26.778540760461404,89.23290448798798,1e1c17288139edcc127642e8580130c6,c4b8f0f0e2e0e0d8,False,3388x2588
9e7a63b2fc6a,0,/kaggle/input/competitions/aptos2019-blindness-detection/train_images/9e7a63b2fc6a.png,2588,1958,5.07,5.653,1.0,74.81161499023438,32.972468179021895,83.42360878712498,45b4d2734ebe4d7bd64c13ff853c4eb7,e0e0c08088c0c0e0,False,2588x1958
9e99ae6ee7af,0,/kaggle/input/competitions/aptos2019-blindness-detection/train_images/9e99ae6ee7af.png,2048,1536,3.15,1.669,0.604,66.69020080566406,36.983918927020156,118.14526269747876,7ceacbb80ce6317aee905349a518712f,f0fccccecefefcf0,False,2048x1536
9eaac43744f5,2,/kaggle/input/competitions/aptos2019-blindness-detection/train_images/9eaac43744f5.png,3216,2136,6.87,2.149,0.843,104.16592407226562,37.90174726854797,171.69967269687913,213e10c5e662dac1b605a02fe3e7045f,f0f8f8f8fcfcbcdc,False,3216x2136
9eaf735cf01f,1,/kaggle/input/competitions/aptos2019-blindness-detection/train_images/9eaf735cf01f.png,2416,1736,4.19,1.812,0.935,74.81364440917969,28.612629055912198,69.49320727214217,22a1e3ccd0503f406ac51dcc76676d98,f8f8fceefcfcb8d8,False,2416x1736
9ed666e982cd,1,/kaggle/input/competitions/aptos2019-blindness-detection/train_images/9ed666e982cd.png,2416,1736,4.19,2.249,0.935,92.43307495117188,34.877661045889816,164.329536780715,4fa990df0cef4480cb0a14e095aa9b06,e0f0f0787cecf8d0,False,2416x1736
9ed6c2b25767,0,/kaggle/input/competitions/aptos2019-blindness-detection/train_images/9ed6c2b25767.png,819,614,0.5,0.342,0.926,42.724884033203125,23.781569420771408,37.75399826467037,41a4dcf8ca82b947143b1a5feb0d6684,f8e8bcbca8d8f0f0,True,819x614
9f1b14dfa14c,0,/kaggle/input/competitions/aptos2019-blindness-detection/train_images/9f1b14dfa14c.png,819,614,0.5,0.28,0.606,52.76356506347656,29.330677229123662,61.63483511446975,5425df8125957cc50e0dea983524e455,f0c4c88c8cc4e0f0,False,819x614
9f1efb799b7b,2,/kaggle/input/competitions/aptos2019-blindness-detection/train_images/9f1efb799b7b.png,1504,1000,1.5,1.306,0.838,73.33833312988281,31.550730502928438,63.18756703194231,985d2ef214d747b029d0390eacbb90cd,e0c0889090c0c0fc,False,1504x1000
9f285b3e57ed,0,/kaggle/input/competitions/aptos2019-blindness-detection/train_images/9f285b3e57ed.png,1050,1050,1.1,0.929,1.0,79.67851257324219,42.503250461171795,149.8943356871605,9ab255271d94b32222a14c483fabedd9,f0f8feeefefcf8f0,False,1050x1050
9f37c98b8187,3,/kaggle/input/competitions/aptos2019-blindness-detection/train_images/9f37c98b8187.png,2588,1958,5.07,5.39,1.0,51.808349609375,23.358622764034287,47.83633974357508,8ba5246afd01f4b531b5375a9be27f6d,f0e0c0c4e0f0f0f8,False,2588x1958
9f4132bd6ed6,2,/kaggle/input/competitions/aptos2019-blindness-detection/train_images/9f4132bd6ed6.png,1504,1000,1.5,1.448,0.838,76.76042175292969,33.33251292013772,98.51561337872408,bff7a72c5c20fb6d8e505a59e13eb440,f0fcfefef6fcb8f8,False,1504x1000
9f436886e056,2,/kaggle/input/competitions/aptos2019-blindness-detection/train_images/9f436886e056.png,1050,1050,1.1,0.871,1.0,62.0443115234375,33.52371863760908,71.78477794583887,f4e368013366d0c496d95a78706654a1,f0e0f0f0f4f0c0e0,False,1050x1050
9f5a8665cf2e,2,/kaggle/input/competitions/aptos2019-blindness-detection/train_images/9f5a8665cf2e.png,2416,1736,4.19,2.225,0.934,54.928070068359375,20.657434444128093,67.43424087553285,5b5f107d4b0e031bbfb30bfa0b42753c,f0f0f0e1c48480c6,False,2416x1736
9f8112c710be,0,/kaggle/input/competitions/aptos2019-blindness-detection/train_images/9f8112c710be.png,1050,1050,1.1,0.939,1.0,49.33404541015625,28.675121973706098,63.028877165168524,18c5ad62989b6aed64ac33dba6f2dfec,f0f8f0e0e0e0e0f0,False,1050x1050
9f935fb38440,0,/kaggle/input/competitions/aptos2019-blindness-detection/train_images/9f935fb38440.png,819,614,0.5,0.267,0.606,59.1578369140625,32.849892973462396,71.24724925099872,62d91ea96c351d4fd81f1cc17e81f708,f0e0fcf0fecefcf0,False,819x614
9fa02dfb5553,0,/kaggle/input/competitions/aptos2019-blindness-detection/train_images/9fa02dfb5553.png,1050,1050,1.1,1.088,1.0,76.70016479492188,42.18350896888405,128.3989699743688,edf69310ba8b9745e279266bc53665df,f0f0f8fcdcf8f0f0,False,1050x1050
9faad91b6578,2,/kaggle/input/competitions/aptos2019-blindness-detection/train_images/9faad91b6578.png,2416,1736,4.19,2.442,0.934,47.83534240722656,18.87542690978289,57.975972309475765,76529980200e2a9a3d3bad932c849be4,cef2f0f0c0c486c4,False,2416x1736
9fab29e69a6b,4,/kaggle/input/competitions/aptos2019-blindness-detection/train_images/9fab29e69a6b.png,1844,1226,2.26,1.015,0.818,78.58369445800781,40.89505174468654,178.62402717000805,75731f5e9ab01ba3686b113a34539623,e6e2e171319282cc,False,1844x1226
9fefe2b44795,3,/kaggle/input/competitions/aptos2019-blindness-detection/train_images/9fefe2b44795.png,3388,2588,8.77,3.89,0.872,70.48625183105469,30.640966026301456,111.92547344323248,02178257a91e4c2404e4edeb11bf9331,c090f0e0c0e080f8,False,3388x2588
a00b4cb250a7,1,/kaggle/input/competitions/aptos2019-blindness-detection/train_images/a00b4cb250a7.png,2416,1736,4.19,2.205,0.934,60.65608215332031,23.040700786997476,56.90802473179065,4d0809695852a3d21fe555e897e533b4,d8fcfcfefebe9cc4,False,2416x1736
a01024054596,1,/kaggle/input/competitions/aptos2019-blindness-detection/train_images/a01024054596.png,2416,1736,4.19,2.506,0.934,74.94309997558594,27.424221103511616,88.5749257421121,201898c3217efe2e9aac470ecf36b950,ce92f0e4e7f0b8f4,False,2416x1736
a015ce4f51ad,2,/kaggle/input/competitions/aptos2019-blindness-detection/train_images/a015ce4f51ad.png,3216,2136,6.87,2.271,0.842,82.27908325195312,30.004221191297262,93.8054779486265,faf5c854dfc033970c9797975e417369,d8e0e0c0888880c0,False,3216x2136
a01c590c444f,2,/kaggle/input/competitions/aptos2019-blindness-detection/train_images/a01c590c444f.png,2416,1736,4.19,2.106,0.934,102.19853210449219,36.799710011125086,164.29082249011844,88491d64590e5e987d95d72748044750,e4e0e0848ce0e0c0,False,2416x1736
a0267206d51e,2,/kaggle/input/competitions/aptos2019-blindness-detection/train_images/a0267206d51e.png,2416,1736,4.19,1.941,0.934,93.49339294433594,33.17009734622652,181.80925456341356,ab04cc8949c82709ac6eb6d3e19cfc0c,e6e6f899abdaaedc,False,2416x1736
a02dfd67a925,0,/kaggle/input/competitions/aptos2019-blindness-detection/train_images/a02dfd67a925.png,819,614,0.5,0.361,0.931,49.86773681640625,23.578377242584466,48.19886353239417,5edeba32014074be217679da738ab4d1,e8cc8ededa92f4e0,False,819x614
a0445785e2f7,0,/kaggle/input/competitions/aptos2019-blindness-detection/train_images/a0445785e2f7.png,2048,1536,3.15,1.942,0.604,82.39242553710938,45.42402755209288,184.8138708472252,30d148a65ed3445afd9ff575a7097998,f0fefaf8d8f8fcf0,False,2048x1536
a04fb36db784,2,/kaggle/input/competitions/aptos2019-blindness-detection/train_images/a04fb36db784.png,2416,1736,4.19,2.341,0.934,67.83941650390625,27.19884316264379,75.1672390550375,24695be3548ee74e615e0190061b0f56,f0f0f0a88c8c9ecc,False,2416x1736
a06a63d866b2,0,/kaggle/input/competitions/aptos2019-blindness-detection/train_images/a06a63d866b2.png,1050,1050,1.1,0.767,1.0,82.45703125,42.96441437643438,164.87846177443862,6868e2aaff4ca4a8b7639e8acacdcf96,f0f0e0c0c0e0f0f0,False,1050x1050
a06b353e7bed,0,/kaggle/input/competitions/aptos2019-blindness-detection/train_images/a06b353e7bed.png,2048,1536,3.15,1.881,0.605,67.68702697753906,37.63802350211818,149.77283707167953,a0bdb084561846eb3deaa35763065ae1,f0ceb2ad8dceecf0,False,2048x1536
a06e41bd2634,2,/kaggle/input/competitions/aptos2019-blindness-detection/train_images/a06e41bd2634.png,2416,1736,4.19,2.416,0.934,84.39019775390625,31.314523198421643,143.80708448495716,5f7249c0887085107548a0a9ff748081,f8f8f8fcfeeebedc,False,2416x1736
a06e5ac695ce,0,/kaggle/input/competitions/aptos2019-blindness-detection/train_images/a06e5ac695ce.png,2048,1536,3.15,1.908,0.602,41.12504577636719,27.734923588836825,46.424199571600184,01a972cdc6e80eecbf28c428c3815172,f0c0c0c0c4c0e0f0,True,2048x1536
a07d571bf7ba,0,/kaggle/input/competitions/aptos2019-blindness-detection/train_images/a07d571bf7ba.png,819,614,0.5,0.388,0.931,46.67759704589844,31.0224387755106,83.75894969701767,78cac87d65a7dd2b396e09cc86294e3c,fcf6b2b9b8f8f0f0,False,819x614
a07d9a5045cb,0,/kaggle/input/competitions/aptos2019-blindness-detection/train_images/a07d9a5045cb.png,1050,1050,1.1,0.997,1.0,82.21888732910156,44.15569727828,137.54240139178,acb90f25b3479a4ac1994e9cf67b5015,f0f8f8b8f8f0e0f0,False,1050x1050
a07efb1ecfc0,0,/kaggle/input/competitions/aptos2019-blindness-detection/train_images/a07efb1ecfc0.png,2048,1536,3.15,1.971,0.605,65.10733032226562,37.455468154915316,161.0997276864946,9042c8ae41d9c672f0ce65f869236bb7,f08682848cc0e4f0,False,2048x1536
a08a0133754a,0,/kaggle/input/competitions/aptos2019-blindness-detection/train_images/a08a0133754a.png,1050,1050,1.1,0.952,1.0,85.72743225097656,45.63817402012846,136.3037353521213,3e3b307173b6490ea3ba60ef75f6a382,f0fcfcfcfcfcfcf0,False,1050x1050
a0a0cd8af5a6,2,/kaggle/input/competitions/aptos2019-blindness-detection/train_images/a0a0cd8af5a6.png,1844,1226,2.26,0.78,0.816,84.11837768554688,45.675676457268075,89.66920161969028,e587ef3074166db62214949b4a017832,fcfef8fefffefcfc,False,1844x1226
a0adbe677508,0,/kaggle/input/competitions/aptos2019-blindness-detection/train_images/a0adbe677508.png,1050,1050,1.1,1.006,1.0,82.88621520996094,46.299857408674036,124.7018917761743,c4a3643e0cb45cd2dc91f62e6fb33cd0,f0f0f8fc9cfcf8f0,False,1050x1050
a0b7ad98df57,0,/kaggle/input/competitions/aptos2019-blindness-detection/train_images/a0b7ad98df57.png,1050,1050,1.1,0.95,1.0,75.949462890625,40.42885503013227,120.70762571599334,1ebdb4258557ff7fe09b7def71c94b12,f0f0e0e0c0c0e0f0,False,1050x1050
a0cd7bffdaa0,4,/kaggle/input/competitions/aptos2019-blindness-detection/train_images/a0cd7bffdaa0.png,1050,1050,1.1,0.826,1.0,79.61871337890625,43.863514568573926,132.29600769933313,5346925ccbff2807398a5fc719e1a922,f0fefcfcfcbce4f0,False,1050x1050
a0d04a19cf40,2,/kaggle/input/competitions/aptos2019-blindness-detection/train_images/a0d04a19cf40.png,3216,2136,6.87,2.73,0.843,99.67723083496094,36.49333934133625,160.60503319557756,769d3d954a8ddc595647434512991b3f,f8f8dcdcd8d0f2c8,False,3216x2136
a0e635689259,0,/kaggle/input/competitions/aptos2019-blindness-detection/train_images/a0e635689259.png,819,614,0.5,0.276,0.606,61.96879577636719,34.57468086528169,75.20059041655622,5eaabda746ae4eb9de2ea312612e4d77,f0f8fcfeeefcfcf0,False,819x614
a0fd94e2ad76,0,/kaggle/input/competitions/aptos2019-blindness-detection/train_images/a0fd94e2ad76.png,1050,1050,1.1,0.981,1.0,83.35325622558594,44.3008301194513,139.1279905193951,9a85613b9dc3b4e33d30d7d06e3785d7,f0e0c0c4c0c0e0f0,False,1050x1050
a11bf2edd470,4,/kaggle/input/competitions/aptos2019-blindness-detection/train_images/a11bf2edd470.png,2588,1958,5.07,5.669,1.0,80.31620788574219,40.98196390758267,69.787255164003,7aa3856c38c62d71b2e5c1d3bbeea8b7,f0e0c0c0c0c0c0e0,False,2588x1958
a11c62cb3f86,0,/kaggle/input/competitions/aptos2019-blindness-detection/train_images/a11c62cb3f86.png,2588,1958,5.07,5.497,1.0,59.02824401855469,31.1956868639105,64.55511794774793,085efa05dabae788da27030ccf7dc71b,b0e0e0c08080c0c0,False,2588x1958
a125377fb985,2,/kaggle/input/competitions/aptos2019-blindness-detection/train_images/a125377fb985.png,3216,2136,6.87,2.272,0.843,116.6556396484375,43.397637339957335,171.72086786851287,5c5b7132824bff7accd7aa548b4c0d86,c8a0e0c0998880c0,False,3216x2136
a12ca80bb8c7,0,/kaggle/input/competitions/aptos2019-blindness-detection/train_images/a12ca80bb8c7.png,2048,1536,3.15,1.903,0.605,64.07231140136719,39.53091578961617,92.20802768669091,194e1e2fac8d04620634854014524648,f0fcfcfcfcfcfcf0,False,2048x1536
a14bbd9a583e,3,/kaggle/input/competitions/aptos2019-blindness-detection/train_images/a14bbd9a583e.png,2416,1736,4.19,2.017,0.935,87.78204345703125,35.11167980062959,105.7132318308577,fa765a92e0d763a9e47af1635cd82f19,f898d0e0e0c082c0,False,2416x1736
a14fcf84bfe1,3,/kaggle/input/competitions/aptos2019-blindness-detection/train_images/a14fcf84bfe1.png,3216,2136,6.87,3.387,0.842,107.27853393554688,40.45923015620882,194.1154191493988,e446c936b8d45684386db7267361d6cd,ecf0d8fcfcf4f8d8,False,3216x2136
a150ff5dfe07,2,/kaggle/input/competitions/aptos2019-blindness-detection/train_images/a150ff5dfe07.png,3388,2588,8.77,7.575,0.871,73.73959350585938,33.174328482936126,201.0893215984106,3a5a591a331271e706d3af3beff49ed0,f0f0e88b82c0ccc4,False,3388x2588
a15470303941,2,/kaggle/input/competitions/aptos2019-blindness-detection/train_images/a15470303941.png,2416,1736,4.19,2.254,0.934,65.48873901367188,26.49134532439674,92.34068119875155,599b66a5a5623a8e49a1db76071ef32a,d0e0e0e1918884c4,False,2416x1736
a15590a7d774,2,/kaggle/input/competitions/aptos2019-blindness-detection/train_images/a15590a7d774.png,3388,2588,8.77,7.377,0.871,84.914794921875,35.65552467775272,182.81119312136434,951755f3a609c0d6ea606075e54dda1f,c0d090888880e0c0,False,3388x2588
a15652b22ab8,2,/kaggle/input/competitions/aptos2019-blindness-detection/train_images/a15652b22ab8.png,2416,1736,4.19,1.889,0.935,69.36039733886719,29.99395507316414,83.75770991086029,711902fa983501707939c072ff430530,fefefeeefcfcbafc,False,2416x1736
a1822dd8d05d,0,/kaggle/input/competitions/aptos2019-blindness-detection/train_images/a1822dd8d05d.png,1050,1050,1.1,0.914,1.0,91.52613830566406,48.19986744859797,158.27228345628828,aa4a948d04f06888cc66bd2f95105a14,f0f0f8fcdcfcf8f0,False,1050x1050
a182b5b191de,4,/kaggle/input/competitions/aptos2019-blindness-detection/train_images/a182b5b191de.png,3216,2136,6.87,2.358,0.845,108.38438415527344,39.47506660494355,206.95971033140086,b5e8b730b5e66262e1258f8ef603f9a9,ccbcf86276be8ecc,False,3216x2136
a1872f9c0cba,0,/kaggle/input/competitions/aptos2019-blindness-detection/train_images/a1872f9c0cba.png,2048,1536,3.15,1.921,0.605,77.31640625,44.40110694261453,138.70522778388113,32b7144bc665656addd9a62c16c26a9e,f098fc7eeefefcf0,False,2048x1536
a188c60b93fb,0,/kaggle/input/competitions/aptos2019-blindness-detection/train_images/a188c60b93fb.png,2588,1958,5.07,5.938,1.0,121.45639038085938,46.483689491352365,159.1369768192526,5614c374e164160d1efb54fcb3a8717d,f0f0e0c0c0c0c0e0,False,2588x1958
a19507501b40,2,/kaggle/input/competitions/aptos2019-blindness-detection/train_images/a19507501b40.png,3216,2136,6.87,5.798,0.841,42.406341552734375,19.049239402045103,35.205322505673394,acc1c260da1ea686568a6f2917921775,d4f0e0e0e0f0f0fc,True,3216x2136
a19ecd0a706e,1,/kaggle/input/competitions/aptos2019-blindness-detection/train_images/a19ecd0a706e.png,2416,1736,4.19,1.879,0.934,110.17521667480469,38.95112657730562,199.45740035083145,be6bf228f9816722893e4b684d867fd4,d2a0f07878b8b8d8,False,2416x1736
a1b12fdce6c3,2,/kaggle/input/competitions/aptos2019-blindness-detection/train_images/a1b12fdce6c3.png,3216,2136,6.87,5.471,0.842,45.01466369628906,21.32898668567109,38.62384073412977,b61e2db328e9cca61c40bebdcb147586,e0e0c0808880c4c4,False,3216x2136
a1b28bcbce00,0,/kaggle/input/competitions/aptos2019-blindness-detection/train_images/a1b28bcbce00.png,819,614,0.5,0.329,0.931,42.10157775878906,24.896840015840347,40.12982177734375,399b2a5c1ba7e58e2be7aad806f3530e,f0f0d0c094d0d0f0,True,819x614
a1e236fbc863,0,/kaggle/input/competitions/aptos2019-blindness-detection/train_images/a1e236fbc863.png,819,614,0.5,0.339,0.931,39.38835144042969,24.519056442641244,34.86886706738733,4c9da6759f00a903a01d51c290f35281,c4cec6c6d6c0e8f0,True,819x614
a1eb88562239,0,/kaggle/input/competitions/aptos2019-blindness-detection/train_images/a1eb88562239.png,1050,1050,1.1,0.828,1.0,72.41905212402344,38.194403755041044,115.65635346528143,201f388a2f0a0ab8ea6c0989421a5fe3,f0e0c0c0c2e0e0f0,False,1050x1050
a1edf0e66592,0,/kaggle/input/competitions/aptos2019-blindness-detection/train_images/a1edf0e66592.png,1050,1050,1.1,1.033,1.0,76.23985290527344,42.071367709640825,121.65546540822834,51815a73bd66e56333a5b2b1ec61737a,f0f8fcdcfcf8f0f0,False,1050x1050
a1faeb4d5f10,0,/kaggle/input/competitions/aptos2019-blindness-detection/train_images/a1faeb4d5f10.png,1050,1050,1.1,1.06,1.0,75.91242980957031,42.44818123463879,124.78856035973877,220a96bee052ca132e04d895f03e0458,f0f0f0e0c0c2e0f0,False,1050x1050
a2163f0c2af5,0,/kaggle/input/competitions/aptos2019-blindness-detection/train_images/a2163f0c2af5.png,1050,1050,1.1,0.945,1.0,86.11433410644531,45.14748108632023,143.2558166102972,71c7f99c3ce44c4d937c0ad14df357ef,f0f0f8fcdcfcf8f0,False,1050x1050
a21b37719f9b,2,/kaggle/input/competitions/aptos2019-blindness-detection/train_images/a21b37719f9b.png,2416,1736,4.19,2.092,0.935,73.90235900878906,27.340394379840863,84.07393878698349,66ec51adea38aafc0e065760a4a949d6,e0c0c0888080c0c4,False,2416x1736
a247961a5cd9,0,/kaggle/input/competitions/aptos2019-blindness-detection/train_images/a247961a5cd9.png,1050,1050,1.1,1.105,1.0,76.68452453613281,42.54979320879927,124.22345267771743,513304a907b97fc50a277e691d2a6a5a,f0f0f8fcdcf8f8f0,False,1050x1050
a2696f444ecb,1,/kaggle/input/competitions/aptos2019-blindness-detection/train_images/a2696f444ecb.png,2416,1736,4.19,2.171,0.934,53.08221435546875,19.804633963905673,56.446511750807986,08cd8e11be79ff0d9f8702be21513b99,f0f0f0e7c78686c6,False,2416x1736
a26f50218b84,0,/kaggle/input/competitions/aptos2019-blindness-detection/train_images/a26f50218b84.png,819,614,0.5,0.335,0.931,38.434600830078125,21.807329656727052,31.331470215460286,d2a20fadec91d38314697f2c58be08ee,d0c0a8b0b0e0c0f0,True,819x614
a2811f512c1c,0,/kaggle/input/competitions/aptos2019-blindness-detection/train_images/a2811f512c1c.png,1050,1050,1.1,0.971,1.0,69.83238220214844,37.26112879848542,106.27752080536447,891a0f9b38b08ab3cad807d0fd62f7d2,f0f0f8fc9cfcf8f0,False,1050x1050
a28bfb772f50,1,/kaggle/input/competitions/aptos2019-blindness-detection/train_images/a28bfb772f50.png,1844,1226,2.26,0.79,0.818,95.31736755371094,38.04130519265416,114.05530121549964,26b56003d90fb12eaa9bafd16671b5bf,d0f0f8dcdcf8bacc,False,1844x1226
a2ad3da4c7d6,2,/kaggle/input/competitions/aptos2019-blindness-detection/train_images/a2ad3da4c7d6.png,2416,1736,4.19,2.007,0.935,76.42794799804688,28.662297172629753,92.90325367078185,a2ff5271b5c752cc222f731a10c8040c,f8f0fcfcfefebcd8,False,2416x1736
a2b97d98f130,0,/kaggle/input/competitions/aptos2019-blindness-detection/train_images/a2b97d98f130.png,2588,1958,5.07,5.275,1.0,52.205780029296875,26.001341814636678,35.45090079307556,18ec3a3467c9f848e5ee3693dea4effc,f0e0c0c088c0c0e0,False,2588x1958
a2b995b81692,0,/kaggle/input/competitions/aptos2019-blindness-detection/train_images/a2b995b81692.png,1050,1050,1.1,0.848,1.0,80.63856506347656,42.63913126811281,127.83478864189237,38522a8b6091c0b6758d4d50ef61d3da,f0f0f8fc9cfcf8f0,False,1050x1050
a2d349f567a6,2,/kaggle/input/competitions/aptos2019-blindness-detection/train_images/a2d349f567a6.png,1050,1050,1.1,0.936,1.0,77.77909851074219,41.489601948459494,120.9713610028848,ebdf35491fc2601c95e68b91b1408d11,f0e0c0c0c4c0e0f0,False,1050x1050
a2ddabee14e9,4,/kaggle/input/competitions/aptos2019-blindness-detection/train_images/a2ddabee14e9.png,2416,1736,4.19,2.123,0.935,70.53770446777344,26.551932879781216,81.73911437368952,a38d6dcd47e3b374ed9491a962f1e961,f0f0e0c0c0c8c0c0,False,2416x1736
a2dff8dbc9f8,0,/kaggle/input/competitions/aptos2019-blindness-detection/train_images/a2dff8dbc9f8.png,2048,1536,3.15,1.908,0.605,77.66130065917969,43.40077993698228,141.96384040242992,97cab2f0eb64a15b78f576079e75ed2a,f0c084849cc4c0e0,False,2048x1536
a30a143a53a3,0,/kaggle/input/competitions/aptos2019-blindness-detection/train_images/a30a143a53a3.png,1050,1050,1.1,1.068,1.0,70.95208740234375,38.64112365463952,127.87148089613765,d828dd39bb0738d4085b5c08cc6c3422,f0fcfedefcf8f0f0,False,1050x1050
a3132c8828e4,0,/kaggle/input/competitions/aptos2019-blindness-detection/train_images/a3132c8828e4.png,2048,1536,3.15,1.919,0.605,72.37803649902344,40.14581180181433,158.94235338177532,13db7fe3616c2fd67e32681cab003f24,f0eeb619b9f8fcf0,False,2048x1536
a32886cb31ab,1,/kaggle/input/competitions/aptos2019-blindness-detection/train_images/a32886cb31ab.png,2416,1736,4.19,2.224,0.934,89.23812866210938,32.54829779751427,118.96182089205831,13f4661fe2fe62e472761286b5643a94,e0f0e0e0888c86c0,False,2416x1736
a32b5ce3d48a,4,/kaggle/input/competitions/aptos2019-blindness-detection/train_images/a32b5ce3d48a.png,2416,1736,4.19,2.005,0.935,80.31399536132812,29.639569810701623,102.32697194977663,6d5ebdf8dbce738c38fa8c5d6498e685,f4fcf6e7f2f0e0c0,False,2416x1736
a3475dc3ac80,2,/kaggle/input/competitions/aptos2019-blindness-detection/train_images/a3475dc3ac80.png,2416,1736,4.19,2.307,0.934,73.00717163085938,27.45643150412591,84.8817197047174,529dd5cfc9af1ee0c708cc142c5dcdfc,c0f0f0f8fccebedc,False,2416x1736
a34fc5376669,0,/kaggle/input/competitions/aptos2019-blindness-detection/train_images/a34fc5376669.png,1050,1050,1.1,0.937,1.0,87.87489318847656,46.23264349969922,148.55956207192503,eddcb5976547928713ca0e7d4761d699,f0fcfcdedefcfcf0,False,1050x1050
a3706ce27869,2,/kaggle/input/competitions/aptos2019-blindness-detection/train_images/a3706ce27869.png,1050,1050,1.1,1.042,1.0,76.72158813476562,42.9524933908784,113.92646849807352,5e90fe53ba4eeaa9bdbe1783d4200256,f0e0f0f8bcf8f0f0,False,1050x1050
a3802934bad7,2,/kaggle/input/competitions/aptos2019-blindness-detection/train_images/a3802934bad7.png,640,480,0.31,0.35,1.0,90.10005187988281,16.900404488423007,26.9476319195237,aca34e1110d46e0fb9009999d0c7ccbb,b028f8f2f2f070e0,True,640x480
a384e688e228,0,/kaggle/input/competitions/aptos2019-blindness-detection/train_images/a384e688e228.png,1050,1050,1.1,0.956,1.0,73.44340515136719,40.162359717620696,112.19000866170973,c29b84dc13182b351e10c04adc5727e4,f0c0808080c0e0f0,False,1050x1050
a386ec9aabde,2,/kaggle/input/competitions/aptos2019-blindness-detection/train_images/a386ec9aabde.png,2416,1736,4.19,2.01,0.934,68.9947509765625,26.60856477749346,70.88037183508277,235e4aa59907338464ee4d64142c8129,f0f8f8f4f4fc9cdc,False,2416x1736
a3957df90a78,2,/kaggle/input/competitions/aptos2019-blindness-detection/train_images/a3957df90a78.png,3216,2136,6.87,2.73,0.842,109.33686828613281,40.81166138120723,171.7128774188459,4ca7af5276bb1017f3ddfa72d24d46f0,d0f0e0c0c88884c0,False,3216x2136
a3ad6c2db6f1,1,/kaggle/input/competitions/aptos2019-blindness-detection/train_images/a3ad6c2db6f1.png,2416,1736,4.19,2.114,0.934,69.34765625,26.17983292027278,86.63896940555423,7481cbfdec8506b4e095430a006f7609,d0e0e0c0c8c080c0,False,2416x1736
a3b2e93d058b,2,/kaggle/input/competitions/aptos2019-blindness-detection/train_images/a3b2e93d058b.png,2144,1424,3.05,2.781,0.841,53.00213623046875,23.502258744444465,52.28218822530471,41c7dd89e5657c1808c2aa87ee3310cd,cefcfceedff6fefc,False,2144x1424
a3bd2e034614,0,/kaggle/input/competitions/aptos2019-blindness-detection/train_images/a3bd2e034614.png,2588,1958,5.07,1.646,1.0,40.22137451171875,18.811498387875584,14.490033254027367,19bc526acca4b7cb5f929abe84c22887,e0c0c0c0c0c0e0e0,True,2588x1958
a3d2a0c4cd17,1,/kaggle/input/competitions/aptos2019-blindness-detection/train_images/a3d2a0c4cd17.png,2416,1736,4.19,2.405,0.935,78.3900146484375,30.75320274622102,117.81002879794687,f8bec8cd970d0d62b66ac9a1c3fa0899,f0e4fefce7e6fedc,False,2416x1736
a3fcf42ff56d,4,/kaggle/input/competitions/aptos2019-blindness-detection/train_images/a3fcf42ff56d.png,3388,2588,8.77,7.02,0.866,69.72430419921875,29.240279900029552,108.02575525548309,24ec307e7d055b2c24559a681b48bb46,d0b0f8ea628e92c4,False,3388x2588
a4012932e18d,0,/kaggle/input/competitions/aptos2019-blindness-detection/train_images/a4012932e18d.png,2416,1736,4.19,2.538,0.934,85.98152160644531,35.49688505506431,262.5536893585231,46c634487f3586097900e0fbb564a63c,e6c2e389938382c6,False,2416x1736
a419fcb2dfb5,0,/kaggle/input/competitions/aptos2019-blindness-detection/train_images/a419fcb2dfb5.png,819,614,0.5,0.291,0.606,55.74946594238281,33.839160720055276,78.33777125529014,9ed6f1f102e0b6e641aeb372b9118ded,f0d8cececefefcf0,False,819x614
a4359815f152,2,/kaggle/input/competitions/aptos2019-blindness-detection/train_images/a4359815f152.png,2588,1958,5.07,5.3,1.0,50.10643005371094,23.806308099621344,42.54432088788599,2478829b2e72f64ab36498b91eb7569a,f8f8f4e7e4f4f8f0,False,2588x1958
a44345b27804,0,/kaggle/input/competitions/aptos2019-blindness-detection/train_images/a44345b27804.png,1050,1050,1.1,0.919,1.0,73.56355285644531,41.07744621145697,103.9508928656578,919882f5d9410d4b415c5ef5b1d387b7,f0f0e0e0e0f0f0f0,False,1050x1050
a443c4fd489c,1,/kaggle/input/competitions/aptos2019-blindness-detection/train_images/a443c4fd489c.png,1050,1050,1.1,0.949,1.0,83.29931640625,44.196151229131324,138.86713500972837,3ee8d21ecc60ff8564fbaaef88cc16c1,f0f0fcfcdcfcf8f0,False,1050x1050
a45c30da0c72,0,/kaggle/input/competitions/aptos2019-blindness-detection/train_images/a45c30da0c72.png,819,614,0.5,0.35,0.931,47.91810607910156,27.206067843261827,48.68104404211044,3821fe0804eb44020fb0d5d60ded607e,e0c0c68686c6c4e0,False,819x614
a45d77edf8d9,2,/kaggle/input/competitions/aptos2019-blindness-detection/train_images/a45d77edf8d9.png,3388,2588,8.77,7.358,0.87,78.13829040527344,35.571122326427385,138.0512078513857,4690eebc00ca6c6f33bbe7e98fbe9afc,c0e0c08080c080c4,False,3388x2588
a47432cd41e7,1,/kaggle/input/competitions/aptos2019-blindness-detection/train_images/a47432cd41e7.png,2416,1736,4.19,1.714,0.934,77.77459716796875,29.638054101717934,111.11849771230482,fcfda099faac74a2ee724032d1566d7f,c0a0e060188086c4,False,2416x1736
a476fd984005,2,/kaggle/input/competitions/aptos2019-blindness-detection/train_images/a476fd984005.png,3388,2588,8.77,3.709,0.873,55.057037353515625,23.46214225203566,65.00933416909538,df8f0a3720d51467856cbb0956b0e0fc,d8b0f01848a090c0,False,3388x2588
a47878630dc2,2,/kaggle/input/competitions/aptos2019-blindness-detection/train_images/a47878630dc2.png,2588,1958,5.07,5.024,1.0,46.97990417480469,27.75161890584249,17.18944107159041,ede2b63bc44579c79a7153f40595db1f,fcfcfcfefefefefc,True,2588x1958
a484bdf85b4c,0,/kaggle/input/competitions/aptos2019-blindness-detection/train_images/a484bdf85b4c.png,1050,1050,1.1,0.979,1.0,72.72303771972656,39.11039912045294,107.73998384340666,6f947536f5ea6b7f462a507b2113b91c,f0e0c0c0c6c0e0f0,False,1050x1050
a49b0b4484ea,2,/kaggle/input/competitions/aptos2019-blindness-detection/train_images/a49b0b4484ea.png,2588,1958,5.07,5.199,1.0,51.90879821777344,23.59508218990549,24.64026104635559,ba41b05357dcb4be5717ac2bc9c0504a,f8f0d0d4e4f0f0f8,True,2588x1958
a4b8de38eac1,3,/kaggle/input/competitions/aptos2019-blindness-detection/train_images/a4b8de38eac1.png,2896,1944,5.63,2.104,0.64,70.89640808105469,34.33733459243118,115.31932043656707,b10eef4c4b20476040f7abffe779a87e,c0c0c0c0c484c0e0,False,2896x1944
a4d41c495666,2,/kaggle/input/competitions/aptos2019-blindness-detection/train_images/a4d41c495666.png,2588,1958,5.07,5.33,1.0,50.66255187988281,23.702021057879083,41.33311455301009,c9c34568fac2f4aea05774b7f1b27956,e0e0a0a0e8d0e0e0,False,2588x1958
a4d4b69f7404,3,/kaggle/input/competitions/aptos2019-blindness-detection/train_images/a4d4b69f7404.png,2416,1736,4.19,2.325,0.932,63.687164306640625,24.205614583886273,70.52474319562316,ee425c6e007519d2364f651654aae301,e6fefcd4f4feaedc,False,2416x1736
a4ee03ecff60,0,/kaggle/input/competitions/aptos2019-blindness-detection/train_images/a4ee03ecff60.png,1050,1050,1.1,0.982,1.0,90.36674499511719,46.98748812161248,152.26178286969662,e9b8976c14907fe3b0f07d2052c7e7ef,f0e0e0c084c4c0f0,False,1050x1050
a505981d1cab,2,/kaggle/input/competitions/aptos2019-blindness-detection/train_images/a505981d1cab.png,2144,1424,3.05,2.596,0.841,62.12681579589844,23.90793914896452,51.72406385629438,2a1eb3b532c97ebd35b34812ed2bbffc,d0f0f0e0e0c4c4c0,False,2144x1424
a528be013a04,0,/kaggle/input/competitions/aptos2019-blindness-detection/train_images/a528be013a04.png,1050,1050,1.1,1.03,1.0,64.98591613769531,37.80942410667758,113.33196428022347,4c695cffa82de4c1d4be77a77e5e7264,f0f0e0c0c4e0e8e0,False,1050x1050
a53d6d2472a6,0,/kaggle/input/competitions/aptos2019-blindness-detection/train_images/a53d6d2472a6.png,1050,1050,1.1,1.09,1.0,74.7724609375,41.50104253677369,124.0850972533226,da4134e952253726d2a923468b6e7f34,f0e0c0c0c4c0e0f0,False,1050x1050
a56230242a95,2,/kaggle/input/competitions/aptos2019-blindness-detection/train_images/a56230242a95.png,1504,1000,1.5,1.272,0.84,101.43965148925781,39.80917297961518,154.760777390562,20ace75a463236852918e4455195a6e0,d2e0e0d0c484e0f8,False,1504x1000
a56729de89e9,2,/kaggle/input/competitions/aptos2019-blindness-detection/train_images/a56729de89e9.png,1050,1050,1.1,0.921,1.0,88.02796936035156,44.53692461996596,167.08019944932312,cf4cb4d44863ae308d4c74b079b13c0a,f0f8fceeeed8c8f0,False,1050x1050
a5a2a7003d60,1,/kaggle/input/competitions/aptos2019-blindness-detection/train_images/a5a2a7003d60.png,2416,1736,4.19,2.431,0.934,86.89045715332031,31.971728374952352,162.53566831257194,1b9fe8efacffb1bb96efe17f9ea42f99,f2f0f8eccccc8ccc,False,2416x1736
a5bb85afc6e8,0,/kaggle/input/competitions/aptos2019-blindness-detection/train_images/a5bb85afc6e8.png,1050,1050,1.1,1.045,1.0,91.47705078125,49.12355835087793,197.97707364615053,c26e5de1f66596117bd93f59e26d6fd7,f0f0f8dcd8f8f0f0,False,1050x1050
a5c9a8c726b2,4,/kaggle/input/competitions/aptos2019-blindness-detection/train_images/a5c9a8c726b2.png,1050,1050,1.1,1.029,1.0,72.56602478027344,40.51798749506526,97.70096158585511,67e96a74984cf42db96ac6a476415162,f0e0e0c0c0e0f0f0,False,1050x1050
a61723fc38c2,0,/kaggle/input/competitions/aptos2019-blindness-detection/train_images/a61723fc38c2.png,1050,1050,1.1,1.04,1.0,79.05377197265625,42.76354418041001,136.06856288551353,5aae3bd77a050b2ddbb9a21aeafb8e68,f0f8fcdcfcf8f0f0,False,1050x1050
a627eb8c08c5,0,/kaggle/input/competitions/aptos2019-blindness-detection/train_images/a627eb8c08c5.png,819,614,0.5,0.314,0.606,79.11027526855469,43.35208483910978,146.60731964930892,45bbdc6b98010112f187e4e241776323,f0e0c0c0888eccf0,False,819x614
a62e995f167c,0,/kaggle/input/competitions/aptos2019-blindness-detection/train_images/a62e995f167c.png,2048,1536,3.15,1.674,0.605,63.77030944824219,35.16902403954349,107.45468240021728,2923d6814fc02664b5efd98ac7b2452e,f08c820682c0c0e0,False,2048x1536
a62ea0043aa7,2,/kaggle/input/competitions/aptos2019-blindness-detection/train_images/a62ea0043aa7.png,2416,1736,4.19,2.265,0.935,80.57279968261719,29.890651206554768,129.9131183028221,8d813e43dc9ce4a30aadebbada737551,e2e0e8c8ccc8c0c4,False,2416x1736
a6356a3c5d11,0,/kaggle/input/competitions/aptos2019-blindness-detection/train_images/a6356a3c5d11.png,2588,1958,5.07,5.501,1.0,66.79241943359375,26.691919915495912,50.27135156095028,072cff548ada4a558b6bdd1d6155de04,f0f0f0c4f4f0f0f8,False,2588x1958
a64273801bde,2,/kaggle/input/competitions/aptos2019-blindness-detection/train_images/a64273801bde.png,2588,1958,5.07,5.6,1.0,87.05064392089844,30.881631835559872,54.8643507452216,00e973bf2afe952a2d281edba2411b71,e0e0f0f89cdcf8f0,False,2588x1958
a646c084928c,0,/kaggle/input/competitions/aptos2019-blindness-detection/train_images/a646c084928c.png,1050,1050,1.1,0.89,1.0,72.97811889648438,38.9983110546315,108.31022784020752,31965ba0980d07727a0ad74c6c4ce625,f0f8f8fcdcfcfcf0,False,1050x1050
a654b25124c3,0,/kaggle/input/competitions/aptos2019-blindness-detection/train_images/a654b25124c3.png,1050,1050,1.1,1.004,1.0,77.43333435058594,42.490493741268,129.72021923749708,d044e54e66bb21c7ed392f6f6434dfad,f0f0e0e0e0f0f8f0,False,1050x1050
a664d2055886,2,/kaggle/input/competitions/aptos2019-blindness-detection/train_images/a664d2055886.png,2416,1736,4.19,2.424,0.934,94.42276000976562,34.35209841945389,203.82403196184896,b380a009ac4396711e5de7d180422849,ece0d4e6cfe4a6c4,False,2416x1736
a66c3165876f,2,/kaggle/input/competitions/aptos2019-blindness-detection/train_images/a66c3165876f.png,2416,1736,4.19,2.019,0.935,61.97419738769531,24.031460603791135,73.04322841390967,d8a98689b508ba7f548ea487c5779302,c2a0e020909880c0,False,2416x1736
a673193cd5a9,0,/kaggle/input/competitions/aptos2019-blindness-detection/train_images/a673193cd5a9.png,1050,1050,1.1,1.013,1.0,83.63633728027344,44.98704915948198,209.37115804757923,dcdf286761041c5402e057d101b5997a,f0f8bc9cf8f0f2f0,False,1050x1050
a6731dd737af,0,/kaggle/input/competitions/aptos2019-blindness-detection/train_images/a6731dd737af.png,1050,1050,1.1,1.087,1.0,48.30549621582031,30.417011024020123,89.49426755285822,ccf7243dacd74d625a515f96d47f3adb,f0e0c0c0c4c0e0f0,False,1050x1050
a688f20f8895,2,/kaggle/input/competitions/aptos2019-blindness-detection/train_images/a688f20f8895.png,3216,2136,6.87,2.098,0.842,89.48562622070312,32.933566752315706,106.27890533208847,9862d53cdeeae8b60cb114811b648ed9,d0e0e0c8cccc92c0,False,3216x2136
a6b6d27c1b32,0,/kaggle/input/competitions/aptos2019-blindness-detection/train_images/a6b6d27c1b32.png,2048,1536,3.15,1.919,0.605,89.6114501953125,49.027320247100775,135.67692160233855,76514040dcbbe9afa2e2d1f5ce7610c9,f0e8e08084e0e0f0,False,2048x1536
a6c9e96a10d7,2,/kaggle/input/competitions/aptos2019-blindness-detection/train_images/a6c9e96a10d7.png,640,480,0.31,0.323,1.0,83.7579345703125,24.069401491637485,33.321926805889234,c0c7f13fef9a0c2fba9f0672922331b2,80c08088e8d0f0f0,False,640x480
a6d45de20e4d,4,/kaggle/input/competitions/aptos2019-blindness-detection/train_images/a6d45de20e4d.png,3216,2136,6.87,3.058,0.842,82.87081909179688,31.52785274280906,118.03590585640632,8bbc3adf64e8b09e573a8ad562b3c5f8,d0b0f0903c989ac4,False,3216x2136
a70d0f12a641,0,/kaggle/input/competitions/aptos2019-blindness-detection/train_images/a70d0f12a641.png,1050,1050,1.1,1.098,1.0,85.78286743164062,46.6022782916581,166.99337717494927,c6574b4d8c744491fb8e7aec3d98baca,f0f0f8fcdcfcf8f0,False,1050x1050
a721efb1e049,2,/kaggle/input/competitions/aptos2019-blindness-detection/train_images/a721efb1e049.png,3216,2136,6.87,2.898,0.842,90.3392333984375,33.995584574395835,132.19970752089284,cf3c1c6ed1ff997f80d10c0c7ac92c37,c8b8f87866e4a4cc,False,3216x2136
a73c3d516c59,0,/kaggle/input/competitions/aptos2019-blindness-detection/train_images/a73c3d516c59.png,819,614,0.5,0.353,0.931,56.18138122558594,29.247386045166984,78.70517193432897,b9d7a26a4693f638551dafc227ecf018,fcfcdc9c9eb2c0c0,False,819x614
a73d012c4c38,0,/kaggle/input/competitions/aptos2019-blindness-detection/train_images/a73d012c4c38.png,1050,1050,1.1,1.032,1.0,87.87629699707031,47.532454819477806,130.0370403965935,8656c5d6dd775a6aa3e1060c318652af,f0f8fcdefcf8e0f0,False,1050x1050
a75bab2463d4,1,/kaggle/input/competitions/aptos2019-blindness-detection/train_images/a75bab2463d4.png,2416,1736,4.19,2.344,0.934,80.17350769042969,31.7179889562073,117.43447174038738,6b82af09990c57a676fc03856e4b3400,f2e0e888888c90e8,False,2416x1736
a76132e79688,0,/kaggle/input/competitions/aptos2019-blindness-detection/train_images/a76132e79688.png,1050,1050,1.1,1.012,1.0,80.88362121582031,43.17999235516456,134.82140581216663,ab7148223018f2285297fe42e9648e24,f0fcfeeefcf8e0f0,False,1050x1050
a763661f98a5,3,/kaggle/input/competitions/aptos2019-blindness-detection/train_images/a763661f98a5.png,3216,2136,6.87,2.902,0.843,95.95149230957031,36.72352794588308,158.03106008470058,71c3e0e7dbb471d5707d223a06bea15e,fee2f0f8f8b8b8c0,False,3216x2136
a7673ac44509,0,/kaggle/input/competitions/aptos2019-blindness-detection/train_images/a7673ac44509.png,2588,1958,5.07,5.216,1.0,45.06706237792969,23.915874626616127,31.048925817012787,7f61b9db04b8317acd076b4001580911,e0e0e0c0c4c4c0e0,False,2588x1958
a76b69e443ce,4,/kaggle/input/competitions/aptos2019-blindness-detection/train_images/a76b69e443ce.png,2588,1958,5.07,5.042,1.0,47.29981994628906,24.648362543800502,14.563930842792615,84966f9b4cc97c4c26d8aa970356fe0d,f0f0c0ccecf0f0f0,True,2588x1958
a77dbec966d4,1,/kaggle/input/competitions/aptos2019-blindness-detection/train_images/a77dbec966d4.png,2588,1958,5.07,4.493,0.997,74.96754455566406,30.90027401682761,62.82110592140816,fd8b3a945eae1631c05f0a112d0960c4,e0c08088c8e0e0e0,False,2588x1958
a77eb914b383,0,/kaggle/input/competitions/aptos2019-blindness-detection/train_images/a77eb914b383.png,819,614,0.5,0.451,0.931,70.39918518066406,55.22762096210483,182.6142632625997,30a2c9878fcfaf0cf95fb18ecfce3957,f0e0c0c4c6c2e8e0,False,819x614
a790a3b36390,2,/kaggle/input/competitions/aptos2019-blindness-detection/train_images/a790a3b36390.png,2416,1736,4.19,2.218,0.934,58.245880126953125,23.05413282423832,54.84605305059813,956dc1e9d7f15ada09fbbe8e580488e2,e8f0f0efde9e8ccc,False,2416x1736
a7b03e58a6e1,0,/kaggle/input/competitions/aptos2019-blindness-detection/train_images/a7b03e58a6e1.png,1050,1050,1.1,1.077,1.0,68.62197875976562,38.07982861700569,105.96666565327905,16f4b97a76e32802a5ff2eff7ea22654,f0f0e0c0c4e0f0f0,False,1050x1050
a7b0d0c51731,2,/kaggle/input/competitions/aptos2019-blindness-detection/train_images/a7b0d0c51731.png,1504,1000,1.5,1.306,0.838,79.24423217773438,30.50211635057578,95.80934422370046,700273276919a1b23331825d9b4e6108,c090b032b28080c0,False,1504x1000
a7b7dc8788b9,2,/kaggle/input/competitions/aptos2019-blindness-detection/train_images/a7b7dc8788b9.png,3216,2136,6.87,2.902,0.843,95.78111267089844,36.02156248959297,137.24199615395628,f2af48dca8f5541564089bac16c5b984,f0c0c4c4c4c0c2e4,False,3216x2136
a7c10ca6c117,0,/kaggle/input/competitions/aptos2019-blindness-detection/train_images/a7c10ca6c117.png,1050,1050,1.1,1.012,1.0,75.37516784667969,43.18173188054213,102.73974441713654,a7053e09ee2ea68f9b96d4d9d9912ebc,f0f8fcfcfcf0e0f0,False,1050x1050
a7ec056502e7,1,/kaggle/input/competitions/aptos2019-blindness-detection/train_images/a7ec056502e7.png,4288,2848,12.21,5.25,0.81,77.42727661132812,30.614734757269396,102.30337701644748,a525167e627330319c85bee52988ce31,f0f0e86cee8ea4cc,False,4288x2848
a804cef3e51f,2,/kaggle/input/competitions/aptos2019-blindness-detection/train_images/a804cef3e51f.png,3216,2136,6.87,2.656,0.842,81.30720520019531,30.637138368351188,102.01369941211306,ed87d208fb86e6fb54d7ea3b9ccee057,e2e0e0c8c880c2c4,False,3216x2136
a80dab8eddf4,3,/kaggle/input/competitions/aptos2019-blindness-detection/train_images/a80dab8eddf4.png,2416,1736,4.19,2.401,0.934,93.18434143066406,34.567255331624835,210.52078939881176,645acb0155de1527d196598949e436d3,c2c8a4919999cac6,False,2416x1736
a81b06f50612,4,/kaggle/input/competitions/aptos2019-blindness-detection/train_images/a81b06f50612.png,4288,2848,12.21,4.688,0.822,56.981842041015625,31.39246442043273,43.00634403130971,85639d52a566bb5a1a068caa25a1d728,e0e0e0e0e0c0c0c0,False,4288x2848
a821b6ecef33,0,/kaggle/input/competitions/aptos2019-blindness-detection/train_images/a821b6ecef33.png,819,614,0.5,0.32,0.606,65.64031982421875,38.99660919686211,95.61444282159209,f120e7d45439708391735fe088ed0f60,f0e0c0c4c6e0e8f0,False,819x614
a8263d248523,0,/kaggle/input/competitions/aptos2019-blindness-detection/train_images/a8263d248523.png,2588,1958,5.07,5.261,1.0,38.70549011230469,24.663714394820822,50.08556957519613,d07513b85f8765649aa40e592a4615f7,f8fcfcfeeef8f8f8,True,2588x1958
a82a12ad3fb1,0,/kaggle/input/competitions/aptos2019-blindness-detection/train_images/a82a12ad3fb1.png,819,614,0.5,0.313,0.931,45.01713562011719,25.085521980528178,36.714404460042715,ab88c8260eb730efc17b2f319e8eee05,d8a0c0c6c682f0f0,False,819x614
a8582e346df0,1,/kaggle/input/competitions/aptos2019-blindness-detection/train_images/a8582e346df0.png,2416,1736,4.19,1.759,0.934,77.78996276855469,28.1605308978768,86.76705191191286,7466afedd7c8d829f842228478bc65ee,f8f8fafebcb8b8f8,False,2416x1736
a85cda5f725d,0,/kaggle/input/competitions/aptos2019-blindness-detection/train_images/a85cda5f725d.png,1050,1050,1.1,0.779,1.0,74.95527648925781,39.51326981079388,109.77938169147819,d22fa74c0d9d146bf1542bc02f558b1b,f0f0f8fc9cf8f0f0,False,1050x1050
a86128b601a7,0,/kaggle/input/competitions/aptos2019-blindness-detection/train_images/a86128b601a7.png,1050,1050,1.1,1.01,1.0,86.64152526855469,46.68874182473207,164.33669286873192,0fbf22a955219c57a5a9f6ba961a08d3,f0fcfcdcfcf8e0f0,False,1050x1050
a8652b2de23f,2,/kaggle/input/competitions/aptos2019-blindness-detection/train_images/a8652b2de23f.png,2416,1736,4.19,1.87,0.935,86.37413024902344,37.584012276861465,213.23546338733286,d3cab8fe54bfac6fa1a7e1b88a35c83e,e2e2f3b1db97dede,False,2416x1736
a86c6283fd78,2,/kaggle/input/competitions/aptos2019-blindness-detection/train_images/a86c6283fd78.png,2416,1736,4.19,1.769,0.935,90.53216552734375,36.14255109366989,217.4603304916527,0f708fb4550d8909c28c6e38897c9dff,e6e28089c3c382c6,False,2416x1736
a879c3569552,2,/kaggle/input/competitions/aptos2019-blindness-detection/train_images/a879c3569552.png,3216,2136,6.87,3.365,0.842,91.45411682128906,35.185202928013275,115.58019078429788,4453d8fea8986e2092ac0165809bf1e9,f0e0b8ece8e0b0cc,False,3216x2136
a87f53bc984a,2,/kaggle/input/competitions/aptos2019-blindness-detection/train_images/a87f53bc984a.png,3216,2136,6.87,2.76,0.843,118.14024353027344,44.32624206037096,185.65271946578287,e54ccae625dc7eb98dc1587b06ccc7c9,f0e0c080888882c0,False,3216x2136
a88365134c3c,0,/kaggle/input/competitions/aptos2019-blindness-detection/train_images/a88365134c3c.png,1050,1050,1.1,1.046,1.0,80.99761962890625,45.49160347542691,133.95124930050224,90bd96de1a7fb8200f6a380f5a9a1eb1,f0f0f8fcdcf8f0f0,False,1050x1050
a8854768549f,0,/kaggle/input/competitions/aptos2019-blindness-detection/train_images/a8854768549f.png,2048,1536,3.15,1.931,0.604,77.30665588378906,46.16697608725319,96.21839046478271,fd61c343a550e10e92172d4221cd3fa9,f0f8fcdedefcf8f0,False,2048x1536
a88f68b0b114,2,/kaggle/input/competitions/aptos2019-blindness-detection/train_images/a88f68b0b114.png,3388,2588,8.77,7.071,0.868,81.8211669921875,32.50160379464476,149.80796747561544,a80b7d8de06e9d1f3567549f817d8f0d,c0e08080c0c0c0c0,False,3388x2588
a8a6588c8eb7,0,/kaggle/input/competitions/aptos2019-blindness-detection/train_images/a8a6588c8eb7.png,2048,1536,3.15,1.928,0.605,88.94508361816406,52.49128016486433,215.79145568609238,d386ad11ba2889254358d11c45fdb1d8,f0dcbaeeeee0e0f0,False,2048x1536
a8aed92940fb,0,/kaggle/input/competitions/aptos2019-blindness-detection/train_images/a8aed92940fb.png,819,614,0.5,0.273,0.606,68.35491943359375,38.83704283553692,105.00303119956516,5dd968252c260c7822d6a387d564c64f,f0fefececefcfcf0,False,819x614
a8b3c0961d42,0,/kaggle/input/competitions/aptos2019-blindness-detection/train_images/a8b3c0961d42.png,819,614,0.5,0.355,0.931,40.09074401855469,21.56461059690038,38.085828243754804,ce82f4aeaf10487bf37dee6ae470feaf,e4cec6d6d2c6e4e0,True,819x614
a8b637abd96b,0,/kaggle/input/competitions/aptos2019-blindness-detection/train_images/a8b637abd96b.png,2416,1736,4.19,2.234,0.934,80.03166198730469,30.94181070558476,115.15387759706937,6c6d0a03f7ddbc2958802f8de44d34c2,f8f8fc7e7cbc98c4,False,2416x1736
a8c54e2a4b79,1,/kaggle/input/competitions/aptos2019-blindness-detection/train_images/a8c54e2a4b79.png,3216,2136,6.87,2.687,0.842,106.14067077636719,39.78579350943071,150.8838574530091,170cfbfcd857032e43a4c0d5e1efb21d,d0e0e0c8ccc0c0e4,False,3216x2136
a8c950a99107,1,/kaggle/input/competitions/aptos2019-blindness-detection/train_images/a8c950a99107.png,2416,1736,4.19,2.415,0.934,57.67643737792969,21.674719255681417,47.04170816298574,b8f083c9c9454094a7870211bfb6fae0,d098f8f0d8c8c8cc,False,2416x1736
a8c9fcdbc0be,0,/kaggle/input/competitions/aptos2019-blindness-detection/train_images/a8c9fcdbc0be.png,2588,1958,5.07,5.306,1.0,54.58198547363281,22.697333942103835,35.04562218277715,b8d38a7634f0a3a48b7bcde9cdf2c16f,e8e8cc8ccce4f0f0,False,2588x1958
a8dea22ef903,0,/kaggle/input/competitions/aptos2019-blindness-detection/train_images/a8dea22ef903.png,1050,1050,1.1,1.067,1.0,80.78285217285156,45.74956887785547,149.2660298103001,fbe9804eef55ac57c00b851ea38dbc5a,f0f8fc9cfcf8f0f0,False,1050x1050
a8e08e7fe016,2,/kaggle/input/competitions/aptos2019-blindness-detection/train_images/a8e08e7fe016.png,2416,1736,4.19,2.463,0.934,67.78524780273438,29.778288802965694,94.85961458436213,4b8d39c5bdab7f3e9a1a51d91e714a18,f6f0f066f2c686c4,False,2416x1736
a8e88d4891c4,3,/kaggle/input/competitions/aptos2019-blindness-detection/train_images/a8e88d4891c4.png,1504,1000,1.5,1.344,0.838,93.52664184570312,37.4280395748058,119.94097181316465,b7efca477da20c2db8ffd7a9a2867f2f,cea2d09090c0a0f8,False,1504x1000
a8eb35b3bcd2,2,/kaggle/input/competitions/aptos2019-blindness-detection/train_images/a8eb35b3bcd2.png,2416,1736,4.19,2.324,0.935,95.63499450683594,35.36446883352916,138.28757522045635,10eb063d684e8743fee1b5b978b4c2f5,d0f0f0f4faee8edc,False,2416x1736
a93f1ea3ff4a,2,/kaggle/input/competitions/aptos2019-blindness-detection/train_images/a93f1ea3ff4a.png,3216,2136,6.87,2.972,0.843,119.08503723144531,43.32115169940456,241.56548786815256,ce3a5ae7cf46125dc97a4857ae588e1a,c4a8f0e0c0ccc0c4,False,3216x2136
a94da3d3b5c0,0,/kaggle/input/competitions/aptos2019-blindness-detection/train_images/a94da3d3b5c0.png,2048,1536,3.15,1.968,0.602,47.806060791015625,28.048609101774655,64.4014756528195,326e366c4c22e4ad4314a6aad541e648,f0f8fcdc9cfefcf0,False,2048x1536
a95858e052d6,1,/kaggle/input/competitions/aptos2019-blindness-detection/train_images/a95858e052d6.png,3216,2136,6.87,2.293,0.843,104.45216369628906,38.388305352165446,156.1400198189076,d5bb5401fd6df35d4ea9c4e35dc7e00f,f0e0e0c0c4c4e0c0,False,3216x2136
a95d9d61ddd4,0,/kaggle/input/competitions/aptos2019-blindness-detection/train_images/a95d9d61ddd4.png,1050,1050,1.1,1.059,1.0,67.89350891113281,37.03860682268929,161.26875140867196,399a4e1c4aeed55208dad2f8ba4d20f4,f0fafcdedefcf8f0,False,1050x1050
a963ac561580,0,/kaggle/input/competitions/aptos2019-blindness-detection/train_images/a963ac561580.png,1050,1050,1.1,1.008,1.0,66.0067138671875,38.378908644620324,89.48284956719726,e846a5123a0a6c3de8cbab1c760462ff,f0e0c0c2e0e0f8f0,False,1050x1050
a96ff96bbae5,0,/kaggle/input/competitions/aptos2019-blindness-detection/train_images/a96ff96bbae5.png,1050,1050,1.1,0.954,1.0,83.18655395507812,43.40091183163272,137.02142344415188,a5e9ad191a2a1dfb3e5c8f842b2d31a2,f0fcdcdcfcf0e4f0,False,1050x1050
a987aa7aac37,0,/kaggle/input/competitions/aptos2019-blindness-detection/train_images/a987aa7aac37.png,1050,1050,1.1,0.982,1.0,83.30528259277344,44.540080540839256,129.0087327377405,dc62d64c2ae0daaa9b7007847496f72f,f0e8f8dc9cfcf8f0,False,1050x1050
a9a28c37c8c4,2,/kaggle/input/competitions/aptos2019-blindness-detection/train_images/a9a28c37c8c4.png,3216,2136,6.87,2.922,0.842,87.08111572265625,34.39580531357313,88.40829471475445,8d74f63dedd51a0e6a64080ad8e1d38a,f0e0c0c0e0e0b0fc,False,3216x2136
a9a3225cf4b5,0,/kaggle/input/competitions/aptos2019-blindness-detection/train_images/a9a3225cf4b5.png,1050,1050,1.1,0.989,1.0,87.38426208496094,47.950680847093984,143.8669101537671,ddfba25e3ed557a32f3ff1d7e76370d9,f0f0e0c0c4c0e0f0,False,1050x1050
a9b3177f01c0,0,/kaggle/input/competitions/aptos2019-blindness-detection/train_images/a9b3177f01c0.png,819,614,0.5,0.287,0.606,74.55070495605469,46.70698690282466,87.70106284110807,f5b76fb5ae3dd9060b2fdc75c257a102,f0f8fcfedefefcf0,False,819x614
a9bc2f892cb3,0,/kaggle/input/competitions/aptos2019-blindness-detection/train_images/a9bc2f892cb3.png,819,614,0.5,0.378,0.931,50.22599792480469,25.91448401849475,62.83969813003205,dae2e8f6a205ddfb67195c00b21617e2,fcfaa8b8b8e4e0e0,False,819x614
a9c7b83caf81,2,/kaggle/input/competitions/aptos2019-blindness-detection/train_images/a9c7b83caf81.png,2588,1958,5.07,3.737,1.0,54.072509765625,26.072929050967396,37.86999326851219,c3792078ff77096f22e70ce9e7771746,f8f8dc9cf8f8f0d0,False,2588x1958
a9d0c900b6a9,2,/kaggle/input/competitions/aptos2019-blindness-detection/train_images/a9d0c900b6a9.png,2588,1958,5.07,5.217,1.0,57.44010925292969,27.479028349559876,20.535638596862555,ed86d0040ce56488b157705895c173ac,e0e0e0e0e0f2e0f0,True,2588x1958
a9dc80cba9a4,0,/kaggle/input/competitions/aptos2019-blindness-detection/train_images/a9dc80cba9a4.png,2588,1958,5.07,5.137,1.0,43.684844970703125,20.500152880596314,23.576486397301778,462449908b5ce523695ef9152be76f98,f0f0f8fcfcdcf8f8,True,2588x1958
a9e3d186cd1b,0,/kaggle/input/competitions/aptos2019-blindness-detection/train_images/a9e3d186cd1b.png,819,614,0.5,0.321,0.606,65.02099609375,37.881535457233525,103.10843230015598,99fb0e38e485a76b81d80c955e3f7fce,f0f8fcfecefefcf0,False,819x614
a9e984b57556,3,/kaggle/input/competitions/aptos2019-blindness-detection/train_images/a9e984b57556.png,1504,1000,1.5,1.367,0.838,58.49432373046875,25.799492211017846,61.48189907311462,d4fde9f76b4e7cc88059684cf9dc0ed2,e0e08090d0c0c0f0,False,1504x1000
aa0afc41ed19,2,/kaggle/input/competitions/aptos2019-blindness-detection/train_images/aa0afc41ed19.png,2416,1736,4.19,2.122,0.935,71.74539184570312,26.061919093501213,99.36381136532873,c8ee56249cf2960513b13dc5cfad878d,d8bcf6777cf8badc,False,2416x1736
aa10a4b2e709,0,/kaggle/input/competitions/aptos2019-blindness-detection/train_images/aa10a4b2e709.png,1050,1050,1.1,1.066,1.0,78.34782409667969,43.348927223406925,119.18247669842094,5a6d2ef288ceca6932b3ff1b329008c5,f0f0f8fcdcf8f8f0,False,1050x1050
aa31bc6b8f4d,2,/kaggle/input/competitions/aptos2019-blindness-detection/train_images/aa31bc6b8f4d.png,3216,2136,6.87,2.563,0.843,102.13282775878906,37.76007001029001,153.84921968635172,3cc5d4b2019da888cf2c4871ed8886ed,f8f0e8ece8f898c4,False,3216x2136
aa4407aab872,0,/kaggle/input/competitions/aptos2019-blindness-detection/train_images/aa4407aab872.png,1050,1050,1.1,1.052,1.0,84.8258056640625,45.47038552777252,150.5329022759106,ad0508f78907e33d7ede9b017f71dbb6,f0e0e0e2e0f0f8f0,False,1050x1050
aa5ce75edcf5,2,/kaggle/input/competitions/aptos2019-blindness-detection/train_images/aa5ce75edcf5.png,2416,1736,4.19,2.432,0.935,53.90464782714844,21.705803225886527,71.79410046245903,3ff0b7f0b6bd1e68bb194e58170ab513,c0a0e060428282c0,False,2416x1736
aa60813e1a8d,0,/kaggle/input/competitions/aptos2019-blindness-detection/train_images/aa60813e1a8d.png,2588,1958,5.07,5.452,1.0,51.931182861328125,24.45918755801795,48.11124781309627,6347765381af5666030b6e881328a14e,f0f8fcfee6f4f8f0,False,2588x1958
aa6242f9e08c,0,/kaggle/input/competitions/aptos2019-blindness-detection/train_images/aa6242f9e08c.png,2048,1536,3.15,1.86,0.605,111.83798217773438,63.52960448465913,210.57337222155184,8477ba5d1a01706dc1d04f8227b273b5,f0fcfefef8f8f0f0,False,2048x1536
aa6673241154,4,/kaggle/input/competitions/aptos2019-blindness-detection/train_images/aa6673241154.png,2416,1736,4.19,2.155,0.934,77.26266479492188,28.5837153905125,100.55971283442341,077432c187d0c5987567204dab14f4f8,f4f0f0f8b8b898dc,False,2416x1736
aa841de1ee82,2,/kaggle/input/competitions/aptos2019-blindness-detection/train_images/aa841de1ee82.png,2588,1958,5.07,5.585,1.0,76.86112976074219,34.83720316288209,58.266085013747215,a0d9e3d16997e091991ee8e5d58655eb,f0e0e0c0c0c0c0e0,False,2588x1958
aa8a1e814811,0,/kaggle/input/competitions/aptos2019-blindness-detection/train_images/aa8a1e814811.png,1050,1050,1.1,0.961,1.0,84.58171081542969,46.418515983139926,134.33450700133108,36a39962f6f54d38a6f1f217d2510c73,f0e0e0c0c0c6c0f0,False,1050x1050
aa94cc4bfd84,0,/kaggle/input/competitions/aptos2019-blindness-detection/train_images/aa94cc4bfd84.png,1050,1050,1.1,0.966,1.0,73.86619567871094,40.20335645753295,105.40455674286932,43ea326d1158df7f7dfafe277aa968a8,f0e0c0c0e0e0f0f0,False,1050x1050
aa9b8f05f4bf,2,/kaggle/input/competitions/aptos2019-blindness-detection/train_images/aa9b8f05f4bf.png,2416,1736,4.19,2.009,0.934,81.35784912109375,29.612017455681652,105.99273786600679,e8019ffc3523bff07cb3b8a3b5d4c37d,c0e0f0787eae8ecc,False,2416x1736
aa9cfe639ef1,2,/kaggle/input/competitions/aptos2019-blindness-detection/train_images/aa9cfe639ef1.png,3388,2588,8.77,4.523,0.873,73.71080017089844,31.134836576406045,150.91120038903318,05eb15784d0fa219fc78474302873dd0,d0f8f0eae8f0a8c0,False,3388x2588
aaaadb174012,0,/kaggle/input/competitions/aptos2019-blindness-detection/train_images/aaaadb174012.png,1050,1050,1.1,0.966,1.0,91.18646240234375,47.00688696046483,171.5855407565832,5b0796e2b0432b65e9c12b1c9cd591dc,f0f8fcdcfcf8e0f0,False,1050x1050
aabd867043cf,0,/kaggle/input/competitions/aptos2019-blindness-detection/train_images/aabd867043cf.png,1050,1050,1.1,0.93,1.0,86.14839172363281,44.659374325284155,143.8027872890234,379759495eccdf87b7dffd431bdb04f8,f0f0c0c0c0c0c0f0,False,1050x1050
aad0c0ee9268,2,/kaggle/input/competitions/aptos2019-blindness-detection/train_images/aad0c0ee9268.png,1050,1050,1.1,1.057,1.0,87.65284729003906,48.05387825750162,144.65858516003937,9132ed2e577b2a6d8c4fef78b84689cb,f0f0f8fcf8f0ecf0,False,1050x1050
aae8f9f3ef8c,3,/kaggle/input/competitions/aptos2019-blindness-detection/train_images/aae8f9f3ef8c.png,3216,2136,6.87,2.701,0.842,102.58990478515625,38.32414733794331,168.48375847539864,103204ee1aa38d1ead4c4fd3780c74e8,dcb0f471fcdcfcfc,False,3216x2136
aafb0c944f14,0,/kaggle/input/competitions/aptos2019-blindness-detection/train_images/aafb0c944f14.png,1050,1050,1.1,1.071,1.0,81.17413330078125,44.00429527658489,155.40105722821318,28a838dc5a05d45e82b9a2f10d7c882c,f0e0c0c0c4c0e0f0,False,1050x1050
aafe980edd0c,0,/kaggle/input/competitions/aptos2019-blindness-detection/train_images/aafe980edd0c.png,1050,1050,1.1,1.059,1.0,74.62388610839844,40.326538133925055,118.62843299261294,3a71c9c016a1d9f44918a7c33ed0197d,f0f0e0c0c4e0e0f0,False,1050x1050
ab03d50bba2f,0,/kaggle/input/competitions/aptos2019-blindness-detection/train_images/ab03d50bba2f.png,2048,1536,3.15,1.656,0.605,66.45353698730469,40.346687243325405,87.52715059719048,1c20165f8bd94661fce6266003dd50e0,f0c08084c8c0e0f0,False,2048x1536
ab1c20a94f3f,4,/kaggle/input/competitions/aptos2019-blindness-detection/train_images/ab1c20a94f3f.png,1050,1050,1.1,0.949,1.0,93.17916870117188,51.297861101665994,153.3413980563637,708c323e81cb6abc201e1249ab4c36ff,f0f4d4a4e4e48cf0,False,1050x1050
ab32db41c409,0,/kaggle/input/competitions/aptos2019-blindness-detection/train_images/ab32db41c409.png,2588,1958,5.07,5.724,1.0,81.08700561523438,36.21362287229199,84.96542077884078,136128fc43c031cf6e1b989af0d9a049,e0e0c0c0c8c0e0e0,False,2588x1958
ab3c505b624f,0,/kaggle/input/competitions/aptos2019-blindness-detection/train_images/ab3c505b624f.png,819,614,0.5,0.289,0.61,81.50032043457031,46.29888740558436,111.09184733196162,997ac61b1111222f6bb5911bbf8134db,f0e0c0808cc0e0f0,False,819x614
ab50123abadb,2,/kaggle/input/competitions/aptos2019-blindness-detection/train_images/ab50123abadb.png,1504,1000,1.5,1.326,0.838,68.93019104003906,28.632786819994074,71.56899280636571,374fb66d60f97af7ff2c679f81063fbb,e8c0e2f2e2c286cc,False,1504x1000
ab653b8554c0,0,/kaggle/input/competitions/aptos2019-blindness-detection/train_images/ab653b8554c0.png,1050,1050,1.1,0.976,1.0,92.08218383789062,48.333702002171925,160.9594122970011,82f56a1d71132b2e578440fb83c57234,f0f8fcdefcfce8f0,False,1050x1050
ab686895533e,0,/kaggle/input/competitions/aptos2019-blindness-detection/train_images/ab686895533e.png,1050,1050,1.1,1.067,1.0,88.78910827636719,47.551921257007706,183.97903662151657,a97d0bcfe7e0f1c4b09e7d21ecb2f214,f0e0a0c0c4c0e0f0,False,1050x1050
ab724603ee93,0,/kaggle/input/competitions/aptos2019-blindness-detection/train_images/ab724603ee93.png,2048,1536,3.15,2.002,0.604,55.33784484863281,34.33834755327209,74.24756982550025,15b46b54d94e6521c0dc3eb952bd444c,f0e0e0e3e2e0ece0,False,2048x1536
ab78a66dee6a,0,/kaggle/input/competitions/aptos2019-blindness-detection/train_images/ab78a66dee6a.png,1050,1050,1.1,0.934,1.0,89.02571105957031,46.38953324962619,168.38668637629598,358ee8dbb27c8f9407f8fe92b2dc5b71,f0e0c0c0c0e0d0f0,False,1050x1050
ab7991df166b,0,/kaggle/input/competitions/aptos2019-blindness-detection/train_images/ab7991df166b.png,819,614,0.5,0.349,0.931,43.640472412109375,24.014858990131284,34.58385078026913,110f96d0ef924adb57a27236b38170ce,f0faced4d2d0e0f0,False,819x614
ab88081e5654,0,/kaggle/input/competitions/aptos2019-blindness-detection/train_images/ab88081e5654.png,2048,1536,3.15,1.653,0.604,45.527374267578125,27.47853079591791,66.19999767071567,ccd9c011f4a04a4a1beb008a87896403,f0c0c0c4c6c4e0f0,False,2048x1536
aba3063c5413,3,/kaggle/input/competitions/aptos2019-blindness-detection/train_images/aba3063c5413.png,2416,1736,4.19,2.07,0.935,69.69277954101562,29.307729349487047,93.95864793448709,1fcc40936f6a1220f03281af434502db,c0c0e0a00180c0c0,False,2416x1736
ababe19ed448,1,/kaggle/input/competitions/aptos2019-blindness-detection/train_images/ababe19ed448.png,2588,1958,5.07,4.605,1.0,73.99955749511719,31.43380782050087,53.441045235609636,740b4b709c71e37ab547921c308b6407,f0f8fcfcfcfcf8f8,False,2588x1958
abbb8791785e,0,/kaggle/input/competitions/aptos2019-blindness-detection/train_images/abbb8791785e.png,1050,1050,1.1,1.029,1.0,81.16593933105469,45.35289087635441,125.09051742311567,84c48077faba369dbc11c740fd4e33b6,f0f0f8fcdcfcf8f0,False,1050x1050
abdb365cacbc,1,/kaggle/input/competitions/aptos2019-blindness-detection/train_images/abdb365cacbc.png,2416,1736,4.19,1.958,0.934,81.4046630859375,29.346456049243166,100.96943404315971,61d4261984ef9ef07647ef4b35bba61b,d0f8f86eeef8b4c4,False,2416x1736
abe940882578,0,/kaggle/input/competitions/aptos2019-blindness-detection/train_images/abe940882578.png,1050,1050,1.1,0.917,1.0,81.4564208984375,42.93908413747354,123.59241342451423,2f99f90525401b90841e0e189c3ad5a6,f0c08080c0e0f0f0,False,1050x1050
abf09c44d5f4,2,/kaggle/input/competitions/aptos2019-blindness-detection/train_images/abf09c44d5f4.png,3216,2136,6.87,3.147,0.842,81.30499267578125,31.717669462428603,99.28980198292993,ecfdb68ebc72697f618b3fe0c463940b,f0f0e0e0c0c0e0e0,False,3216x2136
abf0f56c6f12,2,/kaggle/input/competitions/aptos2019-blindness-detection/train_images/abf0f56c6f12.png,3216,2136,6.87,2.034,0.842,96.57485961914062,35.74281350602502,119.31915442436002,7cd8b87e27097d46a8a5cdcb73834006,e0e0e08088c0e2c0,False,3216x2136
ac0a48ccbf70,0,/kaggle/input/competitions/aptos2019-blindness-detection/train_images/ac0a48ccbf70.png,819,614,0.5,0.361,0.931,49.054046630859375,25.5560908235286,45.770667657256126,2f0e9e7d490359152b65aa0dd0d784bd,ecc6c6d6d2d0e8e8,False,819x614
ac1667fac512,0,/kaggle/input/competitions/aptos2019-blindness-detection/train_images/ac1667fac512.png,1050,1050,1.1,0.932,1.0,73.0390625,39.689132056132706,111.14427486713976,75724b6d2aa67b6fe9a1678c996afb69,f0e0e0e2e2e0f0f0,False,1050x1050
ac17cc18a994,0,/kaggle/input/competitions/aptos2019-blindness-detection/train_images/ac17cc18a994.png,1050,1050,1.1,0.959,1.0,84.16250610351562,44.142630158756134,141.5476025713142,29bd0ee28dc87f49aa4ec8f81f342be2,f0e0c0c4e0e0f0f0,False,1050x1050
ac2c814949f9,2,/kaggle/input/competitions/aptos2019-blindness-detection/train_images/ac2c814949f9.png,3216,2136,6.87,2.649,0.842,95.40278625488281,34.7192630324025,169.92217287770472,a43170958dd1847682aea0859e0cd3e2,c2b0f072deac88c0,False,3216x2136
ac5b5dddf91b,2,/kaggle/input/competitions/aptos2019-blindness-detection/train_images/ac5b5dddf91b.png,2416,1736,4.19,2.135,0.934,69.98123168945312,29.99079878910083,76.05568642076105,7e56375c84abf00da097b0707d17f638,d890b04080b6b6c4,False,2416x1736
ac720570dd0f,2,/kaggle/input/competitions/aptos2019-blindness-detection/train_images/ac720570dd0f.png,2588,1958,5.07,5.029,1.0,43.22918701171875,26.536542237066172,19.03877037554048,3f73944a150d9209fddbae3ad7c47e8f,f0f8f8fefffefef8,True,2588x1958
ac81fc200162,0,/kaggle/input/competitions/aptos2019-blindness-detection/train_images/ac81fc200162.png,2588,1958,5.07,5.374,1.0,50.83735656738281,26.005264742090386,46.177122296532616,a59354a2b59f4a0c3208d101d857f77c,f8f8fcfcfeeefaf0,False,2588x1958
aca88f566228,2,/kaggle/input/competitions/aptos2019-blindness-detection/train_images/aca88f566228.png,3216,2136,6.87,5.657,0.842,67.742431640625,26.491520585553033,68.49397995974869,3b0291e1bd8aee40226b1808c916eb8a,f0f8f0eceee2f0d8,False,3216x2136
acc9f29538c4,2,/kaggle/input/competitions/aptos2019-blindness-detection/train_images/acc9f29538c4.png,3216,2136,6.87,2.755,0.842,93.93907165527344,34.5632010060789,116.82441112003289,50e3984d6a5342deae627833d5cf18a8,f8fcf0eceafebcf8,False,3216x2136
ace2281f00c4,0,/kaggle/input/competitions/aptos2019-blindness-detection/train_images/ace2281f00c4.png,2048,1536,3.15,1.94,0.605,76.95588684082031,43.85582476614521,129.65171433403157,780e775a4f6c48a09cb672c7f2bc74e7,f0f8fe9ecefcfcf0,False,2048x1536
ace287a5c991,0,/kaggle/input/competitions/aptos2019-blindness-detection/train_images/ace287a5c991.png,819,614,0.5,0.423,0.931,59.38423156738281,35.382320800901404,101.9507731795311,beac5bee39285d12a6a69c3f192b04a1,f8f89cbcaac8d0f0,False,819x614
acf976efd7ce,0,/kaggle/input/competitions/aptos2019-blindness-detection/train_images/acf976efd7ce.png,1050,1050,1.1,1.031,1.0,81.68736267089844,44.38330436671937,134.30293558328412,60819d27f69c29c06494e375bfb8a932,f0fcfedefcf8f0f0,False,1050x1050
ad029ba7fa8b,0,/kaggle/input/competitions/aptos2019-blindness-detection/train_images/ad029ba7fa8b.png,819,614,0.5,0.288,0.61,99.70973205566406,55.598249640170906,328.35191287263297,126d23a5137e8f9d363309e1260b252d,f0ce862f8fbafcf0,False,819x614
ad12cde115ab,0,/kaggle/input/competitions/aptos2019-blindness-detection/train_images/ad12cde115ab.png,2048,1536,3.15,1.983,0.604,58.247222900390625,34.72455845563893,79.86424283846281,41805c7c51a54e19f022a04ebdd54d7f,f0d0f26e68f8d8f0,False,2048x1536
ad1aa75d5630,0,/kaggle/input/competitions/aptos2019-blindness-detection/train_images/ad1aa75d5630.png,2048,1536,3.15,1.912,0.604,87.63316345214844,47.32269376969164,133.23605557437986,0735b7859f70404d21e3f4f21ad38d0d,f0f8f0c0c2e0e0f0,False,2048x1536
ad1f7445b1a8,1,/kaggle/input/competitions/aptos2019-blindness-detection/train_images/ad1f7445b1a8.png,2416,1736,4.19,2.431,0.934,85.53732299804688,32.07638129335398,114.37405201420188,7f82c37bab4fa22328629427bd4917d9,f0f8f8fcfcf8f8d4,False,2416x1736
ad20080452de,0,/kaggle/input/competitions/aptos2019-blindness-detection/train_images/ad20080452de.png,1050,1050,1.1,0.891,1.0,76.17500305175781,41.2988568773545,105.2328641449567,5eb354c799cc2fcee852ee72a76e2d7d,f0f8fcfcdcfcf8f0,False,1050x1050
ad2f0b9d059c,3,/kaggle/input/competitions/aptos2019-blindness-detection/train_images/ad2f0b9d059c.png,640,480,0.31,0.343,1.0,95.97785949707031,19.452241317988197,37.64210733398795,b02fdefda9d59112df112070e2f87f14,c0e080a060e0e8b8,False,640x480
ad312ca98202,0,/kaggle/input/competitions/aptos2019-blindness-detection/train_images/ad312ca98202.png,1050,1050,1.1,1.019,1.0,80.33023071289062,43.48890371697577,125.97764282580465,45295dd099fd3852720c4423590a5629,f0e0e0e2e0f0f0f0,False,1050x1050
ad3fc5076852,1,/kaggle/input/competitions/aptos2019-blindness-detection/train_images/ad3fc5076852.png,2416,1736,4.19,2.158,0.934,70.17770385742188,25.958945641898815,89.42758096917532,ed940a183a253ed93949ed5c7c7715dc,f2f8f8a8989c8ecc,False,2416x1736
ad570b850a4f,2,/kaggle/input/competitions/aptos2019-blindness-detection/train_images/ad570b850a4f.png,2588,1958,5.07,5.237,1.0,56.79963684082031,25.492197685026124,32.18024337454699,9448ebc1735efa5d8f653594840eaa55,f0f8cccce8e0f0f0,False,2588x1958
ad6b07d5c338,0,/kaggle/input/competitions/aptos2019-blindness-detection/train_images/ad6b07d5c338.png,2048,1536,3.15,1.942,0.605,80.07562255859375,45.6686560748585,128.4825102740433,f5d6ade4838e58f3f6553123f597b8ab,f0f0f6feeeeefcf0,False,2048x1536
ad93d88c87ea,0,/kaggle/input/competitions/aptos2019-blindness-detection/train_images/ad93d88c87ea.png,1050,1050,1.1,1.056,1.0,79.90191650390625,42.51109752846966,138.101522362791,98d651c84d2e70743744d32be9a63c11,f0e0c0c4c0c0e0f0,False,1050x1050
ad944bd56bb6,0,/kaggle/input/competitions/aptos2019-blindness-detection/train_images/ad944bd56bb6.png,2048,1536,3.15,1.917,0.605,76.44790649414062,45.4994007369217,189.58828932768665,84f1d84c55c8977e61d8e06ab0331f70,f09ebe7edcfcfcf0,False,2048x1536
adb56cecafaf,3,/kaggle/input/competitions/aptos2019-blindness-detection/train_images/adb56cecafaf.png,2416,1736,4.19,2.313,0.935,73.61216735839844,30.230797959867857,88.78253456111997,6e12e80152650ad7500a1ce5c0c45489,d0b8f0fcfcf8f8f0,False,2416x1736
add1d681d712,2,/kaggle/input/competitions/aptos2019-blindness-detection/train_images/add1d681d712.png,640,480,0.31,0.343,1.0,90.92646789550781,22.568780048947552,48.44832742563449,ae50810079abe56a6b3b03bbd0ba2b2b,b261f0f0b02c0e8c,False,640x480
addf66a50f42,0,/kaggle/input/competitions/aptos2019-blindness-detection/train_images/addf66a50f42.png,1050,1050,1.1,0.913,1.0,91.95458984375,48.37823883323172,156.48088842257857,48818cca260aea8228bc95567b3241c2,f0f8fcdcfcf8f8f0,False,1050x1050
ae1344610ebe,2,/kaggle/input/competitions/aptos2019-blindness-detection/train_images/ae1344610ebe.png,1844,1226,2.26,1.052,0.816,75.5731201171875,33.63923601378367,88.61685742600821,513ee4f5f0e9f5f8b21614a13dc706ce,d4f0e0c888888ccc,False,1844x1226
ae20112e7a1e,0,/kaggle/input/competitions/aptos2019-blindness-detection/train_images/ae20112e7a1e.png,819,614,0.5,0.373,0.931,49.52272033691406,27.05359957380111,62.22440861072391,a83ce852fef919a2102c0e064935b0bb,f0c4c68686c6c4f8,False,819x614
ae2c3f6312ef,0,/kaggle/input/competitions/aptos2019-blindness-detection/train_images/ae2c3f6312ef.png,1050,1050,1.1,1.007,1.0,89.62973022460938,47.94893139451038,146.60497558279894,96d36ce0e18ef6465e233dedaf761a17,f0e0c0c0c4c0c4f0,False,1050x1050
ae2e888905ba,0,/kaggle/input/competitions/aptos2019-blindness-detection/train_images/ae2e888905ba.png,2048,1536,3.15,1.906,0.628,77.69566345214844,45.76286010226278,205.50813235994428,12d0b1f3d4f8f2f1f4e6b656896559e9,70ccb6bb0dbedcf0,False,2048x1536
ae49cc60f251,0,/kaggle/input/competitions/aptos2019-blindness-detection/train_images/ae49cc60f251.png,1050,1050,1.1,1.001,1.0,80.00187683105469,43.44428952410055,123.9985029862728,fd6cbc15319acc384706aa176c4056e8,f0f0e0e0e2e0f8f0,False,1050x1050
ae57c8630249,0,/kaggle/input/competitions/aptos2019-blindness-detection/train_images/ae57c8630249.png,1050,1050,1.1,1.062,1.0,87.9874267578125,48.85209156187912,136.31860588653944,23a7756778506e2a92a2946cf12774c0,f0d8f8fcfcf8fcf0,False,1050x1050
ae58ccb5905e,0,/kaggle/input/competitions/aptos2019-blindness-detection/train_images/ae58ccb5905e.png,1050,1050,1.1,1.011,1.0,75.71774291992188,41.99636585471707,115.67159341275692,eed9a353dc9fc8bcfdc91fcd9f60a7a1,f0e0e0c0c2e0e0f0,False,1050x1050
ae5d31979f19,0,/kaggle/input/competitions/aptos2019-blindness-detection/train_images/ae5d31979f19.png,2416,1736,4.19,2.361,0.934,69.89047241210938,27.971791311538144,86.3454902023077,8c73e9306f8c2ee23a204a9fafdbf3e3,f0f8f8fefabc9ccc,False,2416x1736
ae61e19fb766,0,/kaggle/input/competitions/aptos2019-blindness-detection/train_images/ae61e19fb766.png,2048,1536,3.15,1.889,0.605,86.33346557617188,52.50031018022708,223.0278046594467,ec6bbc44e873fc34df6a600a09ee4289,f08280c0c08080e0,False,2048x1536
ae8424cdb029,2,/kaggle/input/competitions/aptos2019-blindness-detection/train_images/ae8424cdb029.png,2588,1958,5.07,5.361,1.0,75.56442260742188,28.56509514709883,32.82974824286066,731920d7fbce980d03ac62a1db04aabb,f0f0f8fcdcf8f0f0,False,2588x1958
ae8472f8d310,1,/kaggle/input/competitions/aptos2019-blindness-detection/train_images/ae8472f8d310.png,2416,1736,4.19,2.161,0.935,104.31179809570312,39.05353270464966,260.3044107221067,257504c6360ff5fa80b499e4b8a55a57,f8f0f8d91d9d9ede,False,2416x1736
ae94ce412de9,0,/kaggle/input/competitions/aptos2019-blindness-detection/train_images/ae94ce412de9.png,2588,1958,5.07,5.539,1.0,81.47479248046875,37.8934616281099,78.83715312904678,27a09272e6885c2ea067f4dee21eb4ea,fefefecffffffefe,False,2588x1958
ae975c43bd8b,0,/kaggle/input/competitions/aptos2019-blindness-detection/train_images/ae975c43bd8b.png,1050,1050,1.1,0.945,1.0,83.888427734375,45.35406098165831,137.13431467837654,b8630e809e9c7953232e2c51605ee9a7,f0f8fcb8fcf8f0f0,False,1050x1050
aea59ebec445,3,/kaggle/input/competitions/aptos2019-blindness-detection/train_images/aea59ebec445.png,3216,2136,6.87,2.304,0.842,74.7142333984375,29.71510182816838,70.74460807070136,bf4c35896ef4cbf266336408b2cf6a2e,f0e4f0f2fafcf8f8,False,3216x2136
aeab0a63bcaf,0,/kaggle/input/competitions/aptos2019-blindness-detection/train_images/aeab0a63bcaf.png,2048,1536,3.15,1.894,0.605,86.17037963867188,46.211750366132776,197.49692188110203,e52cda10dcf832ac1e1eae9b7cb0a31c,f0c686c7c6c4c4f0,False,2048x1536
aeb6f4fd2eed,0,/kaggle/input/competitions/aptos2019-blindness-detection/train_images/aeb6f4fd2eed.png,2048,1536,3.15,1.879,0.604,75.68919372558594,47.01135898851563,177.98250876716338,f3167d937c3838675e920920bd951461,f0fefe7cfcfcfcf0,False,2048x1536
aebe87a423c8,0,/kaggle/input/competitions/aptos2019-blindness-detection/train_images/aebe87a423c8.png,819,614,0.5,0.275,0.61,85.65603637695312,49.49333228808852,160.41088187298737,877f11638f7ff4d7e3d85f566deba3e0,f0dcfcfefebefcf0,False,819x614
aec51513cf45,0,/kaggle/input/competitions/aptos2019-blindness-detection/train_images/aec51513cf45.png,819,614,0.5,0.306,0.606,64.86558532714844,37.2299400317932,95.06263622548431,c9b534546018e68425e0a87946d4ad02,f0c68080a8c0e0f0,False,819x614
aeccef0bdc26,0,/kaggle/input/competitions/aptos2019-blindness-detection/train_images/aeccef0bdc26.png,1050,1050,1.1,1.014,1.0,71.80429077148438,39.69624346843534,131.2448886053171,d306cefc2948eb65ad5c622e73a531d2,f0f0e0e0e2e0f0f0,False,1050x1050
aed4e743c230,2,/kaggle/input/competitions/aptos2019-blindness-detection/train_images/aed4e743c230.png,2416,1736,4.19,2.303,0.932,59.652923583984375,24.600953854262862,49.598018175922334,68df4eb00ab505ff9da755c54b1b5a4d,f0e0f0c0c4c0a0c4,False,2416x1736
aeed1f251ceb,4,/kaggle/input/competitions/aptos2019-blindness-detection/train_images/aeed1f251ceb.png,3216,2136,6.87,6.27,0.842,74.74162292480469,28.33355345124767,123.76964476611465,b22bb5d93f07a39b8479ca6e3ad8ae5c,f2f8f86a6ef4b4d8,False,3216x2136
aef9016557ca,2,/kaggle/input/competitions/aptos2019-blindness-detection/train_images/aef9016557ca.png,640,480,0.31,0.276,1.0,95.1170654296875,16.085699345056376,38.14070944394916,667091b3b904537864b9526eb65f1dd3,b8707c7e7a5e6c1c,False,640x480
af133a85ea0c,1,/kaggle/input/competitions/aptos2019-blindness-detection/train_images/af133a85ea0c.png,2416,1736,4.19,2.104,0.935,70.91600036621094,27.423009175156235,124.93505341908894,14be75457092f0c340ed3f21e9ea14ca,fefafc1d598182c6,False,2416x1736
af345c68e836,0,/kaggle/input/competitions/aptos2019-blindness-detection/train_images/af345c68e836.png,1050,1050,1.1,0.988,1.0,82.71781921386719,43.31781979533735,143.30743195768446,88c60fd123caeabc8756a689e67b429d,f0f8fcfaceceecf0,False,1050x1050
af3b0115aad1,3,/kaggle/input/competitions/aptos2019-blindness-detection/train_images/af3b0115aad1.png,2416,1736,4.19,2.281,0.934,84.70976257324219,32.274413431667185,160.53779437742196,0b5ee166e09f04c319883c6309ffa888,80b060c0c5c082cc,False,2416x1736
af5a0bc4e1fa,0,/kaggle/input/competitions/aptos2019-blindness-detection/train_images/af5a0bc4e1fa.png,819,614,0.5,0.397,0.931,52.27497863769531,27.4180184504248,74.92452012654394,926855d1a5496fc4672cc0da847ff3d1,c8ba90d1f0f0f8e0,False,819x614
af6166d57f13,0,/kaggle/input/competitions/aptos2019-blindness-detection/train_images/af6166d57f13.png,2048,1536,3.15,1.697,0.684,66.79856872558594,46.93277850313889,108.9645034885034,5aa2d6e02d9a79ee67057d3839f109d9,70f2e6c6e6e0f478,False,2048x1536
af6a1508cd95,0,/kaggle/input/competitions/aptos2019-blindness-detection/train_images/af6a1508cd95.png,2588,1958,5.07,5.525,1.0,85.16188049316406,36.96046017848462,45.10965238488279,821b49790f287e8c315db051039ba9b9,f0f0f0c0c0c0e0f0,False,2588x1958
af7a36454670,0,/kaggle/input/competitions/aptos2019-blindness-detection/train_images/af7a36454670.png,1050,1050,1.1,0.959,1.0,87.01217651367188,45.49404168709829,155.1178888694849,6ad4afeef0c29cd26787d50abae4567e,f0f8f8dcdcf8f0f0,False,1050x1050
af828dab3ffc,2,/kaggle/input/competitions/aptos2019-blindness-detection/train_images/af828dab3ffc.png,3216,2136,6.87,2.193,0.842,89.85856628417969,32.5131138212963,123.5822741126176,699eb5645d30c3772b16906377be3bc1,c084b062428282c0,False,3216x2136
af831c158744,2,/kaggle/input/competitions/aptos2019-blindness-detection/train_images/af831c158744.png,3216,2136,6.87,3.189,0.841,86.46556091308594,34.00638930277931,92.68542232713662,ca1bc47aed48b5a301513fc4b79f723f,e0e0e0888880c0e0,False,3216x2136
af87d48ffe01,0,/kaggle/input/competitions/aptos2019-blindness-detection/train_images/af87d48ffe01.png,2048,1536,3.15,1.932,0.604,82.65953063964844,46.87502182733256,123.57422035722993,43aca4698f191be7f6b9a09df0f2759b,f0f8fcfcdcfcfcf0,False,2048x1536
af8aa32beee4,2,/kaggle/input/competitions/aptos2019-blindness-detection/train_images/af8aa32beee4.png,2416,1736,4.19,2.355,0.934,100.27117919921875,36.47298081481266,199.865059701493,1379b7b6d7ce89d01f21216d9cb96bfb,e0f0e0e1c98e86cc,False,2416x1736
afc345cc9145,0,/kaggle/input/competitions/aptos2019-blindness-detection/train_images/afc345cc9145.png,2588,1958,5.07,5.479,1.0,70.86740112304688,32.292373549518764,64.96769809699617,232b4628b88c86a4184ceef018dfdbba,e080888880c080c0,False,2588x1958
afc744fad65e,0,/kaggle/input/competitions/aptos2019-blindness-detection/train_images/afc744fad65e.png,1050,1050,1.1,0.996,1.0,88.03224182128906,47.51054199054635,165.25476546934806,3307c3c88dfd4a85350bbb8dc036742a,f0c080808880c0f0,False,1050x1050
b019a49787c1,3,/kaggle/input/competitions/aptos2019-blindness-detection/train_images/b019a49787c1.png,2896,1944,5.63,2.431,0.64,59.402618408203125,32.73377565798868,112.44839876517653,04601b7be1e047810153a436dec370b4,c0808089818080c4,False,2896x1944
b033ab4fb723,2,/kaggle/input/competitions/aptos2019-blindness-detection/train_images/b033ab4fb723.png,1844,1226,2.26,1.066,0.816,82.12513732910156,36.5021471930965,87.12912042601965,b51944129e1af813c8eb257510f2a060,e0f0f0c0c0e080c4,False,1844x1226
b05922e7abd3,0,/kaggle/input/competitions/aptos2019-blindness-detection/train_images/b05922e7abd3.png,1050,1050,1.1,0.92,1.0,84.2684326171875,44.68481876609265,129.21658783778548,6c5daac78a9a7673d2328115e736d26e,f0f0f8fcdcfcf0f0,False,1050x1050
b0619ca93a5f,0,/kaggle/input/competitions/aptos2019-blindness-detection/train_images/b0619ca93a5f.png,1050,1050,1.1,0.954,1.0,82.6192626953125,44.361111355847626,131.94071058090776,7014d9d152a914df70e34b4cf1604155,f0e0c0c0c4c0e0f0,False,1050x1050
b06dabab4f09,2,/kaggle/input/competitions/aptos2019-blindness-detection/train_images/b06dabab4f09.png,1504,1000,1.5,1.395,0.811,48.03338623046875,23.41630583093367,47.285262695513666,4a705364c825e1b27d8a1c1a167a64ce,d2d0f0f0e2e2c0cc,False,1504x1000
b07bc463b718,1,/kaggle/input/competitions/aptos2019-blindness-detection/train_images/b07bc463b718.png,2588,1958,5.07,3.614,0.997,52.97721862792969,23.872624619610075,28.728136222576723,898e7556ebb552e91c0d06f4c69fbb68,e0e0c0c0e0e0e0f0,False,2588x1958
b085caa513a8,0,/kaggle/input/competitions/aptos2019-blindness-detection/train_images/b085caa513a8.png,819,614,0.5,0.3,0.926,49.88093566894531,24.75029405855363,30.701536988606676,ccaf4f2b46926d612cf8615ffa51310d,fcf8fcdc9eb0c0e8,False,819x614
b086c7cd3868,0,/kaggle/input/competitions/aptos2019-blindness-detection/train_images/b086c7cd3868.png,1050,1050,1.1,0.992,1.0,77.3985595703125,42.07473710629496,126.71273287176155,78fcf2bf85950f3a1440e769922b0f6e,f0f8fcdcdcf8f0f0,False,1050x1050
b09101adb478,0,/kaggle/input/competitions/aptos2019-blindness-detection/train_images/b09101adb478.png,1050,1050,1.1,1.058,1.0,73.19645690917969,41.34912768573616,121.1119494875893,532d0825b0be0bfa211cc53a2590f88b,f0f8f8b8f8f8f0f0,False,1050x1050
b0acd3593310,0,/kaggle/input/competitions/aptos2019-blindness-detection/train_images/b0acd3593310.png,2588,1958,5.07,5.636,1.0,58.75962829589844,30.371465387734577,83.7679903244134,d87e8fb09aa98708897a0f3b68d8f25d,c0c0c0c0c0e0f0f0,False,2588x1958
b0b3b16fc305,0,/kaggle/input/competitions/aptos2019-blindness-detection/train_images/b0b3b16fc305.png,1050,1050,1.1,1.086,1.0,65.02816772460938,35.750389257567136,93.45388788892888,96883f9c80592db13562fae25ec64837,f0e0c0c6c0e0f0f0,False,1050x1050
b0c9a492e068,0,/kaggle/input/competitions/aptos2019-blindness-detection/train_images/b0c9a492e068.png,2588,1958,5.07,5.149,1.0,41.96624755859375,18.77297962745956,26.586699738167226,8228e4aefa7e214cd257b4592fbecc49,e8c8cccde9f2f4f8,True,2588x1958
b0cc9f8d06e4,2,/kaggle/input/competitions/aptos2019-blindness-detection/train_images/b0cc9f8d06e4.png,3388,2588,8.77,3.578,0.871,52.922943115234375,22.209509489140657,57.6725907176733,c1590ea3c3df572614be8b407ae96364,d4b8f8dcf8f8f0c0,False,3388x2588
b0d35981708b,2,/kaggle/input/competitions/aptos2019-blindness-detection/train_images/b0d35981708b.png,3216,2136,6.87,2.786,0.843,100.53407287597656,36.92635086373129,171.92462205514312,341485a55958bfc2e6717c91ddc03649,f4f0f0e2e6c6e4c8,False,3216x2136
b0d6417bad3e,2,/kaggle/input/competitions/aptos2019-blindness-detection/train_images/b0d6417bad3e.png,2416,1736,4.19,2.092,0.935,68.30131530761719,28.002884015089304,87.45500349625945,543ce567ae5f333ca45ed1b0dc2792b9,dcfeee6efaf8fadc,False,2416x1736
b0eeae01b8ab,2,/kaggle/input/competitions/aptos2019-blindness-detection/train_images/b0eeae01b8ab.png,640,480,0.31,0.31,1.0,84.96269226074219,19.82811106438571,28.856445655226707,436c16d7086b8deafc2c4239f1bb0385,f0f0f4fcdefc98b0,False,640x480
b0f0fa677d5f,0,/kaggle/input/competitions/aptos2019-blindness-detection/train_images/b0f0fa677d5f.png,1050,1050,1.1,1.073,1.0,83.3232421875,45.65019077248628,145.31401461712085,56914304426a7c660fd97dc95d4a8fa9,f0e0c0c4c0e0f0f0,False,1050x1050
b0f8613305a3,0,/kaggle/input/competitions/aptos2019-blindness-detection/train_images/b0f8613305a3.png,2416,1736,4.19,2.385,0.934,62.30274963378906,22.413738501014457,64.29143691062927,2e0bd2dba1bc448596b77772911b3a99,fafcf0eeeed284c8,False,2416x1736
b10fca20c885,0,/kaggle/input/competitions/aptos2019-blindness-detection/train_images/b10fca20c885.png,1050,1050,1.1,0.933,1.0,75.4139404296875,39.85458006611601,125.55052254255861,da0a9d394d649173521efecbae55022c,f0c0808888c0e0f0,False,1050x1050
b1197f2cc9b3,1,/kaggle/input/competitions/aptos2019-blindness-detection/train_images/b1197f2cc9b3.png,2416,1736,4.19,2.043,0.934,64.39752197265625,25.171550615965533,63.44706434663385,4a2d79dbcff7c652a9e0a7e2b710148f,d8f8fceefefe9ecc,False,2416x1736
b11dcdcbc8c8,0,/kaggle/input/competitions/aptos2019-blindness-detection/train_images/b11dcdcbc8c8.png,2588,1958,5.07,5.535,1.0,73.55592346191406,27.435069898043785,53.563358320854604,605a7208a85b7f9ba6141560a9ca266c,e0c0c4e4e0e0f0f8,False,2588x1958
b13d72ceea26,2,/kaggle/input/competitions/aptos2019-blindness-detection/train_images/b13d72ceea26.png,1504,1000,1.5,1.275,0.811,92.85433959960938,36.97301128284246,126.54732654988766,2a8b966c339427f048e994ba0e0e4e6b,90f0f0f0e2e6e4fc,False,1504x1000
b16dd4483ca5,0,/kaggle/input/competitions/aptos2019-blindness-detection/train_images/b16dd4483ca5.png,2048,1536,3.15,1.916,0.604,86.48519897460938,50.03323962921931,160.17781375884078,85ff8dce05d13c0b7d97a0b50f1a6070,f0f8fcfcdcfcfcf0,False,2048x1536
b17f0b81dab3,1,/kaggle/input/competitions/aptos2019-blindness-detection/train_images/b17f0b81dab3.png,2416,1736,4.19,2.191,0.934,61.68415832519531,22.673608447651933,63.0053244640585,0e23361bf23ab85233097cbd33a6f66b,f8f0f8eefcfc88c0,False,2416x1736
b187b3c93afb,2,/kaggle/input/competitions/aptos2019-blindness-detection/train_images/b187b3c93afb.png,1504,1000,1.5,1.344,0.838,72.00543212890625,29.36836175880896,84.06740780523978,2a613e17fe7eebeca8a21ac5f46e8ec2,c2f090b0d1f0f0f4,False,1504x1000
b191ba0a2b12,3,/kaggle/input/competitions/aptos2019-blindness-detection/train_images/b191ba0a2b12.png,2588,1958,5.07,4.967,1.0,39.203948974609375,14.897028160967086,13.756317600607872,13da0ba4fe5ec94893450fe08110dc62,e0e8f8b8b8f0f0f0,True,2588x1958
b1b3e7d0a5f3,4,/kaggle/input/competitions/aptos2019-blindness-detection/train_images/b1b3e7d0a5f3.png,2416,1736,4.19,2.246,0.934,68.3515625,26.85915684902683,70.85739515139721,bf53e1b74c9878e832b4b083195c67b7,e0e0f0fedc9c9cdc,False,2416x1736
b1c6f0997e27,0,/kaggle/input/competitions/aptos2019-blindness-detection/train_images/b1c6f0997e27.png,1050,1050,1.1,0.866,1.0,80.98683166503906,43.311737562150185,119.25776436715387,1b2c6c88a2890f08b1508bd07c357b67,f0f0fcfcfcfcf0f0,False,1050x1050
b1f4122fd36a,2,/kaggle/input/competitions/aptos2019-blindness-detection/train_images/b1f4122fd36a.png,2416,1736,4.19,1.738,0.934,77.99632263183594,27.978600120878703,92.09609239711426,2ab6ef83f263aedcb37b181e92e53edb,f8f8f0f072e69edc,False,2416x1736
b200c23b299b,0,/kaggle/input/competitions/aptos2019-blindness-detection/train_images/b200c23b299b.png,1050,1050,1.1,1.069,1.0,74.54214477539062,39.857247559840644,124.91855641361326,87cc9f5d70cd0db0c83ad6c126aa4a8c,f0f0e0e0e0f0e8f0,False,1050x1050
b21abe5d9722,0,/kaggle/input/competitions/aptos2019-blindness-detection/train_images/b21abe5d9722.png,819,614,0.5,0.305,0.61,83.570068359375,45.769829167868586,234.03879708703607,e35e0d12849183deb0607936be011bb5,f0ce8613199eccf0,False,819x614
b22354b5f94b,1,/kaggle/input/competitions/aptos2019-blindness-detection/train_images/b22354b5f94b.png,2416,1736,4.19,2.256,0.934,102.41590881347656,36.884855048431916,162.97645490407012,73847600cf478501b700931510084e4e,c0e098989898c8d4,False,2416x1736
b22cc1bf0b8a,0,/kaggle/input/competitions/aptos2019-blindness-detection/train_images/b22cc1bf0b8a.png,1050,1050,1.1,1.067,1.0,87.76313781738281,48.96826828937845,146.0978484877851,42f40a9a58b52caf5456f7b694c15e91,f0f8bc9cbcf8c0f0,False,1050x1050
b2748ac28fc1,2,/kaggle/input/competitions/aptos2019-blindness-detection/train_images/b2748ac28fc1.png,4288,2848,12.21,5.455,0.815,84.88970947265625,35.47397160509423,124.31821579276584,8b15ca45e4e475bb67cf36c12fc5af27,e2e0c0c0c4c4c6e4,False,4288x2848
b294927b14b0,0,/kaggle/input/competitions/aptos2019-blindness-detection/train_images/b294927b14b0.png,1050,1050,1.1,0.999,1.0,84.38119506835938,44.852752013353886,156.52056789398193,6613fccecee0824896695764b3e3cdec,f0e0e0c0c4c0e0f0,False,1050x1050
b2aaa81cc8f0,2,/kaggle/input/competitions/aptos2019-blindness-detection/train_images/b2aaa81cc8f0.png,1504,1000,1.5,0.712,0.838,67.34992980957031,29.825293412325447,83.67814521654509,4183a68caec2537b50da356d5f107b8b,e080809191c1e2fc,False,1504x1000
b2b79b37d314,0,/kaggle/input/competitions/aptos2019-blindness-detection/train_images/b2b79b37d314.png,1050,1050,1.1,0.933,1.0,82.0926513671875,43.14571786028408,136.42895850515924,e91a5c3252de408a35910d83be7a7eea,f0e0c0e0e0e0e0f0,False,1050x1050
b2b7ccd34cbd,0,/kaggle/input/competitions/aptos2019-blindness-detection/train_images/b2b7ccd34cbd.png,1050,1050,1.1,0.877,1.0,73.81605529785156,39.1731163378536,115.48674310650676,0556b0df6e4510ca7339648709634836,f0f8fcdcdcfcf0f0,False,1050x1050
b2ffa3e18559,3,/kaggle/input/competitions/aptos2019-blindness-detection/train_images/b2ffa3e18559.png,2416,1736,4.19,2.507,0.934,60.910491943359375,24.882901094371,60.13187313079834,6e931bdc3107da994083f857ddc9c302,ccb898fcf8f8f8fc,False,2416x1736
b310bd564329,3,/kaggle/input/competitions/aptos2019-blindness-detection/train_images/b310bd564329.png,2416,1736,4.19,2.22,0.934,92.97798156738281,34.93506183392255,157.0189504623413,b83b889f57c0a308b4dedf67445e807e,d8a0f87e76cefecc,False,2416x1736
b351ae99413a,0,/kaggle/input/competitions/aptos2019-blindness-detection/train_images/b351ae99413a.png,1050,1050,1.1,1.034,1.0,73.66957092285156,39.86967706498984,116.16321149095893,6b5d2c14ccdb986588e9069473e53edf,f0f0f8fcfcf8f8f0,False,1050x1050
b35cad8fe2d7,0,/kaggle/input/competitions/aptos2019-blindness-detection/train_images/b35cad8fe2d7.png,2588,1958,5.07,5.568,1.0,82.13749694824219,26.876610716346157,53.92589124944061,45483435fce216d20a72f01cac7931f5,f0f8f0f0e0c0ccc0,False,2588x1958
b376def52ccc,2,/kaggle/input/competitions/aptos2019-blindness-detection/train_images/b376def52ccc.png,1504,1000,1.5,1.25,0.838,84.64837646484375,33.40019211108662,100.48939903243445,4a1e67e016810e9c9ba08c9ae8be1b98,e0c08090d0c0e0fc,False,1504x1000
b37aae3c8fe1,4,/kaggle/input/competitions/aptos2019-blindness-detection/train_images/b37aae3c8fe1.png,2416,1736,4.19,2.174,0.934,77.31423950195312,28.443582623351578,70.18047912209295,bf88aee98ecff8e2f87bd29d873c18dd,f0f8f0f0ece0c0c0,False,2416x1736
b3819a805dca,4,/kaggle/input/competitions/aptos2019-blindness-detection/train_images/b3819a805dca.png,2588,1958,5.07,5.508,1.0,99.37913513183594,41.16808469370061,40.49299398716539,b9cd00fcb08398c67c5efdba4781afa9,e0c0808088c0c0c0,False,2588x1958
b3a994760537,0,/kaggle/input/competitions/aptos2019-blindness-detection/train_images/b3a994760537.png,1050,1050,1.1,1.029,1.0,79.62564086914062,42.08540733454507,130.94378223922104,30c639bf048a1674d23b08f4b12e2e03,f0f0e0c0c4c4e0f0,False,1050x1050
b3c0c3330278,2,/kaggle/input/competitions/aptos2019-blindness-detection/train_images/b3c0c3330278.png,3216,2136,6.87,2.341,0.842,72.30523681640625,30.385062363142882,73.59681927016936,5d35b3debd8d17fd0b795df3627803e9,f0f8e8eeeeae9ecc,False,3216x2136
b3d12069e1c5,2,/kaggle/input/competitions/aptos2019-blindness-detection/train_images/b3d12069e1c5.png,2588,1958,5.07,5.302,1.0,49.692901611328125,24.99500723393768,47.04208353138529,94c46c719603b4f67fd275d6cef228fd,f8f8fcd7fffef2fa,False,2588x1958
b3d135bd3bb5,3,/kaggle/input/competitions/aptos2019-blindness-detection/train_images/b3d135bd3bb5.png,2416,1736,4.19,2.487,0.934,94.02774047851562,35.87564385510853,194.90702605247498,d71feb73c824c725f1e15e7467234f18,f0b8f8fc65bcb8f8,False,2416x1736
b3f31c371e59,0,/kaggle/input/competitions/aptos2019-blindness-detection/train_images/b3f31c371e59.png,1050,1050,1.1,0.983,1.0,77.38481140136719,41.948901462155916,101.3633536696434,885c1cd309438b7b95875fb400b50db0,f0d8fcfcdcfcf8f0,False,1050x1050
b402b18d99a5,2,/kaggle/input/competitions/aptos2019-blindness-detection/train_images/b402b18d99a5.png,2416,1736,4.19,1.775,0.934,96.57987976074219,33.68129758438597,135.0798491453752,5874e463b2a042bca65e3b0b5ecc65f2,e8e080989cdc8adc,False,2416x1736
b402daa0864c,2,/kaggle/input/competitions/aptos2019-blindness-detection/train_images/b402daa0864c.png,3216,2136,6.87,2.485,0.842,68.93800354003906,25.557911388443664,86.30287891253829,4673fa20e24c013bba4635c817b9f24d,d090b05878b0becc,False,3216x2136
b43440c6ebe4,0,/kaggle/input/competitions/aptos2019-blindness-detection/train_images/b43440c6ebe4.png,2588,1958,5.07,5.341,1.0,59.24143981933594,24.659566468417864,42.562546636909246,61223769877b09e5a01e347748ae9dba,94a04cc4c4e0e0f0,False,2588x1958
b460ca9fa26f,0,/kaggle/input/competitions/aptos2019-blindness-detection/train_images/b460ca9fa26f.png,1050,1050,1.1,0.905,1.0,83.89729309082031,43.940745193176085,152.52816806733608,0758e75b13eef4d510373c1a154de473,f0e0c0c0c0c0e0f0,False,1050x1050
b468ebf5cb11,2,/kaggle/input/competitions/aptos2019-blindness-detection/train_images/b468ebf5cb11.png,3216,2136,6.87,2.746,0.842,96.4859619140625,36.02537851868548,138.30888721509837,fba2f497209a49e713f79f17f4d330b6,e0e0e0a08080c0c0,False,3216x2136
b46b09a45f39,0,/kaggle/input/competitions/aptos2019-blindness-detection/train_images/b46b09a45f39.png,1050,1050,1.1,1.025,1.0,84.60385131835938,46.57674304821932,132.82192319538444,78244612bf14b162d386d61bec0a5b55,f0f8f8f8f0e0c0f0,False,1050x1050
b498b84d383f,2,/kaggle/input/competitions/aptos2019-blindness-detection/train_images/b498b84d383f.png,3388,2588,8.77,7.278,0.869,75.5093994140625,31.952833273892008,202.33471316262148,d69f74cef2cf3084a68a2bee53d9e2c4,dcb2f8797cfc9edc,False,3388x2588
b49b2fac2514,4,/kaggle/input/competitions/aptos2019-blindness-detection/train_images/b49b2fac2514.png,3388,2588,8.77,7.121,0.866,72.24269104003906,30.955417445861737,118.96946426853538,2a60be575c321b826149a4fedeb12961,c0c08088c0e0e0f4,False,3388x2588
b4b04d81acbb,0,/kaggle/input/competitions/aptos2019-blindness-detection/train_images/b4b04d81acbb.png,1050,1050,1.1,0.94,0.996,53.13963317871094,29.55103018958616,70.20295214443468,8a6da415b04974d00fd2dcf4ec216819,f0f0f8fcdcfcf8f0,False,1050x1050
b4e15102cd7a,0,/kaggle/input/competitions/aptos2019-blindness-detection/train_images/b4e15102cd7a.png,2588,1958,5.07,5.197,1.0,60.005157470703125,20.968451009933105,26.001200426137075,c08c0d06d291379868a962dc0ee8ff05,f8f0f8f5c7e6f2f0,True,2588x1958
b4f41b5bf0ef,1,/kaggle/input/competitions/aptos2019-blindness-detection/train_images/b4f41b5bf0ef.png,2416,1736,4.19,2.083,0.934,66.26081848144531,25.067215193410384,90.95551430783235,52cdc4bca101237436819dcb489ad883,f6f2e1e5c4c080c0,False,2416x1736
b50b30aa6e6c,1,/kaggle/input/competitions/aptos2019-blindness-detection/train_images/b50b30aa6e6c.png,3216,2136,6.87,2.522,0.843,105.20671081542969,38.69156157066396,156.82054290082306,b54a661170868a2a55c567cef21890fe,f0e0f0e0888884c0,False,3216x2136
b5204c0decc7,0,/kaggle/input/competitions/aptos2019-blindness-detection/train_images/b5204c0decc7.png,1050,1050,1.1,0.973,1.0,82.00543212890625,45.583014256998126,122.07397566735744,6b9d89098f4e47c1812fc22229913305,f0f0f8fcbcfcf8f0,False,1050x1050
b532dedd928c,0,/kaggle/input/competitions/aptos2019-blindness-detection/train_images/b532dedd928c.png,2048,1536,3.15,1.922,0.605,84.63813781738281,46.48877563176173,182.02565125282854,58e97ff56cc3f4f50b947cf6f9a11c13,f080b87865fce4f0,False,2048x1536
b549af91bd30,0,/kaggle/input/competitions/aptos2019-blindness-detection/train_images/b549af91bd30.png,1050,1050,1.1,1.006,1.0,79.31826782226562,41.36111439754243,138.64150624512695,6ac8c1997700dfdb0dc275db41749180,f0e0c0808080c0f0,False,1050x1050
b553e7909535,0,/kaggle/input/competitions/aptos2019-blindness-detection/train_images/b553e7909535.png,1050,1050,1.1,0.964,1.0,91.21949768066406,49.96764021293028,276.28858643677086,94d22d1d5a9fa9c47fdedaf1df844178,f0def8fedefcf8f0,False,1050x1050
b55d2ddb3e75,4,/kaggle/input/competitions/aptos2019-blindness-detection/train_images/b55d2ddb3e75.png,3216,2136,6.87,2.469,0.842,87.49229431152344,32.0895220970231,131.31724224984646,9028bac426ab30f0ae14bacfa1f58c4c,f0e0f091d1d0aadc,False,3216x2136
b56340f472d2,1,/kaggle/input/competitions/aptos2019-blindness-detection/train_images/b56340f472d2.png,2416,1736,4.19,2.12,0.934,63.81837463378906,25.57368716550361,141.18795912317,085ba3e5ae80647a22422f83b9faf8be,f0f0f06347c786c6,False,2416x1736
b574d229ec4c,2,/kaggle/input/competitions/aptos2019-blindness-detection/train_images/b574d229ec4c.png,3216,2136,6.87,2.464,0.843,115.10324096679688,44.923805914957896,164.61764573678374,84bc08974e78ef478691318247e53e44,f0e0f0e0c0c4c2e0,False,3216x2136
b576c5269ad1,1,/kaggle/input/competitions/aptos2019-blindness-detection/train_images/b576c5269ad1.png,2416,1736,4.19,2.028,0.934,67.18096923828125,25.63167063305544,86.7804762981832,aa6b1c883760169608082b35fc0e480d,8af8f8ecee8eaefc,False,2416x1736
b5834ee64541,3,/kaggle/input/competitions/aptos2019-blindness-detection/train_images/b5834ee64541.png,2416,1736,4.19,1.924,0.934,90.01718139648438,33.47302404672781,114.89159535407089,15567733fe2737b12d86ded6aeb1b93f,d0a0e0c0c0c0c0c4,False,2416x1736
b598bc9753c2,0,/kaggle/input/competitions/aptos2019-blindness-detection/train_images/b598bc9753c2.png,1050,1050,1.1,0.979,1.0,93.81260681152344,49.157304717198585,174.74497051443905,0922e0968704e01a6e76a3833786f032,f0f8fcdcfcf0c0f0,False,1050x1050
b5a3ca5c0a80,0,/kaggle/input/competitions/aptos2019-blindness-detection/train_images/b5a3ca5c0a80.png,1050,1050,1.1,1.055,1.0,85.53167724609375,46.66370644294649,151.36070925649256,bdf8c9854a56b9437f8e1c33cf95408d,f0f0f8fcdcfcf0f0,False,1050x1050
b5b913358b32,0,/kaggle/input/competitions/aptos2019-blindness-detection/train_images/b5b913358b32.png,1050,1050,1.1,1.044,1.0,79.26437377929688,42.9063825540894,125.85104617103934,8ada3b70f180ebbb351a48820be4457c,f0f0f8fc9cfcf8f0,False,1050x1050
b5bf7b84fc66,0,/kaggle/input/competitions/aptos2019-blindness-detection/train_images/b5bf7b84fc66.png,1050,1050,1.1,0.967,1.0,79.71011352539062,41.546108275077884,153.25193457957357,6ad743b386f5cf5ba5cb8ec8696aa484,f0f8fcdcfcf8f0f0,False,1050x1050
b5c80d0ed0ff,2,/kaggle/input/competitions/aptos2019-blindness-detection/train_images/b5c80d0ed0ff.png,1050,1050,1.1,1.064,1.0,76.76606750488281,41.24647101472783,144.30203031003475,9b755b320c0f4f164c70c6687c041b00,f0f0d89cdcbcf8f0,False,1050x1050
b5e6ae31493c,0,/kaggle/input/competitions/aptos2019-blindness-detection/train_images/b5e6ae31493c.png,1050,1050,1.1,0.985,1.0,87.69480895996094,46.231364171000806,154.19330351031385,66c508cf969a575c805566ddfec2f0dd,f0e0c0c4c0e0f0f0,False,1050x1050
b60dbf9f0744,2,/kaggle/input/competitions/aptos2019-blindness-detection/train_images/b60dbf9f0744.png,2416,1736,4.19,2.367,0.934,68.15409851074219,25.12321830517218,69.20073699578643,7abf6ecea6b6c81420d6c122cfff7c0b,e0e0f0e0d4d480c0,False,2416x1736
b6304c545f95,2,/kaggle/input/competitions/aptos2019-blindness-detection/train_images/b6304c545f95.png,2588,1958,5.07,4.836,1.0,27.186492919921875,12.022866831007134,10.346913959831,5fd36435f7b3decd490a514e78ea3b9a,f0e0f0c0cce0e0f0,True,2588x1958
b640e3bdff75,1,/kaggle/input/competitions/aptos2019-blindness-detection/train_images/b640e3bdff75.png,2416,1736,4.19,2.18,0.934,70.24058532714844,26.77823345165213,115.07279166369699,64af0669eaab9fc4043756aedd15786f,e2e2e18189c3c2c6,False,2416x1736
b64e1eef3d63,0,/kaggle/input/competitions/aptos2019-blindness-detection/train_images/b64e1eef3d63.png,2048,1536,3.15,1.967,0.605,65.20817565917969,36.205219440378755,91.15743468492292,da24ab3a198390946adeadf6806cb599,f0f0eeeecef2fcf0,False,2048x1536
b65ff67743b2,2,/kaggle/input/competitions/aptos2019-blindness-detection/train_images/b65ff67743b2.png,3216,2136,6.87,2.252,0.842,92.22171020507812,33.366776511385474,122.6712516171392,4d094e91d90156aacfd005443ff02559,c0c08008189092cc,False,3216x2136
b665041e1633,2,/kaggle/input/competitions/aptos2019-blindness-detection/train_images/b665041e1633.png,2588,1958,5.07,4.903,1.0,32.626983642578125,15.042640220809668,13.19569359626621,68c7a3d37aaf795c8bcb37ce70310b83,f0e0e08484e0f0f0,True,2588x1958
b66f23ffa730,0,/kaggle/input/competitions/aptos2019-blindness-detection/train_images/b66f23ffa730.png,1050,1050,1.1,1.092,1.0,76.48666381835938,42.68048732350241,122.98591504991055,f5582c64f5dfd64fa2f4d5a8a2e47bbd,f0f0e0c0c4e0e0f0,False,1050x1050
b67ae80f7eba,0,/kaggle/input/competitions/aptos2019-blindness-detection/train_images/b67ae80f7eba.png,819,614,0.5,0.329,0.931,44.161376953125,24.945481716433893,42.34859468694776,aa1a70515e1eed694f9497ce51adb197,ecc68e8e9e88e0f0,False,819x614
b69c224edd6e,0,/kaggle/input/competitions/aptos2019-blindness-detection/train_images/b69c224edd6e.png,2588,1958,5.07,5.594,1.0,71.43629455566406,39.51107903696367,92.60969041939825,956ad2c8f3f50901418e637790214b6c,f0f0e0c9c9e0e0f0,False,2588x1958
b6a0e348a01e,1,/kaggle/input/competitions/aptos2019-blindness-detection/train_images/b6a0e348a01e.png,2588,1958,5.07,4.375,1.0,78.4603271484375,42.432227970004625,58.157559064915404,632c849cdba62614cd350f6f72a51ba8,fcfcfcfcfcf8f2f6,False,2588x1958
b6bf847fbcb2,0,/kaggle/input/competitions/aptos2019-blindness-detection/train_images/b6bf847fbcb2.png,1050,1050,1.1,0.866,1.0,86.29373168945312,45.63409611825952,162.06561476644129,c6ec634bb1030a3310cefd3bebbc7418,f0f0f8fcdcfcfcf0,False,1050x1050
b6bfe9db60e5,3,/kaggle/input/competitions/aptos2019-blindness-detection/train_images/b6bfe9db60e5.png,2416,1736,4.19,2.073,0.935,79.53160095214844,30.029272562090792,134.09786694473587,f0fb22165fd043456e0c991730adbcfc,f8f0f0e0c1c4c2c6,False,2416x1736
b6d9974443ce,0,/kaggle/input/competitions/aptos2019-blindness-detection/train_images/b6d9974443ce.png,2048,1536,3.15,1.943,0.605,81.31187438964844,48.784290730570305,186.06358240544796,21e3a225666886c98e270fb1e16393e2,f0b8fc7afeeefcf0,False,2048x1536
b6fd109b1bc9,0,/kaggle/input/competitions/aptos2019-blindness-detection/train_images/b6fd109b1bc9.png,2588,1958,5.07,5.129,1.0,41.80485534667969,20.323259355595212,34.509594317525625,f508d78017230474f3b769e1f25ca1ef,f0f87c7c77363cb0,True,2588x1958
b70cb31b9abb,4,/kaggle/input/competitions/aptos2019-blindness-detection/train_images/b70cb31b9abb.png,3216,2136,6.87,3.515,0.842,84.88670349121094,32.031531480618746,93.10865749022923,10028a69d19b1995deff96a44d04edde,d898f8ecccf8ccc8,False,3216x2136
b70e7c26f51e,0,/kaggle/input/competitions/aptos2019-blindness-detection/train_images/b70e7c26f51e.png,1050,1050,1.1,1.116,1.0,82.2327880859375,46.341897356238945,150.32641706219874,4f5b4e1984d390da7e01aa1399e496c9,f0f0e0c0c0e0f0f0,False,1050x1050
b71428739d4e,1,/kaggle/input/competitions/aptos2019-blindness-detection/train_images/b71428739d4e.png,1050,1050,1.1,0.971,1.0,75.00906372070312,39.9625470518635,122.72167796245776,7402aaae7df8b987b2b27a87bb14fca0,f0f0e0c4c4e0e0f0,False,1050x1050
b7278b4f2448,1,/kaggle/input/competitions/aptos2019-blindness-detection/train_images/b7278b4f2448.png,4288,2848,12.21,4.916,0.81,61.491973876953125,24.930058957693685,74.89840876101516,5bbdbcdfb784ae46fbade440efb1159f,b2f0f8fcdcb8b2f4,False,4288x2848
b72a86d61959,0,/kaggle/input/competitions/aptos2019-blindness-detection/train_images/b72a86d61959.png,1050,1050,1.1,1.059,1.0,87.11235046386719,47.75435243329621,167.31417926377617,498e24471fd34386b534c762b695af02,f0e0c0c2e0f0f0f0,False,1050x1050
b72f59b85f7c,0,/kaggle/input/competitions/aptos2019-blindness-detection/train_images/b72f59b85f7c.png,2048,1536,3.15,1.949,0.604,71.10836791992188,40.84413598525758,108.18888666853309,b08aec2ea0874875b37ad6e6c019a606,f0fcfefefefefcf0,False,2048x1536
b73d0bcd3d33,0,/kaggle/input/competitions/aptos2019-blindness-detection/train_images/b73d0bcd3d33.png,819,614,0.5,0.26,0.606,44.35020446777344,25.56504856297051,48.05105613148771,7e81ea8bd8cbc8bf0b725cc2f36e3c66,f0f6feb43c9edcf0,False,819x614
b746a6681ba9,2,/kaggle/input/competitions/aptos2019-blindness-detection/train_images/b746a6681ba9.png,3216,2136,6.87,2.509,0.842,80.9063720703125,31.13357450325685,109.09078183677047,8deae1816c155db949e37d36afe1c5e1,d8f0e0e460f2b2cc,False,3216x2136
b74de20d73de,0,/kaggle/input/competitions/aptos2019-blindness-detection/train_images/b74de20d73de.png,2048,1536,3.15,1.926,0.605,89.18417358398438,50.53673056543435,202.42163730761968,1d46059febc45d6e22b87086d1406d62,f0fefcfcdcfcfcf0,False,2048x1536
b759cbef90c5,0,/kaggle/input/competitions/aptos2019-blindness-detection/train_images/b759cbef90c5.png,1050,1050,1.1,0.927,1.0,82.02285766601562,43.3511136835633,139.00735643855296,598527acddba069eb42742f815dc8cb4,f0f0e0c0c2c0c0f0,False,1050x1050
b762c29cf2f3,2,/kaggle/input/competitions/aptos2019-blindness-detection/train_images/b762c29cf2f3.png,2416,1736,4.19,2.385,0.934,83.00556945800781,30.7027202002845,120.95370466914028,94e3f510f1c1af55fbd8af9fb437d629,f8f8f8dedad0d8d8,False,2416x1736
b77b88926843,0,/kaggle/input/competitions/aptos2019-blindness-detection/train_images/b77b88926843.png,1050,1050,1.1,0.987,1.0,79.103271484375,42.87496317578283,139.77210385887884,d9deb230594d5a9a17a889df4dc88991,f0f8fcbcf8f0e0f0,False,1050x1050
b77b8a1f09f1,4,/kaggle/input/competitions/aptos2019-blindness-detection/train_images/b77b8a1f09f1.png,2416,1736,4.19,1.844,0.935,100.722412109375,36.59885139561901,159.8805008267518,bfb1c5105586fa60245bb33805c145c4,f8b8e86c6cf8b8d8,False,2416x1736
b7983cb3f270,0,/kaggle/input/competitions/aptos2019-blindness-detection/train_images/b7983cb3f270.png,1050,1050,1.1,1.0,1.0,78.09182739257812,40.86270775850427,132.9276062862482,f023926a66e05a64cde7898c3b43903c,f0f0e0c0c4c0e0f0,False,1050x1050
b7a1bb106051,0,/kaggle/input/competitions/aptos2019-blindness-detection/train_images/b7a1bb106051.png,1050,1050,1.1,1.072,1.0,75.49974060058594,41.28310328248024,127.28486156091094,26e671bc7458ecbf5e57294319f19a91,f0f0e0c0c4c0e0f0,False,1050x1050
b7aca95b97b9,0,/kaggle/input/competitions/aptos2019-blindness-detection/train_images/b7aca95b97b9.png,819,614,0.5,0.396,0.931,47.84379577636719,28.367536579911015,76.35123198083602,1161409731fa844943146413d717f44a,fcf8ecd4b4b4c8f0,False,819x614
b7bd4a6627b6,0,/kaggle/input/competitions/aptos2019-blindness-detection/train_images/b7bd4a6627b6.png,1050,1050,1.1,1.026,1.0,86.64749145507812,48.25194080740002,159.40904294606298,acbf7f2e5bf745a82608532e85342c0e,f0f8f0e0e0f0f0f0,False,1050x1050
b7ce561a7328,0,/kaggle/input/competitions/aptos2019-blindness-detection/train_images/b7ce561a7328.png,1050,1050,1.1,1.05,1.0,78.76930236816406,43.406580982855814,124.08276794850826,4a3dd59e061dd928187772250f7d5739,f0f8fcdcfcf8f0f0,False,1050x1050
b7e0f95353f2,3,/kaggle/input/competitions/aptos2019-blindness-detection/train_images/b7e0f95353f2.png,3216,2136,6.87,2.324,0.842,88.33042907714844,32.07649376102306,142.5611498914659,d8a825503375a78cb01cda75aba639ac,e4a4f0544ee494cc,False,3216x2136
b7f0bc7d399e,0,/kaggle/input/competitions/aptos2019-blindness-detection/train_images/b7f0bc7d399e.png,2588,1958,5.07,5.526,1.0,70.70671081542969,27.256182240838786,61.60204754746519,86ebefa15882719b8b918c63052a2743,b8b8fcceeefcf0f0,False,2588x1958
b8297a2291f5,0,/kaggle/input/competitions/aptos2019-blindness-detection/train_images/b8297a2291f5.png,1050,1050,1.1,1.052,1.0,79.34701538085938,42.87584063558707,129.43242930225097,4d6d1162d6b66787e4708fb53f19b89f,f0f0f8fcdcfcfcf0,False,1050x1050
b82d5f1f1145,2,/kaggle/input/competitions/aptos2019-blindness-detection/train_images/b82d5f1f1145.png,1844,1226,2.26,1.163,0.816,68.071044921875,28.69016500219981,83.14936937927268,1fa77108a8de34425c3aeb395fa305ec,ccaef677f6fcdccc,False,1844x1226
b82dfa63a75f,0,/kaggle/input/competitions/aptos2019-blindness-detection/train_images/b82dfa63a75f.png,2048,1536,3.15,1.927,0.605,94.31141662597656,52.61606655062939,325.9679035337176,66c3bef86f0742d159c05d186cd7f978,f08e9e3f27be9cf0,False,2048x1536
b835b6e31a59,0,/kaggle/input/competitions/aptos2019-blindness-detection/train_images/b835b6e31a59.png,1050,1050,1.1,1.001,1.0,79.22035217285156,41.75059077488312,137.7241599522531,29663cf2b03cc4283f993ea6aa6d3ad4,f0f8fcfc9cfcf8f0,False,1050x1050
b83a6eca125f,2,/kaggle/input/competitions/aptos2019-blindness-detection/train_images/b83a6eca125f.png,3216,2136,6.87,2.766,0.842,79.92340087890625,30.24565092552369,119.35656367964111,199016d90d51f6780910654d56373d92,f8e0e040288882cc,False,3216x2136
b842b43cb7fb,0,/kaggle/input/competitions/aptos2019-blindness-detection/train_images/b842b43cb7fb.png,2048,1536,3.15,1.82,0.605,72.01329040527344,41.11206285755087,144.7496646286454,18158c919a472e9dce8e053d6063d11f,f0e0c0808c84c4f0,False,2048x1536
b86fb2d5be1a,0,/kaggle/input/competitions/aptos2019-blindness-detection/train_images/b86fb2d5be1a.png,2588,1958,5.07,5.688,1.0,72.91862487792969,28.650971876899312,73.33414677507244,20a3c146d6e8c684e875090df1457cf2,f0f0f8fcdcfcf4f8,False,2588x1958
b87f9c59748b,4,/kaggle/input/competitions/aptos2019-blindness-detection/train_images/b87f9c59748b.png,2588,1958,5.07,5.598,1.0,87.32778930664062,32.120764410562984,58.242217141902074,a317368225df7b4efda0c28ea50d63e6,f0f0e4e6e68e8ae0,False,2588x1958
b89938407ee6,2,/kaggle/input/competitions/aptos2019-blindness-detection/train_images/b89938407ee6.png,2588,1958,5.07,5.603,1.0,76.48048400878906,40.265772988366884,66.4169199296739,7c14685609c87d0f6563f16ee72c31d5,f8f8f8fcfefefcfc,False,2588x1958
b8ac328009e0,2,/kaggle/input/competitions/aptos2019-blindness-detection/train_images/b8ac328009e0.png,1504,1000,1.5,1.333,0.84,95.25627136230469,36.99897000141518,165.50316524505615,6de1e04f816fb915da5832eba82b0a1a,dab0f070b7b69cd8,False,1504x1000
b8dab47a260e,0,/kaggle/input/competitions/aptos2019-blindness-detection/train_images/b8dab47a260e.png,1050,1050,1.1,1.031,1.0,81.84622192382812,44.424368071183544,142.54972684732638,5f17f3e32eaab5e3dcea4593ce68783e,f0f8fc9cdcf8e0f0,False,1050x1050
b8e20c076b03,0,/kaggle/input/competitions/aptos2019-blindness-detection/train_images/b8e20c076b03.png,2588,1958,5.07,5.731,1.0,93.97740173339844,36.53434569976515,88.36806236207485,6444ba6f1e6f626c024a6625a989869d,f0f8f8feeefcfcf0,False,2588x1958
b8e9a8f4617d,0,/kaggle/input/competitions/aptos2019-blindness-detection/train_images/b8e9a8f4617d.png,1050,1050,1.1,0.988,1.0,85.37872314453125,46.915678978505376,122.22310923389159,6459834515d1b4a2073ba2d6a145b819,f0f8f8bcfcf8e0f0,False,1050x1050
b8ebedd382de,1,/kaggle/input/competitions/aptos2019-blindness-detection/train_images/b8ebedd382de.png,2416,1736,4.19,1.714,0.934,77.77459716796875,29.638054101717934,111.11849771230482,fcfda099faac74a2ee724032d1566d7f,c0a0e060188086c4,False,2416x1736
b8f1b30877db,2,/kaggle/input/competitions/aptos2019-blindness-detection/train_images/b8f1b30877db.png,2416,1736,4.19,2.11,0.934,58.82246398925781,21.68517152222431,67.07590661942959,8e87c9e17febf31bf4a9a4fddc388f80,c8e0f03038a084cc,False,2416x1736
b8fb9f55cd6d,2,/kaggle/input/competitions/aptos2019-blindness-detection/train_images/b8fb9f55cd6d.png,3216,2136,6.87,2.519,0.842,92.55009460449219,34.26563781140514,145.1547330468893,53a727f3b935db533049f50207fdc0be,c0a0e04141c082c4,False,3216x2136
b90bc89ce8d8,4,/kaggle/input/competitions/aptos2019-blindness-detection/train_images/b90bc89ce8d8.png,3388,2588,8.77,6.976,0.865,57.8868408203125,24.29348248381567,99.52130983769894,57765b4f727ef32b300c2847677b577b,e0b0d89c9cde8ac4,False,3388x2588
b9127e38d9b9,2,/kaggle/input/competitions/aptos2019-blindness-detection/train_images/b9127e38d9b9.png,1504,1000,1.5,1.413,0.838,75.77717590332031,32.495872141449944,90.66813203296624,7dfc81788fb0ba952897c36bb59dc431,f8f8f8f6deecf8dc,False,1504x1000
b91ef82e723a,2,/kaggle/input/competitions/aptos2019-blindness-detection/train_images/b91ef82e723a.png,3216,2136,6.87,2.627,0.842,96.72164916992188,36.54682079096242,122.42959999199957,9cec7a539307e196cfb77da86c8d6af5,f0f0e0c0c0e0b0d0,False,3216x2136
b927a9238434,2,/kaggle/input/competitions/aptos2019-blindness-detection/train_images/b927a9238434.png,3216,2136,6.87,3.154,0.842,93.012451171875,33.6783581707845,142.26353868003935,f0beea9c985d60bf3565b612ce069793,d0f0f0f266f296cc,False,3216x2136
b92eacd1392a,0,/kaggle/input/competitions/aptos2019-blindness-detection/train_images/b92eacd1392a.png,1050,1050,1.1,0.914,1.0,88.99772644042969,46.92186730282018,139.6387268267572,c2033f9570ae96376bd589050fb0d9c1,f0f8fcfcdcfcf8f0,False,1050x1050
b94c58d063bf,1,/kaggle/input/competitions/aptos2019-blindness-detection/train_images/b94c58d063bf.png,2588,1958,5.07,3.748,0.995,53.6800537109375,23.724759590437756,37.00121723650955,ab8ab0d771fb64a807d83c39f97acbd1,f4f2f8f1f0e0e0e0,False,2588x1958
b9519abce0c1,0,/kaggle/input/competitions/aptos2019-blindness-detection/train_images/b9519abce0c1.png,819,614,0.5,0.284,0.61,96.70137023925781,55.97661790670132,315.83837430155836,372d55fb253350fd4461656f4fb2af5e,f08686160e8e8cf0,False,819x614
b95d4dd8e5e2,2,/kaggle/input/competitions/aptos2019-blindness-detection/train_images/b95d4dd8e5e2.png,3216,2136,6.87,3.69,0.843,104.83360290527344,39.900114551596204,206.8155915401876,1bcf64314348f0c91e88f0f0b6ee7763,f8f0e2e7ebe2f6c0,False,3216x2136
b960142a8de7,3,/kaggle/input/competitions/aptos2019-blindness-detection/train_images/b960142a8de7.png,2896,1944,5.63,2.277,0.64,61.85658264160156,32.03553158794845,86.26214764919132,dffa10e87626226b85dddb79f802b8d4,f0f0f8fcfc9c9cdc,False,2896x1944
b963a11638f2,0,/kaggle/input/competitions/aptos2019-blindness-detection/train_images/b963a11638f2.png,819,614,0.5,0.318,0.931,38.29118347167969,18.154175041536597,27.10012566833757,1834995cead9264c58afe4d925fb6bce,c8acce8e0e9ec0f0,True,819x614
b96b518596b3,4,/kaggle/input/competitions/aptos2019-blindness-detection/train_images/b96b518596b3.png,4288,2848,12.21,5.84,0.808,79.04501342773438,31.231534390626503,138.20848191692494,654553bcb8923c5f67364150a88cfb68,f8f8f4ecf8fc98d4,False,4288x2848
b98f77098b9d,2,/kaggle/input/competitions/aptos2019-blindness-detection/train_images/b98f77098b9d.png,2588,1958,5.07,3.279,1.0,58.504730224609375,21.607840737471033,36.867346968501806,6e00deb581028b683788e7a0a9263722,f4f8f8fceeecfcf8,False,2588x1958
b99794a0beed,2,/kaggle/input/competitions/aptos2019-blindness-detection/train_images/b99794a0beed.png,3216,2136,6.87,2.559,0.847,120.57608032226562,45.309119395631726,163.63279889523983,32cf28a6eeb8df7ba767947eb523eb77,dcfcecececf8f6e4,False,3216x2136
b99afe7137fb,4,/kaggle/input/competitions/aptos2019-blindness-detection/train_images/b99afe7137fb.png,2588,1958,5.07,5.283,1.0,63.85882568359375,26.79410513632668,28.348481805762276,525dc2244cf803104f1b475590cef34b,c0808084848880c0,True,2588x1958
b99c825b93c5,2,/kaggle/input/competitions/aptos2019-blindness-detection/train_images/b99c825b93c5.png,3216,2136,6.87,2.904,0.842,72.41363525390625,30.19756044943745,98.34304927941412,7204e87cf5c777e29fda5b86c436f58b,faf0f0e9c5e2c6c4,False,3216x2136
b9b6ee2b9453,2,/kaggle/input/competitions/aptos2019-blindness-detection/train_images/b9b6ee2b9453.png,1467,1110,1.63,2.215,1.0,76.70953369140625,30.34250103115307,68.92047309782356,8c375cccd72af752fa2458233a809ca5,e0e0e4e6e6f0f0f0,False,1467x1110
b9b99dad668d,1,/kaggle/input/competitions/aptos2019-blindness-detection/train_images/b9b99dad668d.png,2416,1736,4.19,2.266,0.934,78.25360107421875,28.177503930527998,97.87213113694452,eec6d5e45d17159b6c17f381ffaff4c6,c2c0f090909080c0,False,2416x1736
b9bc81fcb075,0,/kaggle/input/competitions/aptos2019-blindness-detection/train_images/b9bc81fcb075.png,1050,1050,1.1,1.036,1.0,78.75543212890625,42.32547786439046,123.0165942532476,72f7e71cf84bb09d9e81ef1e21703b00,f0e0c0c0c4c0e0f0,False,1050x1050
b9c7c5182075,0,/kaggle/input/competitions/aptos2019-blindness-detection/train_images/b9c7c5182075.png,1050,1050,1.1,1.048,1.0,81.47410583496094,45.20306728684129,145.91869953181595,51561a4e371ca8b422dc101aa05e1566,f0eeceeefcf8f0e0,False,1050x1050
b9d0b83d70c3,0,/kaggle/input/competitions/aptos2019-blindness-detection/train_images/b9d0b83d70c3.png,819,614,0.5,0.295,0.606,68.21182250976562,37.47812706010455,101.055416935822,bd551430ea0d5ac7f4fd8218b9762245,f0fceef7e7eefcf0,False,819x614
b9fe7da14a32,0,/kaggle/input/competitions/aptos2019-blindness-detection/train_images/b9fe7da14a32.png,819,614,0.5,0.374,0.931,50.67706298828125,27.371202558687987,57.98032134771347,54626091ea23d2dcfc969a46cc9e5ffa,e4e6e6f6d2d8e8f0,False,819x614
ba0107fb1bfd,0,/kaggle/input/competitions/aptos2019-blindness-detection/train_images/ba0107fb1bfd.png,1050,1050,1.1,1.009,1.0,85.800048828125,46.166500096918625,169.48685812950134,8437c9026701b0d925b6fde98d0658f3,f0d0f0e0e0e0f0f0,False,1050x1050
ba08cee68c71,4,/kaggle/input/competitions/aptos2019-blindness-detection/train_images/ba08cee68c71.png,2416,1736,4.19,2.215,0.934,65.94155883789062,26.482413209268348,67.8046669876203,6c6f58a2f95afd571b14817727278f3b,dce2e0e0c0c0c0c0,False,2416x1736
ba25f947f4ec,2,/kaggle/input/competitions/aptos2019-blindness-detection/train_images/ba25f947f4ec.png,3216,2136,6.87,2.502,0.846,115.88731384277344,42.560419342715846,241.05552996485494,704a36fce0f034d087b3678215c218d8,c2c0e098898080c4,False,3216x2136
ba2624883599,2,/kaggle/input/competitions/aptos2019-blindness-detection/train_images/ba2624883599.png,3216,2136,6.87,5.648,0.843,116.75813293457031,43.541041367929125,247.07325950055383,972c611311946673ad19ba48c4d8bb9b,cccad0e1e1e2e2f8,False,3216x2136
ba2ea9182090,0,/kaggle/input/competitions/aptos2019-blindness-detection/train_images/ba2ea9182090.png,1050,1050,1.1,0.964,1.0,73.01347351074219,39.40036174451064,136.18889729841612,742c138ed78ce847b26a2a9ac4e8223e,f0f8f0e2e2e0f0f0,False,1050x1050
ba4d2c4b3039,4,/kaggle/input/competitions/aptos2019-blindness-detection/train_images/ba4d2c4b3039.png,3388,2588,8.77,7.239,0.865,59.69435119628906,25.835773473836763,80.9560686191544,7a2686f924a7910fb682438639e265f9,e0e0e088888080c0,False,3388x2588
ba4e62c11cc0,0,/kaggle/input/competitions/aptos2019-blindness-detection/train_images/ba4e62c11cc0.png,1050,1050,1.1,1.011,1.0,81.80857849121094,44.5386657094928,115.34188403910957,78de294dd47a335c106351f9df74eb58,f0f8f8fcdcfcf8f0,False,1050x1050
ba735b286d62,4,/kaggle/input/competitions/aptos2019-blindness-detection/train_images/ba735b286d62.png,2416,1736,4.19,2.54,0.934,70.38807678222656,25.76439998698625,108.3869113100227,6c9d26bab272c4b6d0d4333de16f61d4,ce86e0c1b1989edc,False,2416x1736
baaca2f7e1f0,0,/kaggle/input/competitions/aptos2019-blindness-detection/train_images/baaca2f7e1f0.png,1050,1050,1.1,0.726,1.0,81.25155639648438,42.32146172399483,125.30490105971694,f29f84cf43dc6388f4e067f02bdad885,f0c0c0c0c0e0e0f0,False,1050x1050
bab776139279,0,/kaggle/input/competitions/aptos2019-blindness-detection/train_images/bab776139279.png,2048,1536,3.15,1.952,0.605,74.73548889160156,40.11677893915008,119.07450479269028,6f1f4c38cc6a8c77386bddc7e48c35c0,f0c4e2e2e2f2f4f0,False,2048x1536
bac1744955c2,0,/kaggle/input/competitions/aptos2019-blindness-detection/train_images/bac1744955c2.png,1050,1050,1.1,1.093,1.0,66.94300842285156,37.73837124131669,114.27040506061167,7969aad1bd34bea6ccaf8142eb7fc59c,f0f8f8fcdcf8f0f0,False,1050x1050
bacfa2b8e706,0,/kaggle/input/competitions/aptos2019-blindness-detection/train_images/bacfa2b8e706.png,1050,1050,1.1,0.931,1.0,67.3333740234375,36.87868932739599,100.63410284160636,b4bfdc05e1195dcf17f7c4a2f5fb46c8,f0f0f8fcdcfcf8f0,False,1050x1050
bacfb1029f6b,1,/kaggle/input/competitions/aptos2019-blindness-detection/train_images/bacfb1029f6b.png,2416,1736,4.19,2.261,0.934,77.04751586914062,30.186530507465037,104.53696618974209,7f5c8a0ffdecf70c9064e9517f327af9,f8f8f0e6eaf6b8f8,False,2416x1736
badb5ff8d3c7,0,/kaggle/input/competitions/aptos2019-blindness-detection/train_images/badb5ff8d3c7.png,2416,1736,4.19,2.236,0.934,76.53926086425781,30.790579215061722,88.8886805230286,cac2bb4f4311440d35942098b685cfdd,fefefcf1e8e8ecf8,False,2416x1736
bb08949dd70a,0,/kaggle/input/competitions/aptos2019-blindness-detection/train_images/bb08949dd70a.png,819,614,0.5,0.362,0.931,42.522674560546875,24.464549767714104,62.989993538474664,a55ae60fb0c1b76d97156df3450b0bf1,f8fc9c9e9e9ed4f0,True,819x614
bb11db08584a,1,/kaggle/input/competitions/aptos2019-blindness-detection/train_images/bb11db08584a.png,2416,1736,4.19,2.553,0.934,78.79335021972656,32.6891665421865,154.29159100702964,571527fcad3ad9c9f29dc96ee9f4ae83,e2c0c0c1e1e1a0c0,False,2416x1736
bb2f89488ecd,0,/kaggle/input/competitions/aptos2019-blindness-detection/train_images/bb2f89488ecd.png,1050,1050,1.1,0.896,1.0,78.911865234375,43.394170465153394,108.96095160301775,82ae63bbfcac1ab8bdb01af23af8982c,f0e0c0c0e0f0c0f0,False,1050x1050
bb45257258cc,1,/kaggle/input/competitions/aptos2019-blindness-detection/train_images/bb45257258cc.png,2416,1736,4.19,1.846,0.935,87.72125244140625,32.658269375269114,152.33625923097134,8e5c57cfe46f182d7438d940908cfbe4,c4e0e46e460e8e8c,False,2416x1736
bb5083fae98f,3,/kaggle/input/competitions/aptos2019-blindness-detection/train_images/bb5083fae98f.png,2416,1736,4.19,2.208,0.935,69.00331115722656,27.85064160728806,84.47421038127504,50604688a9e5c83744b74d5d842aace0,f0a0d080808080c0,False,2416x1736
bb733062f494,2,/kaggle/input/competitions/aptos2019-blindness-detection/train_images/bb733062f494.png,3216,2136,6.87,2.931,0.842,109.86953735351562,40.107589708220445,171.90945197246037,3a6d5bc326a1dab66b5f86644c150647,e0e0c088c88084c4,False,3216x2136
bb752b179751,0,/kaggle/input/competitions/aptos2019-blindness-detection/train_images/bb752b179751.png,1050,1050,1.1,1.095,1.0,82.34324645996094,45.127243818191616,152.87478880491108,5f109e12630cd752a1d15d97b1f0a865,f0e0c0c0c4e0f0f0,False,1050x1050
bb783d8e496f,1,/kaggle/input/competitions/aptos2019-blindness-detection/train_images/bb783d8e496f.png,2416,1736,4.19,2.024,0.934,108.26138305664062,38.63616337769696,185.08114394708537,eb42e4ccc1fd1ddad49ef1e82637c42f,eae8e898cccceefc,False,2416x1736
bb7e0a2544cd,3,/kaggle/input/competitions/aptos2019-blindness-detection/train_images/bb7e0a2544cd.png,1504,1000,1.5,1.387,0.838,58.586212158203125,25.563118074605057,57.1645358717069,4504e9549c404aea6f9424817dbafd5b,d4f0e0e0e0f0d0f8,False,1504x1000
bb85097857fa,0,/kaggle/input/competitions/aptos2019-blindness-detection/train_images/bb85097857fa.png,2048,1536,3.15,1.911,0.605,91.08090209960938,52.00678136433385,157.15901982411742,808c74e072d8c068036ffb6a435e565f,f0f8fcfefefcf8f8,False,2048x1536
bb9a3d835a94,1,/kaggle/input/competitions/aptos2019-blindness-detection/train_images/bb9a3d835a94.png,2416,1736,4.19,2.133,0.934,64.74935913085938,27.368267739428816,134.06408042437397,ff39484b425acfa384fefdabc38543db,c2b0b33971b182c6,False,2416x1736
bba38f2294a3,4,/kaggle/input/competitions/aptos2019-blindness-detection/train_images/bba38f2294a3.png,2416,1736,4.19,2.301,0.934,87.56144714355469,35.01570312324666,118.20085445954464,83bcd3ac564ce98ddbfb7396d03441c7,d8f0f0f8fcdcb8f8,False,2416x1736
bc23f74e14dd,2,/kaggle/input/competitions/aptos2019-blindness-detection/train_images/bc23f74e14dd.png,2588,1958,5.07,4.926,1.0,32.70860290527344,16.25079634358168,12.993268116377294,5efc6438e653eb01ec09ca2ea024118e,f0e0e0c0c4e0e0f0,True,2588x1958
bc34ed91c9bc,4,/kaggle/input/competitions/aptos2019-blindness-detection/train_images/bc34ed91c9bc.png,3388,2588,8.77,6.909,0.865,72.23342895507812,30.021673639559083,93.21778178121895,c6563b55ad4d36f7129735521779ac7c,d898f8f8f8f8f8f0,False,3388x2588
bc34f52c37c7,0,/kaggle/input/competitions/aptos2019-blindness-detection/train_images/bc34f52c37c7.png,2048,1536,3.15,1.919,0.605,93.433349609375,50.83769622323553,208.42896009027027,ad777cbadb9c9fb6036f581315d0af14,f0e0c280c486ccf0,False,2048x1536
bc73ce76ec43,1,/kaggle/input/competitions/aptos2019-blindness-detection/train_images/bc73ce76ec43.png,1050,1050,1.1,1.005,1.0,75.65377807617188,40.866294045607304,125.33186800009571,93edc7cc33baf598cb191d7895d5ee8f,f0f0f8b8f8f8e0f0,False,1050x1050
bc7bf19b84e3,0,/kaggle/input/competitions/aptos2019-blindness-detection/train_images/bc7bf19b84e3.png,1050,1050,1.1,1.001,1.0,82.53955078125,43.350239304384715,133.2155728728976,4e3cdb2e43221f107a03b4031afbbd3f,f0f0e0c0c4c0c0f0,False,1050x1050
bc8c6a778cde,0,/kaggle/input/competitions/aptos2019-blindness-detection/train_images/bc8c6a778cde.png,819,614,0.5,0.325,0.606,75.30110168457031,42.3423113225057,120.04166215658188,1aa168b6268ba18218b678be6c6eaf20,f0c4848cc0c0f0f0,False,819x614
bc92a61a1f9c,0,/kaggle/input/competitions/aptos2019-blindness-detection/train_images/bc92a61a1f9c.png,1050,1050,1.1,0.93,1.0,95.6134033203125,50.14526067100573,166.10176938190125,335011f9842c10ec48d6b9248fdc2e2e,f0f0f8fcdcf8fcf0,False,1050x1050
bca2bdc15fc5,2,/kaggle/input/competitions/aptos2019-blindness-detection/train_images/bca2bdc15fc5.png,2588,1958,5.07,5.173,1.0,55.30023193359375,25.311334921005574,18.51038063969463,bffbfcec270cdf0c5e2c5d7437d6221f,f0e8e0e8e2e2f0f0,True,2588x1958
bcb0498ed2c1,0,/kaggle/input/competitions/aptos2019-blindness-detection/train_images/bcb0498ed2c1.png,2588,1958,5.07,5.219,1.0,42.636627197265625,18.103734932521913,25.31239104270935,7f4f3ac3834860befde7b831cee0485d,e0e0f8f0e8eaf0f0,True,2588x1958
bcc762618e7d,2,/kaggle/input/competitions/aptos2019-blindness-detection/train_images/bcc762618e7d.png,1844,1226,2.26,0.872,0.818,109.89520263671875,45.576087171436214,144.55709960288368,2ccf858a20cfa98b39f361fd80a49bdd,e0f0f0f8fcecdcdc,False,1844x1226
bcd503c726ba,4,/kaggle/input/competitions/aptos2019-blindness-detection/train_images/bcd503c726ba.png,2416,1736,4.19,2.627,0.934,79.73890686035156,31.220774770524876,190.43624943401664,c019473ce53f1e2064de3b16dca2d2e2,e2c2a189818186c6,False,2416x1736
bcdc8db5423b,2,/kaggle/input/competitions/aptos2019-blindness-detection/train_images/bcdc8db5423b.png,3216,2136,6.87,5.969,0.842,74.06829833984375,28.21277976425272,74.59320927318186,c7660cb49b8811ccef8d04f6c962a321,f0f8f0cccc9c98dc,False,3216x2136
bd06028eb7dd,0,/kaggle/input/competitions/aptos2019-blindness-detection/train_images/bd06028eb7dd.png,1050,1050,1.1,0.967,1.0,76.97015380859375,41.08200833709991,126.5381989122834,f44fb81e5aed1016ed365abcc1eea886,f0f0f8fcdcfcf8f0,False,1050x1050
bd269a1f0e4d,1,/kaggle/input/competitions/aptos2019-blindness-detection/train_images/bd269a1f0e4d.png,2416,1736,4.19,2.299,0.934,65.58085632324219,27.078527777571196,117.38868664205074,65af527160a5a0d9da339110aebc9666,c2c2a1a1e1c180c8,False,2416x1736
bd34a0639575,0,/kaggle/input/competitions/aptos2019-blindness-detection/train_images/bd34a0639575.png,1050,1050,1.1,0.979,1.0,80.18150329589844,43.317324066059385,123.4884392907843,185e7cf623cabeb105d15ad48a4be188,f0f8fcdcfcf8e0f0,False,1050x1050
bd375ba756b1,0,/kaggle/input/competitions/aptos2019-blindness-detection/train_images/bd375ba756b1.png,2048,1536,3.15,1.903,0.604,70.94442749023438,40.16118525213511,85.03074317774735,b2cb48b7ff1904e45962148dfb86a425,f0c0808480c0e0f0,False,2048x1536
bd500a73beae,0,/kaggle/input/competitions/aptos2019-blindness-detection/train_images/bd500a73beae.png,1050,1050,1.1,1.033,1.0,85.52711486816406,44.893179662545755,145.0523370464798,b64114ebe87de6a4cb83c4e397158111,f0c08484c0e4e0f0,False,1050x1050
bd5013540a13,4,/kaggle/input/competitions/aptos2019-blindness-detection/train_images/bd5013540a13.png,1504,1000,1.5,1.42,0.838,85.93035888671875,35.98732749798701,106.17395617975853,0a20d5b84db6d380d9ce66be03b3369c,f8f2d2dcfcf8f8f4,False,1504x1000
bd9904495ccd,4,/kaggle/input/competitions/aptos2019-blindness-detection/train_images/bd9904495ccd.png,3216,2136,6.87,2.683,0.842,100.69816589355469,36.66446586190487,201.25941575854085,1aa207c46ae7930ff802a508860ec8e0,a0b4f868caf6d2c4,False,3216x2136
bda7ff3b1562,2,/kaggle/input/competitions/aptos2019-blindness-detection/train_images/bda7ff3b1562.png,3388,2588,8.77,7.227,0.871,65.92169189453125,27.202628615315938,103.8205828142818,11b817b14afaa92ba1d71dc1a5d9b364,d0f0f2eeeee498c8,False,3388x2588
bda8c973b09d,2,/kaggle/input/competitions/aptos2019-blindness-detection/train_images/bda8c973b09d.png,3216,2136,6.87,1.885,0.842,94.71693420410156,34.47085575291394,142.25997716095299,6735d78cb90df26bc23517a302ee318f,d0e0f8f8ecce8ecc,False,3216x2136
bda91b76095b,0,/kaggle/input/competitions/aptos2019-blindness-detection/train_images/bda91b76095b.png,1476,1117,1.65,2.291,1.0,86.62709045410156,42.10428088817367,111.78501838073134,fe38b77518bf50d7341f976e8ae9897d,e0e0e04145c08080,False,1476x1117
bdb98063fe84,2,/kaggle/input/competitions/aptos2019-blindness-detection/train_images/bdb98063fe84.png,2588,1958,5.07,5.178,1.0,61.09950256347656,28.032571143556783,23.27242661244236,f99ee8ea5fdff2865591f5d3937354ae,f0f0e46c7e3ebcb0,True,2588x1958
bdc6c60e9133,0,/kaggle/input/competitions/aptos2019-blindness-detection/train_images/bdc6c60e9133.png,2048,1536,3.15,1.909,0.604,85.11653137207031,46.73441533092195,154.01939057465643,cebdd8337289e5f6f4eb7e27d7917387,f0f6c2d1c4c0e0f0,False,2048x1536
bde1063a5dd7,0,/kaggle/input/competitions/aptos2019-blindness-detection/train_images/bde1063a5dd7.png,2588,1958,5.07,5.444,1.0,80.33802795410156,28.960199514600863,37.98290243651718,1485b004f63695e5f5c322d12c56e86c,f8f8e6e6f2f0f0f0,False,2588x1958
bdf47b9f10c4,0,/kaggle/input/competitions/aptos2019-blindness-detection/train_images/bdf47b9f10c4.png,1050,1050,1.1,1.015,1.0,84.70509338378906,45.80034520378593,142.74721109494567,d4b1d60602c2fc8f4c0e08148589addf,f0f8fcdcdcfcf8f0,False,1050x1050
bdff5d8bddf8,4,/kaggle/input/competitions/aptos2019-blindness-detection/train_images/bdff5d8bddf8.png,3216,2136,6.87,2.348,0.843,83.91793823242188,30.481675111044773,119.21466615702957,aa7865a86e0ee7301acc51939bec1612,d0b0f0eaeeeedcd8,False,3216x2136
be161517d3ac,2,/kaggle/input/competitions/aptos2019-blindness-detection/train_images/be161517d3ac.png,1504,1000,1.5,1.486,0.838,74.6146240234375,30.487390367833598,93.440077038249,502eeb59021479778423eb06ff749d11,e0c8c0d0d0c0c0e0,False,1504x1000
be197b663520,0,/kaggle/input/competitions/aptos2019-blindness-detection/train_images/be197b663520.png,1050,1050,1.1,1.03,1.0,72.60354614257812,41.6713765246371,105.04840525891632,3894ce327e0c2f4b37b346a0e66e1f95,f0f8f8f8f8f0e0f0,False,1050x1050
be21d8b60e2a,2,/kaggle/input/competitions/aptos2019-blindness-detection/train_images/be21d8b60e2a.png,1050,1050,1.1,0.981,1.0,67.53567504882812,36.84292761415026,103.59834456071258,cf8d9e06d890a1db97609abca3a33fca,f0e0f0b8f8f0e0e0,False,1050x1050
be3a7d9e981e,0,/kaggle/input/competitions/aptos2019-blindness-detection/train_images/be3a7d9e981e.png,2048,1536,3.15,1.716,0.703,48.34004211425781,36.364346265867745,59.93784771859646,29db0aed24318f9515a02e11fa57ba41,70e2c0c4c4e0e478,False,2048x1536
be521870a0ea,0,/kaggle/input/competitions/aptos2019-blindness-detection/train_images/be521870a0ea.png,819,614,0.5,0.331,0.931,45.68214416503906,25.874706836488716,31.19698870833963,9e75e9940fa19d70efcfe0d2751fb61e,c0d8d8d8d098d8f0,False,819x614
be68322c7223,2,/kaggle/input/competitions/aptos2019-blindness-detection/train_images/be68322c7223.png,3216,2136,6.87,2.873,0.842,101.14804077148438,41.14328231180593,136.7189740538597,5630b46c34009454110dbc20ce8d3792,e0f0f0f0b49890c4,False,3216x2136
be6cbf6e5b10,0,/kaggle/input/competitions/aptos2019-blindness-detection/train_images/be6cbf6e5b10.png,2048,1536,3.15,1.927,0.604,80.53610229492188,43.49237249425454,111.03299936256371,bf70ff6980c572f36d350ab109f977b0,f0e0c0c0c4c0e0f0,False,2048x1536
be7bc89f5fec,2,/kaggle/input/competitions/aptos2019-blindness-detection/train_images/be7bc89f5fec.png,640,480,0.31,0.304,1.0,81.16950988769531,17.785424320995446,23.693026966415346,62fb1956bc67aad7e9ccd62aafbbbdea,c0e08088888080c0,True,640x480
be7f791a7877,0,/kaggle/input/competitions/aptos2019-blindness-detection/train_images/be7f791a7877.png,2048,1536,3.15,1.799,0.605,78.43861389160156,42.67782211290055,146.9193212070968,7c9d8b71393e6350bae0310e64f8acb3,f0c0c0c4c4c4e0f0,False,2048x1536
be8697eb2078,0,/kaggle/input/competitions/aptos2019-blindness-detection/train_images/be8697eb2078.png,1050,1050,1.1,1.054,1.0,86.920166015625,47.732070561926065,142.32351922616363,8893839644e5669216fd5223d8c83b94,f0e0e0f0f0f0f0f0,False,1050x1050
beb00fa6e7c9,0,/kaggle/input/competitions/aptos2019-blindness-detection/train_images/beb00fa6e7c9.png,2588,1958,5.07,5.202,1.0,60.69145202636719,20.95170702529853,21.63327039941214,89eeb26d731bd92da8c41a51e98a14c4,fcf0f0e0c4c4e0f0,True,2588x1958
beb2ad14fd2d,0,/kaggle/input/competitions/aptos2019-blindness-detection/train_images/beb2ad14fd2d.png,2588,1958,5.07,5.031,1.0,47.47161865234375,17.610988901671828,12.26659270748496,56a9b479f7c5cdda5edccf084e1e84d3,e8f0f4e6f4f0f0f0,True,2588x1958
bebb3f167654,1,/kaggle/input/competitions/aptos2019-blindness-detection/train_images/bebb3f167654.png,2416,1736,4.19,2.009,0.934,82.8726806640625,30.618080484100194,97.18341422080994,93378fb8ad0de6a992c820f54f6e109d,f0f8f8fcecfcb8dc,False,2416x1736
bebfbd907cac,0,/kaggle/input/competitions/aptos2019-blindness-detection/train_images/bebfbd907cac.png,1050,1050,1.1,0.984,1.0,92.92672729492188,49.853105163967435,156.45063228695653,96e79ea2f04fc660261f913ed44561a1,f0fcfcfcf8f0f0f0,False,1050x1050
bec0acd539b2,3,/kaggle/input/competitions/aptos2019-blindness-detection/train_images/bec0acd539b2.png,3216,2136,6.87,2.94,0.842,61.40370178222656,23.501429173274904,57.94362782104872,a3943d99c1f7588ece81f14e7f006feb,f0f8f8facafedcdc,False,3216x2136
bed8296c8dfe,0,/kaggle/input/competitions/aptos2019-blindness-detection/train_images/bed8296c8dfe.png,2048,1536,3.15,1.939,0.605,72.84243774414062,43.909047364899074,97.02117881085724,7992c2441a90c5e173ecf0f1d16a8391,f0f0e0e2e0f0f8f8,False,2048x1536
beeca5f14618,0,/kaggle/input/competitions/aptos2019-blindness-detection/train_images/beeca5f14618.png,819,614,0.5,0.343,0.931,45.8099365234375,25.912288484006822,55.597175853094086,9e454f35a67213275950fb7212ce7154,e0eccece8f8ecce8,False,819x614
bf18ff30a8f6,1,/kaggle/input/competitions/aptos2019-blindness-detection/train_images/bf18ff30a8f6.png,2416,1736,4.19,1.759,0.934,72.09347534179688,26.984601007976654,76.21185860945843,e55882d6823438a303fb1beebb83bcea,f0f0f8dcfcb890d0,False,2416x1736
bf1b7e21e774,2,/kaggle/input/competitions/aptos2019-blindness-detection/train_images/bf1b7e21e774.png,1844,1226,2.26,0.915,0.818,84.86909484863281,35.326035320059894,98.2818221913185,3cf83db932e210662ca89f8092d7d56c,d0a0c0c0c8c0a0e4,False,1844x1226
bf6cbccacf39,0,/kaggle/input/competitions/aptos2019-blindness-detection/train_images/bf6cbccacf39.png,819,614,0.5,0.304,0.606,50.52357482910156,37.080667674338045,118.66417316137813,dcca28857e81b6f1a032091079f35bdc,f8fefe3b1ddceee0,False,819x614
bf7047dc683c,2,/kaggle/input/competitions/aptos2019-blindness-detection/train_images/bf7047dc683c.png,2416,1736,4.19,2.348,0.934,65.60533142089844,25.835300496168387,86.77912722527981,4f7d0bece36e14b78c75071c62b82482,c8d0e0c0c0c082c0,False,2416x1736
bf7221a016b5,0,/kaggle/input/competitions/aptos2019-blindness-detection/train_images/bf7221a016b5.png,2588,1958,5.07,5.661,1.0,94.98907470703125,33.92734802654838,85.98838696535677,d56d3872831185d962b780fb0b5d6081,e0e0c0c0c8c0ccc4,False,2588x1958
bf7b4eae7ad0,0,/kaggle/input/competitions/aptos2019-blindness-detection/train_images/bf7b4eae7ad0.png,1050,1050,1.1,1.011,1.0,76.57122802734375,40.944321858910904,117.6453964074608,0b14bec22d96655c77a03acf8e9c999a,f0f8fcdedef8f0f0,False,1050x1050
bf8092e4001d,3,/kaggle/input/competitions/aptos2019-blindness-detection/train_images/bf8092e4001d.png,2896,1944,5.63,5.073,0.637,86.15022277832031,41.52913039686955,184.72190171387047,cea83d1d06e401157afc06eeca3bcf05,e8ece8e4ee8e8ecc,False,2896x1944
bf811911acf9,0,/kaggle/input/competitions/aptos2019-blindness-detection/train_images/bf811911acf9.png,1050,1050,1.1,1.059,1.0,82.89840698242188,43.651780371380056,148.93012584908865,5ead1d7942f5b6cc916da7ec6557c18c,f0f0f0e0e2e0f0f0,False,1050x1050
bf87aedf2489,0,/kaggle/input/competitions/aptos2019-blindness-detection/train_images/bf87aedf2489.png,1050,1050,1.1,0.971,1.0,82.03810119628906,45.676244408923594,134.51865409105085,440d72bed9e794e4c32062e03eb9793b,f0f0e0e0e0e0f0f0,False,1050x1050
bf9cba745efc,2,/kaggle/input/competitions/aptos2019-blindness-detection/train_images/bf9cba745efc.png,1050,1050,1.1,0.933,1.0,77.22225952148438,41.08825388176974,128.62514885887504,04efc1b63bf8927199343a7017f76b05,f0f8f8dcdcf8f0f0,False,1050x1050
bfa30ebf63a8,0,/kaggle/input/competitions/aptos2019-blindness-detection/train_images/bfa30ebf63a8.png,1050,1050,1.1,1.062,1.0,91.40982055664062,49.25240649847124,199.63259878358804,0a778c39fb66ef647f658eeea0213dfc,f0f8b8fc9cfcf8e0,False,1050x1050
bfaa0080ab61,2,/kaggle/input/competitions/aptos2019-blindness-detection/train_images/bfaa0080ab61.png,2416,1736,4.19,2.134,0.934,75.33934020996094,27.060408771038414,110.92601746483706,5692caa64a0cca5dac75749684fd2fd6,eee2e18189e0c2cc,False,2416x1736
bfb578c0e8d8,0,/kaggle/input/competitions/aptos2019-blindness-detection/train_images/bfb578c0e8d8.png,2588,1958,5.07,5.375,1.0,60.44651794433594,26.478844758558612,39.93924484751187,f1e890392faa1ffd24280566ce6f4143,f0f8fceeecfcf8f0,False,2588x1958
bfd5c0e55420,2,/kaggle/input/competitions/aptos2019-blindness-detection/train_images/bfd5c0e55420.png,3216,2136,6.87,3.212,0.843,101.74496459960938,36.992685231752034,152.38534870720468,48ef58807584a7bb6a2c0791b7fcff1b,e0d0c0cecae4aad4,False,3216x2136
bfda2fd0533a,2,/kaggle/input/competitions/aptos2019-blindness-detection/train_images/bfda2fd0533a.png,2416,1736,4.19,2.375,0.935,67.44450378417969,25.748760944743747,92.46505623683333,5a8c86cde2030a5d6be9eb37ec3d4862,e0e0f8c8ce8e84c0,False,2416x1736
bfdee9be1f1d,4,/kaggle/input/competitions/aptos2019-blindness-detection/train_images/bfdee9be1f1d.png,2588,1958,5.07,5.102,1.0,47.156036376953125,23.635268587510378,20.27052092552185,806d9304390a1734b1577eeeda4fc5d5,f0e0e0c0c4e0f0f0,True,2588x1958
bfe467b7e997,2,/kaggle/input/competitions/aptos2019-blindness-detection/train_images/bfe467b7e997.png,3216,2136,6.87,2.111,0.842,87.56594848632812,31.62586002206172,116.68578710779548,fea0e1e3cb2f9a9f1da22edca487839e,c0c0c08888c0e0cc,False,3216x2136
bfefa7344e7d,4,/kaggle/input/competitions/aptos2019-blindness-detection/train_images/bfefa7344e7d.png,1050,1050,1.1,0.975,1.0,47.097900390625,26.83341505586627,75.78677599783987,79aa4d8483a0be779709681da49d9beb,f0e0e0c4c6c0c4f0,False,1050x1050
bff51afc76d4,0,/kaggle/input/competitions/aptos2019-blindness-detection/train_images/bff51afc76d4.png,2588,1958,5.07,5.53,1.0,67.84127807617188,35.44734843003122,166.75585622992367,809eb05de42f775d7f1d7f6f247510ac,fef3f9ffeefef8f8,False,2588x1958
bffca6eeb2bf,0,/kaggle/input/competitions/aptos2019-blindness-detection/train_images/bffca6eeb2bf.png,1050,1050,1.1,0.963,1.0,77.186279296875,41.180420777289896,143.40554085280746,7cdb8c215d712567c706561c0010fff0,f0f8fcfef8f8f0f0,False,1050x1050
c013e869acce,0,/kaggle/input/competitions/aptos2019-blindness-detection/train_images/c013e869acce.png,2048,1536,3.15,1.914,0.605,92.87721252441406,50.986692439559846,203.12814161903225,deaab0056dd550596145683591e25471,f0e0c0c0c4d0e0f0,False,2048x1536
c01eae4b4939,4,/kaggle/input/competitions/aptos2019-blindness-detection/train_images/c01eae4b4939.png,4288,2848,12.21,5.774,0.814,68.71647644042969,28.41775607972925,99.98358409758657,ada66c7acaa012ef164a0c79057931ad,f0f8b8d8b8b0f8dc,False,4288x2848
c0202976c670,2,/kaggle/input/competitions/aptos2019-blindness-detection/train_images/c0202976c670.png,3388,2588,8.77,7.223,0.869,73.05465698242188,29.721123080151642,103.62030713981949,6c2c4371f3bce294ec626b11e807ef1e,d0f8e0e2f2f2f0c0,False,3388x2588
c027e5482e8c,1,/kaggle/input/competitions/aptos2019-blindness-detection/train_images/c027e5482e8c.png,2416,1736,4.19,1.759,0.934,77.78996276855469,28.1605308978768,86.76705191191286,7466afedd7c8d829f842228478bc65ee,f8f8fafebcb8b8f8,False,2416x1736
c05b7b4c22fe,2,/kaggle/input/competitions/aptos2019-blindness-detection/train_images/c05b7b4c22fe.png,3216,2136,6.87,5.657,0.842,67.742431640625,26.491520585553033,68.49397995974869,3b0291e1bd8aee40226b1808c916eb8a,f0f8f0eceee2f0d8,False,3216x2136
c06024f05a16,0,/kaggle/input/competitions/aptos2019-blindness-detection/train_images/c06024f05a16.png,1050,1050,1.1,1.074,1.0,89.550048828125,49.76113074533432,137.30423027812503,e46697e2db8e36224ca11c361ceb91be,f0e0e0c0e0e0e0f0,False,1050x1050
c096131ad065,0,/kaggle/input/competitions/aptos2019-blindness-detection/train_images/c096131ad065.png,1050,1050,1.1,0.918,1.0,70.42324829101562,37.95771001143097,96.50694723334163,c42e8a559246b39db75fd07b079b0dd0,f0e0c0c2e0e0f0f0,False,1050x1050
c0968d41eb93,1,/kaggle/input/competitions/aptos2019-blindness-detection/train_images/c0968d41eb93.png,2416,1736,4.19,2.166,0.934,85.70033264160156,31.410067066495916,90.05260077281855,19f00b75368cb888f923249b6d66a43a,c0d0e0c0e0e0f0e0,False,2416x1736
c0a0828e01b4,3,/kaggle/input/competitions/aptos2019-blindness-detection/train_images/c0a0828e01b4.png,3216,2136,6.87,2.872,0.841,77.44581604003906,28.860077035939423,96.51200352213345,05980a732cb2f861cb2a3f3546e2b84f,f0f8f06eeefebecc,False,3216x2136
c0a117de7d0a,0,/kaggle/input/competitions/aptos2019-blindness-detection/train_images/c0a117de7d0a.png,2048,1536,3.15,1.941,0.604,77.60581970214844,49.23764055580991,157.1704744696617,f15ab0a4a085d2d90df2e8c5868a92fe,f0f6f8fcdcfcfcf0,False,2048x1536
c0e15e8e2b46,1,/kaggle/input/competitions/aptos2019-blindness-detection/train_images/c0e15e8e2b46.png,2588,1958,5.07,2.981,1.0,65.67300415039062,27.253594251805993,25.15936690173112,08b69f9d4e9215572f7f57c334edf111,f8f8f8fefefcf8f8,True,2588x1958
c0e509786f7f,4,/kaggle/input/competitions/aptos2019-blindness-detection/train_images/c0e509786f7f.png,3216,2136,6.87,6.27,0.842,74.74162292480469,28.33355345124767,123.76964476611465,b22bb5d93f07a39b8479ca6e3ad8ae5c,f2f8f86a6ef4b4d8,False,3216x2136
c0f15fe3b4b7,1,/kaggle/input/competitions/aptos2019-blindness-detection/train_images/c0f15fe3b4b7.png,4288,2848,12.21,5.494,0.81,76.31147766113281,31.592370323355933,97.64477586373687,ab8803465b287701e72bcbba2a5e336f,e0c0c0c0e0e08acc,False,4288x2848
c102db7634d8,1,/kaggle/input/competitions/aptos2019-blindness-detection/train_images/c102db7634d8.png,4288,2848,12.21,4.789,0.808,87.21113586425781,34.89736615340298,133.1490240097046,8f4643a09a1d1aa7f221867fdbfae721,f8f8f85cfcfcbedc,False,4288x2848
c12e9ca420a5,0,/kaggle/input/competitions/aptos2019-blindness-detection/train_images/c12e9ca420a5.png,2048,1536,3.15,1.94,0.628,70.28303527832031,43.72576459363321,108.27916925773025,2d325426c3dc356158e7bab975ba015e,70c4c0c0c0c0e0f0,False,2048x1536
c1437a7a52c9,0,/kaggle/input/competitions/aptos2019-blindness-detection/train_images/c1437a7a52c9.png,2588,1958,5.07,5.447,1.0,85.81416320800781,52.77039361562385,109.99537666048855,a1acaff4a92daa450d9fa27b3a44d559,fefeffffeefefefe,False,2588x1958
c1799a6f5c65,4,/kaggle/input/competitions/aptos2019-blindness-detection/train_images/c1799a6f5c65.png,2416,1736,4.19,2.238,0.935,104.12039184570312,38.68087176525737,165.25949380453676,e0af41ddd900af8a41c1ca54cb28b43c,e0e0c0c0c0e080c4,False,2416x1736
c1819db0aece,0,/kaggle/input/competitions/aptos2019-blindness-detection/train_images/c1819db0aece.png,1050,1050,1.1,0.973,1.0,73.38815307617188,39.39670047829104,98.60905094980262,e440f9cba868a72d78e74b10329dfda4,f0f8fcdcf8f0e0f0,False,1050x1050
c1896142a20a,4,/kaggle/input/competitions/aptos2019-blindness-detection/train_images/c1896142a20a.png,2588,1958,5.07,5.339,1.0,65.67152404785156,20.678802007133473,47.57802323042415,a67146e849aef345dc03d02a3657be64,c8a086061890a0c0,False,2588x1958
c18a006f7f1d,0,/kaggle/input/competitions/aptos2019-blindness-detection/train_images/c18a006f7f1d.png,1050,1050,1.1,1.035,1.0,80.71453857421875,44.38752016989668,128.13764661550522,7d9947a55a2563de311c86b506ef8d86,f0f8fcdcdcf8f0f0,False,1050x1050
c1c8550508e0,2,/kaggle/input/competitions/aptos2019-blindness-detection/train_images/c1c8550508e0.png,3216,2136,6.87,5.852,0.842,56.33711242675781,23.82150880711521,64.63066483195871,27e6970be8d58fb48d4385eb902d9f74,dcd4f86efcfcfcfc,False,3216x2136
c1e6fa1ad314,1,/kaggle/input/competitions/aptos2019-blindness-detection/train_images/c1e6fa1ad314.png,2416,1736,4.19,2.439,0.934,56.69744873046875,22.561012456044722,75.77905343472958,058f5289a374da1061ee8c06debd5e05,92bc726ecece9eec,False,2416x1736
c1ebe785503a,1,/kaggle/input/competitions/aptos2019-blindness-detection/train_images/c1ebe785503a.png,2416,1736,4.19,1.996,0.935,74.75192260742188,27.218964360160978,118.81499881204218,2876c05116d097c345578b385709f6ec,c2f0a0d1919082c4,False,2416x1736
c21eb81de9fc,0,/kaggle/input/competitions/aptos2019-blindness-detection/train_images/c21eb81de9fc.png,819,614,0.5,0.317,0.606,63.01707458496094,36.636346593050014,101.33698715921491,a2057498499acb4d368817b9003afea1,f0d0bc7cdcfcf8f0,False,819x614
c23ff6dcf15e,0,/kaggle/input/competitions/aptos2019-blindness-detection/train_images/c23ff6dcf15e.png,2048,1536,3.15,1.942,0.605,75.88497924804688,43.7457672641297,135.2873243689537,e411f42e537c9799c53618f9cc6d2c8d,f0fcfeeeeeeefcf0,False,2048x1536
c24bcf7a1bc4,0,/kaggle/input/competitions/aptos2019-blindness-detection/train_images/c24bcf7a1bc4.png,1050,1050,1.1,0.99,1.0,80.18763732910156,43.29195624714142,117.95459776720963,2030aa17f3f1e70be1272307a930d6ae,f0fcfaeefaf0f0f0,False,1050x1050
c252da9b41d8,2,/kaggle/input/competitions/aptos2019-blindness-detection/train_images/c252da9b41d8.png,3216,2136,6.87,3.225,0.843,95.08657836914062,37.13103823983418,176.72512477636337,c4f9d74d5f6007f06995363c1f0365b4,88e0f0e4e0c6e2e0,False,3216x2136
c25e02b39c01,0,/kaggle/input/competitions/aptos2019-blindness-detection/train_images/c25e02b39c01.png,1050,1050,1.1,1.011,1.0,74.89089965820312,41.51261286113871,194.88657602271996,a2a2a14083d3d350e78c11f5c0db93b3,f0e0e0e0c0f080e0,False,1050x1050
c261b1aaa828,2,/kaggle/input/competitions/aptos2019-blindness-detection/train_images/c261b1aaa828.png,2416,1736,4.19,2.332,0.934,85.48916625976562,30.873935031341983,113.43903249502182,b7b64420f7deb4cc71daf8d70114a5df,e4e2c0c1f0e4aedc,False,2416x1736
c26f98f58350,0,/kaggle/input/competitions/aptos2019-blindness-detection/train_images/c26f98f58350.png,2048,1536,3.15,1.872,0.604,77.00961303710938,46.55629021219302,138.20477184280753,4461840840cac11439a6aefed538dcc9,f8fefefcdcfcfcf0,False,2048x1536
c280730cc211,2,/kaggle/input/competitions/aptos2019-blindness-detection/train_images/c280730cc211.png,2416,1736,4.19,2.356,0.935,63.43089294433594,23.53836013402042,113.26547822146676,401c1a37aedd80ff8cef2d70ad5d0f34,8e96911961d2c6cc,False,2416x1736
c2a58b2cfd0b,0,/kaggle/input/competitions/aptos2019-blindness-detection/train_images/c2a58b2cfd0b.png,1050,1050,1.1,0.878,1.0,82.12310791015625,43.228422882195346,125.26447889115661,8a8c1176dc9b57e455cd2db385d668d1,f0e0e0c2c2e0e0f0,False,1050x1050
c2d2b4f536da,2,/kaggle/input/competitions/aptos2019-blindness-detection/train_images/c2d2b4f536da.png,3216,2136,6.87,5.703,0.843,99.73307800292969,39.71459453867196,158.62238298519515,ec7b3c14d910adb43373f6df0b155517,f8f8f8fcfefcfcfc,False,3216x2136
c2f3281cf528,0,/kaggle/input/competitions/aptos2019-blindness-detection/train_images/c2f3281cf528.png,1050,1050,1.1,0.998,1.0,88.31794738769531,46.33296736561337,158.42978427466005,5c1df4db45000cef08f61274053dfe3b,f0f8fcdcfcf8f4f0,False,1050x1050
c31651ea04c6,3,/kaggle/input/competitions/aptos2019-blindness-detection/train_images/c31651ea04c6.png,2588,1958,5.07,4.642,1.0,54.473358154296875,23.44645385065814,19.168582690646872,8f69c9cf1270c9f4181cbda52064e5cb,f0e0d0d0808080c0,True,2588x1958
c334f8688b77,0,/kaggle/input/competitions/aptos2019-blindness-detection/train_images/c334f8688b77.png,1050,1050,1.1,1.039,1.0,74.40939331054688,41.70167750682105,113.14149991585873,36ee4f1ee68c43abba8cff3678f87b6a,f0f0f8fcdcf8f8f0,False,1050x1050
c365c598ad4e,0,/kaggle/input/competitions/aptos2019-blindness-detection/train_images/c365c598ad4e.png,1050,1050,1.1,0.864,1.0,77.1083984375,40.67316141926198,116.9800439083483,8701a913f0b937a29dbed9e3a6904378,f0f0f8fcdcfcf8f0,False,1050x1050
c373b73a80c8,0,/kaggle/input/competitions/aptos2019-blindness-detection/train_images/c373b73a80c8.png,2048,1536,3.15,1.937,0.684,67.95404052734375,47.41814035729016,127.99253567960113,09c1ed8ef7c11cc69deb26ebb8acb16e,70e2c0c4c4c4e470,False,2048x1536
c3789c1dab96,0,/kaggle/input/competitions/aptos2019-blindness-detection/train_images/c3789c1dab96.png,819,614,0.5,0.283,0.606,72.61116027832031,40.15394269981205,84.04986948426813,d99508ae9c8d23dcefab2ff07568c3d0,f0c08080cce0e4f0,False,819x614
c38dec54a9f7,0,/kaggle/input/competitions/aptos2019-blindness-detection/train_images/c38dec54a9f7.png,1050,1050,1.1,1.024,1.0,83.51686096191406,46.25004278539991,139.98175071179867,07aa9942f4692f7b022b4447467ca730,f0e0c0c2c0e0e0f0,False,1050x1050
c3a82acb7d7a,3,/kaggle/input/competitions/aptos2019-blindness-detection/train_images/c3a82acb7d7a.png,3216,2136,6.87,3.468,0.842,74.4224853515625,29.226534888298577,81.45143025740981,5a90e9daf9b6985eb2093150b5e00728,f0f0f0f8fcfcb8f8,False,3216x2136
c3aa424eff9a,0,/kaggle/input/competitions/aptos2019-blindness-detection/train_images/c3aa424eff9a.png,2048,1536,3.15,1.793,0.626,61.791534423828125,36.6167486887516,124.07033819612116,73181517fd39d33b4c851eb49542bbc1,e084860a6ae4c4e0,False,2048x1536
c3acf47700ea,2,/kaggle/input/competitions/aptos2019-blindness-detection/train_images/c3acf47700ea.png,3388,2588,8.77,7.497,0.871,68.784423828125,31.41058504067878,160.7343953512609,2e309070faff04d94cee94778c92d84c,d4e2c0d6d2a296cc,False,3388x2588
c3b15bf9b4bc,0,/kaggle/input/competitions/aptos2019-blindness-detection/train_images/c3b15bf9b4bc.png,2048,1536,3.15,1.937,0.605,87.18040466308594,49.23650133690195,335.3975353091955,b7be7c14c7542c038f194be0babd52d6,f09ea66767a6dcf0,False,2048x1536
c3c8fdda50c0,0,/kaggle/input/competitions/aptos2019-blindness-detection/train_images/c3c8fdda50c0.png,1050,1050,1.1,0.93,1.0,87.44729614257812,46.16900007587925,152.55704297777265,9c47ec447098f10ddadf0c8c85fe278e,f0c0c0c4c0f0f0f0,False,1050x1050
c3cd0200df79,3,/kaggle/input/competitions/aptos2019-blindness-detection/train_images/c3cd0200df79.png,2588,1958,5.07,4.004,1.0,96.87460327148438,52.3564708029277,171.8719407597091,4ea3688404711998724fbc677a643466,fcfcfce5edf9fafa,False,2588x1958
c3d12a23f451,4,/kaggle/input/competitions/aptos2019-blindness-detection/train_images/c3d12a23f451.png,2588,1958,5.07,5.373,1.0,58.038330078125,20.59720462048571,29.97802277817391,fe3e6b512ea59fbfce62a25a895d16f6,f0f0eaeae4f8d0c0,False,2588x1958
c3e02d4a1798,2,/kaggle/input/competitions/aptos2019-blindness-detection/train_images/c3e02d4a1798.png,3216,2136,6.87,2.986,0.842,92.17762756347656,35.826870999730225,130.960764039075,402c5106741c7823cca620307b4a0585,c0e0c0c0e2c082c0,False,3216x2136
c406325360b1,2,/kaggle/input/competitions/aptos2019-blindness-detection/train_images/c406325360b1.png,1050,1050,1.1,0.843,1.0,74.82917785644531,40.264611030783726,104.45489190868102,d1f531d761fd394d2668bfcd30a655a9,f0fcfcfc9cfcf8f0,False,1050x1050
c40976189f22,1,/kaggle/input/competitions/aptos2019-blindness-detection/train_images/c40976189f22.png,2416,1736,4.19,2.402,0.934,86.58882141113281,32.62045945662356,183.97583011328243,5ee92ff5becf3899614de89841af0900,c2f0f0e9dd9c8ccc,False,2416x1736
c446985355f1,0,/kaggle/input/competitions/aptos2019-blindness-detection/train_images/c446985355f1.png,1050,1050,1.1,0.951,1.0,54.437774658203125,30.545859519230376,72.4537814706564,86c2ee692968912b1f1c89de8337901c,f0f0e0c0c2c0c0f0,False,1050x1050
c48ae5da188e,2,/kaggle/input/competitions/aptos2019-blindness-detection/train_images/c48ae5da188e.png,3388,2588,8.77,3.69,0.871,80.5189208984375,34.918614950707514,214.95053401216865,380c8960c86497ec19b9a864d3536a62,e6e0f1d9f8f0f0e0,False,3388x2588
c4a8f2fcf6e8,1,/kaggle/input/competitions/aptos2019-blindness-detection/train_images/c4a8f2fcf6e8.png,2416,1736,4.19,2.233,0.935,91.70036315917969,33.86938363143317,158.9950322508812,8f8c8743ca5bc1e162e4910697e51a2a,f0c2e8898490c4c4,False,2416x1736
c4aef0d88d1b,0,/kaggle/input/competitions/aptos2019-blindness-detection/train_images/c4aef0d88d1b.png,1050,1050,1.1,0.877,1.0,77.641845703125,41.93682859014078,174.64950774773024,fe4ed4859f04fc5cd7e751d452687b30,f0fafcfedcfcf8f0,False,1050x1050
c4e8b1ec8893,2,/kaggle/input/competitions/aptos2019-blindness-detection/train_images/c4e8b1ec8893.png,1050,1050,1.1,0.823,1.0,80.30621337890625,44.154490512730916,99.26291940710507,40f29022ac4445fe9b2ad1b618e59ac2,f0f0f0e0e0e0e0f0,False,1050x1050
c52bb7343387,2,/kaggle/input/competitions/aptos2019-blindness-detection/train_images/c52bb7343387.png,3216,2136,6.87,2.919,0.842,93.57310485839844,35.67565352669285,187.77886912878603,62113a252edd6d4564f794e5da6f7272,f2e0e0c0c4c0c0e0,False,3216x2136
c5431b81cbc9,2,/kaggle/input/competitions/aptos2019-blindness-detection/train_images/c5431b81cbc9.png,2588,1958,5.07,5.514,1.0,76.90594482421875,36.70520283750873,66.4711530469358,f65dac92605a16a04fdece42faf789af,e0f0e0e0e0e0e0f0,False,2588x1958
c546670d9684,0,/kaggle/input/competitions/aptos2019-blindness-detection/train_images/c546670d9684.png,2416,1736,4.19,2.343,0.934,48.32147216796875,19.917144515101953,49.23212134628557,cea1f713f6a0738a09ede3e4bdabebc0,dcbe7c7676fefedc,False,2416x1736
c561bcd519e9,2,/kaggle/input/competitions/aptos2019-blindness-detection/train_images/c561bcd519e9.png,2416,1736,4.19,2.274,0.934,59.787567138671875,28.466553590219146,56.67642748146318,3f648414a06b92ae1cf71287851748ac,e0c0f0989c9c8cdc,False,2416x1736
c56293f53191,0,/kaggle/input/competitions/aptos2019-blindness-detection/train_images/c56293f53191.png,1050,1050,1.1,0.965,1.0,81.32330322265625,43.651415826847234,127.58052679314278,de7d9b0abc84669e6772f358c34c7eb8,f0f0f8bcf8f0e0f0,False,1050x1050
c568e5245ea5,2,/kaggle/input/competitions/aptos2019-blindness-detection/train_images/c568e5245ea5.png,2416,1736,4.19,2.258,0.934,69.54248046875,26.59872866421162,79.93862431286834,b3e2b88020d1a2789ec3178101a045df,f4f8f0fcfcf8bcd8,False,2416x1736
c56e65f74187,1,/kaggle/input/competitions/aptos2019-blindness-detection/train_images/c56e65f74187.png,2588,1958,5.07,2.857,0.998,42.43351745605469,21.280954711678028,13.42863895650953,d89eccf054456311ab0bc805399a71d6,e0c0808080c0e0e0,True,2588x1958
c57c164bca05,0,/kaggle/input/competitions/aptos2019-blindness-detection/train_images/c57c164bca05.png,2588,1958,5.07,5.291,1.0,55.07325744628906,19.47168702570059,31.316572604468092,735e0b463a6b52a5049c53199b1f90a8,e0f0f0e2e2f0f0f0,False,2588x1958
c58971bcebb2,0,/kaggle/input/competitions/aptos2019-blindness-detection/train_images/c58971bcebb2.png,2588,1958,5.07,5.076,1.0,44.66120910644531,22.263165580242536,24.658635895466432,e5feb5169d95fb17953ae4a40ee2d1ca,fcfafec7fffefefc,True,2588x1958
c58e5c0c5b33,0,/kaggle/input/competitions/aptos2019-blindness-detection/train_images/c58e5c0c5b33.png,1050,1050,1.1,1.039,1.0,83.35389709472656,45.14615227318806,144.10177611350082,ed860f21195f570e9a671b1a9e245924,f0f0e0c0c6e0e0f0,False,1050x1050
c597ef460944,0,/kaggle/input/competitions/aptos2019-blindness-detection/train_images/c597ef460944.png,2588,1958,5.07,5.465,1.0,78.53749084472656,30.42535318061365,41.89362500025891,8ca6b8ffb3f7ff618838ad4afea66bce,f0f8fcfeeefcfcf8,False,2588x1958
c5a0e84e955d,0,/kaggle/input/competitions/aptos2019-blindness-detection/train_images/c5a0e84e955d.png,2048,1536,3.15,1.764,0.602,39.89280700683594,23.008908733839974,44.99305049236864,98103173c907b9c68d51661595ebec36,f0d89c1c1cfcf8f0,True,2048x1536
c5a6f432a1ec,0,/kaggle/input/competitions/aptos2019-blindness-detection/train_images/c5a6f432a1ec.png,819,614,0.5,0.285,0.61,74.67398071289062,43.52536994508,108.97357680625282,1962ff9b23c1b26d4d1332d3985f0f5f,f0c482908c80c0f0,False,819x614
c5a9ebef1517,3,/kaggle/input/competitions/aptos2019-blindness-detection/train_images/c5a9ebef1517.png,2588,1958,5.07,5.571,1.0,61.759552001953125,28.82233835798797,65.91101199015975,049df470d990de39b1c404bac20c7d6b,f0f0f0f8fcfcf8f0,False,2588x1958
c5ad60521f8c,2,/kaggle/input/competitions/aptos2019-blindness-detection/train_images/c5ad60521f8c.png,1504,1000,1.5,0.728,0.838,60.724365234375,26.137561733760382,52.83016753196716,93957dc14618096aa51e05be5797027b,f0f0f8f4f4bcbcfc,False,1504x1000
c5b58cc992af,0,/kaggle/input/competitions/aptos2019-blindness-detection/train_images/c5b58cc992af.png,819,614,0.5,0.297,0.606,70.77247619628906,38.30942410144238,108.93412297125906,9d484e87854f2e2547b351f8884998b5,f0f8fcfecefedcf0,False,819x614
c5ba9e455d5e,3,/kaggle/input/competitions/aptos2019-blindness-detection/train_images/c5ba9e455d5e.png,3216,2136,6.87,2.962,0.841,44.425537109375,19.309849280937673,31.540529168210924,d1ca8f3cb22e78bcfd85d8d967a4323b,f0f8f86cecfc9ccc,False,3216x2136
c5bec7f1e5f3,0,/kaggle/input/competitions/aptos2019-blindness-detection/train_images/c5bec7f1e5f3.png,1050,1050,1.1,0.917,1.0,77.82160949707031,42.28981939440593,124.5490184687078,43f5958e2952bcc557360d690fd7134d,f0f0e0e0e2e0e0f0,False,1050x1050
c5e238aa18be,4,/kaggle/input/competitions/aptos2019-blindness-detection/train_images/c5e238aa18be.png,2416,1736,4.19,2.407,0.934,76.01934814453125,30.70794766378191,159.7451578041073,3b54e0db0cdd04ea24f315996d4d96a8,deb6e3d1199094cc,False,2416x1736
c613db1cab27,2,/kaggle/input/competitions/aptos2019-blindness-detection/train_images/c613db1cab27.png,3216,2136,6.87,2.154,0.842,81.28623962402344,29.682679355450027,101.15230909525417,1a9374ca0607efd847775d96f2da1e5c,c0a0c0c2c28286c4,False,3216x2136
c6229222bf22,0,/kaggle/input/competitions/aptos2019-blindness-detection/train_images/c6229222bf22.png,1050,1050,1.1,0.999,1.0,84.15107727050781,44.58958028419904,136.1512048309669,dc39c867306d179ee5c987e57b8d5028,f0f8fcdcf8f8f0f0,False,1050x1050
c62585bd68fb,4,/kaggle/input/competitions/aptos2019-blindness-detection/train_images/c62585bd68fb.png,1476,1117,1.65,1.705,1.0,78.77822875976562,29.04653584789585,83.6065798541531,a422e44801bd55f6166efa64d3750bb6,f0e0c0c4e0e0f0f0,False,1476x1117
c62cef02efa2,0,/kaggle/input/competitions/aptos2019-blindness-detection/train_images/c62cef02efa2.png,1050,1050,1.1,1.057,1.0,78.57168579101562,43.046672813895675,123.21140246628784,29e5eb2d4df9d3914fd17a7a83a3b4e3,f0e0c0c0c0c0e0f0,False,1050x1050
c639d837f5e4,0,/kaggle/input/competitions/aptos2019-blindness-detection/train_images/c639d837f5e4.png,2048,1536,3.15,1.909,0.605,87.28933715820312,47.62068658775261,160.388589322567,725d614bd3e6eda49a5349c47c0e200c,f0e6c0808c8cc4f0,False,2048x1536
c64c0966b4cf,0,/kaggle/input/competitions/aptos2019-blindness-detection/train_images/c64c0966b4cf.png,1050,1050,1.1,0.967,1.0,83.89114379882812,43.684428648356224,181.96079248166643,01298f0e163a86e2e9b48dfc4c8ebd1b,f0f8f0e0e2f0f0f0,False,1050x1050
c67117c6ab3b,3,/kaggle/input/competitions/aptos2019-blindness-detection/train_images/c67117c6ab3b.png,2416,1736,4.19,1.877,0.935,118.41151428222656,42.99710585525659,191.12689257017337,e5b1ab23deddfd33b618edadf8b2d3d9,f0f098d8f0e0e6c4,False,2416x1736
c68dfa021d62,2,/kaggle/input/competitions/aptos2019-blindness-detection/train_images/c68dfa021d62.png,3216,2136,6.87,2.142,0.842,100.4930419921875,37.19073130228845,140.8457849638071,b5b7d8571461326767d14d895f56f41e,e0e0f0e0c0c6c2c0,False,3216x2136
c6916bc42016,0,/kaggle/input/competitions/aptos2019-blindness-detection/train_images/c6916bc42016.png,1050,1050,1.1,1.074,1.0,76.95164489746094,43.35367427380223,137.18986534699798,9aa127523cb35ae02f99b00ce82a00e4,f0f0f8b8b8f8f0f0,False,1050x1050
c6a145742708,4,/kaggle/input/competitions/aptos2019-blindness-detection/train_images/c6a145742708.png,3388,2588,8.77,7.307,0.871,82.78092956542969,34.59941920102153,171.6041481345892,baa3038be8d0ecfe273e73a0a1525288,f0f0f4eccac2c2c0,False,3388x2588
c6a2975228af,2,/kaggle/input/competitions/aptos2019-blindness-detection/train_images/c6a2975228af.png,2588,1958,5.07,5.097,1.0,52.52864074707031,18.73305966557972,19.351147718494758,9c67afceeaab7359e93410a037daafaf,f0f0e0e1e1c2e2e0,True,2588x1958
c6a8f8f998a2,0,/kaggle/input/competitions/aptos2019-blindness-detection/train_images/c6a8f8f998a2.png,1050,1050,1.1,0.963,1.0,84.86579895019531,45.14737773419981,137.07920616772026,002ba0f539b4e60744b7f0b0ace761cb,f0fcfedefefcf8f0,False,1050x1050
c6c2bad91f23,2,/kaggle/input/competitions/aptos2019-blindness-detection/train_images/c6c2bad91f23.png,3216,2136,6.87,2.831,0.842,117.42405700683594,43.106932291315275,183.47912826761603,f61b97fcda688f101644fcd041b82f36,f0e0e080889090c0,False,3216x2136
c6d4e4a3bd4c,0,/kaggle/input/competitions/aptos2019-blindness-detection/train_images/c6d4e4a3bd4c.png,1050,1050,1.1,0.899,1.0,76.26957702636719,41.37117920400366,120.51525947079062,a3fc961438f44adad9579128e336d2d7,f0f8fcfcdcfcf8f0,False,1050x1050
c6e1e9fbf39b,2,/kaggle/input/competitions/aptos2019-blindness-detection/train_images/c6e1e9fbf39b.png,2416,1736,4.19,2.317,0.934,78.98173522949219,29.905955381038247,90.68942305352539,d4d25df30bf2369d9d7fa683b07e495e,e0f0f0e0a8a8f0e0,False,2416x1736
c6f5b5b5be41,0,/kaggle/input/competitions/aptos2019-blindness-detection/train_images/c6f5b5b5be41.png,1050,1050,1.1,1.037,1.0,72.20278930664062,40.44863703900934,101.15366699150763,b49fc6e03cefe6accdd45d6cc0f0b89c,f0e0e0e0e0f0f0f0,False,1050x1050
c704bd669f36,0,/kaggle/input/competitions/aptos2019-blindness-detection/train_images/c704bd669f36.png,1050,1050,1.1,1.066,1.0,71.67718505859375,39.49704828501047,102.25695502921008,7297e7a29e64362f8fe30bf0a90b145a,f0e0c0c0c0e0f0f0,False,1050x1050
c70d09370109,2,/kaggle/input/competitions/aptos2019-blindness-detection/train_images/c70d09370109.png,1050,1050,1.1,0.888,1.0,79.73130798339844,42.89811836905084,123.43290149024688,747e0e3908bb642a60d2a57980ef7dee,f0f8e0e0e2e0e0f0,False,1050x1050
c739ff9580d3,1,/kaggle/input/competitions/aptos2019-blindness-detection/train_images/c739ff9580d3.png,2416,1736,4.19,2.334,0.935,78.56565856933594,28.371662355966112,109.2278267359361,edf1a5147c3aab47463f1d63530c0f84,f0c0f068389098c4,False,2416x1736
c73c5f6ef664,2,/kaggle/input/competitions/aptos2019-blindness-detection/train_images/c73c5f6ef664.png,3216,2136,6.87,2.056,0.842,74.17446899414062,27.341980166362124,70.25441467389464,8ee6a1d949f483e65f6ab03f0fee6922,f0f0888880d080c4,False,3216x2136
c755a0c4edcc,0,/kaggle/input/competitions/aptos2019-blindness-detection/train_images/c755a0c4edcc.png,2048,1536,3.15,1.913,0.604,86.30191040039062,50.02878877029731,156.39012734568678,bea6c35d65a534596a269abc593f86ab,f0f0e0c3c6e6e4f0,False,2048x1536
c76664770c07,3,/kaggle/input/competitions/aptos2019-blindness-detection/train_images/c76664770c07.png,2588,1958,5.07,5.259,1.0,65.36239624023438,27.22089394936478,26.02704867348075,b58eea3e41251e24c4604d8508b59085,fcfcfefefefcfcf8,True,2588x1958
c7b622ec8104,1,/kaggle/input/competitions/aptos2019-blindness-detection/train_images/c7b622ec8104.png,2416,1736,4.19,1.977,0.934,71.78727722167969,26.63055087880179,75.42165737203322,f131d037948020f61702040a1fb25c36,f0e0c0c4e0c086cc,False,2416x1736
c7c0470bcf87,2,/kaggle/input/competitions/aptos2019-blindness-detection/train_images/c7c0470bcf87.png,2588,1958,5.07,5.096,1.0,49.27130126953125,35.04100691882045,18.516912083839998,7f3bb0f9da2c903eef4e7d967400cb76,fcfcfcfcfcfcfcf8,True,2588x1958
c7c3d363bc86,0,/kaggle/input/competitions/aptos2019-blindness-detection/train_images/c7c3d363bc86.png,2588,1958,5.07,5.683,1.0,89.13810729980469,30.181300564931473,75.76015641330741,d1a16f0994071ef87a064138ec928ade,f0f0f0f09098d0d0,False,2588x1958
c7d0deb71576,0,/kaggle/input/competitions/aptos2019-blindness-detection/train_images/c7d0deb71576.png,1050,1050,1.1,0.962,1.0,59.43572998046875,32.82499885057684,77.45531489606947,50d122eda1c11832c98fc0eff4953d44,f0f0e0c0c0e0f0f0,False,1050x1050
c7e827fc7f41,2,/kaggle/input/competitions/aptos2019-blindness-detection/train_images/c7e827fc7f41.png,2416,1736,4.19,2.364,0.935,96.952880859375,37.9373319761964,195.36028312682174,a6e3228f565fc37413cb4c8fcc9e269c,febab8dc9cb8dacc,False,2416x1736
c80b0f27541a,0,/kaggle/input/competitions/aptos2019-blindness-detection/train_images/c80b0f27541a.png,2588,1958,5.07,5.298,1.0,47.571746826171875,27.713514559834678,45.676229811273515,481f4847e02a81334a031609e11157e6,f8fcfcecfcfcf8f0,False,2588x1958
c80f79579fed,2,/kaggle/input/competitions/aptos2019-blindness-detection/train_images/c80f79579fed.png,3216,2136,6.87,2.99,0.842,95.56495666503906,35.89646550781752,118.95030160900205,17ce17d1865e8fde3d16079f987197c2,e0c0a08888a0c0e8,False,3216x2136
c81c6911f5e0,0,/kaggle/input/competitions/aptos2019-blindness-detection/train_images/c81c6911f5e0.png,1050,1050,1.1,1.021,1.0,85.99256896972656,45.67484123834426,151.65575985517353,2bd824862bb454eec8b410adf1d06724,f0c0c4c4c0e0e0f0,False,1050x1050
c85b79d70079,0,/kaggle/input/competitions/aptos2019-blindness-detection/train_images/c85b79d70079.png,2588,1958,5.07,5.205,1.0,58.71711730957031,19.068025837549705,24.046445157378912,31b3bd72863ecc3c8d2e0b15ee667e06,f0f8f8fceecefcd8,True,2588x1958
c87493ed320c,2,/kaggle/input/competitions/aptos2019-blindness-detection/train_images/c87493ed320c.png,3216,2136,6.87,2.489,0.841,68.31158447265625,26.137390248887694,66.12553096166812,1b7814f1ac71327f9cd4fd3a5032b6c7,f0f0f0f1c7c6c6c4,False,3216x2136
c8823cdaf7fa,2,/kaggle/input/competitions/aptos2019-blindness-detection/train_images/c8823cdaf7fa.png,3216,2136,6.87,2.552,0.842,74.32579040527344,28.36967547340512,75.92794770910405,df54dcdb84dba05b43d619b5bc2f5f87,e8f8f0a898b0d0ec,False,3216x2136
c8905b8d5cf1,2,/kaggle/input/competitions/aptos2019-blindness-detection/train_images/c8905b8d5cf1.png,2588,1958,5.07,5.229,1.0,42.68104553222656,18.486252040569184,34.396222410490736,31316d9c3278e18a98ab2e689dd2ab20,e0e0c0c2e0e0e0e0,True,2588x1958
c8a3eb9a5b52,2,/kaggle/input/competitions/aptos2019-blindness-detection/train_images/c8a3eb9a5b52.png,3216,2136,6.87,2.948,0.843,86.55906677246094,33.43536777493703,103.89306872873567,427febe2459b1bcb8349c5de5b531048,dcfcf3e7f6feb6e4,False,3216x2136
c8d2d32f7f29,4,/kaggle/input/competitions/aptos2019-blindness-detection/train_images/c8d2d32f7f29.png,3216,2136,6.87,5.967,0.842,49.45269775390625,20.54206045178858,63.54496496892534,c04aefbe905a9452432f505d23329e1c,868accd0c8e0e0e0,False,3216x2136
c8fc0df22999,1,/kaggle/input/competitions/aptos2019-blindness-detection/train_images/c8fc0df22999.png,2416,1736,4.19,2.181,0.934,82.49436950683594,30.25266321545303,130.74302549567074,88ca339101874e2f75393e34cb7e592e,eee2e1b098d0caec,False,2416x1736
c90c6b94cf40,0,/kaggle/input/competitions/aptos2019-blindness-detection/train_images/c90c6b94cf40.png,819,614,0.5,0.287,0.606,71.99978637695312,42.29393222242671,79.25581953581423,ec1ce70fb80843d695a4e8bb87335110,f0c0c0808cc0c4f0,False,819x614
c947bb6cf9f6,0,/kaggle/input/competitions/aptos2019-blindness-detection/train_images/c947bb6cf9f6.png,2048,1536,3.15,1.913,0.605,87.24514770507812,47.479585690987776,165.3035789055284,b0c2f34a42c5e30d1bcb3ef79f39d486,f0c48e84e0e0e0f0,False,2048x1536
c9485c38fdd5,1,/kaggle/input/competitions/aptos2019-blindness-detection/train_images/c9485c38fdd5.png,2416,1736,4.19,2.292,0.934,63.7781982421875,25.498372310868564,76.37772324308753,8516c5b13d646f6102f6102e3e2428f8,c4b8f8767efef4c8,False,2416x1736
c94f37085d0f,0,/kaggle/input/competitions/aptos2019-blindness-detection/train_images/c94f37085d0f.png,1050,1050,1.1,0.901,1.0,88.99407958984375,47.29325827410462,189.32049482967705,ae9debcf9ad10d52fffc16bd06000c20,f0febcbcf8f0f0f0,False,1050x1050
c96f743915b5,1,/kaggle/input/competitions/aptos2019-blindness-detection/train_images/c96f743915b5.png,2416,1736,4.19,1.893,0.935,78.98646545410156,28.165913436831875,105.9319936723914,2d38603466d05e0f2a0954ccaec1f44d,f0d8b8b834bc9ecc,False,2416x1736
c97472ef2c66,0,/kaggle/input/competitions/aptos2019-blindness-detection/train_images/c97472ef2c66.png,819,614,0.5,0.315,0.606,57.10179138183594,32.697438688541816,76.06160454987548,da7680eab0517cf38e26428dcafcfdd1,f0c0c0c0c4c0e0f0,False,819x614
c98f623d08d1,0,/kaggle/input/competitions/aptos2019-blindness-detection/train_images/c98f623d08d1.png,1050,1050,1.1,0.964,1.0,82.18423461914062,44.839428341274576,125.89315957366489,53d66c0a14419965c960ee2456e59189,f0c0c0c4c0e0f0f0,False,1050x1050
c9c563864ab1,0,/kaggle/input/competitions/aptos2019-blindness-detection/train_images/c9c563864ab1.png,2048,1536,3.15,1.933,0.605,89.74630737304688,53.74036297748109,236.6251727787312,a1d2c86dbb8332a2d3f8a756069d78a1,f0c688818080c0e0,False,2048x1536
c9d42d7534e0,2,/kaggle/input/competitions/aptos2019-blindness-detection/train_images/c9d42d7534e0.png,2416,1736,4.19,2.457,0.935,75.31100463867188,28.53814369400172,108.94186919159256,3bf6eeb814ec23e4237829d5e820327f,f0f0f0a0909080c4,False,2416x1736
c9e697117f3f,0,/kaggle/input/competitions/aptos2019-blindness-detection/train_images/c9e697117f3f.png,1050,1050,1.1,0.992,1.0,75.18058776855469,40.22661479769659,121.89109878963791,0d7ab378328480f25dfa2c6be0dbfe43,f0f8fcfcbcf8f8f0,False,1050x1050
c9ea9d5eab65,3,/kaggle/input/competitions/aptos2019-blindness-detection/train_images/c9ea9d5eab65.png,2416,1736,4.19,2.399,0.934,74.57420349121094,27.8200632569939,112.04122872557491,67e3f743bdffe1f16b06fcf42963d144,dcb8f0eae0e090c0,False,2416x1736
c9f0dc2c8b43,2,/kaggle/input/competitions/aptos2019-blindness-detection/train_images/c9f0dc2c8b43.png,1504,1000,1.5,1.515,0.838,82.36038208007812,33.73773026752118,101.77437126263976,5e85c7ff25e879de224c15aacb11d553,f2f0f0f0b09c9edc,False,1504x1000
ca05f7e7801b,0,/kaggle/input/competitions/aptos2019-blindness-detection/train_images/ca05f7e7801b.png,1050,1050,1.1,0.928,1.0,86.09571838378906,46.17356743913594,165.55015912442468,740968cd572e9239b1f8ab35e52f8b4b,f0e0e2e0f0f0c8f0,False,1050x1050
ca0f1a17c8e5,2,/kaggle/input/competitions/aptos2019-blindness-detection/train_images/ca0f1a17c8e5.png,1504,1000,1.5,1.385,0.838,65.22161865234375,27.407233006299727,70.15246217302047,523b5e9da719b5d87b7d28b22fba31ce,fcf8deb0f0f0e6c4,False,1504x1000
ca1036496659,1,/kaggle/input/competitions/aptos2019-blindness-detection/train_images/ca1036496659.png,1844,1226,2.26,0.932,0.816,53.184173583984375,22.864622011091786,41.286583884619176,a994811a26ce7e8414110edbf5ec12bd,d8b0f0e2e0e080c4,False,1844x1226
ca25745942b0,1,/kaggle/input/competitions/aptos2019-blindness-detection/train_images/ca25745942b0.png,2416,1736,4.19,2.022,0.935,69.84799194335938,26.465443574769534,94.56523810233921,3ac647a4d7641b4e22dd19bd697a7817,c0c0b0a888c0c0c4,False,2416x1736
ca2b54b95ade,0,/kaggle/input/competitions/aptos2019-blindness-detection/train_images/ca2b54b95ade.png,1050,1050,1.1,0.997,1.0,98.38597106933594,52.278804430348664,179.71068074158393,e9c99fc41be9af7fbb887ab0ac0064de,f0e0c0c0c0c0e0f0,False,1050x1050
ca30a97e9d13,1,/kaggle/input/competitions/aptos2019-blindness-detection/train_images/ca30a97e9d13.png,2588,1958,5.07,3.365,0.997,50.17964172363281,22.34103529112853,14.0753477178514,8c334ad99972350aa3cfc86e30a30d83,f0f0c0c0e0e0f0f0,True,2588x1958
ca360bec5851,2,/kaggle/input/competitions/aptos2019-blindness-detection/train_images/ca360bec5851.png,3216,2136,6.87,2.98,0.842,95.92390441894531,37.32473968421977,108.68671875819564,8ad0a646ed303717ed8d8003bd338dae,e0e4c0c0e0e0e2e8,False,3216x2136
ca63fe4f4b52,1,/kaggle/input/competitions/aptos2019-blindness-detection/train_images/ca63fe4f4b52.png,2416,1736,4.19,1.898,0.934,90.56190490722656,32.83359832569269,143.0113974136766,a6ad42a852de8c827063b315315986a5,f8b8f87e6efe9edc,False,2416x1736
ca6842bfcbc9,1,/kaggle/input/competitions/aptos2019-blindness-detection/train_images/ca6842bfcbc9.png,2416,1736,4.19,1.759,0.934,77.78996276855469,28.1605308978768,86.76705191191286,7466afedd7c8d829f842228478bc65ee,f8f8fafebcb8b8f8,False,2416x1736
ca7140ecf389,1,/kaggle/input/competitions/aptos2019-blindness-detection/train_images/ca7140ecf389.png,2416,1736,4.19,2.328,0.934,81.03759765625,33.62114647761106,98.49730086326599,189190736f698d83ed9f436b7355998a,f8b0f0c3c7c080c0,False,2416x1736
ca7570c5925c,2,/kaggle/input/competitions/aptos2019-blindness-detection/train_images/ca7570c5925c.png,2416,1736,4.19,2.086,0.934,68.12467956542969,25.36990087026548,86.64045145153068,5b3aec42f5b938eb737c696ced315573,c080989c8cdc9edc,False,2416x1736
ca7f5caddf96,2,/kaggle/input/competitions/aptos2019-blindness-detection/train_images/ca7f5caddf96.png,2588,1958,5.07,5.157,1.0,47.20152282714844,24.844077818205534,21.751790907233953,27ef4823f2a3cd838feb0d57eead9c91,f0e0c0c4c0e0e0e0,True,2588x1958
ca891d37a43c,2,/kaggle/input/competitions/aptos2019-blindness-detection/train_images/ca891d37a43c.png,1504,1000,1.5,1.323,0.838,71.15444946289062,30.554021468260835,65.6651274075266,217c348de53e4f70b11c66a925b26863,f8f8eed6f0f8b8fc,False,1504x1000
ca9c912ebad7,2,/kaggle/input/competitions/aptos2019-blindness-detection/train_images/ca9c912ebad7.png,3216,2136,6.87,1.769,0.843,80.67146301269531,29.118672945502727,94.12307524681091,abce39767181c87bfa48c14adbd32872,f0f0e084cc8c82c8,False,3216x2136
cab3dfa7962d,1,/kaggle/input/competitions/aptos2019-blindness-detection/train_images/cab3dfa7962d.png,2416,1736,4.19,2.008,0.934,69.5667724609375,26.19753400647648,78.16254267818294,0cbb2a598638f0c20d2e8372cb51b24f,c0e0e080908c8ecc,False,2416x1736
cac40227d3b2,2,/kaggle/input/competitions/aptos2019-blindness-detection/train_images/cac40227d3b2.png,1504,1000,1.5,1.373,0.838,90.97029113769531,35.58947292160425,129.77024970948696,02e855cb5c1eb05c81e6fd027ccdbcf2,d8bcf27272fc98d8,False,1504x1000
cac80797770f,2,/kaggle/input/competitions/aptos2019-blindness-detection/train_images/cac80797770f.png,2588,1958,5.07,4.181,0.997,58.717254638671875,28.2057885711084,52.42798247560859,04d7dbc280702fae8fa07ce545b15f92,f8fcfcfcfcf8f0f0,False,2588x1958
cad5b1a82e60,0,/kaggle/input/competitions/aptos2019-blindness-detection/train_images/cad5b1a82e60.png,2048,1536,3.15,1.97,0.604,64.64279174804688,37.54774462123777,86.56862968206406,99eb393c1e9d01c382db562efb4731de,f0f8f2f3f7fefcf0,False,2048x1536
cadde4030858,0,/kaggle/input/competitions/aptos2019-blindness-detection/train_images/cadde4030858.png,1050,1050,1.1,1.014,1.0,85.12452697753906,45.49317843019192,166.51791727519594,d6e8a444ec84488d04fdd0bbfbb03824,f0fcfedefefcf0f0,False,1050x1050
cae33655ca00,0,/kaggle/input/competitions/aptos2019-blindness-detection/train_images/cae33655ca00.png,1050,1050,1.1,0.986,1.0,90.26821899414062,50.324628421951715,166.36723560094833,c8187ae2b8fd9938099ba07bb9b93fc0,f0f0e0e0e0e0f0f0,False,1050x1050
cae51154e1ce,1,/kaggle/input/competitions/aptos2019-blindness-detection/train_images/cae51154e1ce.png,2588,1958,5.07,2.852,0.994,35.868804931640625,12.799016333454622,8.765759318135679,d58d69362ea3b53cf6104731900daa6c,e0e0e0e6f0e0f0f0,True,2588x1958
caec68f11c86,2,/kaggle/input/competitions/aptos2019-blindness-detection/train_images/caec68f11c86.png,1050,1050,1.1,0.901,1.0,74.69241333007812,40.19700359126134,113.6267525171861,e14164dc015af573bc12400b561b4823,f0e0e0c0c0e0e0f0,False,1050x1050
cb02bb47fdc5,0,/kaggle/input/competitions/aptos2019-blindness-detection/train_images/cb02bb47fdc5.png,2416,1736,4.19,2.308,0.934,89.72750854492188,34.64692337614265,210.63383173174225,729a0db2ca8293b4b8b2bff2669e628b,c2b2e34347c786c6,False,2416x1736
cb0cc98d7e35,0,/kaggle/input/competitions/aptos2019-blindness-detection/train_images/cb0cc98d7e35.png,2416,1736,4.19,2.344,0.934,66.24624633789062,23.111722221627474,83.00391304283403,3e768f69c195fb029b90169d701b867b,e4c8f07410a284c0,False,2416x1736
cb2201c226d6,0,/kaggle/input/competitions/aptos2019-blindness-detection/train_images/cb2201c226d6.png,1050,1050,1.1,0.951,1.0,72.63154602050781,38.38789472942961,106.30680014914833,dccae381bb1dbd4e01bd63327b2e0b4a,f0e0c0c0c4c0e0f0,False,1050x1050
cb28adab4e8a,0,/kaggle/input/competitions/aptos2019-blindness-detection/train_images/cb28adab4e8a.png,819,614,0.5,0.282,0.61,76.96882629394531,43.39984093423665,119.93941488768905,222258747729f7e4d9b366a41aa42823,f0c2808484c0e4f0,False,819x614
cb2f3c5d71a7,1,/kaggle/input/competitions/aptos2019-blindness-detection/train_images/cb2f3c5d71a7.png,1050,1050,1.1,0.872,1.0,81.80842590332031,43.777483657314725,135.05378149356693,1f8758be5a485cd85ec35e98617141f3,f0f0f8fcdcfcf0f0,False,1050x1050
cb39761f0712,0,/kaggle/input/competitions/aptos2019-blindness-detection/train_images/cb39761f0712.png,1050,1050,1.1,1.071,1.0,82.05171203613281,44.14529181426141,133.33326232037507,2ffbcb7234e488f40d4c7835712a2bd1,f0f0e0e0e0e0e0e0,False,1050x1050
cb547e723a16,4,/kaggle/input/competitions/aptos2019-blindness-detection/train_images/cb547e723a16.png,2416,1736,4.19,2.432,0.934,62.44970703125,24.13730390104568,71.45183792337775,e4036b1a5d9f30c89d2cf1e8771f1f5d,d0e8e86e669e9ccc,False,2416x1736
cb602182cde3,2,/kaggle/input/competitions/aptos2019-blindness-detection/train_images/cb602182cde3.png,640,480,0.31,0.341,1.0,81.99559020996094,18.45112617408048,43.89601625665091,4a15adf384eb368af61670043fe9a425,b878f0eaeaf0e4f8,False,640x480
cb68fce07789,0,/kaggle/input/competitions/aptos2019-blindness-detection/train_images/cb68fce07789.png,1050,1050,1.1,1.017,1.0,82.33151245117188,44.72392759031896,128.4195203250274,d4e6e2ef7a77c4c7c8830d8ced5c5bef,f0f8f8fcdcfcf8f0,False,1050x1050
cb75210abebe,2,/kaggle/input/competitions/aptos2019-blindness-detection/train_images/cb75210abebe.png,3216,2136,6.87,2.65,0.843,116.58442687988281,42.596955208667424,199.31015641777776,531ffad7c3400edbf9ff9c14051fde34,dcb8fa6ef8fcf8d0,False,3216x2136
cbc23af521f3,0,/kaggle/input/competitions/aptos2019-blindness-detection/train_images/cbc23af521f3.png,2048,1536,3.15,1.94,0.605,77.28688049316406,42.868792712992935,156.88508550426923,846000c4405cb81b0bad94ed5592bcc5,f0f0e8c0c6e0e0f0,False,2048x1536
cbc2e57447c2,2,/kaggle/input/competitions/aptos2019-blindness-detection/train_images/cbc2e57447c2.png,3216,2136,6.87,2.447,0.842,79.75637817382812,29.669871496629636,107.53909432515502,62481b5c6e7213c39797d932e566e090,d0b8f8dcdcfcfcfc,False,3216x2136
cbd0870aa933,4,/kaggle/input/competitions/aptos2019-blindness-detection/train_images/cbd0870aa933.png,2416,1736,4.19,2.204,0.934,72.93101501464844,28.051191976827287,89.50217970367521,80950e4e2ef707af597777ff66eb5ee1,d8f0f0b098989c9c,False,2416x1736
cbe633765ea7,0,/kaggle/input/competitions/aptos2019-blindness-detection/train_images/cbe633765ea7.png,1050,1050,1.1,0.827,1.0,90.52891540527344,46.47527307247432,154.28025768860243,80b947cd741f4e1950789fd43f9fa79b,f0e0c08888c0c0f0,False,1050x1050
cbf0394039f8,2,/kaggle/input/competitions/aptos2019-blindness-detection/train_images/cbf0394039f8.png,2416,1736,4.19,2.018,0.935,72.75607299804688,27.502404286917855,79.09878951101564,dc0d452b8d6b22f3cd27a791e9220976,c8b8b83838b8bcf4,False,2416x1736
cc12453ea915,1,/kaggle/input/competitions/aptos2019-blindness-detection/train_images/cc12453ea915.png,2416,1736,4.19,2.455,0.934,71.25929260253906,29.839890242675178,88.81223843968473,c4554a3c1170517ea907f3577a548871,f8f8fcdcfcf8f0c0,False,2416x1736
cc1eebed9276,2,/kaggle/input/competitions/aptos2019-blindness-detection/train_images/cc1eebed9276.png,2416,1736,4.19,1.958,0.935,88.16061401367188,32.34306861093757,204.60807413584553,7bf17405254ca590e0260e283d19f872,c6b2b1b3b9d7c6dc,False,2416x1736
cc3d2e961768,4,/kaggle/input/competitions/aptos2019-blindness-detection/train_images/cc3d2e961768.png,3216,2136,6.87,5.867,0.842,59.5516357421875,25.06982231641643,61.29241260862909,81e4ace796e6aec61350c34c44f7e476,f8f0f8e8eede86cc,False,3216x2136
cc671a73e1cb,0,/kaggle/input/competitions/aptos2019-blindness-detection/train_images/cc671a73e1cb.png,1050,1050,1.1,1.052,1.0,86.23646545410156,46.60889383585189,143.6153798168525,31024db98c30e1f24b3123424086d47a,f0f0f8fcdcfcf0f0,False,1050x1050
cc839823755b,2,/kaggle/input/competitions/aptos2019-blindness-detection/train_images/cc839823755b.png,3388,2588,8.77,3.689,0.869,65.44786071777344,27.37849796610498,88.26672159135342,714345499fe9208da9ae6a030c49dbce,d4b0f0e2c2e0a0c0,False,3388x2588
cc9270f06b65,1,/kaggle/input/competitions/aptos2019-blindness-detection/train_images/cc9270f06b65.png,2588,1958,5.07,4.431,0.998,66.68919372558594,29.43338150714485,47.886760055786,8d29d2748f8c85b30a5b4c5fc40091fa,e0e0e0c0c4c0e0f0,False,2588x1958
cc964bf04dbc,0,/kaggle/input/competitions/aptos2019-blindness-detection/train_images/cc964bf04dbc.png,1050,1050,1.1,1.057,1.0,76.29319763183594,42.47702647826021,123.45599947869778,8422f09b839efcad7710a338fca82f2b,f0f0e0c0e0e0f0f0,False,1050x1050
cca626a0e19a,2,/kaggle/input/competitions/aptos2019-blindness-detection/train_images/cca626a0e19a.png,1844,1226,2.26,0.847,0.816,78.84205627441406,35.074055418099725,70.23696874617599,3031b54c2e3484edf60a95bc69bad860,c0c0d088888086c4,False,1844x1226
ccd34029493d,2,/kaggle/input/competitions/aptos2019-blindness-detection/train_images/ccd34029493d.png,3216,2136,6.87,2.856,0.841,73.682373046875,26.979376447566537,84.29039655532688,7bb44c28eda1a2ddfdb7a0a349556c07,d0a0f0eccceeccdc,False,3216x2136
ccd6dcb2f568,0,/kaggle/input/competitions/aptos2019-blindness-detection/train_images/ccd6dcb2f568.png,2048,1536,3.15,1.826,0.602,27.733139038085938,20.20024868222384,46.119800958549604,0b946698acd3d7bab6a819953b5bac33,f0fafc9c9cfcfcf0,True,2048x1536
ccea49708830,0,/kaggle/input/competitions/aptos2019-blindness-detection/train_images/ccea49708830.png,2048,1536,3.15,1.899,0.605,91.78096008300781,52.88247702569503,235.27435037097894,f7a7494d34f03da17a3b83692c388f20,e090c0c0c4c0e0f0,False,2048x1536
cd01672507c9,0,/kaggle/input/competitions/aptos2019-blindness-detection/train_images/cd01672507c9.png,2588,1958,5.07,5.497,1.0,62.407501220703125,35.6566063178029,66.06662403396331,e95620b180b5ae6b6969ec05d84805f4,f8f8fcfeeeeefcf8,False,2588x1958
cd01f4f83336,0,/kaggle/input/competitions/aptos2019-blindness-detection/train_images/cd01f4f83336.png,2048,1536,3.15,1.931,0.604,79.29304504394531,46.896980372246105,155.9977556904778,38079fb30f3eb707a4e819023d9ec5a6,f0fefefefefefcf0,False,2048x1536
cd1c98ec48b1,0,/kaggle/input/competitions/aptos2019-blindness-detection/train_images/cd1c98ec48b1.png,1050,1050,1.1,0.905,1.0,81.99903869628906,43.74190161853709,129.75605463958345,2f37d7ac0c89973db3ca7163c3cff767,f0f0e0c0c4e0f0f0,False,1050x1050
cd29c88c9e36,2,/kaggle/input/competitions/aptos2019-blindness-detection/train_images/cd29c88c9e36.png,3216,2136,6.87,1.6,0.843,126.58869934082031,45.230768556094475,229.71564382966608,e4202c6db20265c642ebd744d2db7ff7,ccf0f0c1c1e0c2c4,False,3216x2136
cd314653a4d8,0,/kaggle/input/competitions/aptos2019-blindness-detection/train_images/cd314653a4d8.png,2048,1536,3.15,1.909,0.604,86.74168395996094,50.25924308643446,130.22445878013968,68957e37b01bce4acb893c949739d5f2,f0f8fcfcdcfcf8f0,False,2048x1536
cd3fd04d72f5,2,/kaggle/input/competitions/aptos2019-blindness-detection/train_images/cd3fd04d72f5.png,1504,1000,1.5,1.308,0.838,57.69952392578125,24.705649672694623,52.46365464385599,5481e6578b7ddedb9ee4108cc7f85d28,e0f8f8f4f4fcf8f8,False,1504x1000
cd45bfa07d41,1,/kaggle/input/competitions/aptos2019-blindness-detection/train_images/cd45bfa07d41.png,3216,2136,6.87,3.064,0.842,94.67196655273438,34.88907023608302,137.1260328553617,426410dccd5f174d7ca0c3c800f1e75f,f0b4f08c8c9c9cdc,False,3216x2136
cd48cfab4e44,0,/kaggle/input/competitions/aptos2019-blindness-detection/train_images/cd48cfab4e44.png,2588,1958,5.07,3.196,1.0,59.503692626953125,26.60452876335108,59.84456028952263,7f614c48fe026507bc299145a5cc583f,fcfcfcefe6f4e8f0,False,2588x1958
cd4e7f9fa1a9,2,/kaggle/input/competitions/aptos2019-blindness-detection/train_images/cd4e7f9fa1a9.png,1504,1000,1.5,1.306,0.838,73.33833312988281,31.550730502928438,63.18756703194231,985d2ef214d747b029d0390eacbb90cd,e0c0889090c0c0fc,False,1504x1000
cd54d022e37d,4,/kaggle/input/competitions/aptos2019-blindness-detection/train_images/cd54d022e37d.png,3216,2136,6.87,2.923,0.842,87.88221740722656,33.24026549511367,123.00217626895756,deceed957fbbd45e7c6c68d6cc4ea7de,f8f0e0e0c0c4c4e4,False,3216x2136
cd563556cb57,0,/kaggle/input/competitions/aptos2019-blindness-detection/train_images/cd563556cb57.png,819,614,0.5,0.358,0.926,43.94270324707031,24.65051430270305,53.09600160061382,3d6b1c4acb97239e0d3320e71314ba5d,ece2f0f2f0a8e0f0,False,819x614
cd5714db652d,1,/kaggle/input/competitions/aptos2019-blindness-detection/train_images/cd5714db652d.png,2416,1736,4.19,1.991,0.934,84.54454040527344,31.235123408835584,103.71203312440775,e623d3fbc9c57c71eadccb17cad8767e,f0f0f070f49492d4,False,2416x1736
cd66754e1b3b,0,/kaggle/input/competitions/aptos2019-blindness-detection/train_images/cd66754e1b3b.png,819,614,0.5,0.304,0.606,69.59359741210938,38.502623604587725,139.15129267796874,b42c74bf615502921a5c24a664defffc,f0c28080a8f0e0f0,False,819x614
cd8da43e3069,0,/kaggle/input/competitions/aptos2019-blindness-detection/train_images/cd8da43e3069.png,1050,1050,1.1,0.989,1.0,70.40621948242188,40.00933607343151,95.24538241117261,64a0ba40b20eff56dc4b622a41f93021,f0f0e0c0c4e0f0f0,False,1050x1050
cd93a472e5cd,4,/kaggle/input/competitions/aptos2019-blindness-detection/train_images/cd93a472e5cd.png,1050,1050,1.1,0.914,1.0,71.40609741210938,39.474974249161406,108.33590266760439,8472d5c5f7834fe2a149ac3d256ba4ca,f0e0a4b4dcf0e0f0,False,1050x1050
cd941e5bc659,0,/kaggle/input/competitions/aptos2019-blindness-detection/train_images/cd941e5bc659.png,1050,1050,1.1,0.902,1.0,70.74305725097656,38.26886365721033,94.7363303208258,88cd0c0af6cc4464b0cd518691bccf81,f0f0fcfcdcf8f0f0,False,1050x1050
cd972e5639e0,4,/kaggle/input/competitions/aptos2019-blindness-detection/train_images/cd972e5639e0.png,2588,1958,5.07,5.309,1.0,67.926513671875,33.41466393329736,25.220765589736402,93ee7009f66b90d462e690c210d5d071,f8f8faf8f8f8f8f0,True,2588x1958
cd9e2190c73f,2,/kaggle/input/competitions/aptos2019-blindness-detection/train_images/cd9e2190c73f.png,2416,1736,4.19,2.32,0.934,83.40415954589844,31.48830039747796,130.1344316219911,2b2a9ab01528c7461979cf8107e3bf6f,faf8f8f8eceeb6c4,False,2416x1736
ce207b69ff37,3,/kaggle/input/competitions/aptos2019-blindness-detection/train_images/ce207b69ff37.png,3216,2136,6.87,3.204,0.842,86.08172607421875,33.095927200560624,127.15119468327612,7e89f3416787b741839d654eca6e8727,e0a0e0c8c4c4e0d0,False,3216x2136
ce6f33a81ad5,0,/kaggle/input/competitions/aptos2019-blindness-detection/train_images/ce6f33a81ad5.png,1050,1050,1.1,0.957,1.0,77.16213989257812,41.927672661682,115.79666805267334,82fa0e2ff01e20153ce6069197090402,f0f0fcfcdcfcfcf0,False,1050x1050
ce754234d760,0,/kaggle/input/competitions/aptos2019-blindness-detection/train_images/ce754234d760.png,1050,1050,1.1,0.994,1.0,50.75798034667969,29.181125070814858,69.3416173523292,6d3a334812b233e73a67db87ad57b222,f0e0e0c0c4e0e0f0,False,1050x1050
ce887b196c23,2,/kaggle/input/competitions/aptos2019-blindness-detection/train_images/ce887b196c23.png,1504,1000,1.5,1.311,0.84,72.017578125,29.48876060129583,120.29710629559122,760a5f40f35dd1ca462fbd81d190ab92,c280c091b1c286cc,False,1504x1000
ce8d2efd9d4f,0,/kaggle/input/competitions/aptos2019-blindness-detection/train_images/ce8d2efd9d4f.png,1050,1050,1.1,1.032,1.0,74.97666931152344,40.49890989129308,114.93562226719223,8d818d65fdf78cc87ecf7f84e3c1759f,f0e0e0c0c0c0e0f0,False,1050x1050
ceaa5803d780,2,/kaggle/input/competitions/aptos2019-blindness-detection/train_images/ceaa5803d780.png,3216,2136,6.87,3.058,0.842,80.42335510253906,30.32425900821954,88.38259113184176,d6033c3ba2c7b585b1b97d537717bbb5,c0b0f0c8888880c4,False,3216x2136
ceb32a193eff,0,/kaggle/input/competitions/aptos2019-blindness-detection/train_images/ceb32a193eff.png,1476,1117,1.65,2.321,1.0,87.79942321777344,31.43249943197877,56.956597313284874,eb5828730bc308e11177de3988ada8cd,f0f0e4e4e6e4f2f0,False,1476x1117
ceb601fe8dba,2,/kaggle/input/competitions/aptos2019-blindness-detection/train_images/ceb601fe8dba.png,3216,2136,6.87,3.124,0.846,56.96221923828125,26.54681995114181,138.44853678136133,4f8c7367580d290031e9e75dcfd5243b,cedab13139b18acc,False,3216x2136
cec299c2a2d5,0,/kaggle/input/competitions/aptos2019-blindness-detection/train_images/cec299c2a2d5.png,2588,1958,5.07,5.146,1.0,54.01202392578125,23.55189741882321,25.540507454192266,57a56c9c8916ca983c4d94e6a9102347,f0f090a8c8f0f0f0,True,2588x1958
cf0575534cec,1,/kaggle/input/competitions/aptos2019-blindness-detection/train_images/cf0575534cec.png,2416,1736,4.19,2.258,0.934,70.06427001953125,26.67496792497009,82.55499282083474,a932ac088b683e23dba838e8a41c31cc,c0b0f0701cb890c0,False,2416x1736
cf0824f53dd9,2,/kaggle/input/competitions/aptos2019-blindness-detection/train_images/cf0824f53dd9.png,2416,1736,4.19,1.835,0.934,89.75559997558594,33.46155641209279,148.99524193792604,5caf87192bfad26cd79412c80bca48cc,f6faf8efd68686cc,False,2416x1736
cf1b9d26d38d,4,/kaggle/input/competitions/aptos2019-blindness-detection/train_images/cf1b9d26d38d.png,3388,2588,8.77,3.977,0.879,77.38418579101562,33.950977881067224,133.74964820942841,8ebb1419e887c95e84efccd9ed9ed52d,c0c0c0c0e0e0a0e0,False,3388x2588
cf603a9ef2d5,1,/kaggle/input/competitions/aptos2019-blindness-detection/train_images/cf603a9ef2d5.png,2416,1736,4.19,2.222,0.935,70.06285095214844,28.05922270111597,134.90042348927818,d3f45a4312dde3fc79a8d88732f1d09a,82a06061818082c4,False,2416x1736
cf6551521a35,0,/kaggle/input/competitions/aptos2019-blindness-detection/train_images/cf6551521a35.png,2048,1536,3.15,1.861,0.605,74.94447326660156,40.49881939299236,166.4913390725851,e6c31d112c8eaa6c66ac54622ec7e83e,f0e6f2f1a9eef4f0,False,2048x1536
cf8ae5501bd6,0,/kaggle/input/competitions/aptos2019-blindness-detection/train_images/cf8ae5501bd6.png,1050,1050,1.1,0.951,1.0,76.80120849609375,41.19324600715442,131.69629175565206,03d4e64eb4fcf0e01736bc56ea50dc78,f0e0e0c0c0e0e0f0,False,1050x1050
cf8f1bc7a215,0,/kaggle/input/competitions/aptos2019-blindness-detection/train_images/cf8f1bc7a215.png,819,614,0.5,0.311,0.606,61.2030029296875,35.25975718609328,128.34123780485243,865eff807b12874b7cf03d9ff33919ac,f0e6a2b1a8fcdce0,False,819x614
cfb17a7cc8d4,0,/kaggle/input/competitions/aptos2019-blindness-detection/train_images/cfb17a7cc8d4.png,1050,1050,1.1,0.907,1.0,63.99516296386719,34.335184120241074,98.13915855786763,51c33f1f0eed960b342995d0a82973ee,f0cc8e8efcf8fcf0,False,1050x1050
cfd1bd0fcbb4,1,/kaggle/input/competitions/aptos2019-blindness-detection/train_images/cfd1bd0fcbb4.png,819,614,0.5,0.31,0.931,38.41517639160156,24.511660690158116,34.16856484836899,00db9140e66ba5debc9e6044f6c1564f,c89cae8e8e8ecce0,True,819x614
cfdbaef73a8b,0,/kaggle/input/competitions/aptos2019-blindness-detection/train_images/cfdbaef73a8b.png,819,614,0.5,0.365,0.931,49.54145812988281,30.987799762234264,62.46291120513342,8a992d471910dd5df4cc0ecd2a30bf57,e0c0c4c6c6c2e0e0,False,819x614
cfed7c1172ec,0,/kaggle/input/competitions/aptos2019-blindness-detection/train_images/cfed7c1172ec.png,1050,1050,1.1,0.912,1.0,85.00222778320312,44.774252971633615,125.47265706956387,878020c2b5801d3ac38d5fee4fb3f6a6,f0fcfc9cfcf8c4f0,False,1050x1050
cff262ed8f4c,0,/kaggle/input/competitions/aptos2019-blindness-detection/train_images/cff262ed8f4c.png,2588,1958,5.07,5.899,1.0,88.72817993164062,38.762120040473505,131.38738985266536,e6f8f2c7334308f92337f8e33b70966a,f8f8f8fef7f6f2f8,False,2588x1958
cffc50047828,0,/kaggle/input/competitions/aptos2019-blindness-detection/train_images/cffc50047828.png,819,614,0.5,0.314,0.61,86.19532775878906,49.282267517052325,253.59189895144664,e1c71faf499173d114d24d5a4fb9e1f8,f08e9e3f3dbe9cf0,False,819x614
d0079cc188e9,3,/kaggle/input/competitions/aptos2019-blindness-detection/train_images/d0079cc188e9.png,3216,2136,6.87,6.186,0.842,76.35903930664062,31.039543232731365,83.5939691697713,aa0c64b332d5317ae2b0634820d10bb9,f0e0e0c0c888c0c4,False,3216x2136
d02b79fc3200,0,/kaggle/input/competitions/aptos2019-blindness-detection/train_images/d02b79fc3200.png,1050,1050,1.1,1.062,1.0,77.59735107421875,42.556011118743974,128.2009778758511,a56e385902ea2139314c16af6c3ac331,f0f0fcfcdcfcf8f0,False,1050x1050
d035c2bd9104,3,/kaggle/input/competitions/aptos2019-blindness-detection/train_images/d035c2bd9104.png,1050,1050,1.1,0.867,1.0,71.40798950195312,39.47328251619575,107.85278497636318,b13b2e7cfa8fa4e6005b29a0e0d31588,f0e0a4b4dcf0e0f0,False,1050x1050
d06ccd0cf4b8,1,/kaggle/input/competitions/aptos2019-blindness-detection/train_images/d06ccd0cf4b8.png,2588,1958,5.07,5.047,1.0,43.925811767578125,17.721891814231086,13.618611838668585,b412baf375256a50ec2893497efdd266,f0f0f8eceeecf8f8,True,2588x1958
d0926ed2c8e5,0,/kaggle/input/competitions/aptos2019-blindness-detection/train_images/d0926ed2c8e5.png,1050,1050,1.1,0.98,1.0,85.64447021484375,46.14460253594967,143.29014356341213,a285087588b711105e8dcb733cabfb08,f0f0e0c0c4e0e0f0,False,1050x1050
d0b132d2c7ec,4,/kaggle/input/competitions/aptos2019-blindness-detection/train_images/d0b132d2c7ec.png,1050,1050,1.1,0.983,1.0,80.65043640136719,43.100532087244545,128.7378748646006,6a85f11ce80af3f479fc3df592e45e9d,f0f8fceeeefcf8f0,False,1050x1050
d0d59ed675b5,1,/kaggle/input/competitions/aptos2019-blindness-detection/train_images/d0d59ed675b5.png,2416,1736,4.19,2.274,0.935,70.66839599609375,25.52742581452807,87.53192895650864,ac5d7b005086da00e904f00644eb4764,f8f8f8fadeb080c0,False,2416x1736
d0ffa0425ef1,3,/kaggle/input/competitions/aptos2019-blindness-detection/train_images/d0ffa0425ef1.png,2416,1736,4.19,2.044,0.934,75.07878112792969,29.022622131946743,100.03928137547337,0f9a6f7dec9d281f2aa729de6bb33ce3,fefaf0fde9f8fefc,False,2416x1736
d10d315f123f,2,/kaggle/input/competitions/aptos2019-blindness-detection/train_images/d10d315f123f.png,2416,1736,4.19,2.243,0.934,78.30044555664062,31.466853119758635,131.17327499389648,716d0e52dac3839507cb022f50202bd6,c6e2e0818db89edc,False,2416x1736
d10ef306996b,4,/kaggle/input/competitions/aptos2019-blindness-detection/train_images/d10ef306996b.png,3216,2136,6.87,3.159,0.843,98.98475646972656,37.389195790343656,149.39819969143718,7edd0ccfabb42dc775f2cf7513f4df69,f4e0e0c8888080c0,False,3216x2136
d141728fa392,2,/kaggle/input/competitions/aptos2019-blindness-detection/train_images/d141728fa392.png,3388,2588,8.77,3.795,0.865,75.76313781738281,30.927279963492342,138.65782646439038,5265eb25048e543059052f237940e30a,c8f0f0e2e6e084c0,False,3388x2588
d144144a2f3f,2,/kaggle/input/competitions/aptos2019-blindness-detection/train_images/d144144a2f3f.png,1504,1000,1.5,1.395,0.811,48.03338623046875,23.41630583093367,47.285262695513666,4a705364c825e1b27d8a1c1a167a64ce,d2d0f0f0e2e2c0cc,False,1504x1000
d15ca3469b87,2,/kaggle/input/competitions/aptos2019-blindness-detection/train_images/d15ca3469b87.png,2588,1958,5.07,5.101,1.0,53.291839599609375,21.909225553745543,16.546510443091393,2babf9e466e326e313c7332f0f4c86ae,e0e0e080c0c0f0f0,True,2588x1958
d160ebef4117,0,/kaggle/input/competitions/aptos2019-blindness-detection/train_images/d160ebef4117.png,819,614,0.5,0.318,0.931,47.9661865234375,27.26288295145222,37.26903702854179,fe82e62f9b8bc67c8217d62e67a69116,f09c9c9c9c9cfcf0,False,819x614
d16398c971e9,3,/kaggle/input/competitions/aptos2019-blindness-detection/train_images/d16398c971e9.png,4288,2848,12.21,5.428,0.823,61.41294860839844,29.19821339505935,92.22127424087375,c51074bb0afceadfca493efe19851582,c0e8e0e0e0e0a6dc,False,4288x2848
d16e39b9d6f0,0,/kaggle/input/competitions/aptos2019-blindness-detection/train_images/d16e39b9d6f0.png,2048,1536,3.15,1.978,0.605,55.89414978027344,32.53902046371125,74.90081691741943,55b28e5c71bdd02d293d0a237630ee47,e0c89c9c9c9cf8f0,False,2048x1536
d16e59a2b33a,0,/kaggle/input/competitions/aptos2019-blindness-detection/train_images/d16e59a2b33a.png,1050,1050,1.1,1.008,1.0,79.16514587402344,42.74750205900491,118.41293349280022,ae951821d4b9bc902b503da3d45b32b6,f0f8fc9cf4f8f0f0,False,1050x1050
d18aea8238a0,2,/kaggle/input/competitions/aptos2019-blindness-detection/train_images/d18aea8238a0.png,2588,1958,5.07,5.417,1.0,82.48516845703125,30.98169526747087,59.20847813691944,bec2e5bccb3a27b5d059136992eb3915,f0f0f874776438b0,False,2588x1958
d18b1d8ac4de,2,/kaggle/input/competitions/aptos2019-blindness-detection/train_images/d18b1d8ac4de.png,2416,1736,4.19,2.61,0.935,87.24339294433594,33.12070345420528,199.05916401161812,d0ea13e0d0984eafa891afe95e151eb2,f0f8f8fcdc9e9cdc,False,2416x1736
d18e5b68f6d2,2,/kaggle/input/competitions/aptos2019-blindness-detection/train_images/d18e5b68f6d2.png,2588,1958,5.07,5.344,1.0,76.86140441894531,29.69563625563892,28.383649780415,8cecdf29b99f072bedd98e308de17def,f0f0e0f4eeecf8f8,True,2588x1958
d18f6431ebce,0,/kaggle/input/competitions/aptos2019-blindness-detection/train_images/d18f6431ebce.png,1050,1050,1.1,1.007,1.0,76.80709838867188,41.56886650491571,143.77721256553195,c09375ef99637147aa352611f186de49,f0f0e0c0e0e0e0f0,False,1050x1050
d1a24527a15d,4,/kaggle/input/competitions/aptos2019-blindness-detection/train_images/d1a24527a15d.png,2416,1736,4.19,2.281,0.934,64.35826110839844,24.907304771593516,64.16835958673619,daffbe0fcc98ac3c045b7fc31406d87c,f0f8f87cfefc9cc8,False,2416x1736
d1a60c3b9fe5,0,/kaggle/input/competitions/aptos2019-blindness-detection/train_images/d1a60c3b9fe5.png,1050,1050,1.1,0.821,1.0,97.04042053222656,50.49207567432987,158.98114067106508,8a3a449eef0bb57a113ed019c30e374f,f0e0c0c4c0e0f0f0,False,1050x1050
d1afdb8cf70d,0,/kaggle/input/competitions/aptos2019-blindness-detection/train_images/d1afdb8cf70d.png,1050,1050,1.1,0.946,1.0,77.61167907714844,41.89969403300122,212.0162815542426,362c4bba8983a18b0cb09392b0a5bf09,f0f2f8fc9cfcf4f0,False,1050x1050
d1b279cc02ae,0,/kaggle/input/competitions/aptos2019-blindness-detection/train_images/d1b279cc02ae.png,1050,1050,1.1,1.035,1.0,81.77900695800781,44.441836350485346,138.41743783070706,e9191f1508e1e6838f50b6a3182247c8,f0f0f8fcdcfcf8f0,False,1050x1050
d1ca85af57c9,0,/kaggle/input/competitions/aptos2019-blindness-detection/train_images/d1ca85af57c9.png,1050,1050,1.1,0.993,1.0,88.08218383789062,46.92880332753318,164.066887130728,9be511d6e97d8463bf215fb43a422f34,f0f0f8fcdcf8f0f0,False,1050x1050
d1cad012a254,1,/kaggle/input/competitions/aptos2019-blindness-detection/train_images/d1cad012a254.png,2416,1736,4.19,2.189,0.934,82.67021179199219,30.62184127709784,153.4921065045055,9a0aac8db3b1c536864cc6bafd8905a6,e2e0e0e0898986c6,False,2416x1736
d1cf31577a59,0,/kaggle/input/competitions/aptos2019-blindness-detection/train_images/d1cf31577a59.png,2588,1958,5.07,2.805,1.0,59.930816650390625,29.707816938444353,63.27181934355758,557183da7e2a2de1a5adc535780b3fb6,f0f0f0f8feeee8f0,False,2588x1958
d1f1ea894da1,2,/kaggle/input/competitions/aptos2019-blindness-detection/train_images/d1f1ea894da1.png,1844,1226,2.26,0.911,0.818,104.95036315917969,45.045142276416314,119.6348603926599,a9bb38acd15306aca2550ad66754777b,f8f8f8fcecfc9ecc,False,1844x1226
d1f7ea924a01,0,/kaggle/input/competitions/aptos2019-blindness-detection/train_images/d1f7ea924a01.png,2048,1536,3.15,1.903,0.71,69.19801330566406,50.997967755286645,139.64551184303127,bd7e1277ca4037cd9dd6dfca18f05284,70f4fcfcdcfcf870,False,2048x1536
d1fa0f744620,0,/kaggle/input/competitions/aptos2019-blindness-detection/train_images/d1fa0f744620.png,2048,1536,3.15,1.929,0.605,87.27531433105469,48.86859565060049,227.79286570451222,6c43645936f5498aefd98c0b01c4b1ec,f0c68aa1a1c2e0f0,False,2048x1536
d1fb4efb117c,2,/kaggle/input/competitions/aptos2019-blindness-detection/train_images/d1fb4efb117c.png,2416,1736,4.19,2.276,0.935,84.09771728515625,30.427983599826696,137.39167109294794,22f071ce298b5bfa5d3c67cb0dfb6f57,f0f0e0f0bc8884c4,False,2416x1736
d25b8a8ad3c4,2,/kaggle/input/competitions/aptos2019-blindness-detection/train_images/d25b8a8ad3c4.png,2588,1958,5.07,4.892,1.0,33.160247802734375,11.52543486236935,14.000375416129827,a7af567138a745c2e9828afde38a70e8,e0e0c0c4c1f1e0e0,True,2588x1958
d264396d8d1a,2,/kaggle/input/competitions/aptos2019-blindness-detection/train_images/d264396d8d1a.png,2416,1736,4.19,2.363,0.934,71.70635986328125,32.298664414800086,88.79861341579817,b686f12429c043b4f0dcf004a31f993b,f8f0e0c4d48080c0,False,2416x1736
d26bb2ed6e71,0,/kaggle/input/competitions/aptos2019-blindness-detection/train_images/d26bb2ed6e71.png,2048,1536,3.15,1.932,0.628,76.45343017578125,45.71051921169825,145.8380679488182,d9e47fd3f7e0a1ce7a5adbc606677b1d,70dcfeffeffefcf0,False,2048x1536
d26bc6e1230d,0,/kaggle/input/competitions/aptos2019-blindness-detection/train_images/d26bc6e1230d.png,1050,1050,1.1,0.979,1.0,85.99815368652344,45.32781038093494,141.63607842265628,045455f6e7db4b8be663f6e9b04c475c,f0fcdedefefcf8f0,False,1050x1050
d271d3a2b552,4,/kaggle/input/competitions/aptos2019-blindness-detection/train_images/d271d3a2b552.png,2416,1736,4.19,2.389,0.935,94.72737121582031,36.34878947334935,179.99801759398542,c26e45cab6a0dc58d0238e1d4f90fbfc,fcf8b878f8f4bccc,False,2416x1736
d27ac9e54901,0,/kaggle/input/competitions/aptos2019-blindness-detection/train_images/d27ac9e54901.png,1050,1050,1.1,1.037,1.0,77.87786865234375,44.04135104094838,112.22533761500381,cf9a39ddbce948e4336d217480b1b0ef,f0f0e0e0c2e0f0f0,False,1050x1050
d28bd830c171,2,/kaggle/input/competitions/aptos2019-blindness-detection/train_images/d28bd830c171.png,3216,2136,6.87,6.089,0.842,80.68179321289062,29.712623547959325,97.94767359248362,d55aa25d769d844084c79e8c243067be,e0c0d088889882c4,False,3216x2136
d2901144070c,4,/kaggle/input/competitions/aptos2019-blindness-detection/train_images/d2901144070c.png,2416,1736,4.19,2.217,0.934,76.75546264648438,29.088711257553395,123.07263947930187,9c052ab328911c20a2923bb171b3c2e0,f6f0f8b939b1b2c4,False,2416x1736
d29096bd94aa,2,/kaggle/input/competitions/aptos2019-blindness-detection/train_images/d29096bd94aa.png,2416,1736,4.19,2.092,0.934,78.03373718261719,31.750279320418258,118.34491878654808,578d35c7ae5416702e0d1ba78943f391,c0808080008080c0,False,2416x1736
d29b37d110f3,0,/kaggle/input/competitions/aptos2019-blindness-detection/train_images/d29b37d110f3.png,819,614,0.5,0.274,0.61,82.84432983398438,46.65551280607524,157.91586013673805,80d473b0bab777fd25a4df25253a549b,f0d6b28989e0e0f0,False,819x614
d2afca74cbc3,0,/kaggle/input/competitions/aptos2019-blindness-detection/train_images/d2afca74cbc3.png,819,614,0.5,0.291,0.606,73.24810791015625,40.686779153489645,103.47586505278014,651f95282471a0f4da6639ef200650a0,f0fcfef6eefcf8f0,False,819x614
d2c2f02bb313,4,/kaggle/input/competitions/aptos2019-blindness-detection/train_images/d2c2f02bb313.png,2416,1736,4.19,2.121,0.934,72.22789001464844,29.451997000177258,92.8784144660458,5e8608c7cff81f60916a99cb992ee410,c0e0f0c001e2c2c0,False,2416x1736
d2c5fb82fe5f,0,/kaggle/input/competitions/aptos2019-blindness-detection/train_images/d2c5fb82fe5f.png,2048,1536,3.15,1.913,0.605,96.77082824707031,52.75946322624897,272.44371177162975,93bf67e97f6a854d4fbede14cdb91b54,f0c6828f8982c4f0,False,2048x1536
d2c6b99ef62c,2,/kaggle/input/competitions/aptos2019-blindness-detection/train_images/d2c6b99ef62c.png,3388,2588,8.77,4.034,0.864,70.32830810546875,29.437045957863766,122.08411948918365,39a5bd9e562c220de128e018b8de643d,c0e0e0c8c0e0e0d0,False,3388x2588
d2cd47ed2c1d,0,/kaggle/input/competitions/aptos2019-blindness-detection/train_images/d2cd47ed2c1d.png,819,614,0.5,0.316,0.606,72.74533081054688,40.58239607444348,102.02314168866724,ac92097d0bedc545a45a049a97140a6d,f0e0e0c084c0e0f0,False,819x614
d2d523e9f669,0,/kaggle/input/competitions/aptos2019-blindness-detection/train_images/d2d523e9f669.png,2048,1536,3.15,1.908,0.605,83.80693054199219,47.89454544199702,182.0589063167572,bbfcec67ad5a55d0e8f8e01b3355c34f,f0c0a0848480e0f0,False,2048x1536
d2dc86021c67,0,/kaggle/input/competitions/aptos2019-blindness-detection/train_images/d2dc86021c67.png,1050,1050,1.1,0.97,1.0,79.09014892578125,42.58926807315569,182.14853276475333,44bd49a3704681921c02cc6a3b832520,f0e2c0c0c4c0e0f0,False,1050x1050
d2fb715b0c41,0,/kaggle/input/competitions/aptos2019-blindness-detection/train_images/d2fb715b0c41.png,1050,1050,1.1,1.089,1.0,71.20269775390625,40.21350060800301,124.9731752788648,8e0049c573c6928f1df4bd6584b710a2,f0f8fcfcfcf0f0f0,False,1050x1050
d2ffe9287dc7,3,/kaggle/input/competitions/aptos2019-blindness-detection/train_images/d2ffe9287dc7.png,3216,2136,6.87,2.458,0.842,82.62466430664062,31.47841558553247,99.05435408558697,0a6040ca4ff6e5b197e37a87848abf7f,f8f8e8eaeaf4b0e8,False,3216x2136
d30d079e6f9a,0,/kaggle/input/competitions/aptos2019-blindness-detection/train_images/d30d079e6f9a.png,1050,1050,1.1,1.007,1.0,82.50146484375,44.61837075784706,170.89537906553596,9f33b9ad03409195d28d426669da20e7,f0f8fcfcbcfcf8f0,False,1050x1050
d332d7b8a26e,0,/kaggle/input/competitions/aptos2019-blindness-detection/train_images/d332d7b8a26e.png,1050,1050,1.1,0.98,1.0,92.80349731445312,49.63476273345811,150.94258913747035,2210fbd1a917f87f57c8c12f7ca5ef86,f0e0c0c0c0c0e0f0,False,1050x1050
d364423ec6f9,2,/kaggle/input/competitions/aptos2019-blindness-detection/train_images/d364423ec6f9.png,3216,2136,6.87,2.963,0.842,100.53584289550781,37.9156959995282,150.87688579317182,89fe01d36a7fa7ce98ce91e3b9a58da8,f0f0f0e0c4c0e2d0,False,3216x2136
d38cf0f4a9af,0,/kaggle/input/competitions/aptos2019-blindness-detection/train_images/d38cf0f4a9af.png,1050,1050,1.1,0.959,1.0,84.01594543457031,44.535814311217365,144.9344875663519,5e26fe54101fdc59928d7a0659b1eebb,f0f0f0e0e2e0f0f0,False,1050x1050
d39752cb6e57,0,/kaggle/input/competitions/aptos2019-blindness-detection/train_images/d39752cb6e57.png,1050,1050,1.1,0.953,1.0,78.33964538574219,42.12399061373235,121.49063777714036,b55dcdf0f9bc28605a0aca62983da809,f0f0f8fcdcf8f0f0,False,1050x1050
d3be5346684b,2,/kaggle/input/competitions/aptos2019-blindness-detection/train_images/d3be5346684b.png,2588,1958,5.07,5.2,1.0,53.93048095703125,22.019520949485987,19.380501536419615,79e7d37bf843a23ab1a6229a08fb8ef4,f8f0f8eeeef8f0f0,True,2588x1958
d3d578fe433f,2,/kaggle/input/competitions/aptos2019-blindness-detection/train_images/d3d578fe433f.png,3216,2136,6.87,2.147,0.842,93.40853881835938,35.50995158695266,140.65205167233944,5d66506734d92fda68e4ca7254da1d73,9cbe3e7c78b28edc,False,3216x2136
d3de0d313d61,1,/kaggle/input/competitions/aptos2019-blindness-detection/train_images/d3de0d313d61.png,2588,1958,5.07,3.018,1.0,56.375213623046875,24.09710551153302,29.614999724319205,dc027ad2c0486d9ee0d67cd2e237ed0b,f8f8fcfcf8f8f8f0,False,2588x1958
d3dfd0a2dee6,0,/kaggle/input/competitions/aptos2019-blindness-detection/train_images/d3dfd0a2dee6.png,2048,1536,3.15,1.819,0.625,71.3150634765625,45.160059205099365,76.55635716672987,5ec1d634efb2ae07fd6da10349d819fc,f0ecf8faeefcfcf0,False,2048x1536
d3e56584a481,0,/kaggle/input/competitions/aptos2019-blindness-detection/train_images/d3e56584a481.png,819,614,0.5,0.291,0.606,57.488861083984375,32.00173846972546,71.1124039196875,1623c8d5b14bcc1cbee604b2210e98f9,f0dc9e1c1c9cfcf0,False,819x614
d3e884109b45,3,/kaggle/input/competitions/aptos2019-blindness-detection/train_images/d3e884109b45.png,2588,1958,5.07,5.696,1.0,66.10748291015625,31.007847657800063,91.65585872158408,feaa7f4569a3bc7a82834b529d5876ac,e0e0c0c4c0e0e0f0,False,2588x1958
d41b33fcb94f,2,/kaggle/input/competitions/aptos2019-blindness-detection/train_images/d41b33fcb94f.png,640,480,0.31,0.322,1.0,103.20753479003906,21.92242777032469,30.35910316929221,4f3a114ff98cff0f922036287e0192d0,e0c0808888c0e0c0,False,640x480
d436c06f0490,0,/kaggle/input/competitions/aptos2019-blindness-detection/train_images/d436c06f0490.png,1050,1050,1.1,0.942,1.0,74.70986938476562,40.67259296340385,121.62923011090606,5440db566099abe52aa5898b4d4b251f,f0f0f8b8f0f4d4f0,False,1050x1050
d4583e9525dc,0,/kaggle/input/competitions/aptos2019-blindness-detection/train_images/d4583e9525dc.png,2048,1536,3.15,1.832,0.598,25.120681762695312,15.891855271298898,31.537812646245584,b10ee51b529c08fcd6654b7c3565ca23,e08486060ec6c4e0,True,2048x1536
d473f6fafba0,2,/kaggle/input/competitions/aptos2019-blindness-detection/train_images/d473f6fafba0.png,2588,1958,5.07,3.566,0.998,56.50628662109375,22.5349823707297,15.984104400267825,bca38ee89693b223666534915975d9bd,f0f8fcecdcfcf8e0,True,2588x1958
d48178e4a49b,4,/kaggle/input/competitions/aptos2019-blindness-detection/train_images/d48178e4a49b.png,3388,2588,8.77,7.468,0.869,81.43986511230469,35.301883906251206,150.56084769126028,3bae7d9e436349aa93a898d0b15b9e44,f8f8fceefefcfacc,False,3388x2588
d4bc001f7224,0,/kaggle/input/competitions/aptos2019-blindness-detection/train_images/d4bc001f7224.png,2048,1536,3.15,1.69,0.602,36.44950866699219,22.4134766651895,32.02431520796381,ec9f02715b09b774fb6c6145c5f5df13,f0d0c6c6c6e0e0f0,True,2048x1536
d4be0403e6ab,2,/kaggle/input/competitions/aptos2019-blindness-detection/train_images/d4be0403e6ab.png,1050,1050,1.1,0.958,1.0,59.57725524902344,34.09687889709237,88.48585691675544,db62695e849b00f66359fc46eae0e598,f0e0e0e0e2e0e0f0,False,1050x1050
d4f32b9c07df,1,/kaggle/input/competitions/aptos2019-blindness-detection/train_images/d4f32b9c07df.png,2416,1736,4.19,2.067,0.934,80.9676513671875,30.467711676242743,107.8826803357806,06be500d15db0ce31094bc4c095ef29d,f0f8f8ceced49ccc,False,2416x1736
d516f77d4516,0,/kaggle/input/competitions/aptos2019-blindness-detection/train_images/d516f77d4516.png,2048,1536,3.15,1.768,0.604,63.03181457519531,36.369417616447514,72.40829045977443,ab9cbba7babf22bddd9f4888d94bfa5e,f0f0fcfcfcf8f0f0,False,2048x1536
d51b3fe0fa1b,4,/kaggle/input/competitions/aptos2019-blindness-detection/train_images/d51b3fe0fa1b.png,1504,1000,1.5,1.356,0.808,45.83741760253906,21.052803387316676,48.321304738521576,7f5c9c9b1e466fbba278b5acddc6f335,88800070c0e0e0d0,False,1504x1000
d51c2153d151,0,/kaggle/input/competitions/aptos2019-blindness-detection/train_images/d51c2153d151.png,2416,1736,4.19,2.477,0.934,65.03004455566406,26.153695832495615,77.21207126392983,6207f33919babcb3e65625538a4118e1,f4f8f0eacef280c0,False,2416x1736
d51e5d7484ea,0,/kaggle/input/competitions/aptos2019-blindness-detection/train_images/d51e5d7484ea.png,1050,1050,1.1,1.048,1.0,75.46669006347656,40.529094518736485,119.03652572631836,848304fd8e3e383e5e77750d97f4922c,f0f8fcfedefcf8f0,False,1050x1050
d567a1a22d33,1,/kaggle/input/competitions/aptos2019-blindness-detection/train_images/d567a1a22d33.png,2416,1736,4.19,1.866,0.935,71.58291625976562,26.28940013975822,71.54684337018989,46f3762267786dd7c5758db84cef2b09,e0d08088c0c080c4,False,2416x1736
d56d32a1d62d,0,/kaggle/input/competitions/aptos2019-blindness-detection/train_images/d56d32a1d62d.png,2048,1536,3.15,1.939,0.605,78.99000549316406,43.51063362966518,149.88209246098995,1ea865f27b2dc1f365ce1e2f50c4e1b2,f0fcfef7f7fefcf0,False,2048x1536
d57d1be1bbd1,0,/kaggle/input/competitions/aptos2019-blindness-detection/train_images/d57d1be1bbd1.png,2588,1958,5.07,5.401,1.0,78.96354675292969,32.87979611140815,42.80242879851721,b7c4d4cc81cf5209c88619307495e3fd,f0f0e0c4c4e0f0f8,False,2588x1958
d5a39339ff3d,2,/kaggle/input/competitions/aptos2019-blindness-detection/train_images/d5a39339ff3d.png,3216,2136,6.87,3.593,0.842,80.88595581054688,30.344503692155563,141.37633129558526,b6db9b70d73e72af2714ef4d8cca6e48,f2f8f0cacec686cc,False,3216x2136
d5ad3362424c,0,/kaggle/input/competitions/aptos2019-blindness-detection/train_images/d5ad3362424c.png,2588,1958,5.07,5.533,1.0,61.770477294921875,28.129069670694605,54.15259615238756,4bf27ca1d14992e57c8eee242b4fbf15,e0e0e0e18188c0d0,False,2588x1958
d5b4705ac2ee,1,/kaggle/input/competitions/aptos2019-blindness-detection/train_images/d5b4705ac2ee.png,1050,1050,1.1,0.967,1.0,83.41468811035156,44.916803555650255,194.6695157380309,e79945e4f65e9b5349d143e539af432a,f0f2fcdcfcf8f0f0,False,1050x1050
d5c63a8d9e94,0,/kaggle/input/competitions/aptos2019-blindness-detection/train_images/d5c63a8d9e94.png,1050,1050,1.1,0.975,1.0,82.58811950683594,43.93412307370262,126.91219114488922,1cd9715cdd98a10c76bdff70000cc6ff,f0e0e0c0c4c0e0f0,False,1050x1050
d6130f2ec903,0,/kaggle/input/competitions/aptos2019-blindness-detection/train_images/d6130f2ec903.png,819,614,0.5,0.357,0.931,41.159881591796875,22.31458117122765,41.57239912985824,9424a81a793df0b0c10267561ea82f1a,c0a4ccd0d2cae8e0,True,819x614
d6228d951958,2,/kaggle/input/competitions/aptos2019-blindness-detection/train_images/d6228d951958.png,3388,2588,8.77,7.539,0.865,67.55906677246094,27.473114563363644,131.38612466212362,bc94d4af2f7643deb9f4da150558a79f,e0e0c09090c082c4,False,3388x2588
d6283ded6aea,2,/kaggle/input/competitions/aptos2019-blindness-detection/train_images/d6283ded6aea.png,3216,2136,6.87,2.428,0.842,85.43122863769531,30.782032738964713,131.5738424649462,9e4bec9e932d78c89a4933e700d7fa29,eee2e041a98882ec,False,3216x2136
d659d7fd5ccf,4,/kaggle/input/competitions/aptos2019-blindness-detection/train_images/d659d7fd5ccf.png,3216,2136,6.87,2.418,0.842,83.337890625,30.302606348424362,105.45009688823484,6951b600af63003d1b3018b1d32f520b,f2f0f099999096fc,False,3216x2136
d667af5742f6,0,/kaggle/input/competitions/aptos2019-blindness-detection/train_images/d667af5742f6.png,1050,1050,1.1,0.927,1.0,92.36647033691406,49.189661152639566,154.49462640634738,012d51596152f7440de29357aa25d62d,f0f0c0c0c4e0e0f0,False,1050x1050
d66b6f333dc7,1,/kaggle/input/competitions/aptos2019-blindness-detection/train_images/d66b6f333dc7.png,3216,2136,6.87,2.21,0.846,83.92495727539062,31.767183940712734,100.78354123583995,3edfeab5fe3150e220ed2bcf6091a314,d0f0e061e7f2a6cc,False,3216x2136
d66ccb75ada1,1,/kaggle/input/competitions/aptos2019-blindness-detection/train_images/d66ccb75ada1.png,2588,1958,5.07,4.428,0.994,61.197509765625,32.5043588933887,94.39576433389448,ba7d3724cac1125dae6d3c28dd1fa661,e0c0c0c0c8c0e0f0,False,2588x1958
d67374d3fa2a,2,/kaggle/input/competitions/aptos2019-blindness-detection/train_images/d67374d3fa2a.png,1050,1050,1.1,0.987,1.0,70.74835205078125,38.33074324104891,186.74170595314354,38164c8ce1f262f7f71015cb1b78e76b,f0e2c0c0c0c084f0,False,1050x1050
d6803e467592,0,/kaggle/input/competitions/aptos2019-blindness-detection/train_images/d6803e467592.png,1050,1050,1.1,1.016,1.0,78.1025390625,42.50658427453242,121.2847147656139,36fc4d47c7a2b170b050599a9ea273a0,f0f8e0e0e0f0e8f0,False,1050x1050
d69698f838db,0,/kaggle/input/competitions/aptos2019-blindness-detection/train_images/d69698f838db.png,1050,1050,1.1,0.979,1.0,77.25338745117188,41.3983914727143,143.02096807863563,cf90773ea705f932700cb0e134618e8c,f0f0f8fcdcf8f0f0,False,1050x1050
d6b109c82067,0,/kaggle/input/competitions/aptos2019-blindness-detection/train_images/d6b109c82067.png,1050,1050,1.1,1.0,1.0,81.79611206054688,43.39310970358322,130.02498138486408,9851cdf2a6c417546107b3a170466a35,f0f8feeefcfcf0f0,False,1050x1050
d6dbb0820ea5,0,/kaggle/input/competitions/aptos2019-blindness-detection/train_images/d6dbb0820ea5.png,1050,1050,1.1,1.014,1.0,78.87420654296875,41.98163620323879,155.11574235465378,26feceb2f18c5ea0eecc9424dcffef57,f0f2f8fcdcfcf8f0,False,1050x1050
d6df4fe492ec,0,/kaggle/input/competitions/aptos2019-blindness-detection/train_images/d6df4fe492ec.png,1050,1050,1.1,0.997,1.0,67.62266540527344,36.92115918324718,119.00966738164425,c680397e4d715e197b7970a10a0365ec,f0f8f8b8f8f0e4e0,False,1050x1050
d6e26fe51dce,1,/kaggle/input/competitions/aptos2019-blindness-detection/train_images/d6e26fe51dce.png,3216,2136,6.87,2.479,0.842,100.45988464355469,35.95202503188023,144.71651495224796,cefde571e1322f4c11e95b115dcd488b,e0f0e088889080c4,False,3216x2136
d6f36ec5564a,0,/kaggle/input/competitions/aptos2019-blindness-detection/train_images/d6f36ec5564a.png,2048,1536,3.15,1.916,0.684,69.81166076660156,54.80369134552761,189.78064177837223,342afea85b31467b54df88eb00c5f851,70c2c08080c0c070,False,2048x1536
d6f6bdfd8011,0,/kaggle/input/competitions/aptos2019-blindness-detection/train_images/d6f6bdfd8011.png,1050,1050,1.1,0.986,1.0,84.32557678222656,44.07428196178982,139.70971817872487,b3ce3a3ed7e4dc1a8d44a7c2892e9e35,f0f0f8fc9cfcfcf0,False,1050x1050
d7078e8b0349,0,/kaggle/input/competitions/aptos2019-blindness-detection/train_images/d7078e8b0349.png,2048,1536,3.15,1.941,0.604,76.87185668945312,41.89593398956954,120.11627820786089,d792be1e359f3370d8fb7a281a7148af,f0e0c08088e0f0f0,False,2048x1536
d74ccc796517,0,/kaggle/input/competitions/aptos2019-blindness-detection/train_images/d74ccc796517.png,1050,1050,1.1,0.919,1.0,86.61634826660156,45.606143571771796,149.3897905589547,065096fb0639e9d79396033fcd6a0797,f0e0c0c0c4e0f0f0,False,1050x1050
d774692d9919,0,/kaggle/input/competitions/aptos2019-blindness-detection/train_images/d774692d9919.png,1050,1050,1.1,1.091,1.0,75.61933898925781,40.9731243064549,125.6344026690349,e3a72c3d2ef6461be72a4cd49d5e98b0,f0fcfedefcf8e0f0,False,1050x1050
d78b7401096f,0,/kaggle/input/competitions/aptos2019-blindness-detection/train_images/d78b7401096f.png,2588,1958,5.07,5.504,1.0,55.77067565917969,25.32217771824846,100.25097700580955,be121513d2e3d4d45b8e69a3900a71a4,8c8e162e2e38f8f0,False,2588x1958
d7a01fca9838,0,/kaggle/input/competitions/aptos2019-blindness-detection/train_images/d7a01fca9838.png,819,614,0.5,0.289,0.606,64.73733520507812,38.125150984312214,84.1659939957317,b953b0ad96f1b8d09d4b8b4f75ce6f03,f0ccfe76fefefcf0,False,819x614
d7ab5c040294,0,/kaggle/input/competitions/aptos2019-blindness-detection/train_images/d7ab5c040294.png,819,614,0.5,0.306,0.606,81.71072387695312,45.18038051180869,203.0262077441439,3348978903c211dd4f79f8f0f76c50fc,f0fed68d9ddcfcf0,False,819x614
d7ac4a0c9760,0,/kaggle/input/competitions/aptos2019-blindness-detection/train_images/d7ac4a0c9760.png,1050,1050,1.1,0.969,1.0,86.78317260742188,45.85005909203559,151.72889659903012,3f6daaa0e4f9bcba536e36c08d7fa3ff,f0e0e0c0c4c0e0f0,False,1050x1050
d7bc00091cfc,0,/kaggle/input/competitions/aptos2019-blindness-detection/train_images/d7bc00091cfc.png,1050,1050,1.1,1.019,1.0,80.6302490234375,45.80549802376965,118.65750354528427,590c70ea3c7b73d4b7827cb80f71ae4e,f0f8fcfedefcf8f0,False,1050x1050
d7bc62d60e8c,0,/kaggle/input/competitions/aptos2019-blindness-detection/train_images/d7bc62d60e8c.png,2588,1958,5.07,5.51,1.0,79.28890991210938,30.51743100707642,57.41302924021147,d0b5f116a9ae942d328ae90e7d65bc96,f8f8f8f8eeeefcfc,False,2588x1958
d7e5fe5245e0,0,/kaggle/input/competitions/aptos2019-blindness-detection/train_images/d7e5fe5245e0.png,2416,1736,4.19,1.885,0.934,78.20213317871094,28.08826521935017,84.09743485390209,ebf3d08e5c6e576c8e8e391fca833acb,e0e0808888c080c0,False,2416x1736
d801c0a66738,1,/kaggle/input/competitions/aptos2019-blindness-detection/train_images/d801c0a66738.png,2416,1736,4.19,2.143,0.935,72.60627746582031,26.85650815529769,100.8317786147818,c018040a60996e17debbca55416f5adb,e2f2f0a9888880c4,False,2416x1736
d803598dabda,4,/kaggle/input/competitions/aptos2019-blindness-detection/train_images/d803598dabda.png,1504,1000,1.5,1.326,0.84,78.24845886230469,31.375585383536073,91.26671102270484,5cb435811332e091adf13b602216b9a6,d8f8fc71f3e490d8,False,1504x1000
d807c53c1399,0,/kaggle/input/competitions/aptos2019-blindness-detection/train_images/d807c53c1399.png,1050,1050,1.1,1.052,1.0,82.30401611328125,45.41782727260082,140.24746154039167,1f7871c85e948cc8e9fb60f560ec6a13,f0e0f0f8f8f0e0f0,False,1050x1050
d81338217fc5,2,/kaggle/input/competitions/aptos2019-blindness-detection/train_images/d81338217fc5.png,2588,1958,5.07,4.959,1.0,38.8037109375,16.084188669154514,16.751811131602153,c1345fb451671b70b75dbc22a2fc4056,fcfefedfcffcfef8,True,2588x1958
d81b6ed83bc2,2,/kaggle/input/competitions/aptos2019-blindness-detection/train_images/d81b6ed83bc2.png,1504,1000,1.5,1.308,0.838,57.69952392578125,24.705649672694623,52.46365464385599,5481e6578b7ddedb9ee4108cc7f85d28,e0f8f8f4f4fcf8f8,False,1504x1000
d838d5b9f571,0,/kaggle/input/competitions/aptos2019-blindness-detection/train_images/d838d5b9f571.png,1050,1050,1.1,1.004,1.0,89.60685729980469,47.61976986151826,159.79407569672912,ae4ae49d75a4c1629a6565a12d595e5b,f0f0e0c0c0c0e0f0,False,1050x1050
d83c3efade75,2,/kaggle/input/competitions/aptos2019-blindness-detection/train_images/d83c3efade75.png,3216,2136,6.87,2.714,0.842,95.18119812011719,35.028955149382874,137.0652851013001,a582db0c8134aee63e61fa2431343db3,f8fcf8eecee0d2c4,False,3216x2136
d83d0695e215,2,/kaggle/input/competitions/aptos2019-blindness-detection/train_images/d83d0695e215.png,3216,2136,6.87,2.176,0.843,97.87632751464844,37.309612860899996,135.20072394236922,28977235c6c72c9d5a5745082d558f27,f0e0e0c0c88880c0,False,3216x2136
d8404680bba6,2,/kaggle/input/competitions/aptos2019-blindness-detection/train_images/d8404680bba6.png,2588,1958,5.07,5.212,1.0,61.16270446777344,41.396658692031714,38.239419009536505,94a6c99d3952c5e58424313859e2c1b9,fcfcfcfefefcf8f8,False,2588x1958
d844a7252f4e,0,/kaggle/input/competitions/aptos2019-blindness-detection/train_images/d844a7252f4e.png,3216,2136,6.87,2.105,0.843,123.91928100585938,45.198557068828435,196.46724491356872,a45b3e4bfda25c0b64ec035a21fee5b3,e0c0c08888c0c0f0,False,3216x2136
d85588ff2ebd,1,/kaggle/input/competitions/aptos2019-blindness-detection/train_images/d85588ff2ebd.png,2416,1736,4.19,2.117,0.934,79.64317321777344,29.242724071086148,117.9028243755456,946ca88b9a7aa4b747ecae298f9cb912,e2e0e0a1898082c4,False,2416x1736
d85a842d20bd,2,/kaggle/input/competitions/aptos2019-blindness-detection/train_images/d85a842d20bd.png,3388,2588,8.77,7.6,0.872,62.3974609375,29.038446378290978,152.15121220052242,8be276892298a3dfa10082024e046458,c0f090a098a0c8d4,False,3388x2588
d85d052900b4,1,/kaggle/input/competitions/aptos2019-blindness-detection/train_images/d85d052900b4.png,2416,1736,4.19,2.18,0.934,63.57344055175781,25.443014020402316,72.44188439263962,a001b0a244c9970c440f880922544ef9,c2b0f0787cdc9cdc,False,2416x1736
d85ea1220a03,4,/kaggle/input/competitions/aptos2019-blindness-detection/train_images/d85ea1220a03.png,1050,1050,1.1,0.975,1.0,47.097900390625,26.83341505586627,75.78677599783987,79aa4d8483a0be779709681da49d9beb,f0e0e0c4c6c0c4f0,False,1050x1050
d865997a6280,0,/kaggle/input/competitions/aptos2019-blindness-detection/train_images/d865997a6280.png,2048,1536,3.15,1.894,0.604,72.83821105957031,46.47415321434186,80.0582624708768,a2f5d5db0606f829100505b2daee9ea7,f0f8fcdcdcfcf8f0,False,2048x1536
d866c26d76f0,0,/kaggle/input/competitions/aptos2019-blindness-detection/train_images/d866c26d76f0.png,2048,1536,3.15,1.927,0.605,96.59971618652344,57.15482282802089,325.8754420632031,69c1c7419a334db79dc80ffeb2931a13,f09ebe3dd1c6ccf0,False,2048x1536
d868acdccb5b,3,/kaggle/input/competitions/aptos2019-blindness-detection/train_images/d868acdccb5b.png,2416,1736,4.19,2.182,0.935,113.24522399902344,40.643467107704154,248.1704026607331,b7ef4748e4333e51e8f7bb599080c191,e2d690819d8880c4,False,2416x1736
d871895742b1,0,/kaggle/input/competitions/aptos2019-blindness-detection/train_images/d871895742b1.png,2588,1958,5.07,5.255,1.0,58.761260986328125,27.202241168363106,26.705772887682542,04047a7bc76968a46eb90e8cc06fa54c,f8f8fcfceeeefcf8,True,2588x1958
d881c04f01fe,0,/kaggle/input/competitions/aptos2019-blindness-detection/train_images/d881c04f01fe.png,1050,1050,1.1,1.036,1.0,63.0745849609375,35.492580751503,104.99228392331861,3445d10a8a9dda455df18883228dc8cb,f0e0e0e2e0f0c0f0,False,1050x1050
d88806d9ece9,2,/kaggle/input/competitions/aptos2019-blindness-detection/train_images/d88806d9ece9.png,2144,1424,3.05,2.681,0.843,80.71560668945312,30.13977890669614,93.64066188014112,d9fc6a7d81645b35f459540d0c3af1e1,c0a0801062e2b2f0,False,2144x1424
d88c4843aec3,0,/kaggle/input/competitions/aptos2019-blindness-detection/train_images/d88c4843aec3.png,1050,1050,1.1,1.021,1.0,81.16438293457031,43.67799112029459,131.6501816639211,5cb65cb0a8addbaf55b1f90a80eaa89a,f0f0f8fcdcf8f0f0,False,1050x1050
d8cdb7d7283a,2,/kaggle/input/competitions/aptos2019-blindness-detection/train_images/d8cdb7d7283a.png,2416,1736,4.19,1.859,0.935,79.562744140625,29.125421217095006,122.9134362374898,394ac10dd6da7b76256cfdc9dadf0e4b,80a0f070789c84cc,False,2416x1736
d8da9de62743,0,/kaggle/input/competitions/aptos2019-blindness-detection/train_images/d8da9de62743.png,1050,1050,1.1,0.978,1.0,81.19139099121094,43.46280814531176,163.63621283974499,bdde1b02397d9d0d3608c57e85674ad0,f0fafcfcfcf8f0f0,False,1050x1050
d911dd40c63b,0,/kaggle/input/competitions/aptos2019-blindness-detection/train_images/d911dd40c63b.png,1050,1050,1.1,0.979,1.0,75.70149230957031,42.403829987133236,109.16396922222339,ebd8f0bf7831c33f579dbe82c32aa7ed,f0e0c0c4e0e0e0f0,False,1050x1050
d91273efb92a,2,/kaggle/input/competitions/aptos2019-blindness-detection/train_images/d91273efb92a.png,3216,2136,6.87,2.266,0.842,99.60908508300781,37.36578156467232,155.34605342126451,617fa58bf4497531a5f4bfaff971d172,f6e0e0e8888080c0,False,3216x2136
d91635f380b4,0,/kaggle/input/competitions/aptos2019-blindness-detection/train_images/d91635f380b4.png,2048,1536,3.15,1.746,0.602,29.853042602539062,16.447695814025572,32.3370339514222,167330906ef0e2dd92493011dcef7da5,f0ce8a9e8e8ecce0,True,2048x1536
d9311f7497cb,2,/kaggle/input/competitions/aptos2019-blindness-detection/train_images/d9311f7497cb.png,3388,2588,8.77,7.418,0.871,65.12127685546875,27.235226072841414,113.81941236532293,461f550a7dcfb4f007e4a6615cc27a0d,c0f0f0e0c0c4e2e0,False,3388x2588
d93b61dc8f64,0,/kaggle/input/competitions/aptos2019-blindness-detection/train_images/d93b61dc8f64.png,2588,1958,5.07,5.616,1.0,60.49285888671875,38.104343040209805,100.84887077263556,c5c5aa52e200ee8628d811d26fb9060b,f0f87c7cfcfcf8f0,False,2588x1958
d94e10f42861,2,/kaggle/input/competitions/aptos2019-blindness-detection/train_images/d94e10f42861.png,3216,2136,6.87,3.366,0.842,89.13070678710938,33.17457098623235,148.7728284818586,6795385883a1d64ca3a3723b8ab262d2,d2f4e0c08080c2c8,False,3216x2136
d952dbfb0fe4,2,/kaggle/input/competitions/aptos2019-blindness-detection/train_images/d952dbfb0fe4.png,2416,1736,4.19,2.41,0.934,70.86648559570312,30.343032843892914,112.47051237430423,2d461b7e993fa0b522757985ddecf661,80d070707eee8ccc,False,2416x1736
d95959798b57,2,/kaggle/input/competitions/aptos2019-blindness-detection/train_images/d95959798b57.png,2416,1736,4.19,2.129,0.935,84.54888916015625,36.31431133520791,157.53572722501121,faf47573e28290bb625c3c81b32db630,e0e0e0c0c0c080c4,False,2416x1736
d968a983d4d2,2,/kaggle/input/competitions/aptos2019-blindness-detection/train_images/d968a983d4d2.png,2588,1958,5.07,5.249,1.0,67.75254821777344,37.28564551523204,55.744629754684865,36549f2206878e2574fae2b778e0b690,f8f8f879fffffefe,False,2588x1958
d97911a32918,0,/kaggle/input/competitions/aptos2019-blindness-detection/train_images/d97911a32918.png,1050,1050,1.1,0.958,1.0,89.40486145019531,46.06198965567112,156.95099001913331,aed728608ea87b83b6f67ae4270c914c,f0f0f0dcdcd8e0f0,False,1050x1050
d990a3f0cbdb,2,/kaggle/input/competitions/aptos2019-blindness-detection/train_images/d990a3f0cbdb.png,2416,1736,4.19,2.325,0.935,62.893096923828125,28.839960158726196,81.42893170937896,664d7e69f848236697f56b88699976b0,c2f0e0c1c1c080c0,False,2416x1736
d994203deb64,2,/kaggle/input/competitions/aptos2019-blindness-detection/train_images/d994203deb64.png,2144,1424,3.05,2.596,0.841,62.12681579589844,23.90793914896452,51.72406385629438,2a1eb3b532c97ebd35b34812ed2bbffc,d0f0f0e0e0c4c4c0,False,2144x1424
d99b0f7dd9b9,0,/kaggle/input/competitions/aptos2019-blindness-detection/train_images/d99b0f7dd9b9.png,1050,1050,1.1,0.998,1.0,83.72662353515625,44.2325267344556,142.13428458198905,77b5c059d0c48f131b4d20419599b073,f0e0e0c4c6e0e0f0,False,1050x1050
d99dd99be001,0,/kaggle/input/competitions/aptos2019-blindness-detection/train_images/d99dd99be001.png,1050,1050,1.1,1.057,1.0,78.64837646484375,43.186772021506435,153.64447641279548,35cb1c2430f06973ab13c824730f0164,f0f0f8b8f8f0e0f0,False,1050x1050
d9a475dfe59a,2,/kaggle/input/competitions/aptos2019-blindness-detection/train_images/d9a475dfe59a.png,2416,1736,4.19,2.429,0.934,109.12037658691406,38.931636921010565,181.4465575432405,17393b6ad7de787a5d7f4d564d5b51a0,d0e8901898988acc,False,2416x1736
d9ad2a0ec026,0,/kaggle/input/competitions/aptos2019-blindness-detection/train_images/d9ad2a0ec026.png,1050,1050,1.1,0.762,1.0,81.72151184082031,42.568521765470614,127.65676627960056,974af13502a1a1e1e858bbc06f8fccf3,f0f0f8fcdcf8f8f0,False,1050x1050
d9ba044671e1,4,/kaggle/input/competitions/aptos2019-blindness-detection/train_images/d9ba044671e1.png,3216,2136,6.87,2.364,0.842,84.97752380371094,31.962154872032087,96.9615377576556,138d51d2afab81ac671fec27148ad924,f0f0f0f8fcfcb8dc,False,3216x2136
d9bbdc33db83,2,/kaggle/input/competitions/aptos2019-blindness-detection/train_images/d9bbdc33db83.png,640,480,0.31,0.384,1.0,108.06607055664062,32.85255830333649,129.22538875765167,155e030859f363b41fd2c1db8b02168c,e2e1c0c888941400,False,640x480
d9c9b9786da3,0,/kaggle/input/competitions/aptos2019-blindness-detection/train_images/d9c9b9786da3.png,1050,1050,1.1,1.058,1.0,76.06178283691406,41.809073650896664,122.60169124603271,15ad24c782207fa312dc358671b64e15,f0e0f0f8f8f8f0f0,False,1050x1050
d9d2631f043c,0,/kaggle/input/competitions/aptos2019-blindness-detection/train_images/d9d2631f043c.png,2588,1958,5.07,5.429,1.0,60.332427978515625,27.735609491688265,48.4216679984238,72c8510e754b1678b73b159a362cc97c,e0e0e0c0c0c0c0c0,False,2588x1958
d9e58e4d8689,0,/kaggle/input/competitions/aptos2019-blindness-detection/train_images/d9e58e4d8689.png,2416,1736,4.19,2.452,0.934,81.41249084472656,30.12338623156345,110.0885112574324,c51848d09696f66e5873dd9a0042cfea,f0b0f0fcdcf48cc0,False,2416x1736
da0a1043abf7,2,/kaggle/input/competitions/aptos2019-blindness-detection/train_images/da0a1043abf7.png,1504,1000,1.5,1.275,0.811,92.85433959960938,36.97301128284246,126.54732654988766,2a8b966c339427f048e994ba0e0e4e6b,90f0f0f0e2e6e4fc,False,1504x1000
da0a83f074f3,0,/kaggle/input/competitions/aptos2019-blindness-detection/train_images/da0a83f074f3.png,819,614,0.5,0.296,0.61,63.59391784667969,39.42300906878729,151.61299732490443,05c8c3ab1784377563318be9eed135b6,f08e8e2f60b48ce0,False,819x614
da1fb35f5df9,1,/kaggle/input/competitions/aptos2019-blindness-detection/train_images/da1fb35f5df9.png,2416,1736,4.19,2.223,0.934,78.90980529785156,28.486321592473217,112.45311995968223,ac711a707097fed68d80fe1e0f7a18d9,dcbcf8ea6efe9ecc,False,2416x1736
da2bdf4236ac,0,/kaggle/input/competitions/aptos2019-blindness-detection/train_images/da2bdf4236ac.png,819,614,0.5,0.307,0.61,81.36831665039062,52.399317457790524,233.84903878625482,24e4ba7b8d72e7309b0b587f12435d61,f0c6828181c0c4e0,False,819x614
da3a2275c850,0,/kaggle/input/competitions/aptos2019-blindness-detection/train_images/da3a2275c850.png,1050,1050,1.1,1.016,1.0,85.86961364746094,45.63189074152135,184.36535309255123,6d3c97a9d3ea116247aac670dd8cd3c4,f0f8fccecefcfcf0,False,1050x1050
da44f80b422b,2,/kaggle/input/competitions/aptos2019-blindness-detection/train_images/da44f80b422b.png,3216,2136,6.87,2.595,0.842,86.99244689941406,34.26108282860258,117.87032263330184,e8b65bbf27abac19c3260eb4774536b7,d688c0c0c0c080c0,False,3216x2136
da6389d129aa,0,/kaggle/input/competitions/aptos2019-blindness-detection/train_images/da6389d129aa.png,2416,1736,4.19,2.495,0.934,60.06201171875,24.20900950305492,90.39717745571397,8b8a21d60890da77a4f291b1ee0a17a6,cecaf170169e8cc0,False,2416x1736
da6bbb76d562,0,/kaggle/input/competitions/aptos2019-blindness-detection/train_images/da6bbb76d562.png,2588,1958,5.07,5.45,1.0,65.93812561035156,25.97236282409344,47.80946398433298,f2aa062f25fea8f6a2ff803b20fd318e,d0889898e1e0f2fc,False,2588x1958
da8900ac7f29,2,/kaggle/input/competitions/aptos2019-blindness-detection/train_images/da8900ac7f29.png,3216,2136,6.87,2.89,0.842,93.37333679199219,35.17188293239164,133.8487783037126,554cc9b8f80e2cd4099359b08187aef3,e0e4e88889cce6cc,False,3216x2136
da9262d9f5d9,0,/kaggle/input/competitions/aptos2019-blindness-detection/train_images/da9262d9f5d9.png,1050,1050,1.1,0.946,1.0,81.17753601074219,42.47441342771394,148.66936626820825,18616858e8b1d5890fea2ec50ae20382,f0f0e0c0c6e0e0f0,False,1050x1050
da949aa67a4f,0,/kaggle/input/competitions/aptos2019-blindness-detection/train_images/da949aa67a4f.png,2048,1536,3.15,1.915,0.605,92.45022583007812,49.65612795053417,174.92874531052075,3ca8f93b827ee8f6d06e0aad99118361,f0c2868c8cc0e4f0,False,2048x1536
da9574d35b82,0,/kaggle/input/competitions/aptos2019-blindness-detection/train_images/da9574d35b82.png,2588,1958,5.07,5.469,1.0,74.33749389648438,32.595110724363366,42.92619267757982,b7e9eb5c4b477def4824361e3e1cc10a,f8f8feeefefcf8f0,False,2588x1958
da9fe02dead3,0,/kaggle/input/competitions/aptos2019-blindness-detection/train_images/da9fe02dead3.png,1050,1050,1.1,0.986,0.996,48.18299865722656,27.32162394339947,66.0811065286398,e7a5d541ebb3b98e818ef8f1fa6cdbeb,f0f0fcfcdcfcf0f0,False,1050x1050
daad7b617f21,0,/kaggle/input/competitions/aptos2019-blindness-detection/train_images/daad7b617f21.png,819,614,0.5,0.351,0.931,51.926910400390625,25.93195591539383,41.29656598321162,3b82392242d13aabd062f39e75bd5348,c0c4c4d6d2e0e0f8,False,819x614
dad71ba27a9b,4,/kaggle/input/competitions/aptos2019-blindness-detection/train_images/dad71ba27a9b.png,2416,1736,4.19,2.221,0.934,56.536468505859375,22.959556793916565,59.334963019704446,574e1f32b8206c8340a5d28980e5ffd9,e4e4c683818282c4,False,2416x1736
daeaa5d8cf70,2,/kaggle/input/competitions/aptos2019-blindness-detection/train_images/daeaa5d8cf70.png,640,480,0.31,0.31,1.0,104.31365966796875,33.82257018387512,47.46186465746723,2434d5e2b8fafd03ae12df399bf5343f,e0c0c0c0c4c4c0a0,False,640x480
daff5427c9b2,0,/kaggle/input/competitions/aptos2019-blindness-detection/train_images/daff5427c9b2.png,2048,1536,3.15,1.928,0.684,79.30134582519531,56.0654494407339,247.9290926521644,ef9a1c9310e0e3531ae8cfaa2920946b,70cedebabffefc78,False,2048x1536
db3cd58aa315,0,/kaggle/input/competitions/aptos2019-blindness-detection/train_images/db3cd58aa315.png,2048,1536,3.15,1.947,0.605,73.92494201660156,42.50860074066201,182.83265685662627,dea2e0eb45e03515dd50eb236db86e13,f0989e1e0ebefcf0,False,2048x1536
db49cdf1ea64,2,/kaggle/input/competitions/aptos2019-blindness-detection/train_images/db49cdf1ea64.png,2416,1736,4.19,2.164,0.934,63.82420349121094,24.89426175480988,83.213517553173,ebe4fc40612d24e11ffe8504a556868f,d0b8f8766e8a8ecc,False,2416x1736
db4ed1e07aa3,1,/kaggle/input/competitions/aptos2019-blindness-detection/train_images/db4ed1e07aa3.png,2588,1958,5.07,3.95,0.989,66.20321655273438,33.912843532364896,22.774556591175497,fde3b4c6c203ba3b2bc83cb0e5a491ce,e0e0c0c0c0c0c0c0,True,2588x1958
db52626d450c,0,/kaggle/input/competitions/aptos2019-blindness-detection/train_images/db52626d450c.png,1050,1050,1.1,0.952,1.0,79.50350952148438,42.617559718673064,136.87542171753012,a11d2c4089bce1e97e5fdc7d086d0952,f0e0e0e2e2e0f0f0,False,1050x1050
db6207e62c7b,0,/kaggle/input/competitions/aptos2019-blindness-detection/train_images/db6207e62c7b.png,2048,1536,3.15,1.946,0.605,80.93363952636719,45.91567202995448,178.460822946392,c7f4a7c42bb75d6afed749d4599755b8,f0fcfefef6fefcf0,False,2048x1536
db690e2d02f8,1,/kaggle/input/competitions/aptos2019-blindness-detection/train_images/db690e2d02f8.png,1050,1050,1.1,0.867,1.0,77.80206298828125,41.57365524513505,122.7014597505331,8a01951cdf2dd70bd059a429d9a54a2b,f0f0e0c0c0e0e0f0,False,1050x1050
dbb2c63f6f08,3,/kaggle/input/competitions/aptos2019-blindness-detection/train_images/dbb2c63f6f08.png,640,480,0.31,0.374,1.0,96.66120910644531,30.131094497514354,55.94487391412258,2c4a90812efc1f196e90f4f37c1ff613,80c08042cac2a080,False,640x480
dbd062558b81,1,/kaggle/input/competitions/aptos2019-blindness-detection/train_images/dbd062558b81.png,3388,2588,8.77,7.225,0.87,79.71147155761719,32.424014710945826,137.21268344460987,6e5191b3037386c07f871f53ad89b83c,d0f8f0e8eecc8ccc,False,3388x2588
dbee04ae6426,2,/kaggle/input/competitions/aptos2019-blindness-detection/train_images/dbee04ae6426.png,2588,1958,5.07,5.607,1.0,53.31285095214844,26.563434214077198,86.6539290396031,17f34d7e54e73a67f3ded94dc8f79aa5,e0c0c0888cc0e0e0,False,2588x1958
dbfd238b3468,3,/kaggle/input/competitions/aptos2019-blindness-detection/train_images/dbfd238b3468.png,2588,1958,5.07,5.411,1.0,46.55711364746094,21.899024274024644,96.58562186150812,099b8e403bf223ac60a17577bfb855bd,f0f0e8eef2e0f0f0,False,2588x1958
dc0eea0b68a7,0,/kaggle/input/competitions/aptos2019-blindness-detection/train_images/dc0eea0b68a7.png,1476,1117,1.65,2.211,1.0,77.58546447753906,33.22519609115551,82.68738606199622,0d34deb49c74464f00ae11959909265c,fcfaffdfdfd7e2f6,False,1476x1117
dc0f6e5b489b,0,/kaggle/input/competitions/aptos2019-blindness-detection/train_images/dc0f6e5b489b.png,2048,1536,3.15,1.601,0.605,67.72621154785156,38.789925251176605,92.57858156319708,99f6c698477ea620b29c7c1cd51881fc,f0d8fcdcdcfcfcf0,False,2048x1536
dc3c0d8ee20b,2,/kaggle/input/competitions/aptos2019-blindness-detection/train_images/dc3c0d8ee20b.png,1504,1000,1.5,1.323,0.838,71.15444946289062,30.554021468260835,65.6651274075266,217c348de53e4f70b11c66a925b26863,f8f8eed6f0f8b8fc,False,1504x1000
dc6fa1b38b83,2,/kaggle/input/competitions/aptos2019-blindness-detection/train_images/dc6fa1b38b83.png,2588,1958,5.07,5.624,1.0,74.60531616210938,29.966579668547247,66.95985491177998,c72bae37fba48607716ce95e0ec78ec2,e0e0e0c08088c0c0,False,2588x1958
dcc6c0ad5cad,0,/kaggle/input/competitions/aptos2019-blindness-detection/train_images/dcc6c0ad5cad.png,2588,1958,5.07,1.934,1.0,40.444915771484375,15.896900429543846,12.91953282407485,3cf62b86c2f47e7023267efeb73ebb5e,d0c0e0e2cae8f8f0,True,2588x1958
dccdf750c962,0,/kaggle/input/competitions/aptos2019-blindness-detection/train_images/dccdf750c962.png,1050,1050,1.1,0.999,1.0,77.10496520996094,41.202567823131325,121.89621437876485,d55e8a92f211a5f0089855053f1b7156,f0e0c0c6e0f0f0f0,False,1050x1050
dce73d90c00c,0,/kaggle/input/competitions/aptos2019-blindness-detection/train_images/dce73d90c00c.png,1050,1050,1.1,1.041,1.0,84.26371765136719,45.06706448197861,139.33461993932724,b9256adb208c3e0fc1aba855cd6ce283,f0e0c0c4c0e0d0f0,False,1050x1050
dcf109df1a2b,0,/kaggle/input/competitions/aptos2019-blindness-detection/train_images/dcf109df1a2b.png,2048,1536,3.15,1.949,0.605,79.43252563476562,43.36886045393996,192.48305554292165,e682dbdf93f6229d942f32c60740e3b5,f0eae2818988e0f0,False,2048x1536
dd02d60bef14,0,/kaggle/input/competitions/aptos2019-blindness-detection/train_images/dd02d60bef14.png,2048,1536,3.15,1.929,0.605,81.43832397460938,48.522634153242905,160.14937496185303,8289b6c444dabb729688ae7abee04cde,f0fec2c1c6c4e0f0,False,2048x1536
dd110d2b8c21,2,/kaggle/input/competitions/aptos2019-blindness-detection/train_images/dd110d2b8c21.png,3216,2136,6.87,2.092,0.848,110.54095458984375,41.59181812189101,182.4845622384455,469ee8babac299a4415465590e32101b,ccbaf8fc6eecece4,False,3216x2136
dd19428c3d29,1,/kaggle/input/competitions/aptos2019-blindness-detection/train_images/dd19428c3d29.png,2416,1736,4.19,2.138,0.934,67.40191650390625,24.318639618598702,78.39880863483995,81e8dd79693766ad2a1dfb7900c583e8,f0f0f0786eae9ccc,False,2416x1736
dd285d9e97fe,0,/kaggle/input/competitions/aptos2019-blindness-detection/train_images/dd285d9e97fe.png,1050,1050,1.1,1.077,1.0,89.24064636230469,49.54589038458347,233.7763460127171,158cb4dad294decc927f813add39fb27,f0f2f0f8fcfcf8f0,False,1050x1050
dd3176bacfe2,0,/kaggle/input/competitions/aptos2019-blindness-detection/train_images/dd3176bacfe2.png,819,614,0.5,0.312,0.931,47.88092041015625,28.245758738289776,34.68039431772195,44f0a57354fbdc8ccf50d9e9f161d9b1,e0c0c68686c4c0e0,False,819x614
dd3dad6ca78f,3,/kaggle/input/competitions/aptos2019-blindness-detection/train_images/dd3dad6ca78f.png,2416,1736,4.19,2.356,0.932,55.6246337890625,20.775627760678244,37.122922792099416,2d46c80c2d1baa69dc147805f78da26f,fcfcf8b0f0d0e0e8,False,2416x1736
dd90c321d7bc,0,/kaggle/input/competitions/aptos2019-blindness-detection/train_images/dd90c321d7bc.png,2048,1536,3.15,1.957,0.604,70.47840881347656,38.092329481337906,131.67885095532984,f5a504ebf1b928ba933eb759a2468c62,f0fab83878f8ecf0,False,2048x1536
ddb222ff7c1d,0,/kaggle/input/competitions/aptos2019-blindness-detection/train_images/ddb222ff7c1d.png,2048,1536,3.15,1.944,0.605,73.72712707519531,43.25519212434027,101.38029955234379,16c5dca468c60bc60c6e38bc4f9bed66,f0f8fcfedefcfcf0,False,2048x1536
dde43aa22ae6,2,/kaggle/input/competitions/aptos2019-blindness-detection/train_images/dde43aa22ae6.png,2416,1736,4.19,2.036,0.935,87.10346984863281,31.13583427416763,141.91678152885288,ff1ffe35f5ce242dcf4b06c03aa6e067,d4b8f06a4e8888c0,False,2416x1736
de16416220de,4,/kaggle/input/competitions/aptos2019-blindness-detection/train_images/de16416220de.png,3388,2588,8.77,7.089,0.866,66.88142395019531,30.283002406702643,79.61310106678866,85df4b383728711df101e9a0a4e531d6,d0f0e0c0c0c0c0e4,False,3388x2588
de18071c36e6,0,/kaggle/input/competitions/aptos2019-blindness-detection/train_images/de18071c36e6.png,819,614,0.5,0.296,0.606,67.92131042480469,39.38191190532679,85.29183899518102,24752f05573dc63a15c2b62fa477ce64,f0ececfae7eefcf0,False,819x614
de2eb5c8aa83,0,/kaggle/input/competitions/aptos2019-blindness-detection/train_images/de2eb5c8aa83.png,2048,1536,3.15,1.74,0.602,34.482452392578125,20.804365455670943,34.58942548837513,113cfffd7f9233fbee5446cccfd42e0f,f0e0c6868684c0f0,True,2048x1536
de38adaae009,0,/kaggle/input/competitions/aptos2019-blindness-detection/train_images/de38adaae009.png,2588,1958,5.07,5.28,1.0,59.30656433105469,21.032956309064375,32.170259459875524,37facd90e51a52502b65460a7e9f3f4d,f0f0e0eecef8f8f0,False,2588x1958
de4cdabbce6d,0,/kaggle/input/competitions/aptos2019-blindness-detection/train_images/de4cdabbce6d.png,2048,1536,3.15,1.909,0.605,85.14976501464844,47.43540804126147,125.72246651514433,68b0b2ebf773ca1529481eda2d5de378,f0f0f8fcdcfcf8f0,False,2048x1536
de50dfa745f8,2,/kaggle/input/competitions/aptos2019-blindness-detection/train_images/de50dfa745f8.png,2588,1958,5.07,4.993,1.0,41.739715576171875,23.087377700786863,23.591434683650732,5bb3fd7a2ff767a37ea51b8c9f3c529f,c0a0e06060e0a0c0,True,2588x1958
de55ed25e0e8,0,/kaggle/input/competitions/aptos2019-blindness-detection/train_images/de55ed25e0e8.png,1050,1050,1.1,1.047,1.0,76.12115478515625,42.525547029183706,118.132137052482,4b98f82711df8b28bb90125a5a577c3f,f0f8fcdcfcf8e0f0,False,1050x1050
de57c9e9fa93,0,/kaggle/input/competitions/aptos2019-blindness-detection/train_images/de57c9e9fa93.png,1476,1117,1.65,2.097,1.0,81.91580200195312,44.24070709329919,33.79517344292253,01e185e9f95f99a3b0b3581940f9cfe3,f8f8f8f8f8d0d4f0,False,1476x1117
de6210f88536,0,/kaggle/input/competitions/aptos2019-blindness-detection/train_images/de6210f88536.png,1050,1050,1.1,0.964,1.0,82.67605590820312,44.51821092459311,130.157540227985,5f6ebecedb25d21decc4a2506afbf085,f0f8fcbcfcf8e0f0,False,1050x1050
de730033c683,0,/kaggle/input/competitions/aptos2019-blindness-detection/train_images/de730033c683.png,2588,1958,5.07,5.141,1.0,54.12705993652344,23.00613486426279,18.654923676513135,36c55e93d9d1417f7aef5ac6e5c3cb8e,f0f0e0e0e0e0f0f0,True,2588x1958
de778495a1cd,2,/kaggle/input/competitions/aptos2019-blindness-detection/train_images/de778495a1cd.png,3216,2136,6.87,2.646,0.843,117.947265625,42.856501422804925,197.30636596679688,adadd9dd0ea47f29999f127e585c2887,d0acf466eef0a8c4,False,3216x2136
dea7538bb91a,0,/kaggle/input/competitions/aptos2019-blindness-detection/train_images/dea7538bb91a.png,819,614,0.5,0.364,0.931,49.78001403808594,25.0512753776465,46.848885068437085,77e5eb7de0b59682f8d9b31be8a9d064,fcfcdcd496d2e0f0,False,819x614
dec5595e6154,0,/kaggle/input/competitions/aptos2019-blindness-detection/train_images/dec5595e6154.png,1050,1050,1.1,0.97,1.0,75.16946411132812,40.46462936225584,120.89648104365915,55896e64271cd30e397188ca28710340,f0f0f8fcdcfcf8f0,False,1050x1050
dee1031a76ae,0,/kaggle/input/competitions/aptos2019-blindness-detection/train_images/dee1031a76ae.png,819,614,0.5,0.352,0.931,58.00294494628906,36.14409503572215,58.71157240867615,489104f2622f6dd650de9db8032f9395,f8fcdcc496d2e0e0,False,819x614
dee31065f8fe,0,/kaggle/input/competitions/aptos2019-blindness-detection/train_images/dee31065f8fe.png,1050,1050,1.1,1.099,1.0,76.02854919433594,41.36532831642618,132.91940075811,6ba8d3199cf046b6854dda8b295e2d9f,f0e0c0c0c0e0f0f0,False,1050x1050
dee687c6e88a,2,/kaggle/input/competitions/aptos2019-blindness-detection/train_images/dee687c6e88a.png,3216,2136,6.87,3.035,0.842,93.54878234863281,36.99765832921,138.56234024465084,286e54f9df932e794bcf24e95e6328a6,c0a0c0c1c4c4c2c0,False,3216x2136
df0886f1e76b,0,/kaggle/input/competitions/aptos2019-blindness-detection/train_images/df0886f1e76b.png,2048,1536,3.15,1.934,0.605,84.11312866210938,47.03567080812873,205.95138744241558,0fe0dfdff3d73ede1659e3169cd115b6,f0cae28084c0e4f0,False,2048x1536
df3adfd6ba36,2,/kaggle/input/competitions/aptos2019-blindness-detection/train_images/df3adfd6ba36.png,2588,1958,5.07,5.132,1.0,40.03858947753906,21.759864905166356,33.93878382071853,e73705a09cf3df991b7cd3b2a5d43f5c,f8f8d8fcf4fcf8f0,True,2588x1958
df4913ca3712,4,/kaggle/input/competitions/aptos2019-blindness-detection/train_images/df4913ca3712.png,1504,1000,1.5,1.356,0.808,45.83741760253906,21.052803387316676,48.321304738521576,7f5c9c9b1e466fbba278b5acddc6f335,88800070c0e0e0d0,False,1504x1000
df4aec4a0eaf,4,/kaggle/input/competitions/aptos2019-blindness-detection/train_images/df4aec4a0eaf.png,3388,2588,8.77,4.087,0.864,75.75102233886719,30.596755956965065,137.72707935026847,2bd268b0c320db79983d21b799f7576e,cc9af8f6fefc98cc,False,3388x2588
df5ce3ea7820,2,/kaggle/input/competitions/aptos2019-blindness-detection/train_images/df5ce3ea7820.png,3216,2136,6.87,2.353,0.842,89.51266479492188,33.328095123542646,122.43219789490104,5a69a2a5e26d521f41e2bd8cba52cdfb,f0f0e0686ae6b6c8,False,3216x2136
df6d13d04da1,0,/kaggle/input/competitions/aptos2019-blindness-detection/train_images/df6d13d04da1.png,1050,1050,1.1,1.043,1.0,87.24409484863281,46.87025239868871,173.34269215818495,e1759001e08e3107260bf312d4a2415d,f0f8fcfcdcfcf8f0,False,1050x1050
df8365d6ac33,2,/kaggle/input/competitions/aptos2019-blindness-detection/train_images/df8365d6ac33.png,3216,2136,6.87,2.808,0.842,88.20698547363281,33.01331667357995,122.67254424095154,a302ce86e87c77ac388422788e0f0806,f0e0e2e2e0e0a6c4,False,3216x2136
df841a0440d8,2,/kaggle/input/competitions/aptos2019-blindness-detection/train_images/df841a0440d8.png,2416,1736,4.19,2.066,0.934,64.82505798339844,24.368607463091553,84.75914267241023,aecc155f7f8ee79402a25c0f75b606cb,c280a009018082c4,False,2416x1736
df84e7113003,4,/kaggle/input/competitions/aptos2019-blindness-detection/train_images/df84e7113003.png,3216,2136,6.87,2.28,0.842,88.00527954101562,32.67014044007912,106.78255053400062,66eb6b701602c7f215a9238a93019b83,e0e0d08088c0c0d8,False,3216x2136
df9cb3729eb1,0,/kaggle/input/competitions/aptos2019-blindness-detection/train_images/df9cb3729eb1.png,2048,1536,3.15,1.687,0.604,67.03179931640625,37.20727787201414,101.6442883675918,4ba8e55abcc49c8fc10887202d4a26db,f0c6c0a088e0e8f0,False,2048x1536
dfc7ec7db0e0,0,/kaggle/input/competitions/aptos2019-blindness-detection/train_images/dfc7ec7db0e0.png,1050,1050,1.1,1.028,1.0,77.86518859863281,43.33689238719842,125.24266573390923,426a199e570dace144d7bf02fa924c3d,f0f0f8fcdcf8f8f0,False,1050x1050
dfea19863428,0,/kaggle/input/competitions/aptos2019-blindness-detection/train_images/dfea19863428.png,819,614,0.5,0.329,0.931,42.697601318359375,23.01603771923398,37.902879684232175,88e1efdb1ed49313eacce02074146fc3,fccece9eb3d2c6c8,True,819x614
e019b3e0f33d,4,/kaggle/input/competitions/aptos2019-blindness-detection/train_images/e019b3e0f33d.png,1504,1000,1.5,1.33,0.838,94.80128479003906,37.723093942393156,115.81389178126119,880c7ed1845c474160479d212340bd3b,d2f4f4d6f6fef0e0,False,1504x1000
e01b7bac822b,0,/kaggle/input/competitions/aptos2019-blindness-detection/train_images/e01b7bac822b.png,1050,1050,1.1,1.008,1.0,50.692047119140625,29.419457842386684,71.33494871016592,f6cfe141093180e4797232c2591c6a96,f0f8fc9c9cdcfcf0,False,1050x1050
e0313be77035,0,/kaggle/input/competitions/aptos2019-blindness-detection/train_images/e0313be77035.png,2048,1536,3.15,1.895,0.604,85.4298095703125,52.10465406897286,192.73830312490463,87dca64608c0fcf2a7af19f64e50e5ff,f0fefcfedcfcfcf0,False,2048x1536
e037643244b7,4,/kaggle/input/competitions/aptos2019-blindness-detection/train_images/e037643244b7.png,2416,1736,4.19,2.25,0.934,83.0914306640625,32.11588811762894,115.43958940147422,bc7a44a01c566a98d6b19ca435b18830,c6c4c0888cc882c4,False,2416x1736
e03a74e7d74f,0,/kaggle/input/competitions/aptos2019-blindness-detection/train_images/e03a74e7d74f.png,2048,1536,3.15,1.819,0.681,27.920120239257812,22.426610599870813,44.08821174129844,00fb42a1e3dfa1315b1db5adbc4a3678,70c0888887c6cc78,True,2048x1536
e03e70bc8bba,2,/kaggle/input/competitions/aptos2019-blindness-detection/train_images/e03e70bc8bba.png,2416,1736,4.19,3.038,0.934,69.65447998046875,26.567493798925536,86.95346809830517,a7b4f9e03eef02174f1e37578e4c3102,f0f0f8cece8686c4,False,2416x1736
e04f3c6619a3,0,/kaggle/input/competitions/aptos2019-blindness-detection/train_images/e04f3c6619a3.png,1050,1050,1.1,0.965,1.0,80.254638671875,43.28964420196953,138.57796311285347,7fadcdd15a533f29418f4f569e1a9d5b,f0f0f8fcdcf8f0f0,False,1050x1050
e067b06fd655,0,/kaggle/input/competitions/aptos2019-blindness-detection/train_images/e067b06fd655.png,1050,1050,1.1,1.019,1.0,73.34461975097656,40.171527402056185,108.41621877159923,dbee2249546f38aa3c89b0490708c36e,f0e0c0c0c4c0c0e0,False,1050x1050
e06cccc08c59,0,/kaggle/input/competitions/aptos2019-blindness-detection/train_images/e06cccc08c59.png,1050,1050,1.1,1.027,1.0,81.6746826171875,46.0618106757789,138.60056119784713,5fc68b7bec4fd7e31917233d8deef4a1,f0f0e0e2e0f0d0f0,False,1050x1050
e06d3d4733f0,2,/kaggle/input/competitions/aptos2019-blindness-detection/train_images/e06d3d4733f0.png,3216,2136,6.87,3.468,0.843,111.39448547363281,41.85195559638004,187.8487155472394,374c858941e9ab95ee0a9698b4191269,f8f0f0f0f6caa4c8,False,3216x2136
e07045d7c5f7,1,/kaggle/input/competitions/aptos2019-blindness-detection/train_images/e07045d7c5f7.png,2416,1736,4.19,2.21,0.934,78.55873107910156,29.54905525777676,82.17588633275591,054c66d0603aa0c7f7108ff057ca7212,f0f4f8fcf8f0b8f4,False,2416x1736
e0863b353093,2,/kaggle/input/competitions/aptos2019-blindness-detection/train_images/e0863b353093.png,3216,2136,6.87,2.207,0.842,93.99005126953125,34.079037411806986,130.91571814473718,7d38fc43e5d8b414540d858d4bfb56de,e6e2f0e1e8b89cdc,False,3216x2136
e087bd4b88f2,0,/kaggle/input/competitions/aptos2019-blindness-detection/train_images/e087bd4b88f2.png,2048,1536,3.15,1.92,0.604,80.32164001464844,44.94896994527691,108.19835808034986,9aa37345ac44dcc348cae3d6e6d3b975,f0e4c68c8cc8e8f0,False,2048x1536
e0b5a982a018,3,/kaggle/input/competitions/aptos2019-blindness-detection/train_images/e0b5a982a018.png,2416,1736,4.19,2.304,0.934,83.90670776367188,29.870477338530897,116.47884671553038,d827598e741e30246d6a8d490122b23b,ca86ccd850b0f0e0,False,2416x1736
e0d229db881a,0,/kaggle/input/competitions/aptos2019-blindness-detection/train_images/e0d229db881a.png,1050,1050,1.1,0.956,1.0,77.69783020019531,41.87928811625145,126.63172686262988,80c76adb4ccb27b3baccb4af325b1181,f0f8f89cf8f8f0f0,False,1050x1050
e10190a9d52f,2,/kaggle/input/competitions/aptos2019-blindness-detection/train_images/e10190a9d52f.png,3388,2588,8.77,4.097,0.871,68.5419921875,29.93631149513134,187.5740241294261,0a3a0bd79b81a58dec284172830c7fb6,e2f0f1fcbdf8b0c0,False,3388x2588
e12b67835e03,2,/kaggle/input/competitions/aptos2019-blindness-detection/train_images/e12b67835e03.png,1050,1050,1.1,0.969,1.0,79.7943115234375,43.992950450281484,108.84552236623131,265a7c1801d250c0bfc2cf854254f915,f0e0c0c4c0a0f0f0,False,1050x1050
e12d41e7b221,2,/kaggle/input/competitions/aptos2019-blindness-detection/train_images/e12d41e7b221.png,2416,1736,4.19,2.261,0.934,77.04751586914062,30.186530507465037,104.53696618974209,7f5c8a0ffdecf70c9064e9517f327af9,f8f8f0e6eaf6b8f8,False,2416x1736
e12df54e0d1e,0,/kaggle/input/competitions/aptos2019-blindness-detection/train_images/e12df54e0d1e.png,1050,1050,1.1,0.893,1.0,76.164306640625,40.08555280106424,136.059871773934,d73934e86ca37172b30fc19dd7d05c30,f0d89c9cfcb0c0f0,False,1050x1050
e12f9f19d1be,0,/kaggle/input/competitions/aptos2019-blindness-detection/train_images/e12f9f19d1be.png,819,614,0.5,0.293,0.61,73.54502868652344,40.377235586029585,154.31154915853404,1ca5236a6c5b27060ccc1264af388c29,f0c4820766a8f8f8,False,819x614
e13412678eff,3,/kaggle/input/competitions/aptos2019-blindness-detection/train_images/e13412678eff.png,2416,1736,4.19,2.386,0.934,60.44685363769531,23.956681541967292,78.60422921087593,36708c4e314fe40394ad97f1bcc2d3f7,e2f0f0e8d4cc86c4,False,2416x1736
e135d7ba9a0e,0,/kaggle/input/competitions/aptos2019-blindness-detection/train_images/e135d7ba9a0e.png,1050,1050,1.1,0.97,1.0,89.26376342773438,47.410570719656654,148.19346518721431,c0defbffc1d6eeed5446989375c8ff10,f0f8fcfcfcf8f0f0,False,1050x1050
e1418d28d668,2,/kaggle/input/competitions/aptos2019-blindness-detection/train_images/e1418d28d668.png,2588,1958,5.07,4.83,1.0,29.288803100585938,10.846473074002835,8.755795497214422,921de9b0a9b4e6e8edc3d2af5ff88e44,f0f0f8b898e8f0e0,True,2588x1958
e150935f66a6,2,/kaggle/input/competitions/aptos2019-blindness-detection/train_images/e150935f66a6.png,1050,1050,1.1,0.954,1.0,73.59092712402344,40.13458920089407,111.19853281602263,9ddf0a4b0f6414b3d5ab5ed9fe5b6b65,f0e0c0c0c0e0f0f0,False,1050x1050
e160a3b19911,0,/kaggle/input/competitions/aptos2019-blindness-detection/train_images/e160a3b19911.png,819,614,0.5,0.315,0.61,66.44905090332031,39.55479626244301,142.98527884483337,fdf4b10795a2098ce678f0b39ecc00e5,f0d8bc1e7efcf8f0,False,819x614
e16af45285e5,0,/kaggle/input/competitions/aptos2019-blindness-detection/train_images/e16af45285e5.png,1050,1050,1.1,0.996,1.0,77.30271911621094,40.98617234108124,116.01785614714026,3c499a6d84c0ff5af96fe15bcd31f5f5,f0f8fedefcfce0f0,False,1050x1050
e16fc934069f,2,/kaggle/input/competitions/aptos2019-blindness-detection/train_images/e16fc934069f.png,3216,2136,6.87,3.264,0.842,89.59991455078125,35.221570341577376,95.5885079333093,0129de1004bc4f9883336aa0bbc6273c,f0e0c0c0e0c080c4,False,3216x2136
e17507a4a1f5,2,/kaggle/input/competitions/aptos2019-blindness-detection/train_images/e17507a4a1f5.png,2416,1736,4.19,2.178,0.935,91.16484069824219,33.151347548294865,130.80089963204227,8a3d772a9af35b2b927418f017203681,f0e0e0c0ccc4c4cc,False,2416x1736
e1900014dabf,3,/kaggle/input/competitions/aptos2019-blindness-detection/train_images/e1900014dabf.png,2416,1736,4.19,2.129,0.934,85.6785888671875,34.805099560003434,174.08526173140854,1aa1e32a89c3dde72c89e1268fded8b2,ce8ecbc9c1c0e2c4,False,2416x1736
e19936582c61,3,/kaggle/input/competitions/aptos2019-blindness-detection/train_images/e19936582c61.png,3216,2136,6.87,3.06,0.843,88.39253234863281,34.37738563839407,197.10224601253867,1756736360eff7ba96a53bcfc1c659d7,deaa5c7d79b08ecc,False,3216x2136
e1ab92228e60,0,/kaggle/input/competitions/aptos2019-blindness-detection/train_images/e1ab92228e60.png,2416,1736,4.19,2.19,0.934,79.63053894042969,28.396394366239534,107.72446011914872,9cfabe3b90694dda3cd5f4e5e2f0c53b,e8f0f07276fe9ecc,False,2416x1736
e1b8acb1cea1,0,/kaggle/input/competitions/aptos2019-blindness-detection/train_images/e1b8acb1cea1.png,1050,1050,1.1,1.004,1.0,78.41705322265625,44.56728173260402,123.45929280575365,82d619a2555705cbcf780a072e3e4521,f0e0e0c0c4e0f0f0,False,1050x1050
e1c02f6c3362,0,/kaggle/input/competitions/aptos2019-blindness-detection/train_images/e1c02f6c3362.png,2048,1536,3.15,1.893,0.604,71.71748352050781,41.23387509750908,122.10240615066141,458f0a60e06b11edc72b01add7ac00ac,f0f8fcfefefcfcf0,False,2048x1536
e1dc02a3dc2a,0,/kaggle/input/competitions/aptos2019-blindness-detection/train_images/e1dc02a3dc2a.png,1050,1050,1.1,1.019,1.0,80.74151611328125,43.69702381377786,140.88953757286072,821a5fe804a832b799774c0b2423c040,f0f8f8dcdcf8f0f0,False,1050x1050
e1e490773462,2,/kaggle/input/competitions/aptos2019-blindness-detection/train_images/e1e490773462.png,3388,2588,8.77,3.673,0.867,69.37553405761719,27.726707437925754,112.66225031670183,b18c51a411409336e134d36fc9d6e616,c8f8f0f0e2e4a4cc,False,3388x2588
e1fb532f55df,3,/kaggle/input/competitions/aptos2019-blindness-detection/train_images/e1fb532f55df.png,2896,1944,5.63,2.265,0.64,59.402435302734375,32.73276775106976,112.09277040418237,55611bfcf60071557f60c7af0ecd46ae,c0808089818080c4,False,2896x1944
e2161692a0b4,2,/kaggle/input/competitions/aptos2019-blindness-detection/train_images/e2161692a0b4.png,2588,1958,5.07,5.02,1.0,41.66233825683594,20.62496037641403,38.22023542388342,fe646ed11b97b7d1411dfbbaeee1970f,b0707c676ffcf4f8,True,2588x1958
e2265c383348,0,/kaggle/input/competitions/aptos2019-blindness-detection/train_images/e2265c383348.png,819,614,0.5,0.297,0.606,62.58015441894531,36.795418825029806,88.21156916674227,d689e388c7f076483a7529dfdd76ad48,f0fcfedecefefcf0,False,819x614
e229aca862c7,2,/kaggle/input/competitions/aptos2019-blindness-detection/train_images/e229aca862c7.png,3216,2136,6.87,3.122,0.842,90.90347290039062,34.33353442101983,130.5444392429199,2c179e30704458ac980adac760ab6680,cce8f0fcdcfc8ccc,False,3216x2136
e23add229074,4,/kaggle/input/competitions/aptos2019-blindness-detection/train_images/e23add229074.png,3216,2136,6.87,2.812,0.843,110.94621276855469,41.1341066614446,179.20242309570312,00ead0679040464e1a4a8cc1f4d476a4,daf0f0f8b8b8faf4,False,3216x2136
e246cd89e1cc,0,/kaggle/input/competitions/aptos2019-blindness-detection/train_images/e246cd89e1cc.png,1050,1050,1.1,0.936,1.0,68.60394287109375,36.44305868340108,106.49424597411416,f102ccde04e0530830079fd2e4a774d4,f0fcfcfcf8f0e4f0,False,1050x1050
e251bdf05b85,0,/kaggle/input/competitions/aptos2019-blindness-detection/train_images/e251bdf05b85.png,819,614,0.5,0.334,0.931,41.199188232421875,25.31575795150903,30.074675812385976,69d86aa1ec8de32c74a7d1f772c395ba,ccf4b0a0e0d0f0f8,True,819x614
e25ccfe38e44,1,/kaggle/input/competitions/aptos2019-blindness-detection/train_images/e25ccfe38e44.png,819,614,0.5,0.333,0.931,41.89717102050781,24.6862465179168,40.066862638806924,40a446c36f55c8d44f64df78b5b1bcfb,fcfcbc3c34b8e8f0,True,819x614
e265c870f9b3,2,/kaggle/input/competitions/aptos2019-blindness-detection/train_images/e265c870f9b3.png,3388,2588,8.77,7.674,0.87,82.11251831054688,32.58947276182086,183.6025884365663,3aae9d96f03129a1ce1eaccab08bdb79,dccae8a9a88086cc,False,3388x2588
e26bcae6c67b,0,/kaggle/input/competitions/aptos2019-blindness-detection/train_images/e26bcae6c67b.png,2588,1958,5.07,5.206,1.0,45.85992431640625,20.449086341957543,27.484593054046854,adad157f6d5bab0ff6e2f080f95052cc,f8f8e6e6ecf0f0f0,True,2588x1958
e26d8718ca58,1,/kaggle/input/competitions/aptos2019-blindness-detection/train_images/e26d8718ca58.png,819,614,0.5,0.323,0.926,40.802276611328125,24.766167155789876,45.21311106905341,cdb739531900cc1a351e5314cd5b7671,fcfedcde8e9ed8f0,True,819x614
e2856afe62c5,2,/kaggle/input/competitions/aptos2019-blindness-detection/train_images/e2856afe62c5.png,2416,1736,4.19,1.634,0.934,96.61412048339844,34.07323970888899,136.1475039308425,fcc8b4e3936efa1d64def9c66bf2cc9c,e0e8c8c6e0c0e0c4,False,2416x1736
e29e54ff921e,0,/kaggle/input/competitions/aptos2019-blindness-detection/train_images/e29e54ff921e.png,1050,1050,1.1,1.007,1.0,75.36775207519531,40.32658952530259,112.38313001929782,4c5f0f3f0e9c11b891282dffe66becfd,f0f8f8fcfcfcf8f0,False,1050x1050
e2a233493b90,1,/kaggle/input/competitions/aptos2019-blindness-detection/train_images/e2a233493b90.png,2416,1736,4.19,2.253,0.934,62.10118103027344,25.72218318560233,143.71486569102854,ab26591bd627688580f71921abbb7ee7,e2c0818991d182ce,False,2416x1736
e2a47a74e6e1,2,/kaggle/input/competitions/aptos2019-blindness-detection/train_images/e2a47a74e6e1.png,2416,1736,4.19,2.531,0.934,62.59559631347656,25.33703391508921,106.60941606387496,037ec6ac5295502de2071b2645d196ac,fefae0e0f4c1c0c2,False,2416x1736
e2c39ed0c941,0,/kaggle/input/competitions/aptos2019-blindness-detection/train_images/e2c39ed0c941.png,1050,1050,1.1,0.973,1.0,84.22897338867188,44.52868722500364,136.19994049123488,dfc956348d87b76cd7f5f0fbf4c8158a,f0f0f8dcfcf8c0f0,False,1050x1050
e2c3b037413b,0,/kaggle/input/competitions/aptos2019-blindness-detection/train_images/e2c3b037413b.png,2416,1736,4.19,2.234,0.934,80.03166198730469,30.94181070558476,115.15387759706937,6c6d0a03f7ddbc2958802f8de44d34c2,f8f8fc7e7cbc98c4,False,2416x1736
e2ec22b3d07e,0,/kaggle/input/competitions/aptos2019-blindness-detection/train_images/e2ec22b3d07e.png,819,614,0.5,0.352,0.931,40.7252197265625,24.605122325025224,46.236405313014984,48231391c959f9ec4bcc4817d1fcc173,c8dc9c9c9cbaf0f0,True,819x614
e30a890600e1,0,/kaggle/input/competitions/aptos2019-blindness-detection/train_images/e30a890600e1.png,819,614,0.5,0.336,0.931,44.522918701171875,24.050086710406234,46.50731649901718,c2939d7b217550d48a3d39031c461fd8,c0c0c4c6a6f2e0f0,False,819x614
e31c42a8652b,2,/kaggle/input/competitions/aptos2019-blindness-detection/train_images/e31c42a8652b.png,640,480,0.31,0.342,1.0,84.91903686523438,26.862390417559983,51.06169009930454,f85a5911edb97b018d49de2f1cd8f9fe,b260727070602001,False,640x480
e322acd46152,0,/kaggle/input/competitions/aptos2019-blindness-detection/train_images/e322acd46152.png,2048,1536,3.15,1.864,0.602,38.04173278808594,23.473936800969753,47.80875751003623,260c0fb258972d1d0e0de6294351aedf,f0f8fcdc9cfcf8f0,True,2048x1536
e32a359be36d,3,/kaggle/input/competitions/aptos2019-blindness-detection/train_images/e32a359be36d.png,2588,1958,5.07,5.143,1.0,45.410369873046875,25.97281091114108,39.28853940125555,91ea7cc488a97c85ba177190f974c070,fcfcfcfcfcfcf8f0,False,2588x1958
e32dc722eca5,4,/kaggle/input/competitions/aptos2019-blindness-detection/train_images/e32dc722eca5.png,3216,2136,6.87,2.895,0.843,94.97048950195312,36.579643192938505,134.18171374406666,76b5e34a84f2e54aff3fdd88680d4e26,e4e6e66eee8eaef8,False,3216x2136
e33766353db2,0,/kaggle/input/competitions/aptos2019-blindness-detection/train_images/e33766353db2.png,819,614,0.5,0.325,0.606,75.12138366699219,44.578267974430254,164.34051370527595,c4a808217b3a2cedd952bdbbd1317c98,f0debe7efefefcf0,False,819x614
e34fa07bd64d,2,/kaggle/input/competitions/aptos2019-blindness-detection/train_images/e34fa07bd64d.png,1844,1226,2.26,0.871,0.816,86.29718017578125,39.592610426671804,81.46782472333871,395248bce05d9ac22ef87b6f021f9dfb,f0f0f0fcdcf0a4e4,False,1844x1226
e387311a840e,2,/kaggle/input/competitions/aptos2019-blindness-detection/train_images/e387311a840e.png,2416,1736,4.19,2.158,0.935,62.254180908203125,22.83594012413359,86.94699512422085,eacecf5dd00c96f81eac44993dac9d0b,dcaeeef1f1f0f2e4,False,2416x1736
e38f3a65b02b,1,/kaggle/input/competitions/aptos2019-blindness-detection/train_images/e38f3a65b02b.png,4288,2848,12.21,5.265,0.809,67.61668395996094,31.78701516109266,84.37684588483535,b5d085885001b2d734a9daef91d0808d,e0c08088808082c4,False,4288x2848
e39b627cf648,4,/kaggle/input/competitions/aptos2019-blindness-detection/train_images/e39b627cf648.png,1504,1000,1.5,1.413,0.838,75.77717590332031,32.495872141449944,90.66813203296624,7dfc81788fb0ba952897c36bb59dc431,f8f8f8f6deecf8dc,False,1504x1000
e3a7671f787b,2,/kaggle/input/competitions/aptos2019-blindness-detection/train_images/e3a7671f787b.png,3388,2588,8.77,7.214,0.873,100.83207702636719,41.205748156627216,282.10474213189445,caa565130e9b3e2821a7f874a7f45c10,cc8af83230b08ec0,False,3388x2588
e3ab63dc9a60,4,/kaggle/input/competitions/aptos2019-blindness-detection/train_images/e3ab63dc9a60.png,2416,1736,4.19,2.164,0.934,94.2159423828125,34.126636056972266,173.34676757804118,c44c20f5ad4a876e600894654e1594ce,c0b0f07075e696cc,False,2416x1736
e3b47ed5b511,0,/kaggle/input/competitions/aptos2019-blindness-detection/train_images/e3b47ed5b511.png,1050,1050,1.1,0.933,1.0,84.78997802734375,45.010485848606905,138.9346945581492,95b09e683adf5341d3d9264c2643f985,f0f0e0e0e2c0e0f0,False,1050x1050
e3cd96cb094c,0,/kaggle/input/competitions/aptos2019-blindness-detection/train_images/e3cd96cb094c.png,2048,1536,3.15,1.926,0.605,71.84661865234375,41.06358695220062,127.84432747005485,28c6cb403e90517321935fc8992301b4,f09cbc3a0abeecf0,False,2048x1536
e3e490babc0c,2,/kaggle/input/competitions/aptos2019-blindness-detection/train_images/e3e490babc0c.png,2416,1736,4.19,1.949,0.934,99.22125244140625,35.84394961997248,139.65350454091094,3aa881c1f71ac7eba401af7d4a82e169,f0f0f0f8fcf8b0e4,False,2416x1736
e3ec668f6fad,4,/kaggle/input/competitions/aptos2019-blindness-detection/train_images/e3ec668f6fad.png,3388,2588,8.77,7.205,0.865,74.39332580566406,34.62932953260836,72.16015997505747,d7d30ffdd29997072c133e6cecef39a7,e0f8f8f8fc98f8f8,False,3388x2588
e4151feb8443,2,/kaggle/input/competitions/aptos2019-blindness-detection/train_images/e4151feb8443.png,3216,2136,6.87,6.035,0.842,67.17050170898438,25.708931125514574,73.27132091089152,c87e2f95a75a7ab965aa58e730a0d4cc,f8f8f8eccec8dcc0,False,3216x2136
e4210e7fe587,3,/kaggle/input/competitions/aptos2019-blindness-detection/train_images/e4210e7fe587.png,2588,1958,5.07,5.145,1.0,58.499664306640625,20.881044891862615,21.76780643663369,eafe6ea3ec122fcc3ac0539dac15a566,e0f0e08084f0e0f0,True,2588x1958
e42d9a94a66d,0,/kaggle/input/competitions/aptos2019-blindness-detection/train_images/e42d9a94a66d.png,2588,1958,5.07,5.447,1.0,61.33518981933594,22.34758281061727,42.03254340495914,37fe34fad6ca51daddb2a8a75dd6d1cc,f0f8f0f0e6f0f8f8,False,2588x1958
e4730ddde408,4,/kaggle/input/competitions/aptos2019-blindness-detection/train_images/e4730ddde408.png,3216,2136,6.87,2.959,0.842,105.56620788574219,40.178557064866,157.0510129891336,83ae9fba38520921e46670f8c5c411f2,f0f0f0e8ecacccfc,False,3216x2136
e47452069ea1,0,/kaggle/input/competitions/aptos2019-blindness-detection/train_images/e47452069ea1.png,2048,1536,3.15,1.736,0.604,64.04661560058594,37.86749749020065,101.73912976472639,f4193a69f450b5cd849602056dd30ee3,f0d2fcfcdcfcfcf0,False,2048x1536
e47770a2e5d1,0,/kaggle/input/competitions/aptos2019-blindness-detection/train_images/e47770a2e5d1.png,2588,1958,5.07,5.302,1.0,48.419189453125,23.288169466215123,38.08183344989084,0be273bfd7fae5238a8bf622d113ad73,f8fcdcfcfcf8f0f0,False,2588x1958
e499434242cc,2,/kaggle/input/competitions/aptos2019-blindness-detection/train_images/e499434242cc.png,3216,2136,6.87,2.548,0.842,81.76568603515625,30.701346231760613,103.95136364898644,6b60facb533311f6c5263826045c518c,e0c0f08088c0c0c0,False,3216x2136
e4a44f9158dc,0,/kaggle/input/competitions/aptos2019-blindness-detection/train_images/e4a44f9158dc.png,1050,1050,1.1,0.994,1.0,77.26506042480469,41.28099285413276,127.91221462842077,65303d1706429ffd7ecf9b51cf0b35aa,f0f0f8fc9cfcf8f0,False,1050x1050
e4ae1ee6aada,0,/kaggle/input/competitions/aptos2019-blindness-detection/train_images/e4ae1ee6aada.png,1050,1050,1.1,0.94,1.0,95.21852111816406,49.52568968307653,177.17100225389004,1a0ca2cbc1fafd060a5215e11cef14b4,f0c0c286c0e0f0f0,False,1050x1050
e4b0df29b96f,0,/kaggle/input/competitions/aptos2019-blindness-detection/train_images/e4b0df29b96f.png,1050,1050,1.1,0.948,1.0,84.96148681640625,43.955014344461304,141.28351996839046,f9584d2aad767b87588eea432f113818,f0f0e0c0c4e0f0f0,False,1050x1050
e4c799738a19,0,/kaggle/input/competitions/aptos2019-blindness-detection/train_images/e4c799738a19.png,1050,1050,1.1,0.94,1.0,84.4144287109375,43.95885348951997,141.1461609667167,2c1edfce3189f0816d0c0125af4c5aa1,f0f0f8dcdcf8f0f0,False,1050x1050
e4d3d437b0a8,0,/kaggle/input/competitions/aptos2019-blindness-detection/train_images/e4d3d437b0a8.png,1050,1050,1.1,1.027,1.0,80.43232727050781,43.28768388259253,135.69024898763746,f97f9982b3e007e42bac7659e6b4386c,f0f8feeeeefcf8f0,False,1050x1050
e4dcca36ceb4,0,/kaggle/input/competitions/aptos2019-blindness-detection/train_images/e4dcca36ceb4.png,1050,1050,1.1,1.0,1.0,77.65426635742188,41.57649779834906,129.08178508933634,e6a00b913351e0e77b46a805994450b2,f0e0c0c0c2c0e0f0,False,1050x1050
e4e343eaae2a,2,/kaggle/input/competitions/aptos2019-blindness-detection/train_images/e4e343eaae2a.png,2144,1424,3.05,2.751,0.843,72.92451477050781,29.202835419455294,73.38219880475663,781b4bf238bc2bba180d85f615a988a6,f4f8f8ecccfaf8f8,False,2144x1424
e4f12411fd85,4,/kaggle/input/competitions/aptos2019-blindness-detection/train_images/e4f12411fd85.png,2896,1944,5.63,2.31,0.639,56.94779968261719,25.390548804787784,87.83107979502529,9908982fd8c3d7f1106a999189c07ca3,d0e0e0c0c48486c4,False,2896x1944
e50b0174690d,0,/kaggle/input/competitions/aptos2019-blindness-detection/train_images/e50b0174690d.png,1050,1050,1.1,0.839,1.0,78.23683166503906,41.14590120275468,117.97079277760349,deb6743d1f72f3172a0a21426930cc3f,f0f8f8b8f8f8e0f0,False,1050x1050
e5197d77ec68,0,/kaggle/input/competitions/aptos2019-blindness-detection/train_images/e5197d77ec68.png,819,614,0.5,0.347,0.931,52.09565734863281,35.04397465134392,49.588500022888184,aaba2c74fbfc4973ad812805cae9705f,d4e0c2c3c2a8e0e0,False,819x614
e529c5757d64,0,/kaggle/input/competitions/aptos2019-blindness-detection/train_images/e529c5757d64.png,819,614,0.5,0.275,0.606,61.1651611328125,34.853135624569866,64.46417281939648,032c3262488bdb780eab6c918d9ddd8f,f0fcf8b4acfcecf0,False,819x614
e52ed5c29c5e,3,/kaggle/input/competitions/aptos2019-blindness-detection/train_images/e52ed5c29c5e.png,3216,2136,6.87,1.858,0.842,94.59735107421875,34.88549885113537,114.84992694482207,a4683d55588bf7de6312c36c126af603,f8fceaeeeee0c0d0,False,3216x2136
e540d2e35d15,2,/kaggle/input/competitions/aptos2019-blindness-detection/train_images/e540d2e35d15.png,2416,1736,4.19,2.024,0.935,64.81576538085938,27.03228399372887,80.24661629996262,c0ce05df7be7e7e78fe0f22eacb56c9f,fcfcfeee7cfabacc,False,2416x1736
e55188915f9d,1,/kaggle/input/competitions/aptos2019-blindness-detection/train_images/e55188915f9d.png,2416,1736,4.19,1.939,0.935,85.40597534179688,32.48403553121051,139.54013107717037,18dc627bc759d5ff6adf054d81131992,fef8f239b9c0c0c2,False,2416x1736
e580676516b0,1,/kaggle/input/competitions/aptos2019-blindness-detection/train_images/e580676516b0.png,2588,1958,5.07,5.562,1.0,72.05538940429688,39.62768217068623,103.2958061164245,b0e75455670c5f9e61d08c8449353cba,fcfafbffbffffefe,False,2588x1958
e582e56e7942,0,/kaggle/input/competitions/aptos2019-blindness-detection/train_images/e582e56e7942.png,1050,1050,1.1,1.074,1.0,80.78910827636719,44.67965202774695,158.83532106503844,b399c5f0d0543f6756ac767d75a93d34,f0f0f8fcdcfcf0f0,False,1050x1050
e594c19e2e1d,0,/kaggle/input/competitions/aptos2019-blindness-detection/train_images/e594c19e2e1d.png,1050,1050,1.1,0.943,1.0,70.92691040039062,38.245504656315994,99.65751737356186,af41cf0a1cc256155d2e5581e07ac3d8,f0f8fcfedefcf8f0,False,1050x1050
e599151ca14b,2,/kaggle/input/competitions/aptos2019-blindness-detection/train_images/e599151ca14b.png,2416,1736,4.19,2.096,0.935,80.81983947753906,34.00736063655142,93.85869815107435,aa91c269401ecf68b0f99d8f9cd4a29a,d0c0e0a080c080c0,False,2416x1736
e59c5f345bb0,0,/kaggle/input/competitions/aptos2019-blindness-detection/train_images/e59c5f345bb0.png,1050,1050,1.1,1.059,1.0,77.14190673828125,42.3953499362591,125.59401885326952,0633ccc10c37bc0f05ede7fac1290254,f0e0c0c0c6c0e0f0,False,1050x1050
e5d56f4f359b,2,/kaggle/input/competitions/aptos2019-blindness-detection/train_images/e5d56f4f359b.png,3216,2136,6.87,3.118,0.843,99.30862426757812,37.71038877704337,135.1492206712719,f8496403ab9f69cf8c4f8e024b31b1e9,d4f0f0f0f6eefccc,False,3216x2136
e5de79795c1d,0,/kaggle/input/competitions/aptos2019-blindness-detection/train_images/e5de79795c1d.png,819,614,0.5,0.376,0.926,43.151123046875,25.80938370184077,52.0934092849493,ad038a4ec99549b182d6c11543017cc5,c0c4c68692d8e8f0,True,819x614
e5f332efcbc7,0,/kaggle/input/competitions/aptos2019-blindness-detection/train_images/e5f332efcbc7.png,2048,1536,3.15,1.729,0.6,35.056365966796875,27.5579195700997,32.457024320960045,a01d71f4570a2f5093dfc5a12a57e404,f0fcfcde9efcf8f0,True,2048x1536
e5f73f2855c0,0,/kaggle/input/competitions/aptos2019-blindness-detection/train_images/e5f73f2855c0.png,1050,1050,1.1,1.051,1.0,83.26054382324219,44.554386501669995,118.60495197679847,c2c75b9f901d0a0fc8dbeee607c84fc1,f0f8fccef8fcf8f0,False,1050x1050
e60e4edb3ca9,0,/kaggle/input/competitions/aptos2019-blindness-detection/train_images/e60e4edb3ca9.png,1050,1050,1.1,0.982,1.0,81.32710266113281,43.937920367904375,120.57450138032436,9e9ca0853cf1ffa94f9746e508445cb3,f0f8f8bc9cfcf8f0,False,1050x1050
e62490b7d0e9,4,/kaggle/input/competitions/aptos2019-blindness-detection/train_images/e62490b7d0e9.png,3216,2136,6.87,2.973,0.841,69.66114807128906,26.38080612281863,67.48655799007975,4f152916b17adaf2452319e04d47c9da,d0e0c8c0c0a282cc,False,3216x2136
e632e38fd2d4,0,/kaggle/input/competitions/aptos2019-blindness-detection/train_images/e632e38fd2d4.png,2588,1958,5.07,5.293,1.0,63.67585754394531,32.817584065255275,46.28776781167835,3f4bf1d45e7c8ca969baf9cd23961def,e0e0e0c0c0c0e0f0,False,2588x1958
e6552b7432b3,0,/kaggle/input/competitions/aptos2019-blindness-detection/train_images/e6552b7432b3.png,1050,1050,1.1,0.864,1.0,80.71830749511719,43.239433395715274,179.76645136531442,bff30b137038abb97b63242340a7aeee,f0fafecefcf8e0f0,False,1050x1050
e65a2ff90494,2,/kaggle/input/competitions/aptos2019-blindness-detection/train_images/e65a2ff90494.png,2416,1736,4.19,2.28,0.934,50.59123229980469,17.6370689343001,54.20981046347879,49ae496d0b34e9161bca6eda9f0c749e,c0b0f0c676d68cdc,False,2416x1736
e65f94ad9be3,2,/kaggle/input/competitions/aptos2019-blindness-detection/train_images/e65f94ad9be3.png,2588,1958,5.07,5.275,1.0,55.532073974609375,21.683044004141657,32.27768872096203,044c6fb6fae466b5b5d073d6e6864f03,e0e0e0e0e0e0e4c0,False,2588x1958
e663c6627a95,2,/kaggle/input/competitions/aptos2019-blindness-detection/train_images/e663c6627a95.png,2416,1736,4.19,1.976,0.934,82.39958190917969,33.178949642961285,130.94777584075928,5067e0054b3772492f3124b5bb9aade4,c080e040108080c4,False,2416x1736
e66855a5c583,0,/kaggle/input/competitions/aptos2019-blindness-detection/train_images/e66855a5c583.png,1050,1050,1.1,1.033,1.0,78.29591369628906,42.05567917105192,132.40778313577175,7b1646a9a3b9f854a26bef3e5d4c444e,f0f2f8f8fcfcf8f0,False,1050x1050
e66ad813a508,0,/kaggle/input/competitions/aptos2019-blindness-detection/train_images/e66ad813a508.png,1050,1050,1.1,1.052,1.0,68.46099853515625,38.34366728901784,107.68446439108811,0320dd037f6c80013d482c2109fc80c8,f0e0c0c2e0e0f0f0,False,1050x1050
e68746d426b2,0,/kaggle/input/competitions/aptos2019-blindness-detection/train_images/e68746d426b2.png,819,614,0.5,0.369,0.931,47.07096862792969,29.242352110172245,61.200569638749585,3547fce58d4cf086b13a94faaf482ec0,e0c088888e8684f0,False,819x614
e68bdd36e589,0,/kaggle/input/competitions/aptos2019-blindness-detection/train_images/e68bdd36e589.png,2588,1958,5.07,5.593,1.0,61.28416442871094,26.825998604692778,63.22877280204557,1ea88e015129b51c4ab2621d4256a7a4,f0f8fcfcdcfcf8f0,False,2588x1958
e69b48516577,0,/kaggle/input/competitions/aptos2019-blindness-detection/train_images/e69b48516577.png,2588,1958,5.07,5.15,1.0,43.1527099609375,17.80676206183524,26.365579343400896,53118d4a23f50f5312be1d5f72b95f86,c0a0f030c6cae4f0,True,2588x1958
e6a58edc5b42,2,/kaggle/input/competitions/aptos2019-blindness-detection/train_images/e6a58edc5b42.png,3216,2136,6.87,2.761,0.843,110.98405456542969,40.739828764007534,174.36034344043583,a5da68df4db49a33b840ba5385dec1ca,f0f0f0eeeefcbcd8,False,3216x2136
e6a5e4718873,0,/kaggle/input/competitions/aptos2019-blindness-detection/train_images/e6a5e4718873.png,1050,1050,1.1,1.033,1.0,83.77383422851562,45.27620377032954,139.38148901215754,d497214441c67c91b13fa67ffd4b483f,f0e0c0c0c4c0f0f0,False,1050x1050
e6a6acf7fca1,2,/kaggle/input/competitions/aptos2019-blindness-detection/train_images/e6a6acf7fca1.png,3216,2136,6.87,2.095,0.842,99.21574401855469,35.957071054118394,140.32792276795954,b7c6959331afee448f12c668698bbf1f,d8fceeeeeee4aec0,False,3216x2136
e6f0ce5bf282,2,/kaggle/input/competitions/aptos2019-blindness-detection/train_images/e6f0ce5bf282.png,3216,2136,6.87,2.881,0.842,102.90634155273438,38.004630183059476,179.91631390876137,988b47d427156343a219e01a29e7b38b,c6c2e0c1808888d8,False,3216x2136
e724866f5084,2,/kaggle/input/competitions/aptos2019-blindness-detection/train_images/e724866f5084.png,3216,2136,6.87,2.693,0.842,81.49983215332031,31.007345989989552,99.35397619730793,d9a6e0785af36b4573ab4252a127ab42,f4f0e0c1c0c2c6c4,False,3216x2136
e7291472109b,0,/kaggle/input/competitions/aptos2019-blindness-detection/train_images/e7291472109b.png,1050,1050,1.1,1.097,1.0,47.84764099121094,30.323446521212322,77.17835766053759,7a15e57736627c577d898c2af01b467d,f0f0f8fcdcfcf8f0,False,1050x1050
e740af6ac6ea,4,/kaggle/input/competitions/aptos2019-blindness-detection/train_images/e740af6ac6ea.png,1504,1000,1.5,1.371,0.838,70.12930297851562,29.32217456746254,79.77045677579008,f52144fec260494290f0ba7b23653c02,c6a09090f0f0f0f8,False,1504x1000
e756495c11cb,2,/kaggle/input/competitions/aptos2019-blindness-detection/train_images/e756495c11cb.png,2416,1736,4.19,2.132,0.935,71.84379577636719,27.73352164657751,91.07449675258249,76e2dd1bc5fa2d56be0bbd5267d6031a,f4f0f0f07898989c,False,2416x1736
e7578d8dba72,0,/kaggle/input/competitions/aptos2019-blindness-detection/train_images/e7578d8dba72.png,819,614,0.5,0.313,0.606,76.31317138671875,47.31929779125987,156.54624611674808,fd40f1b84de60df67f9955b7c7c8c5c3,f8fcfefefefcfcf8,False,819x614
e76a9cbb2a8c,3,/kaggle/input/competitions/aptos2019-blindness-detection/train_images/e76a9cbb2a8c.png,1504,1000,1.5,1.387,0.838,58.586212158203125,25.563118074605057,57.1645358717069,4504e9549c404aea6f9424817dbafd5b,d4f0e0e0e0f0d0f8,False,1504x1000
e77a93c3d9a9,0,/kaggle/input/competitions/aptos2019-blindness-detection/train_images/e77a93c3d9a9.png,2588,1958,5.07,5.545,1.0,64.722412109375,32.76531440813226,62.13202141225338,4846f33ff653d01105136a3afda84870,f0f8feeeecfcf8f0,False,2588x1958
e79e10907295,0,/kaggle/input/competitions/aptos2019-blindness-detection/train_images/e79e10907295.png,1050,1050,1.1,0.785,1.0,97.97282409667969,51.29654460962523,166.47097159340046,f474b663ba6465b68fd19fd81a35fccd,f0c0e0e0e0e0c0f0,False,1050x1050
e7a372a1c3a4,2,/kaggle/input/competitions/aptos2019-blindness-detection/train_images/e7a372a1c3a4.png,2416,1736,4.19,2.297,0.934,82.48907470703125,29.448641324394192,146.62758662900887,978b3ef08663da4843e654b12b1eb084,d8e0a08d8d8482c4,False,2416x1736
e7a7187066ad,2,/kaggle/input/competitions/aptos2019-blindness-detection/train_images/e7a7187066ad.png,1504,1000,1.5,1.311,0.84,72.017578125,29.48876060129583,120.29710629559122,760a5f40f35dd1ca462fbd81d190ab92,c280c091b1c286cc,False,1504x1000
e7b5dd5bab1f,0,/kaggle/input/competitions/aptos2019-blindness-detection/train_images/e7b5dd5bab1f.png,1050,1050,1.1,1.02,1.0,73.64665222167969,41.84128710207536,104.07357102050446,2b4c835d1100e3be13a59efdd352aaab,f0f8f8bcf8f0e0f0,False,1050x1050
e7d2c2c3b30f,4,/kaggle/input/competitions/aptos2019-blindness-detection/train_images/e7d2c2c3b30f.png,2416,1736,4.19,2.297,0.935,76.92759704589844,30.932704964970856,174.35399109846912,68df6a189a0e96c8acd5a4bf93732508,c6e2a1e1e2ce8cc8,False,2416x1736
e7defafeb957,2,/kaggle/input/competitions/aptos2019-blindness-detection/train_images/e7defafeb957.png,3388,2588,8.77,3.764,0.879,77.33360290527344,33.354503596237166,128.47528177662753,eadee44654d7b44dee1f3d0689d96472,d0b8f8dcfcf8d0c0,False,3388x2588
e7fc93ac5b6d,2,/kaggle/input/competitions/aptos2019-blindness-detection/train_images/e7fc93ac5b6d.png,2588,1958,5.07,3.413,1.0,57.110992431640625,22.59509480710864,42.272930634906515,7fe2c423d14753b6e15b6eb141946d1e,f0f8f8fcdcf8f8f8,False,2588x1958
e811f39a1243,2,/kaggle/input/competitions/aptos2019-blindness-detection/train_images/e811f39a1243.png,2896,1944,5.63,2.326,0.639,83.002685546875,36.459332011668245,139.12127981497906,9b1a33eacf9431b67bd11d39eb099928,e0e0e0c0c4c080cc,False,2896x1944
e81f4a2fbbdc,0,/kaggle/input/competitions/aptos2019-blindness-detection/train_images/e81f4a2fbbdc.png,2588,1958,5.07,5.791,1.0,89.64732360839844,36.3451059923107,130.04797380953096,73044ad9b6adee2172b4df0c755c54e6,f0f8f8e6e6fef8f8,False,2588x1958
e821c1b6417a,4,/kaggle/input/competitions/aptos2019-blindness-detection/train_images/e821c1b6417a.png,2588,1958,5.07,4.812,1.0,28.827102661132812,12.877496807031072,5.7602116202469915,8112e8f9df07e9b4b8574af45fc0cffa,e0e0e0e0e0f0f8f8,True,2588x1958
e82232a3c28b,0,/kaggle/input/competitions/aptos2019-blindness-detection/train_images/e82232a3c28b.png,1050,1050,1.1,1.052,1.0,77.37736511230469,42.14223381407979,138.7902524471283,8956f773d1e616ac2e8b870866a733d9,f0e0c0c0c4e0e0f0,False,1050x1050
e83d315d8f98,2,/kaggle/input/competitions/aptos2019-blindness-detection/train_images/e83d315d8f98.png,2588,1958,5.07,5.152,1.0,42.97666931152344,19.888725992917646,34.76034628972411,844dcc319c1dfe744de79cac9e0d5dbd,e0f0e0e8d6d0e0f8,True,2588x1958
e85d410d6836,2,/kaggle/input/competitions/aptos2019-blindness-detection/train_images/e85d410d6836.png,640,480,0.31,0.323,1.0,90.00857543945312,27.09261267521573,48.272642120718956,55c9b2300c21b74ec794065c88250b75,e0c0c08084c0a0c0,False,640x480
e868c3da340b,2,/kaggle/input/competitions/aptos2019-blindness-detection/train_images/e868c3da340b.png,3216,2136,6.87,2.132,0.843,101.5032958984375,37.66027178181302,169.68142144288868,af3889f52b0c9bb896751539e3e3f201,f4f0f067e6f0b6d0,False,3216x2136
e893e86dde94,0,/kaggle/input/competitions/aptos2019-blindness-detection/train_images/e893e86dde94.png,1050,1050,1.1,0.916,1.0,77.80079650878906,41.89086292914699,116.56003641709685,51c50fbacbffa0b6bd186ea61889a1fe,f0fcfedefcf8f8f0,False,1050x1050
e8d1c6c07cf2,3,/kaggle/input/competitions/aptos2019-blindness-detection/train_images/e8d1c6c07cf2.png,1504,1000,1.5,1.719,0.838,84.78413391113281,37.185273769374845,100.30559240281582,f2925812dee45e7dba0ca4fbb346ea99,f8f8fcf6f6fcfcf4,False,1504x1000
e8ddfc9709ce,0,/kaggle/input/competitions/aptos2019-blindness-detection/train_images/e8ddfc9709ce.png,1050,1050,1.1,1.029,1.0,78.13626098632812,42.453534239427164,126.84290751046501,0e588e04a36859ccc0d59647a3f8adad,f0f0f0e0e0e0f0f0,False,1050x1050
e8e44b3160e3,0,/kaggle/input/competitions/aptos2019-blindness-detection/train_images/e8e44b3160e3.png,1050,1050,1.1,1.022,1.0,83.44320678710938,45.274535654495544,145.0515792435035,5cfbfd8b7174a2cd2aae45d339037ebb,f0e0e0e0e0f0c0f0,False,1050x1050
e907d23cce3d,0,/kaggle/input/competitions/aptos2019-blindness-detection/train_images/e907d23cce3d.png,2048,1536,3.15,1.943,0.626,69.07180786132812,42.04647473307016,82.8600409841165,681d5a4820cd7e31c358deeed19cba63,f0e0c0c0c4d0e0f0,False,2048x1536
e9129ce55fd7,2,/kaggle/input/competitions/aptos2019-blindness-detection/train_images/e9129ce55fd7.png,2588,1958,5.07,5.202,1.0,54.56401062011719,29.530207662720606,29.5821117721498,ed667a36269cd260daf0469a8eabe54d,fcf8f8fcfcfcf8f0,False,2588x1958
e9286ddf6ffe,1,/kaggle/input/competitions/aptos2019-blindness-detection/train_images/e9286ddf6ffe.png,4288,2848,12.21,5.373,0.81,80.69486999511719,31.417575430778786,135.53010098426603,3a78ebd7f77017ca83e6bad4f96b8f26,98f4fa4ebe969ecc,False,4288x2848
e933923aab15,0,/kaggle/input/competitions/aptos2019-blindness-detection/train_images/e933923aab15.png,1050,1050,1.1,1.043,1.0,83.33494567871094,44.86188021719336,139.79687963426113,3d5cdf4f9e1ad0fe3bbb26bdf62ae08e,f0f0fcfcdcfcf8f0,False,1050x1050
e93394175a19,3,/kaggle/input/competitions/aptos2019-blindness-detection/train_images/e93394175a19.png,3216,2136,6.87,3.057,0.842,96.84870910644531,36.73877631884802,135.91259689535946,61f4fc74af346898df7fd7201e57a1fb,e8f0e0d0c0c0c0e0,False,3216x2136
e96099b961b4,2,/kaggle/input/competitions/aptos2019-blindness-detection/train_images/e96099b961b4.png,2416,1736,4.19,1.988,0.934,66.17359924316406,25.22563399590099,62.9771025441587,9e171a3f3bd94ef9d58e263d44f2ffde,f0e0b0e0c0c4c4c4,False,2416x1736
e966850247f4,0,/kaggle/input/competitions/aptos2019-blindness-detection/train_images/e966850247f4.png,1050,1050,1.1,0.892,1.0,80.98405456542969,42.854836278385406,135.89060330297798,37a3480a5ff46eb75d30ad1d1e02fb5d,f0f0f8dcdcfcfcf0,False,1050x1050
e9678824215d,0,/kaggle/input/competitions/aptos2019-blindness-detection/train_images/e9678824215d.png,1050,1050,1.1,0.934,1.0,86.039306640625,45.43024853649396,139.17352652549744,45edf5573113eb5a90d903de07e4998e,f0c0c0c4c0e0e0f0,False,1050x1050
e96bd80a8a53,1,/kaggle/input/competitions/aptos2019-blindness-detection/train_images/e96bd80a8a53.png,2416,1736,4.19,1.711,0.934,92.04171752929688,32.53920223003155,152.61609689053148,d72f9d790af9e4d4600dba0e483b2d48,c2f2f879399898c0,False,2416x1736
e97ecf4355cb,0,/kaggle/input/competitions/aptos2019-blindness-detection/train_images/e97ecf4355cb.png,2048,1536,3.15,1.784,0.604,79.75544738769531,44.17502247199939,118.11644081003033,f93a7839925687cd4dc2eac1913392d9,f0f0fcfecefefcf0,False,2048x1536
e9ab8413e771,4,/kaggle/input/competitions/aptos2019-blindness-detection/train_images/e9ab8413e771.png,2588,1958,5.07,5.238,1.0,51.90736389160156,25.089922083535175,34.09007738530636,88235be31bd0af2ffc5d02a5a43b2434,f0e0c0c0e0f0f8f0,False,2588x1958
e9ce5bf645ab,0,/kaggle/input/competitions/aptos2019-blindness-detection/train_images/e9ce5bf645ab.png,1050,1050,1.1,1.005,1.0,85.04960632324219,44.8676843197811,146.8079832457006,9c41d0688f2f5d5af063565f04504d9f,f0f0e0e0e2e0e0f0,False,1050x1050
e9f3c85a2a02,0,/kaggle/input/competitions/aptos2019-blindness-detection/train_images/e9f3c85a2a02.png,1050,1050,1.1,1.03,1.0,78.49221801757812,41.886791066597176,134.62402570410632,e6879449a983d1ab08a78b1aa4ff603f,f0fcfcdcfcfcf0f0,False,1050x1050
e9f82b5bbaf4,2,/kaggle/input/competitions/aptos2019-blindness-detection/train_images/e9f82b5bbaf4.png,2416,1736,4.19,2.079,0.935,84.21096801757812,32.74835600620038,104.50174134969711,0ec93f2bb049653bf5e2a584b72d2da5,f0e0e0e0808e8ecc,False,2416x1736
e9faf0296643,0,/kaggle/input/competitions/aptos2019-blindness-detection/train_images/e9faf0296643.png,2588,1958,5.07,5.877,1.0,92.88946533203125,47.45224285181107,138.57848286256194,45c4b1ec35c0587bd6eb344ec983447b,c0f0e0e0e0e0e0f0,False,2588x1958
e9ff9352ccb3,1,/kaggle/input/competitions/aptos2019-blindness-detection/train_images/e9ff9352ccb3.png,4288,2848,12.21,5.492,0.809,78.78855895996094,31.04667031475157,109.00806307699531,26cf5a38e8ac56cd864f2b3f2836c0cd,b8f0f8eaeefe9ecc,False,4288x2848
ea05c22d92e9,2,/kaggle/input/competitions/aptos2019-blindness-detection/train_images/ea05c22d92e9.png,1504,1000,1.5,1.385,0.838,65.22161865234375,27.407233006299727,70.15246217302047,523b5e9da719b5d87b7d28b22fba31ce,fcf8deb0f0f0e6c4,False,1504x1000
ea15a290eb96,1,/kaggle/input/competitions/aptos2019-blindness-detection/train_images/ea15a290eb96.png,2416,1736,4.19,2.377,0.934,70.99171447753906,27.47251003626882,92.0819408071693,d81ce47a6d4b99561bdbd8ac3bd41728,f8f8fcfece9e9ecc,False,2416x1736
ea1d045f9fea,2,/kaggle/input/competitions/aptos2019-blindness-detection/train_images/ea1d045f9fea.png,3388,2588,8.77,7.284,0.871,67.904541015625,28.910470238959636,104.7946395277977,ed3cf428939027352baa0847cbb1d72f,c0f0f08888c0c2c4,False,3388x2588
ea4ce9516144,0,/kaggle/input/competitions/aptos2019-blindness-detection/train_images/ea4ce9516144.png,2048,1536,3.15,1.922,0.605,94.33767700195312,54.988157239943,214.94496242608875,3bf26530e4e8827f976be4c516651af7,f0cebefcdcfcf8f0,False,2048x1536
ea4dcb055139,2,/kaggle/input/competitions/aptos2019-blindness-detection/train_images/ea4dcb055139.png,2588,1958,5.07,4.944,1.0,37.44500732421875,16.66285642977699,8.879805117612705,886c6337364ac868d973235f1f08583c,f8f8f0e0e2e0e0f0,True,2588x1958
ea588d1e5d96,2,/kaggle/input/competitions/aptos2019-blindness-detection/train_images/ea588d1e5d96.png,3216,2136,6.87,2.553,0.842,91.28727722167969,33.462612510551274,129.5920304423198,1c0d383f509f77b6126d2bc87e87c70c,fce0a0c888c0c4c4,False,3216x2136
ea5c42a78979,0,/kaggle/input/competitions/aptos2019-blindness-detection/train_images/ea5c42a78979.png,1050,1050,1.1,0.988,1.0,87.14239501953125,46.4105317445589,199.30867083906196,748bc77e58b954673fadb89e63f764a4,f0f6f8fcdcfcf0f0,False,1050x1050
ea68b58a6e8f,0,/kaggle/input/competitions/aptos2019-blindness-detection/train_images/ea68b58a6e8f.png,1050,1050,1.1,0.99,1.0,79.47517395019531,43.01883969809025,133.81962654646486,49ce448bb78d398038452887da7cfd6f,f0f0f8b8f8f8e0f0,False,1050x1050
ea6a53e54d0f,0,/kaggle/input/competitions/aptos2019-blindness-detection/train_images/ea6a53e54d0f.png,819,614,0.5,0.373,0.926,44.38462829589844,26.805246413124618,64.1704635748174,9a77f149e137815826ef3d13d2a74e5f,fce6f0f0f0f0e0e0,False,819x614
ea7e21bab610,0,/kaggle/input/competitions/aptos2019-blindness-detection/train_images/ea7e21bab610.png,1050,1050,1.1,1.017,1.0,83.21408081054688,46.15774001828955,133.52430053032003,b17cc7869a7cfec3f6de73b325e109ca,f0f8f8fcdcfcf8f0,False,1050x1050
ea9c41e1ced0,0,/kaggle/input/competitions/aptos2019-blindness-detection/train_images/ea9c41e1ced0.png,1050,1050,1.1,1.046,1.0,80.29466247558594,44.06759804923786,131.48759617563337,9a423b3d379502b386e1b86703f549c5,f0e0e0c0c2e0e0f0,False,1050x1050
ea9e0fb6fb0b,2,/kaggle/input/competitions/aptos2019-blindness-detection/train_images/ea9e0fb6fb0b.png,2144,1424,3.05,2.83,0.843,72.38584899902344,28.4689177721825,88.50766516453587,de4d6b745deb0c337b7c3bca50d9b0a3,f0f0e0c08888c0c4,False,2144x1424
eaa0dfbd5024,4,/kaggle/input/competitions/aptos2019-blindness-detection/train_images/eaa0dfbd5024.png,2416,1736,4.19,2.327,0.934,73.89207458496094,26.39092439754502,81.10919101443142,14f5a5aa4377d1436df1f27a7d3566ef,cce0b09898b08ecc,False,2416x1736
eabc7c716255,0,/kaggle/input/competitions/aptos2019-blindness-detection/train_images/eabc7c716255.png,819,614,0.5,0.328,0.931,45.49851989746094,23.6097491595666,31.937461874447763,1d350ec09c2fc6bcacab569f079aae02,e0d0848494d4c0f0,False,819x614
eabf421f94d0,0,/kaggle/input/competitions/aptos2019-blindness-detection/train_images/eabf421f94d0.png,1050,1050,1.1,1.011,1.0,82.03358459472656,44.067682589494034,123.50007306039333,2af5904e32235e1bd3566390aa3af89d,f0e0f0d69cf8d8f0,False,1050x1050
ead23cc922ed,1,/kaggle/input/competitions/aptos2019-blindness-detection/train_images/ead23cc922ed.png,2416,1736,4.19,1.679,0.934,78.46694946289062,28.42506070563488,131.01865984406322,f434c9e4fdeb60b16ef4ededa451d559,f0f0f07931b092d6,False,2416x1736
eadc57064154,4,/kaggle/input/competitions/aptos2019-blindness-detection/train_images/eadc57064154.png,1050,1050,1.1,0.95,1.0,44.953155517578125,26.69986202688364,56.45681861578487,e4b6268985b346018804a921801508d1,f0f0e0e0e0f0d0f0,False,1050x1050
eadfc8809ec8,2,/kaggle/input/competitions/aptos2019-blindness-detection/train_images/eadfc8809ec8.png,3216,2136,6.87,2.702,0.841,81.77130126953125,30.554187170156617,114.56908435910009,0a1c15c62ad02d79660ec62ef9b01243,eae0e0c8089882c4,False,3216x2136
eae70f527755,0,/kaggle/input/competitions/aptos2019-blindness-detection/train_images/eae70f527755.png,1050,1050,1.1,0.951,1.0,86.43727111816406,45.19431754684303,270.701649453491,be0dfdd574b83e1fe8886210ec6e3074,f0d6e2c1c7e2e6f0,False,1050x1050
eae901557a84,2,/kaggle/input/competitions/aptos2019-blindness-detection/train_images/eae901557a84.png,2588,1958,5.07,3.743,0.998,50.617767333984375,22.703351184901493,23.499096592655405,5446cc2a3fe61c2af4b093f8ef9c1a75,f8f8eeeefcf0c0e0,True,2588x1958
eb050765b323,0,/kaggle/input/competitions/aptos2019-blindness-detection/train_images/eb050765b323.png,1050,1050,1.1,1.047,1.0,77.12423706054688,42.11842950793971,145.89992608781904,d3d46f5a691b49aa8e2dfc3bc69cb80a,f0f0e0c0c4c0e0f0,False,1050x1050
eb175669d789,0,/kaggle/input/competitions/aptos2019-blindness-detection/train_images/eb175669d789.png,819,614,0.5,0.325,0.931,42.79646301269531,24.224929283558946,42.08599435701035,4f7b872cf0c645d5d985a027786798d9,c48c8c8e86a4f0f0,True,819x614
eb1ad14dd281,2,/kaggle/input/competitions/aptos2019-blindness-detection/train_images/eb1ad14dd281.png,3388,2588,8.77,7.024,0.865,63.29145812988281,26.466903995642934,73.09195810533129,dcb96e5fb1e7f2a8ddb91a98eba95836,c0c08480c0e080cc,False,3388x2588
eb1d37b71fd1,4,/kaggle/input/competitions/aptos2019-blindness-detection/train_images/eb1d37b71fd1.png,2416,1736,4.19,2.335,0.934,93.32789611816406,34.73161319963658,126.28892940282822,4b3c456cd0da40dc554ed19d70216f85,f0f8f8f85eac88c0,False,2416x1736
eb32a815f78c,2,/kaggle/input/competitions/aptos2019-blindness-detection/train_images/eb32a815f78c.png,2588,1958,5.07,5.352,1.0,71.95553588867188,28.487094682858544,58.59526045410894,d6a69a98bd45f84583860eb836f5460b,9c3a7effdfffeefc,False,2588x1958
eb6b1f1c09db,0,/kaggle/input/competitions/aptos2019-blindness-detection/train_images/eb6b1f1c09db.png,3216,2136,6.87,3.235,0.842,94.87654113769531,35.62889620585789,120.06393095082603,91e2ddbc9da88049010bcf9c34b9091e,c0a0f0ecccc48cc8,False,3216x2136
eba3acc42197,1,/kaggle/input/competitions/aptos2019-blindness-detection/train_images/eba3acc42197.png,3216,2136,6.87,2.441,0.842,94.22047424316406,33.97420226870124,149.99287336110137,aff9c061c23c04af70398b80f16071a5,f2f0f0a8989086cc,False,3216x2136
ebd96d853918,0,/kaggle/input/competitions/aptos2019-blindness-detection/train_images/ebd96d853918.png,1050,1050,1.1,1.002,1.0,79.13871765136719,43.3626613897134,112.84419558104128,7d36fd7ada811272420a443f2aceb0be,f0e0e0e2e0f0e0f0,False,1050x1050
ebe0175e530c,4,/kaggle/input/competitions/aptos2019-blindness-detection/train_images/ebe0175e530c.png,2416,1736,4.19,2.169,0.934,88.59445190429688,34.04459583181223,138.05549890454859,e08c856f684490e167e6ad8689fabd72,e0b0b06061b090d2,False,2416x1736
ebf4b22240f4,0,/kaggle/input/competitions/aptos2019-blindness-detection/train_images/ebf4b22240f4.png,1050,1050,1.1,0.955,1.0,86.48512268066406,46.80388216636633,140.34899151674472,265a25ceef502975fac12d6ad3524363,f0e0e0c2c0f0f0f0,False,1050x1050
ec01f0862669,0,/kaggle/input/competitions/aptos2019-blindness-detection/train_images/ec01f0862669.png,1050,1050,1.1,1.007,1.0,82.010986328125,43.55706343187528,125.98501804098487,cbaa072f0344fe1941cb116d1b18b669,f0f8fcdcdcfcf8f0,False,1050x1050
ec0c9f817b03,0,/kaggle/input/competitions/aptos2019-blindness-detection/train_images/ec0c9f817b03.png,1050,1050,1.1,0.869,1.0,75.36550903320312,39.20985305050696,125.15257937368006,de59ac5b4019c2880a656941e53506f6,f0e2c0808880c0e0,False,1050x1050
ec363f48867b,0,/kaggle/input/competitions/aptos2019-blindness-detection/train_images/ec363f48867b.png,2588,1958,5.07,5.458,1.0,76.55987548828125,29.163374228151575,43.958073016256094,893da6d0ae1fea8543fda39c7b9fc50d,f8fcfce6e6fcfcf8,False,2588x1958
ec4649213ccf,1,/kaggle/input/competitions/aptos2019-blindness-detection/train_images/ec4649213ccf.png,2416,1736,4.19,2.193,0.934,91.1751708984375,32.81267648717556,160.70698282658122,598100f0161a66b6faeceaf9245d861d,c0909010109090d4,False,2416x1736
ec57cc20d776,0,/kaggle/input/competitions/aptos2019-blindness-detection/train_images/ec57cc20d776.png,819,614,0.5,0.319,0.61,88.07527160644531,49.677391194381364,236.59360821451992,2e59851e090edb21f69d7dd0fbdcf747,f0c682c7c5e0f0f0,False,819x614
ec6659926105,0,/kaggle/input/competitions/aptos2019-blindness-detection/train_images/ec6659926105.png,1050,1050,1.1,1.058,1.0,82.54936218261719,44.733192452343964,141.8857683232054,e33ee52a12d39e1744e50b3cf7860557,f0e0c0c0c4e0e0f0,False,1050x1050
ec6f1797a25a,0,/kaggle/input/competitions/aptos2019-blindness-detection/train_images/ec6f1797a25a.png,1050,1050,1.1,0.998,1.0,80.86199951171875,43.57505968407505,127.43624561442994,1d637494248dd983eb1a602e13dc2268,f0fcfcdcfcf8f0f0,False,1050x1050
ecad6845f630,0,/kaggle/input/competitions/aptos2019-blindness-detection/train_images/ecad6845f630.png,2588,1958,5.07,3.762,1.0,94.33598327636719,47.86524564955761,146.14783926284872,2526a1692ddc8ab9a9d37b7dbdcde49e,f0e0c080c8c0c0e0,False,2588x1958
ecb4500285ed,0,/kaggle/input/competitions/aptos2019-blindness-detection/train_images/ecb4500285ed.png,819,614,0.5,0.315,0.606,56.73783874511719,32.192592609371516,80.22163063264452,2e4e83596af1aceecf8ffdee8327490c,f0fce6f7fefcecf0,False,819x614
ed246ae1ed08,4,/kaggle/input/competitions/aptos2019-blindness-detection/train_images/ed246ae1ed08.png,2416,1736,4.19,2.187,0.935,97.83787536621094,36.01544418206499,177.38476813375019,99d02a49d8b20a8de21e11651e679357,e0e08085c18082cc,False,2416x1736
ed2c06fcc573,2,/kaggle/input/competitions/aptos2019-blindness-detection/train_images/ed2c06fcc573.png,2416,1736,4.19,2.345,0.934,82.04203796386719,30.019170913533923,111.66340890433639,001ad1efefcb3c7fa54e6c007d000423,c8b8fafceefe9cdc,False,2416x1736
ed2c52c14493,0,/kaggle/input/competitions/aptos2019-blindness-detection/train_images/ed2c52c14493.png,1050,1050,1.1,0.986,1.0,74.77662658691406,41.88423570256072,110.74839355400763,146171bb5d6b15b34dab96b8d4e642c6,f0f8fcdcfcfcf8f0,False,1050x1050
ed2ef440d22c,0,/kaggle/input/competitions/aptos2019-blindness-detection/train_images/ed2ef440d22c.png,819,614,0.5,0.325,0.931,43.197509765625,21.608083976029413,30.877867055824026,82d610d61a3a7f69f3d6cf9f617cbf28,c4ce9e96b4f0e8f0,True,819x614
ed3a0fc5b546,4,/kaggle/input/competitions/aptos2019-blindness-detection/train_images/ed3a0fc5b546.png,2416,1736,4.19,2.54,0.934,70.38807678222656,25.76439998698625,108.3869113100227,6c9d26bab272c4b6d0d4333de16f61d4,ce86e0c1b1989edc,False,2416x1736
ed3ce1674761,0,/kaggle/input/competitions/aptos2019-blindness-detection/train_images/ed3ce1674761.png,1050,1050,1.1,0.937,1.0,80.56106567382812,44.882701264408325,234.98523498233408,ae256ba112ae384cb9b964e6872c81b4,f0fefeeefefce8f0,False,1050x1050
ed648b9bcd95,0,/kaggle/input/competitions/aptos2019-blindness-detection/train_images/ed648b9bcd95.png,819,614,0.5,0.322,0.931,43.36744689941406,20.18648581255988,34.44333727634512,5e8a5ce3cf7e926c80cf7a656aa32462,ecc6828286acf0f0,False,819x614
ed6704e3b72e,3,/kaggle/input/competitions/aptos2019-blindness-detection/train_images/ed6704e3b72e.png,2416,1736,4.19,2.446,0.934,79.99697875976562,29.62371421677416,152.6541159634944,9c160507e86fe5bb38af3d78e15d1849,f0e0c0c1999982cc,False,2416x1736
ed6bd9293a89,0,/kaggle/input/competitions/aptos2019-blindness-detection/train_images/ed6bd9293a89.png,1050,1050,1.1,1.029,1.0,77.8887939453125,44.0995850299633,131.033987428993,f78edb006eaba1a57459ea6d75caed8c,f0e0c0c2c0e0f0f0,False,1050x1050
ed88faaa325a,2,/kaggle/input/competitions/aptos2019-blindness-detection/train_images/ed88faaa325a.png,3216,2136,6.87,2.217,0.843,87.56130981445312,31.873570945189964,116.12884849309921,eb7dd98320905fba8c578026e5446448,e8b4f0e6f6f29cd8,False,3216x2136
eda1d75cbcf0,0,/kaggle/input/competitions/aptos2019-blindness-detection/train_images/eda1d75cbcf0.png,1050,1050,1.1,0.999,1.0,84.0352783203125,45.32982232819086,133.63693456701003,6d1a63a96d45ac715ef77f6ce6956412,f0f8fcdcfcf8f0e0,False,1050x1050
eda29a9d78f3,0,/kaggle/input/competitions/aptos2019-blindness-detection/train_images/eda29a9d78f3.png,1050,1050,1.1,1.009,1.0,69.0474853515625,38.46927045145473,127.81973013933748,094a666e47ca76afa62c13885599805c,f0f8fcfcdcfcf0f0,False,1050x1050
edceb0657d77,0,/kaggle/input/competitions/aptos2019-blindness-detection/train_images/edceb0657d77.png,819,614,0.5,0.333,0.606,77.54606628417969,46.36666670639496,185.9751616930589,fba978d6497dbf5950d5c508db2164c7,f0fefcfcdcfcf8f0,False,819x614
ee02294cc3d9,2,/kaggle/input/competitions/aptos2019-blindness-detection/train_images/ee02294cc3d9.png,3216,2136,6.87,3.372,0.842,97.41012573242188,36.52894774622047,140.643284461461,47043d81383d727ddaf7699875f0f2cd,f8f0f0e0c0c0c2c0,False,3216x2136
ee059945b08a,2,/kaggle/input/competitions/aptos2019-blindness-detection/train_images/ee059945b08a.png,2588,1958,5.07,5.474,1.0,58.04689025878906,22.564190291383806,45.79128888901323,babe1bf3ac2402058ecad82cc614644d,f4f0f6f7f6d6f8e4,False,2588x1958
ee1ec90b980f,4,/kaggle/input/competitions/aptos2019-blindness-detection/train_images/ee1ec90b980f.png,2416,1736,4.19,2.25,0.934,81.76170349121094,30.92488929856324,103.12153520225547,0364647a1034dcb854d6e81388ba34aa,f0e0e0c4c4e0b2cc,False,2416x1736
ee2c2a5f7d0e,2,/kaggle/input/competitions/aptos2019-blindness-detection/train_images/ee2c2a5f7d0e.png,3216,2136,6.87,6.056,0.842,64.1929931640625,27.376079387537686,73.39701840188354,ec96fe859062b331093a609ae243341a,f0f0e0e0e2e0f0f8,False,3216x2136
ee36ca728641,0,/kaggle/input/competitions/aptos2019-blindness-detection/train_images/ee36ca728641.png,2048,1536,3.15,1.912,0.605,64.86308288574219,38.712153984641326,93.00651770434342,c354fbd0c2bae3f5aba86ea041bddd35,e080c2c4c0c0e0f0,False,2048x1536
ee3f5cf52188,0,/kaggle/input/competitions/aptos2019-blindness-detection/train_images/ee3f5cf52188.png,2048,1536,3.15,1.943,0.605,82.00312805175781,45.868358554773216,241.97005457966588,de3f10528e87121fe9e05151f1caa4ee,f08e8ec38386c6f0,False,2048x1536
ee3fe7809e6a,0,/kaggle/input/competitions/aptos2019-blindness-detection/train_images/ee3fe7809e6a.png,819,614,0.5,0.294,0.61,75.01434326171875,42.25461395483356,123.02962398529053,0885ecf5ee0b73fb7aa3cb9a445acc3a,f0c6c6c7c0e0f0f0,False,819x614
ee6e39319b39,2,/kaggle/input/competitions/aptos2019-blindness-detection/train_images/ee6e39319b39.png,3388,2588,8.77,4.553,0.873,71.97821044921875,32.52249233058886,127.7613408358302,9f0ad0232e369f00c666c6a85fae454b,e0c0c0a088c0c4e0,False,3388x2588
ee74c3b177e0,2,/kaggle/input/competitions/aptos2019-blindness-detection/train_images/ee74c3b177e0.png,2588,1958,5.07,5.314,1.0,62.23454284667969,22.28783974103405,32.40702514327131,bf1c4f8e8366266bb339d1be88b8666f,c0c6ea444cc0e0f0,False,2588x1958
ee77763a6afb,0,/kaggle/input/competitions/aptos2019-blindness-detection/train_images/ee77763a6afb.png,2048,1536,3.15,1.775,0.605,65.72903442382812,36.99260249925988,134.98045513685793,47b7e2935b1c4782e68262ed12e530ae,f0d8fe2eaefcfcf0,False,2048x1536
ee78ce914066,1,/kaggle/input/competitions/aptos2019-blindness-detection/train_images/ee78ce914066.png,2416,1736,4.19,2.115,0.934,59.14591979980469,26.64815451265959,67.07769172545522,59c91479100f8c24d80ab8a7afc66ec7,d0e0c04040e080c0,False,2416x1736
eeaea2c5ff34,0,/kaggle/input/competitions/aptos2019-blindness-detection/train_images/eeaea2c5ff34.png,2048,1536,3.15,1.841,0.605,67.17857360839844,40.03812520874363,143.11865204479545,271aa358b764bcd2ca5e99c418153a02,f09c9c1e1ebc98f0,False,2048x1536
eeb231c3ef1f,1,/kaggle/input/competitions/aptos2019-blindness-detection/train_images/eeb231c3ef1f.png,2416,1736,4.19,1.721,0.935,91.72128295898438,33.02050351312448,123.94386658049189,c5d2a1149e17617522494e5d44d6c71c,d0f8e4f4fcdcf8c0,False,2416x1736
eebd1e195952,0,/kaggle/input/competitions/aptos2019-blindness-detection/train_images/eebd1e195952.png,819,614,0.5,0.328,0.606,76.94598388671875,44.92950084439725,148.623240288347,dd1d5191365b817010d3f1f25c7419d0,f0dcfeffeffefcf0,False,819x614
eed4afc8ec83,1,/kaggle/input/competitions/aptos2019-blindness-detection/train_images/eed4afc8ec83.png,1050,1050,1.1,0.99,1.0,79.73355102539062,44.094072739922076,121.88730497448705,3a7bb1e17e91711d8b6bf4f3f239e4d7,f0d0e0e2e0f0f0f0,False,1050x1050
eedae6b28f96,0,/kaggle/input/competitions/aptos2019-blindness-detection/train_images/eedae6b28f96.png,2588,1958,5.07,5.393,1.0,71.24258422851562,34.03247480523034,37.98189207701944,b6c3cdf5e7aa835640cf5f56883d5cdb,f8fcf8fef6fcfcf8,False,2588x1958
ef247f28004f,0,/kaggle/input/competitions/aptos2019-blindness-detection/train_images/ef247f28004f.png,2048,1536,3.15,1.946,0.605,80.75923156738281,44.847374008838166,116.04488866007887,1c8f7b670369d99f041d992bdadfe4b4,f0c0c0808cc0e0f0,False,2048x1536
ef26625121b3,4,/kaggle/input/competitions/aptos2019-blindness-detection/train_images/ef26625121b3.png,2416,1736,4.19,2.189,0.934,78.15057373046875,28.839955159237835,113.52254210412502,f3457500e609f39b3add0bdf216c88e8,e6b0f0f0d0d084c4,False,2416x1736
ef4121e9bb67,0,/kaggle/input/competitions/aptos2019-blindness-detection/train_images/ef4121e9bb67.png,1050,1050,1.1,1.008,1.0,80.50587463378906,42.845398894811034,134.14361939928494,44c711bedf4e2d977975dd10b15e4f7b,f0f0f8fcdcf8f8f0,False,1050x1050
ef476be214d4,0,/kaggle/input/competitions/aptos2019-blindness-detection/train_images/ef476be214d4.png,819,614,0.5,0.314,0.61,69.75674438476562,44.1519285200283,136.9174629242625,02957f9c41bc892cedc1278841d77b1f,e0c080808084c0f0,False,819x614
ef48780f5d5f,0,/kaggle/input/competitions/aptos2019-blindness-detection/train_images/ef48780f5d5f.png,1050,1050,1.1,1.072,1.0,81.67581176757812,45.52042145210718,141.4104959552642,078b5c09c72b9c75b3d3ff128d7cd5ef,f0f0e0e2e2e0f0f0,False,1050x1050
ef5155990874,0,/kaggle/input/competitions/aptos2019-blindness-detection/train_images/ef5155990874.png,1050,1050,1.1,1.074,1.0,93.53492736816406,50.76481285227603,159.85347085352987,5cfa35805cfb879fce93bbaccb5e3314,f0e0e0e0e0f0c0f0,False,1050x1050
ef7a4ed8d5d1,2,/kaggle/input/competitions/aptos2019-blindness-detection/train_images/ef7a4ed8d5d1.png,2588,1958,5.07,5.643,1.0,65.18049621582031,27.801333100516587,137.0300167275127,230fd4f726562bbec9b70651287eb252,f0f8f8fce6f4f8f0,False,2588x1958
ef7eb85b75fc,0,/kaggle/input/competitions/aptos2019-blindness-detection/train_images/ef7eb85b75fc.png,1050,1050,1.1,1.007,1.0,76.97555541992188,41.310520389427644,118.9001877522096,3249fa60a287041113708f70c87475e2,f0f0c0c0c4e0e0f0,False,1050x1050
ef8109305128,1,/kaggle/input/competitions/aptos2019-blindness-detection/train_images/ef8109305128.png,2416,1736,4.19,2.397,0.934,74.28138732910156,29.00497286976673,100.06161885685287,d351f22ef6dc187c0fdf83560524ae0a,c2c0e07070d080c0,False,2416x1736
ef81cd8854cb,0,/kaggle/input/competitions/aptos2019-blindness-detection/train_images/ef81cd8854cb.png,1050,1050,1.1,1.037,1.0,76.59866333007812,42.000213266995196,120.23440228402615,cdfea2be5c1f78aea3903bca709d90dc,f0f0e0c0c2e0f0f0,False,1050x1050
ef8c39eb9157,0,/kaggle/input/competitions/aptos2019-blindness-detection/train_images/ef8c39eb9157.png,2048,1536,3.15,1.576,0.625,62.07487487792969,37.62228993922631,71.34346164669842,4820ebf8f64d50c92273c53284899f8d,f0e0c4c4c6c4e4f0,False,2048x1536
ef99c499d665,0,/kaggle/input/competitions/aptos2019-blindness-detection/train_images/ef99c499d665.png,1050,1050,1.1,0.902,1.0,83.54072570800781,45.70596266949875,122.50278643867932,e82687be6e4b26c14ea126c7995e18e6,f0f0fcdcfcf8e0f0,False,1050x1050
efff2f1a35f5,2,/kaggle/input/competitions/aptos2019-blindness-detection/train_images/efff2f1a35f5.png,2416,1736,4.19,2.117,0.934,76.71232604980469,28.554792632708995,83.04941691434942,cd54fc42a4e0d2e241fc3d05752b27b7,f0f0f8fcdcfc98d0,False,2416x1736
f002ce614c59,0,/kaggle/input/competitions/aptos2019-blindness-detection/train_images/f002ce614c59.png,2588,1958,5.07,5.466,1.0,61.379364013671875,35.862034438908715,75.52843462582678,72b0925b8e9e622885891dc45bb9bc1e,c0f0e0c0c0c0c0c0,False,2588x1958
f0098e9d4aee,4,/kaggle/input/competitions/aptos2019-blindness-detection/train_images/f0098e9d4aee.png,2416,1736,4.19,2.382,0.934,74.31166076660156,27.176820630873916,107.257020897232,29f1d3590a06871c4c8ee7eefc32d52c,f2c0f1c1109282c4,False,2416x1736
f00ce9b9d6f4,0,/kaggle/input/competitions/aptos2019-blindness-detection/train_images/f00ce9b9d6f4.png,1050,1050,1.1,0.976,1.0,87.86338806152344,46.34996717026994,153.39204121287912,e15603e309963b31e9a7ceed1ddf37ff,f0f0e0c0c4c0e0f0,False,1050x1050
f02057c41256,0,/kaggle/input/competitions/aptos2019-blindness-detection/train_images/f02057c41256.png,2588,1958,5.07,5.411,1.0,67.12506103515625,29.72387189073689,60.506282802671194,fed78d551dd6f119eed33233e7130229,e4e2c6c7e7f7fefc,False,2588x1958
f025f33b2c9b,4,/kaggle/input/competitions/aptos2019-blindness-detection/train_images/f025f33b2c9b.png,3216,2136,6.87,2.957,0.843,114.83961486816406,42.634642319435095,216.80129584297538,2b26406f82e83c7e15296e2eedd44b0b,c4a0f06066e696c0,False,3216x2136
f0267c42907c,0,/kaggle/input/competitions/aptos2019-blindness-detection/train_images/f0267c42907c.png,2048,1536,3.15,1.891,0.604,86.40913391113281,48.79248932315288,188.9578911503777,930999ed8b1a0aae010c70e0703d6a29,f0fefeffdcfcf8f0,False,2048x1536
f02956bd7c50,0,/kaggle/input/competitions/aptos2019-blindness-detection/train_images/f02956bd7c50.png,2048,1536,3.15,1.916,0.604,61.96797180175781,36.11295860219829,81.86649632989429,9fa2c7870dce869b9f4b41405fa335fe,f0ce8e8c8cdcfcf0,False,2048x1536
f02babb3a023,0,/kaggle/input/competitions/aptos2019-blindness-detection/train_images/f02babb3a023.png,1050,1050,1.1,0.998,1.0,81.5784912109375,43.393763503019386,140.50815523322672,209303a740f8bdd6f3dd9d74a02d6673,f0f0f8fcdcf8f0f0,False,1050x1050
f03d3c4ce7fb,4,/kaggle/input/competitions/aptos2019-blindness-detection/train_images/f03d3c4ce7fb.png,3216,2136,6.87,6.232,0.842,70.03543090820312,28.700609784026586,76.79263773537241,3be1e5644df038399c1d31319e733af1,fcf4f4e7e6f4fcd8,False,3216x2136
f0546a45ef10,0,/kaggle/input/competitions/aptos2019-blindness-detection/train_images/f0546a45ef10.png,1050,1050,1.1,1.007,1.0,84.71675109863281,44.50323732591408,144.42446559667587,b3b25b62ef25ee6de9294894c89e3044,f0f8fcdcdcfcf8f0,False,1050x1050
f066db7a2efe,0,/kaggle/input/competitions/aptos2019-blindness-detection/train_images/f066db7a2efe.png,2416,1736,4.19,2.087,0.934,68.77616882324219,25.270138894472122,83.56237972876988,b985387a6d90af5b7ffd767a769e15ae,e2e0a089c0e0a0c4,False,2416x1736
f06e7a9df795,0,/kaggle/input/competitions/aptos2019-blindness-detection/train_images/f06e7a9df795.png,2588,1958,5.07,5.253,1.0,51.871429443359375,19.956358278133973,32.25415459438227,d5d3de6e5f051ac60047ae237b808458,fcfcfc6e7efcf8f8,False,2588x1958
f0800723bc63,2,/kaggle/input/competitions/aptos2019-blindness-detection/train_images/f0800723bc63.png,2416,1736,4.19,1.931,0.934,72.41748046875,28.789837838942187,72.27909551165067,29810ebedb02901be505a9de0ed64d87,d0f0e0e8a88890c4,False,2416x1736
f080a22008be,3,/kaggle/input/competitions/aptos2019-blindness-detection/train_images/f080a22008be.png,2416,1736,4.19,2.295,0.934,85.01130676269531,33.147447026121036,116.52878827205859,d4977345ab002b95365835c5bec1c939,f0f0f8f8dcf4c2c4,False,2416x1736
f0860c21533b,0,/kaggle/input/competitions/aptos2019-blindness-detection/train_images/f0860c21533b.png,2588,1958,5.07,5.384,1.0,61.0928955078125,29.08189259016339,40.068919479614124,3ef3e731fc40a89fa250896e0b84b62e,f8f0f0e0e4e0f0f8,False,2588x1958
f092febbf5c0,3,/kaggle/input/competitions/aptos2019-blindness-detection/train_images/f092febbf5c0.png,2416,1736,4.19,2.089,0.934,86.63951110839844,31.737747940215435,135.19149350747466,dadea7422b87fa429f0d5c3b17988ec8,d0e0f8888c8086c4,False,2416x1736
f09cfc6a4dbd,0,/kaggle/input/competitions/aptos2019-blindness-detection/train_images/f09cfc6a4dbd.png,1050,1050,1.1,0.993,1.0,81.64231872558594,43.293473742255465,133.85978024825454,478bed928c966b81992f6c62cfa6441e,f0f8fc9cdcfcf0f0,False,1050x1050
f09fd9433dff,0,/kaggle/input/competitions/aptos2019-blindness-detection/train_images/f09fd9433dff.png,1050,1050,1.1,1.033,1.0,77.69078063964844,41.5459069963327,123.25048490590416,22bd0963288ec51d583a9f150f7d6f23,f0f8fcfcfcfcf8f0,False,1050x1050
f0a2dc580009,0,/kaggle/input/competitions/aptos2019-blindness-detection/train_images/f0a2dc580009.png,819,614,0.5,0.307,0.61,74.77961730957031,42.45491814452403,159.2965726321563,65e071f176aff271c6779961b87ec4fc,f0ccbc7e7efcf8f0,False,819x614
f0c0f7b5e820,2,/kaggle/input/competitions/aptos2019-blindness-detection/train_images/f0c0f7b5e820.png,2416,1736,4.19,2.307,0.934,72.40713500976562,30.31062957937175,118.13499157037586,f58e02af4341c7712ccbc724e06b2bea,84982e4e6aacc0c0,False,2416x1736
f0c13be90519,1,/kaggle/input/competitions/aptos2019-blindness-detection/train_images/f0c13be90519.png,2588,1958,5.07,3.008,1.0,60.82916259765625,21.626393286987195,23.981785671552643,e465ab9e228e7bcbacb7b1d6d0e95f06,e8e0c0c4f0e0f0b0,True,2588x1958
f0e1201b5c1f,0,/kaggle/input/competitions/aptos2019-blindness-detection/train_images/f0e1201b5c1f.png,819,614,0.5,0.284,0.61,67.61868286132812,39.50904392760902,77.09897542349063,9a2d84613258b7f4ce3e5d2792dcbeff,e0e0c08088c0e4f0,False,819x614
f0f89314e860,4,/kaggle/input/competitions/aptos2019-blindness-detection/train_images/f0f89314e860.png,1504,1000,1.5,1.315,0.838,77.72906494140625,31.222088432840096,80.0300920009613,197303f49434137ed6ab3c9906d76a13,f0f0f03090d08af8,False,1504x1000
f18abfa690ab,2,/kaggle/input/competitions/aptos2019-blindness-detection/train_images/f18abfa690ab.png,640,480,0.31,0.307,1.0,78.63290405273438,22.53444236310902,31.1851608119905,2c70ecb172e367e5ad47fc96146c3b03,a061e0c0c0c0e0a0,False,640x480
f1979147aad4,0,/kaggle/input/competitions/aptos2019-blindness-detection/train_images/f1979147aad4.png,2588,1958,5.07,5.367,1.0,53.677337646484375,32.45639845433744,59.47167789726518,a84a487492b9c70b4e69a4d91e18d802,fcf8fcfefefefcf8,False,2588x1958
f1a761c68559,2,/kaggle/input/competitions/aptos2019-blindness-detection/train_images/f1a761c68559.png,1504,1000,1.5,1.267,0.838,61.43397521972656,25.420534160165783,54.92194151878357,eb7a7a5fa1307384791b6916edc3c81e,d2f8f0f2f2fcfefc,False,1504x1000
f1d719c97838,0,/kaggle/input/competitions/aptos2019-blindness-detection/train_images/f1d719c97838.png,1050,1050,1.1,1.091,1.0,74.79721069335938,41.73351523043919,115.48256055917591,cbcebf6d959d34e6995445a08b347259,f0f0f8fcdcfcf8f0,False,1050x1050
f1dc26c4bfa3,4,/kaggle/input/competitions/aptos2019-blindness-detection/train_images/f1dc26c4bfa3.png,3216,2136,6.87,2.553,0.842,86.93182373046875,33.14710057173446,95.71552736661397,b6cc4a8a42b74d36fd6bd39f11133935,e0e0e0c4c4c4a0d0,False,3216x2136
f2094a20b275,2,/kaggle/input/competitions/aptos2019-blindness-detection/train_images/f2094a20b275.png,3216,2136,6.87,2.362,0.842,80.75994873046875,30.116066652251256,88.38746455847286,d7f135ebfa5c7c95f3fff8446958db96,e0f0e0e0e2e0c2c0,False,3216x2136
f233638e0e90,0,/kaggle/input/competitions/aptos2019-blindness-detection/train_images/f233638e0e90.png,819,614,0.5,0.337,0.931,41.38737487792969,24.56350099156751,36.557407847605646,6f6b10f58e7184a0d1bf842d1c55248f,ecf2f272f8f8f0f0,True,819x614
f23902998c21,2,/kaggle/input/competitions/aptos2019-blindness-detection/train_images/f23902998c21.png,1504,1000,1.5,1.719,0.838,84.78413391113281,37.185273769374845,100.30559240281582,f2925812dee45e7dba0ca4fbb346ea99,f8f8fcf6f6fcfcf4,False,1504x1000
f252046c0fe6,0,/kaggle/input/competitions/aptos2019-blindness-detection/train_images/f252046c0fe6.png,1050,1050,1.1,1.035,1.0,96.11721801757812,52.15770188236102,153.70990370213985,e5ba4513cd1dc55cbf0b743145419995,f0f8fcbcbcf8f8f0,False,1050x1050
f26b02ead915,0,/kaggle/input/competitions/aptos2019-blindness-detection/train_images/f26b02ead915.png,2048,1536,3.15,1.931,0.604,83.00927734375,48.822734758632194,164.42825908004306,e446ca2b108266b43d78ddff4847b674,f0f8fcfefefefcf0,False,2048x1536
f298b7d05958,0,/kaggle/input/competitions/aptos2019-blindness-detection/train_images/f298b7d05958.png,1050,1050,1.1,1.019,1.0,74.320556640625,41.52816951556134,114.57940458669327,e07fbb11aa422e06fce6ac032dfd6893,f0e0e0c0c0e0e0f0,False,1050x1050
f2c0b41acd05,0,/kaggle/input/competitions/aptos2019-blindness-detection/train_images/f2c0b41acd05.png,2048,1536,3.15,1.958,0.605,58.871490478515625,36.1891089506329,102.67353509343229,0734f870f7c6a2c13cff0e32be817805,e0c68681a8f0f8f0,False,2048x1536
f2d2a0c92034,4,/kaggle/input/competitions/aptos2019-blindness-detection/train_images/f2d2a0c92034.png,3216,2136,6.87,3.365,0.842,80.41127014160156,29.793124711725028,100.17654321133159,6bd85e46e5de9bf2e79b246f0692c790,f8e8f0b0a88882cc,False,3216x2136
f2ee81781411,2,/kaggle/input/competitions/aptos2019-blindness-detection/train_images/f2ee81781411.png,3216,2136,6.87,1.738,0.845,116.72952270507812,43.613849169127285,174.1342224990949,d611f89aeeb7330cb7364beed6afd4af,f8f8f0e0e7e6e2c0,False,3216x2136
f2f569a64949,0,/kaggle/input/competitions/aptos2019-blindness-detection/train_images/f2f569a64949.png,2048,1536,3.15,1.823,0.605,83.84060668945312,46.08873035721988,189.0508111321833,ed41620ec6f5b3a58f8afeaa154bb44d,f08682c1c4c0e4f0,False,2048x1536
f30f203ef51e,2,/kaggle/input/competitions/aptos2019-blindness-detection/train_images/f30f203ef51e.png,3216,2136,6.87,2.82,0.845,118.18704223632812,43.526838636704774,243.85331510356627,8177429823c8eb07d69ff79b27938043,d8e4e6cecec6a6c4,False,3216x2136
f35d80bb1a22,0,/kaggle/input/competitions/aptos2019-blindness-detection/train_images/f35d80bb1a22.png,1050,1050,1.1,0.959,1.0,89.880859375,47.43709273534157,237.23696564789861,f543213ce37c301956e00902ff1f8d9a,f0d6f8fc5cfcf8f0,False,1050x1050
f361060eda3e,0,/kaggle/input/competitions/aptos2019-blindness-detection/train_images/f361060eda3e.png,1050,1050,1.1,0.97,1.0,81.86245727539062,43.30997294572526,119.72692498192191,0ee58beafc49d10bfd51732532079a99,f0f8fcdcfcfce8f0,False,1050x1050
f366fb1cc475,0,/kaggle/input/competitions/aptos2019-blindness-detection/train_images/f366fb1cc475.png,1050,1050,1.1,1.059,1.0,85.05722045898438,45.164551272423665,151.49212646484375,4953faed2b45914ab58d40d47a950e5c,f0e0c0c0c4c0e0f0,False,1050x1050
f36cb007a1ef,0,/kaggle/input/competitions/aptos2019-blindness-detection/train_images/f36cb007a1ef.png,1050,1050,1.1,0.921,1.0,71.72323608398438,37.91492577224528,105.64728522091173,d4ac0150860fb4bf3089ce50dcb3eb9b,f0e0c0c0c4c0e0f0,False,1050x1050
f3a268d2726d,2,/kaggle/input/competitions/aptos2019-blindness-detection/train_images/f3a268d2726d.png,2588,1958,5.07,5.171,1.0,53.7822265625,19.196893511239587,22.274961625924334,29af1f1b35906ae83707096d280365c2,f0f0d0c8cdcee4e0,True,2588x1958
f3a4751af42e,0,/kaggle/input/competitions/aptos2019-blindness-detection/train_images/f3a4751af42e.png,1050,1050,1.1,0.922,1.0,71.80036926269531,40.17170088796103,104.08899820386432,e28d91fb6fe6ba91511e4344d2cf4841,f0f0f8fcdcfcf8f0,False,1050x1050
f3a88d3026dc,2,/kaggle/input/competitions/aptos2019-blindness-detection/train_images/f3a88d3026dc.png,1050,1050,1.1,0.918,1.0,78.40011596679688,42.783768044575275,110.80806551873684,2d58f7a257513bf193872c2cb32370db,f0ecfecefefcf0f0,False,1050x1050
f3b27ac2d371,0,/kaggle/input/competitions/aptos2019-blindness-detection/train_images/f3b27ac2d371.png,1050,1050,1.1,1.028,1.0,82.17753601074219,44.84294447646566,125.31063248566352,0150567c3500c6b5e618105f2396e5a4,f0e0c0c0c4c0e0f0,False,1050x1050
f3b6b7ca1eb1,2,/kaggle/input/competitions/aptos2019-blindness-detection/train_images/f3b6b7ca1eb1.png,2416,1736,4.19,2.12,0.934,78.76243591308594,28.322571667630843,100.81373066431843,9d5fd4256114c35d3b03f2dfa7e3a04e,c0c08888c0c090cc,False,2416x1736
f3bb996b45ce,0,/kaggle/input/competitions/aptos2019-blindness-detection/train_images/f3bb996b45ce.png,1050,1050,1.1,0.997,1.0,84.34107971191406,43.97388981326114,213.535042013973,b91dc0bc2a45e1feb9d4f90b3ff18ad5,f0fcf8de5ebc90e0,False,1050x1050
f3cd489acbee,2,/kaggle/input/competitions/aptos2019-blindness-detection/train_images/f3cd489acbee.png,3216,2136,6.87,3.255,0.843,104.72685241699219,39.29879145913871,185.66715853568166,03dc391a37bfce7b7600781c2452f4e9,f4e0e0c8989092c0,False,3216x2136
f42b693a9414,0,/kaggle/input/competitions/aptos2019-blindness-detection/train_images/f42b693a9414.png,2048,1536,3.15,1.863,0.605,59.410064697265625,34.97827780541974,123.21247916086577,bc5f23ae6b22d77aac519d4045623ac6,f080b07a6afcece0,False,2048x1536
f431f2e119d7,0,/kaggle/input/competitions/aptos2019-blindness-detection/train_images/f431f2e119d7.png,2048,1536,3.15,1.927,0.605,81.02342224121094,47.06712110661569,120.33514178521,fa64cf8ca6b90ded92fc276a45c75f60,f0fcfeeefefefcf0,False,2048x1536
f451eee2b66b,0,/kaggle/input/competitions/aptos2019-blindness-detection/train_images/f451eee2b66b.png,1050,1050,1.1,0.909,1.0,77.97587585449219,41.39920762261624,118.35659558232874,a9b0bfba9c5325c3c7a0d4a09e548246,f0e0c0c0c4c0e0f0,False,1050x1050
f45f1485c940,2,/kaggle/input/competitions/aptos2019-blindness-detection/train_images/f45f1485c940.png,2416,1736,4.19,1.971,0.934,71.41104125976562,26.185844968673347,76.00418276246637,73644ef8060ce06935b83ac955ede7b1,f0e0d0e98980c2c4,False,2416x1736
f460608cf4cc,2,/kaggle/input/competitions/aptos2019-blindness-detection/train_images/f460608cf4cc.png,3216,2136,6.87,2.973,0.842,92.45654296875,36.965141626548785,113.48659652471542,e4b8e03308cc001ea41ed39effc5cfd2,f0f0c0ccc4e0e0c0,False,3216x2136
f47a2a4a0411,1,/kaggle/input/competitions/aptos2019-blindness-detection/train_images/f47a2a4a0411.png,3216,2136,6.87,3.057,0.842,80.7200927734375,30.47980152682166,97.4618927796837,cdc45a87ac8660b971c5c53bc8c4d007,f0fcfcccecf8b8f8,False,3216x2136
f481f76a6b75,1,/kaggle/input/competitions/aptos2019-blindness-detection/train_images/f481f76a6b75.png,2416,1736,4.19,2.255,0.934,72.90632629394531,27.60442208983104,80.88396682962775,f6b6275b7f6f59422fd8b4233b063230,f0f0f8f8fede9ecc,False,2416x1736
f48241b0c995,0,/kaggle/input/competitions/aptos2019-blindness-detection/train_images/f48241b0c995.png,2048,1536,3.15,1.92,0.604,83.22740173339844,45.00274243487451,120.080075427657,1509acd11caaf53db3069e331b07d061,f0c0c08888e0e0f0,False,2048x1536
f4874247ede6,0,/kaggle/input/competitions/aptos2019-blindness-detection/train_images/f4874247ede6.png,819,614,0.5,0.333,0.606,78.65240478515625,45.24865750693493,150.5927306106314,986c347cd2064a0af9bbea7344356c3f,f0f0f8fc9cfcf8f0,False,819x614
f4c7ae514c54,0,/kaggle/input/competitions/aptos2019-blindness-detection/train_images/f4c7ae514c54.png,2048,1536,3.15,1.923,0.605,90.48344421386719,48.977837052004084,173.40321680880152,336fbccd634a433b70cfa24b39da2669,f0f0e0c2c6c6e4f0,False,2048x1536
f4d3169b468a,0,/kaggle/input/competitions/aptos2019-blindness-detection/train_images/f4d3169b468a.png,1050,1050,1.1,1.011,1.0,84.16607666015625,45.890585169670985,137.3921349933371,5527e077a7f91c2d8c80606876de7747,f0f0f8fcdcfcf8f0,False,1050x1050
f4d3777f2710,2,/kaggle/input/competitions/aptos2019-blindness-detection/train_images/f4d3777f2710.png,3216,2136,6.87,6.049,0.842,82.07916259765625,32.46942985154951,126.42655086517334,e696ddd2ab0544e99e4a6050586875a9,f0f0f099908880cc,False,3216x2136
f4de9620e3f2,0,/kaggle/input/competitions/aptos2019-blindness-detection/train_images/f4de9620e3f2.png,2588,1958,5.07,5.247,1.0,62.62214660644531,24.16733207918645,21.98981954320334,7861948e24c1c87c595236ce56046855,f8f8fceeeefcf0f8,True,2588x1958
f4df3d86688d,0,/kaggle/input/competitions/aptos2019-blindness-detection/train_images/f4df3d86688d.png,1050,1050,1.1,1.008,1.0,86.51065063476562,46.26508816221719,153.18456626101397,7809d29e58c694292bd4d96ea58a2922,f0e0c0c0c4c0e0f0,False,1050x1050
f4e68b61f480,0,/kaggle/input/competitions/aptos2019-blindness-detection/train_images/f4e68b61f480.png,2588,1958,5.07,4.732,1.0,57.18341064453125,21.60180669365421,29.146903038024902,efa9ee6bd3fd1913f1583d704d1c949d,f8f8f8f8f5f5fcfc,False,2588x1958
f4ea2a2cfbb9,0,/kaggle/input/competitions/aptos2019-blindness-detection/train_images/f4ea2a2cfbb9.png,1050,1050,1.1,0.993,1.0,72.9884033203125,39.98727962155772,114.72633271641098,b95bc6088ddc40a73c2de0be63cbfbfc,f0f0e0e2e0e0e0f0,False,1050x1050
f531232ecb55,0,/kaggle/input/competitions/aptos2019-blindness-detection/train_images/f531232ecb55.png,1050,1050,1.1,0.959,1.0,83.85508728027344,46.15478691227941,146.4372156278696,a4cef18e865b8f7f4b96dd46b23ea171,f0f8bc9cfcfcf8f0,False,1050x1050
f549294e12e1,4,/kaggle/input/competitions/aptos2019-blindness-detection/train_images/f549294e12e1.png,3388,2588,8.77,7.456,0.869,88.58555603027344,35.85023676100314,193.6938664817717,310078c0ea2fa63b681bcbe3dd0bd040,e0c0e08880d09ad8,False,3388x2588
f55e1d2a19e4,1,/kaggle/input/competitions/aptos2019-blindness-detection/train_images/f55e1d2a19e4.png,2416,1736,4.19,1.977,0.935,85.71568298339844,32.23655226818983,125.46645865496248,a121255f2e75bf83fd9941d4b0127603,f8fcfc6eeefcbadc,False,2416x1736
f5650eb52640,1,/kaggle/input/competitions/aptos2019-blindness-detection/train_images/f5650eb52640.png,2416,1736,4.19,1.919,0.934,78.75912475585938,29.584080643235005,154.97166942059994,212c871897f22d8667b359b4c2722adc,f2e0c0c9c9c1c2ce,False,2416x1736
f56ff0440ed1,0,/kaggle/input/competitions/aptos2019-blindness-detection/train_images/f56ff0440ed1.png,2588,1958,5.07,5.369,1.0,70.29090881347656,33.05370995905541,44.282874922966585,5260b9fdaf5d5dabd170c1f559b46676,c0f0e0e0c0c4c0e0,False,2588x1958
f5733f77273d,0,/kaggle/input/competitions/aptos2019-blindness-detection/train_images/f5733f77273d.png,1050,1050,1.1,1.033,0.996,55.87762451171875,32.0036267486975,74.35389850195497,b13fc2a368671eb7a319481c8cd76d19,f0f0fcfcdcfcf8f0,False,1050x1050
f576e45d1da2,3,/kaggle/input/competitions/aptos2019-blindness-detection/train_images/f576e45d1da2.png,3388,2588,8.77,7.069,0.872,80.41763305664062,33.258136271960545,153.56108342017978,d512299104fe7a8bfe22ad8b8580b108,e8e0c0888c8082c4,False,3388x2588
f57cf3b6f48e,0,/kaggle/input/competitions/aptos2019-blindness-detection/train_images/f57cf3b6f48e.png,2048,1536,3.15,1.692,0.604,72.66294860839844,40.67916496384012,102.92438597953878,d389377bf8b129c439d5e578be6897eb,f0dcfef8dcdcfcf0,False,2048x1536
f580566e27f5,0,/kaggle/input/competitions/aptos2019-blindness-detection/train_images/f580566e27f5.png,819,614,0.5,0.355,0.931,47.993072509765625,29.207161820677715,46.71167773916386,d1c172b74291264f752ef48c2dfa2cf9,c8dc9c9c9c98d0f0,False,819x614
f583a722434c,2,/kaggle/input/competitions/aptos2019-blindness-detection/train_images/f583a722434c.png,2588,1958,5.07,4.914,1.0,35.46739196777344,21.378944547572676,17.950976505642757,ffd1a18a930722dbf3a33c0633f67785,fefefefffefefefc,True,2588x1958
f58cdfa968be,0,/kaggle/input/competitions/aptos2019-blindness-detection/train_images/f58cdfa968be.png,2048,1536,3.15,1.946,0.605,71.71360778808594,41.79061571571321,86.62864104821347,ef4631ecba9a7c7d74a7251243e0aace,f0e0c0c0c4c0e0f0,False,2048x1536
f58d37d48e42,4,/kaggle/input/competitions/aptos2019-blindness-detection/train_images/f58d37d48e42.png,3388,2588,8.77,3.479,0.875,64.6583251953125,29.678503781305796,95.86541094235145,9bee89a50731ccb5fb3fabf1ab283aa5,d0b8f0ea668c98f8,False,3388x2588
f58f0b2fd718,0,/kaggle/input/competitions/aptos2019-blindness-detection/train_images/f58f0b2fd718.png,1050,1050,1.1,0.968,1.0,90.40408325195312,48.50644933034782,153.9771754592657,15d22de4302bbd6ceacf9eb997391a11,f0f0e0e0e0e0c0f0,False,1050x1050
f5a8c6426a71,3,/kaggle/input/competitions/aptos2019-blindness-detection/train_images/f5a8c6426a71.png,2416,1736,4.19,2.337,0.935,94.15010070800781,34.10811266097931,181.92896481766365,96ff50aed6f83c9de8638777c6ff99a0,d0b09098088082c4,False,2416x1736
f5c953bee7cd,0,/kaggle/input/competitions/aptos2019-blindness-detection/train_images/f5c953bee7cd.png,1050,1050,1.1,0.999,1.0,95.42216491699219,50.85090849797075,165.0086974464357,d511ea5e3957206c61873fbe2f51393a,f0f0c0c2c0e0f0f0,False,1050x1050
f5e6226bd2e0,4,/kaggle/input/competitions/aptos2019-blindness-detection/train_images/f5e6226bd2e0.png,2416,1736,4.19,2.465,0.934,74.49368286132812,28.069484430382918,95.86420303746127,d3165ad2b987055e9c3047391becf1af,f0f0f0f8faeef8cc,False,2416x1736
f5e9a307288c,2,/kaggle/input/competitions/aptos2019-blindness-detection/train_images/f5e9a307288c.png,3216,2136,6.87,2.124,0.842,92.63795471191406,33.91924900938613,120.2556539317593,070af041391295c25ef95c06bf4bdc45,d0f0e0c0c0c082c4,False,3216x2136
f61bf44c677c,2,/kaggle/input/competitions/aptos2019-blindness-detection/train_images/f61bf44c677c.png,3388,2588,8.77,7.219,0.866,75.75889587402344,30.896306844627095,142.7078420482576,8ed0c78015bfde2810ca86505221b542,c080e0405888c0e0,False,3388x2588
f62b8a076833,0,/kaggle/input/competitions/aptos2019-blindness-detection/train_images/f62b8a076833.png,2048,1536,3.15,1.86,0.625,62.28729248046875,38.99224754107031,74.91944451979361,f23237f072dccedc51ecf8caecb11de4,f0e0e2e6e6eeecf0,False,2048x1536
f633c474e8b8,0,/kaggle/input/competitions/aptos2019-blindness-detection/train_images/f633c474e8b8.png,1050,1050,1.1,1.011,1.0,87.37432861328125,46.58853793171309,143.60937192826532,57bb392d88057b08193a911c25a3c619,f0f0fcfcfcf8f8f0,False,1050x1050
f64214bed40e,3,/kaggle/input/competitions/aptos2019-blindness-detection/train_images/f64214bed40e.png,2588,1958,5.07,5.14,1.0,41.970458984375,21.257941275434035,28.415326103568077,72030c6eac23fe35f9f938eb7295454b,e0e0c0c0e0f0f0f0,True,2588x1958
f64b6e85f1c9,0,/kaggle/input/competitions/aptos2019-blindness-detection/train_images/f64b6e85f1c9.png,1050,1050,1.1,1.067,1.0,77.24844360351562,42.728613935764116,138.30949985887855,4897b19be63d5bbdd8a779b54108dcf9,f0f0e0e2e0e0f0f0,False,1050x1050
f66c4ee86629,0,/kaggle/input/competitions/aptos2019-blindness-detection/train_images/f66c4ee86629.png,2588,1958,5.07,5.088,1.0,45.63555908203125,20.899216433028673,51.275260671041906,802265573577afca84696e8fd0df2100,80000808c0e0f0f2,False,2588x1958
f68690db78d3,0,/kaggle/input/competitions/aptos2019-blindness-detection/train_images/f68690db78d3.png,2048,1536,3.15,1.898,0.605,93.37930297851562,50.10330046886668,179.32295059785247,c10c6ca532ae94fa6391728518de32c0,f0c0c08084c0c0f0,False,2048x1536
f69400b316a7,2,/kaggle/input/competitions/aptos2019-blindness-detection/train_images/f69400b316a7.png,2416,1736,4.19,2.149,0.934,67.05906677246094,25.662431084147457,116.80617216136307,a8895e5f86856ca04242f00885d76389,e2c0808181c182c6,False,2416x1736
f69835dc7c50,4,/kaggle/input/competitions/aptos2019-blindness-detection/train_images/f69835dc7c50.png,2416,1736,4.19,2.337,0.935,60.60169982910156,24.29088682571154,61.22969491942786,90126f6db918c26792a1ad12ba9bb4d4,e0f0e0c0c8e0a0cc,False,2416x1736
f6d760566a51,0,/kaggle/input/competitions/aptos2019-blindness-detection/train_images/f6d760566a51.png,1050,1050,1.1,1.005,1.0,84.9788818359375,45.664080339172116,133.93156666960567,831a89d714a9d905a355ef01de8513fe,f0f0e0c0c2e4e0f0,False,1050x1050
f6f3ea0d2693,4,/kaggle/input/competitions/aptos2019-blindness-detection/train_images/f6f3ea0d2693.png,3216,2136,6.87,5.897,0.842,65.47364807128906,25.76972827601415,74.32524711545557,23d0e6d9ea565768b4b1a55ed17392da,f8f0f0feeefe9cd8,False,3216x2136
f6f433f3306f,3,/kaggle/input/competitions/aptos2019-blindness-detection/train_images/f6f433f3306f.png,2588,1958,5.07,5.351,1.0,51.441925048828125,31.33849066909946,79.88892923295498,080eea39ce78252e9215cd4a0085ac1d,fcfaf6f7f4f8f8f8,False,2588x1958
f6f7dba7104d,1,/kaggle/input/competitions/aptos2019-blindness-detection/train_images/f6f7dba7104d.png,2416,1736,4.19,2.0,0.934,104.47665405273438,37.07113454878775,176.9153349583503,f8cee49ec1c586550933c9f42a71be26,e0e8e4e7e7e6dcdc,False,2416x1736
f7116e7b2f4e,0,/kaggle/input/competitions/aptos2019-blindness-detection/train_images/f7116e7b2f4e.png,1050,1050,1.1,1.037,1.0,79.54280090332031,42.584489193138005,141.87179397046566,6c9bbd5b33ba54a3112eedac9aa7042a,f0e0e0c0c4c0f0f0,False,1050x1050
f71333204618,0,/kaggle/input/competitions/aptos2019-blindness-detection/train_images/f71333204618.png,2588,1958,5.07,5.095,1.0,54.57777404785156,19.26342368243416,21.38941057678312,104c116c8a2e5401378922164e205f47,e0f0f0706eaebcfc,True,2588x1958
f71aca5a7dc3,0,/kaggle/input/competitions/aptos2019-blindness-detection/train_images/f71aca5a7dc3.png,2048,1536,3.15,1.685,0.602,37.64915466308594,25.391754185578726,43.151326444000006,5a8052747a4c2ad6287aef5c2f1572a5,f0f0fcfc9cfcf8f0,True,2048x1536
f71bea807c96,0,/kaggle/input/competitions/aptos2019-blindness-detection/train_images/f71bea807c96.png,1050,1050,1.1,1.045,1.0,72.73738098144531,39.014822283193595,111.27017303928733,0143cb2a8a2a5f94e6ea225b16a03692,f0f8fcbcfcf8f0f0,False,1050x1050
f72adcac5638,4,/kaggle/input/competitions/aptos2019-blindness-detection/train_images/f72adcac5638.png,2588,1958,5.07,5.351,1.0,82.89227294921875,31.811542476376086,31.5144886886701,8db8eae96fec1dbc0a26ac3db7ae6442,e0e0c0c080c8c0c0,False,2588x1958
f72ef9ceeaa8,1,/kaggle/input/competitions/aptos2019-blindness-detection/train_images/f72ef9ceeaa8.png,2588,1958,5.07,5.048,1.0,43.60029602050781,16.299718652769506,15.2545109258499,08e18bfd175e7cc847777e390f1b6ae1,f0f0e8888ce8e0e0,True,2588x1958
f7508f14dd7b,0,/kaggle/input/competitions/aptos2019-blindness-detection/train_images/f7508f14dd7b.png,2048,1536,3.15,1.664,0.626,63.714569091796875,39.456820821911435,138.09092651098035,fe3666ac5996b581df65d844224f30a1,e0808202428684f0,False,2048x1536
f762c272c522,1,/kaggle/input/competitions/aptos2019-blindness-detection/train_images/f762c272c522.png,3388,2588,8.77,3.885,0.864,68.29556274414062,27.69565765543419,106.32977421488613,f3edb72c717f1d9618ef365a1eb3a223,d0f0f8eef8f8f8c0,False,3388x2588
f7735b6d47f7,0,/kaggle/input/competitions/aptos2019-blindness-detection/train_images/f7735b6d47f7.png,1050,1050,1.1,1.022,1.0,89.63398742675781,48.07018449069111,157.41861514165066,16f7257138a17152c74cef1368bedbea,f0f8fcbcfcf8f0f0,False,1050x1050
f7defe70afc3,0,/kaggle/input/competitions/aptos2019-blindness-detection/train_images/f7defe70afc3.png,2588,1958,5.07,5.432,1.0,60.42291259765625,24.827541315574134,54.49220269708894,d50ba9bdad9a244f0288a517e26884e0,88bc3a0606868ec4,False,2588x1958
f7e9fa75c7c1,0,/kaggle/input/competitions/aptos2019-blindness-detection/train_images/f7e9fa75c7c1.png,1050,1050,1.1,1.018,1.0,73.78239440917969,41.01614466312711,120.46269465773366,97a7b86922517e44388cf7114d922cfc,f0f0e0c0c4e0f0f0,False,1050x1050
f7edc074f06b,2,/kaggle/input/competitions/aptos2019-blindness-detection/train_images/f7edc074f06b.png,2416,1736,4.19,2.471,0.934,70.65632629394531,25.561302679209852,107.23068883642554,76773eca8d3a286e9baf4c146745d912,f8f8e8e646f694c0,False,2416x1736
f7fec8935126,1,/kaggle/input/competitions/aptos2019-blindness-detection/train_images/f7fec8935126.png,2416,1736,4.19,1.896,0.935,112.77140808105469,40.96793441404556,264.8532176089939,ebca5c041a42543824680b8aba5202e7,e8c0c0a181d7c6de,False,2416x1736
f80118bbda18,2,/kaggle/input/competitions/aptos2019-blindness-detection/train_images/f80118bbda18.png,2416,1736,4.19,2.13,0.934,49.11653137207031,20.11245129696333,45.916829189052805,27c86f0f3777f33d093775d9ee6dad02,fcf0f0f1e3c382c4,False,2416x1736
f819c65b803c,0,/kaggle/input/competitions/aptos2019-blindness-detection/train_images/f819c65b803c.png,2048,1536,3.15,1.735,0.602,36.94700622558594,24.668647912458006,30.398247623583302,4923eedb85d491758102866054c61e97,f0f0e0c0c4c4e0f0,True,2048x1536
f8372e80f731,2,/kaggle/input/competitions/aptos2019-blindness-detection/train_images/f8372e80f731.png,3216,2136,6.87,2.241,0.845,105.14614868164062,39.20016020682299,186.2259987881407,fa05c51aa8441f8951458976bdeec72c,c8a2c08188c0c2c4,False,3216x2136
f850cb51fdba,4,/kaggle/input/competitions/aptos2019-blindness-detection/train_images/f850cb51fdba.png,2416,1736,4.19,2.355,0.934,84.67173767089844,32.62810798953997,146.36619078717194,046dd388751071f545b475dd25f50988,f0f8fc7e7efebedc,False,2416x1736
f85c78201a50,0,/kaggle/input/competitions/aptos2019-blindness-detection/train_images/f85c78201a50.png,1050,1050,1.1,1.039,1.0,76.66046142578125,42.258542719725895,133.85157207562588,ae4fc05a0914e2a9a87e3c64460f44ac,f0f0e0c0c4c0e0f0,False,1050x1050
f85fd4fac887,0,/kaggle/input/competitions/aptos2019-blindness-detection/train_images/f85fd4fac887.png,2588,1958,5.07,2.627,1.0,68.30497741699219,31.909492151030047,62.686241059564054,b487367bfdda45a926b9c3e6f11375f5,f8f0e0c7c7f7f6fe,False,2588x1958
f86d1c404acb,0,/kaggle/input/competitions/aptos2019-blindness-detection/train_images/f86d1c404acb.png,819,614,0.5,0.333,0.61,96.300048828125,59.24804012612297,438.91383492574096,fec350d35ea1831a5e3b8547bcabb18c,f0fefcfc1dfedef0,False,819x614
f8cf7ed8ef00,4,/kaggle/input/competitions/aptos2019-blindness-detection/train_images/f8cf7ed8ef00.png,2416,1736,4.19,2.138,0.934,77.42529296875,29.009198074269758,109.04390585329384,beee8ab44676ac725c97344143388fa4,f2e2e0c5c1d2c6c4,False,2416x1736
f8d62557ad0c,0,/kaggle/input/competitions/aptos2019-blindness-detection/train_images/f8d62557ad0c.png,819,614,0.5,0.347,0.931,47.66600036621094,23.44686404149542,33.93455060943961,8eeaa35b006087d32893958e8cc80299,e8f4b0b8b8b8f0f0,False,819x614
f8f5942b690e,0,/kaggle/input/competitions/aptos2019-blindness-detection/train_images/f8f5942b690e.png,819,614,0.5,0.371,0.931,53.72312927246094,27.24928637786982,43.93143878784031,36ea6219befc42b166d22e4eed13d0a3,e0c08c8c8eaee4f0,False,819x614
f8fc411092c7,2,/kaggle/input/competitions/aptos2019-blindness-detection/train_images/f8fc411092c7.png,3216,2136,6.87,3.296,0.842,80.74087524414062,32.2456864524635,94.90461232885718,e9aa4a49306810e95b6185affbcaa63a,f0e0e0c0808082c0,False,3216x2136
f901d460517c,3,/kaggle/input/competitions/aptos2019-blindness-detection/train_images/f901d460517c.png,3388,2588,8.77,7.448,0.872,63.83351135253906,29.859894817590554,99.24598316266201,d6c2c73c349b4caddfaa8ba2d4025962,e4d0e088a0c086cc,False,3388x2588
f90f8931a9bc,0,/kaggle/input/competitions/aptos2019-blindness-detection/train_images/f90f8931a9bc.png,1050,1050,1.1,1.034,1.0,78.52149963378906,44.093401472224244,131.0249578540679,beed5819c35a230b38c8ed14b3d333ef,f0e0c0c0c0e0f0f0,False,1050x1050
f9156aeffc5e,3,/kaggle/input/competitions/aptos2019-blindness-detection/train_images/f9156aeffc5e.png,2896,1944,5.63,2.134,0.636,54.047149658203125,33.45350958086339,67.27179595455527,5eef95d70dd1828620659e10bf50ed37,fcf2e0e1c1c0c0c0,False,2896x1944
f91cfa82b9d4,0,/kaggle/input/competitions/aptos2019-blindness-detection/train_images/f91cfa82b9d4.png,819,614,0.5,0.288,0.61,72.34022521972656,41.002691971077425,114.78034586063586,6813eaffc1062e3c512243a098aeb72e,e0c080808c84c0f0,False,819x614
f920ccd926db,2,/kaggle/input/competitions/aptos2019-blindness-detection/train_images/f920ccd926db.png,3216,2136,6.87,5.969,0.842,74.06829833984375,28.21277976425272,74.59320927318186,c7660cb49b8811ccef8d04f6c962a321,f0f8f0cccc9c98dc,False,3216x2136
f952ad2e4356,0,/kaggle/input/competitions/aptos2019-blindness-detection/train_images/f952ad2e4356.png,819,614,0.5,0.289,0.606,74.61604309082031,41.802614510333086,107.80155768617988,32d8743c98e4ea90333c3ea6c3e72d92,f0fcfef7effefcf0,False,819x614
f994a3b07935,0,/kaggle/input/competitions/aptos2019-blindness-detection/train_images/f994a3b07935.png,1050,1050,1.1,0.958,1.0,94.04409790039062,50.3042116615772,169.2377062952146,ffa65f71a81f0613538244de0c917929,f0c0f0c0c0c0c0f0,False,1050x1050
f999c6921e6d,2,/kaggle/input/competitions/aptos2019-blindness-detection/train_images/f999c6921e6d.png,2416,1736,4.19,2.28,0.934,61.67204284667969,25.280767211650986,71.35203243023716,654877e667460f156299b583b1fec652,f0f0e080818882c6,False,2416x1736
f9aa35187bf3,2,/kaggle/input/competitions/aptos2019-blindness-detection/train_images/f9aa35187bf3.png,1050,1050,1.1,0.908,1.0,78.50784301757812,41.40536481377836,125.45166153367609,782f8f809b517f8ea2a8d973d4168605,f0e0c0c0c4e0f0f0,False,1050x1050
f9d52509c571,0,/kaggle/input/competitions/aptos2019-blindness-detection/train_images/f9d52509c571.png,1050,1050,1.1,0.992,1.0,73.90901184082031,39.4715938434786,117.21280612586997,7ffa9d856a75add128dfdb5488ce4df4,f0e0c2e2c0e0f0f0,False,1050x1050
f9d8ff3e6592,0,/kaggle/input/competitions/aptos2019-blindness-detection/train_images/f9d8ff3e6592.png,2048,1536,3.15,1.926,0.605,88.74934387207031,48.55237315227182,187.6161076852586,129093124b9b29b7a7b017b4f1e4356c,f0dcdefececeecf0,False,2048x1536
f9e1c439d4c8,0,/kaggle/input/competitions/aptos2019-blindness-detection/train_images/f9e1c439d4c8.png,2416,1736,4.19,1.778,0.935,82.69854736328125,30.45328095440446,117.40949523053132,319b37310cab5383d72f3ecdd6385fd2,f8fcfc6e6ebc9cdc,False,2416x1736
f9e779a13204,2,/kaggle/input/competitions/aptos2019-blindness-detection/train_images/f9e779a13204.png,2416,1736,4.19,2.137,0.934,73.91712951660156,29.86231908869523,82.77268563117832,8f7444ce2310d7558806a89b64c89b29,f0f0f088888c8ecc,False,2416x1736
f9ecf1795804,2,/kaggle/input/competitions/aptos2019-blindness-detection/train_images/f9ecf1795804.png,3216,2136,6.87,6.089,0.842,80.68179321289062,29.712623547959325,97.94767359248362,d55aa25d769d844084c79e8c243067be,e0c0d088889882c4,False,3216x2136
fa0c87bd75ce,0,/kaggle/input/competitions/aptos2019-blindness-detection/train_images/fa0c87bd75ce.png,2588,1958,5.07,5.25,1.0,39.85350036621094,22.508718355184993,34.915510918945074,cbe5a0f7c97e6a36d9101a0efb0271e2,f8fcfcfefefcfcf0,True,2588x1958
fa3e544a7401,2,/kaggle/input/competitions/aptos2019-blindness-detection/train_images/fa3e544a7401.png,2588,1958,5.07,5.569,1.0,66.43121337890625,32.64304782987359,55.54987018927932,e64195bd2d7a182b50bcc40995f78ed4,f8fcfcdcfcfcf8f0,False,2588x1958
fa573163dd8b,0,/kaggle/input/competitions/aptos2019-blindness-detection/train_images/fa573163dd8b.png,1050,1050,1.1,0.915,1.0,91.6328125,47.889116959841296,148.3970099722501,7d9e1c0ebbae2034d320e48a9f11a1fa,f0e0e0c2c0e0f0f0,False,1050x1050
fa59221cf464,4,/kaggle/input/competitions/aptos2019-blindness-detection/train_images/fa59221cf464.png,2896,1944,5.63,2.201,0.639,57.86686706542969,25.31770340251634,106.04641090333462,868e0f3e6236400de271cbf706ae2c0e,c0b8f8ec66e68ecc,False,2896x1944
fa6f3d8bb1d5,0,/kaggle/input/competitions/aptos2019-blindness-detection/train_images/fa6f3d8bb1d5.png,1050,1050,1.1,1.04,1.0,69.52740478515625,38.2055626900341,143.2212932629045,0612b790ae367a75112f392379dd3f2c,f0f8fcfcdcfcf8f0,False,1050x1050
fa748b57262b,2,/kaggle/input/competitions/aptos2019-blindness-detection/train_images/fa748b57262b.png,3388,2588,8.77,7.266,0.873,87.90010070800781,36.87376416413757,187.92238667514175,dbea260bb3cc77cb4bfc5cb74b4b4fee,d0f0e8eaeefad8c4,False,3388x2588
fa7fa797c650,0,/kaggle/input/competitions/aptos2019-blindness-detection/train_images/fa7fa797c650.png,1050,1050,1.1,0.95,1.0,79.25614929199219,41.76115204976523,112.5533929914236,51b6a4b79a7d7ded8d8c3c8404d60964,f0f8f8fcdcfcf8f0,False,1050x1050
fa9bece586fc,0,/kaggle/input/competitions/aptos2019-blindness-detection/train_images/fa9bece586fc.png,2588,1958,5.07,5.089,1.0,47.37353515625,17.490571826978716,14.888301662169397,f614ffa58067a20583f2dbc594a50cad,fcf8f8f0d4c4e0f0,True,2588x1958
fa9f1bc03f21,0,/kaggle/input/competitions/aptos2019-blindness-detection/train_images/fa9f1bc03f21.png,1050,1050,1.1,1.001,1.0,72.22946166992188,40.59717897948128,104.1157623117324,9332c4402873b0c07605875efa9d95a9,f0f0f8fcdcf8f0f0,False,1050x1050
fac399455195,2,/kaggle/input/competitions/aptos2019-blindness-detection/train_images/fac399455195.png,3388,2588,8.77,7.193,0.864,70.90673828125,29.03493368391186,101.00476400717162,4bca701d1a8b94b375e541fb98a3858a,c0e0f0f0f2e284d0,False,3388x2588
fb1b8771c70a,0,/kaggle/input/competitions/aptos2019-blindness-detection/train_images/fb1b8771c70a.png,1050,1050,1.1,0.999,1.0,76.26069641113281,41.33724331597634,112.07531541003846,c7e612fd2502676fa948948500b29dbe,f0f0fcfcfcf8f0f0,False,1050x1050
fb61230b99dd,3,/kaggle/input/competitions/aptos2019-blindness-detection/train_images/fb61230b99dd.png,1844,1226,2.26,0.851,0.816,66.21286010742188,32.62945984540939,50.4191617956385,1103efc07d8f0fd494132e6f766d28eb,c0c0a088c0c080c4,False,1844x1226
fb696a8e055a,4,/kaggle/input/competitions/aptos2019-blindness-detection/train_images/fb696a8e055a.png,1844,1226,2.26,1.009,0.818,82.705078125,35.11324708278944,140.45006308681332,7cf7bdf2ceefb3efdebb8b43bf740d18,d4928089098082c4,False,1844x1226
fb6b8200b7f8,1,/kaggle/input/competitions/aptos2019-blindness-detection/train_images/fb6b8200b7f8.png,2416,1736,4.19,1.973,0.934,73.31112670898438,26.436125771853437,78.12687264289707,921ca55953546361494f2a122d53b077,c0a0a8c0f0f0b0cc,False,2416x1736
fb767cea406c,0,/kaggle/input/competitions/aptos2019-blindness-detection/train_images/fb767cea406c.png,819,614,0.5,0.303,0.931,39.20048522949219,18.423396032517935,23.549708569189534,05547b3395af306847fc2a1c930558e2,c0c48eca92b2e0f0,True,819x614
fb88783de055,0,/kaggle/input/competitions/aptos2019-blindness-detection/train_images/fb88783de055.png,1050,1050,1.1,1.047,1.0,78.60552978515625,42.47920133813456,134.05105556338094,b45b0dd5fa4708cdd3d4400263bce243,f0fceeeee6f8e0f0,False,1050x1050
fb88d23fc5fe,0,/kaggle/input/competitions/aptos2019-blindness-detection/train_images/fb88d23fc5fe.png,1050,1050,1.1,1.007,1.0,83.14927673339844,46.1356266052877,178.81716392096132,a5d214239b68feebd169c2c99236005f,f0c0e0c0c0c0e0f0,False,1050x1050
fba493e17448,2,/kaggle/input/competitions/aptos2019-blindness-detection/train_images/fba493e17448.png,2416,1736,4.19,2.544,0.934,71.2413330078125,28.733714678221094,86.65831756219268,128a260c704ba388583b5efee371600b,f0f0f09c8c8cdccc,False,2416x1736
fbcbc81cf9be,0,/kaggle/input/competitions/aptos2019-blindness-detection/train_images/fbcbc81cf9be.png,1050,1050,1.1,1.013,1.0,83.99200439453125,44.43270445715559,139.36654089554213,b1e14e4873008f024780a421435b9d28,f0f8fcdedefcfcf0,False,1050x1050
fbdc796290d4,0,/kaggle/input/competitions/aptos2019-blindness-detection/train_images/fbdc796290d4.png,1050,1050,1.1,0.951,1.0,90.26742553710938,48.44667804616798,189.07973812520504,cd82d06995b428ac38e68aea9ea10799,f0f8fcfcdcfcf8f0,False,1050x1050
fbfa925506f6,0,/kaggle/input/competitions/aptos2019-blindness-detection/train_images/fbfa925506f6.png,819,614,0.5,0.306,0.606,66.23878479003906,38.504305562982466,124.24678052868694,cd8aa7bd5d130c805bf0ef3aacdc8b1c,f0e6e2b0a8dce4f0,False,819x614
fc1b1841eadf,2,/kaggle/input/competitions/aptos2019-blindness-detection/train_images/fc1b1841eadf.png,3216,2136,6.87,2.311,0.842,102.09963989257812,37.66902122145506,174.68947610422038,b65ffc35e2831c8a428d0bcfefe7cfbd,fef0f0eceef4e8f0,False,3216x2136
fc4c2d35c6f8,2,/kaggle/input/competitions/aptos2019-blindness-detection/train_images/fc4c2d35c6f8.png,3216,2136,6.87,3.169,0.842,71.34223937988281,26.560694709145757,74.78332540020347,4b5cac3cee8c69921a2fcd670938ff08,d0b0f0f4d4f0b0d0,False,3216x2136
fc4d69128e7c,2,/kaggle/input/competitions/aptos2019-blindness-detection/train_images/fc4d69128e7c.png,2588,1958,5.07,5.533,1.0,62.0003662109375,40.096447823213936,90.64837478101254,c868bc9129e01d2e81ace9a2d49f1525,fcfcfeecfcfcf8fc,False,2588x1958
fc603cbedb41,2,/kaggle/input/competitions/aptos2019-blindness-detection/train_images/fc603cbedb41.png,3216,2136,6.87,2.379,0.843,117.63369750976562,42.77015871822927,181.8174688683357,34c3f20b25d582657e892193d8452777,d0f4f8dcfcf8b8e4,False,3216x2136
fc782722a50c,0,/kaggle/input/competitions/aptos2019-blindness-detection/train_images/fc782722a50c.png,1050,1050,1.1,1.074,1.0,74.34074401855469,43.093849824068016,123.93139396770857,18ba350c1d771d0b00e6e95a55d762d0,f0f0e0e0e0f0f8f0,False,1050x1050
fc898dfeb24f,0,/kaggle/input/competitions/aptos2019-blindness-detection/train_images/fc898dfeb24f.png,2048,1536,3.15,1.919,0.604,50.15769958496094,31.707374416510028,56.81353734782897,da44cb95fff413bdfd227a1d12d0ba41,f0c0808084c0e4f0,False,2048x1536
fc8fce67fbf8,0,/kaggle/input/competitions/aptos2019-blindness-detection/train_images/fc8fce67fbf8.png,2048,1536,3.15,1.925,0.602,48.48500061035156,29.667528555716395,47.91061474289745,d55997c2c3799abe23ba27ae35ce800c,f0c0c0c0c6c0e0f0,False,2048x1536
fca1a8738b8a,0,/kaggle/input/competitions/aptos2019-blindness-detection/train_images/fca1a8738b8a.png,1050,1050,1.1,0.945,1.0,88.55166625976562,46.64194915710292,141.15361830219626,7f56aea31fea4895c43243effb2134a3,f0f0e0c0c2e0e0f0,False,1050x1050
fca931da5c5e,1,/kaggle/input/competitions/aptos2019-blindness-detection/train_images/fca931da5c5e.png,2416,1736,4.19,2.316,0.934,66.62129211425781,24.62686997461221,75.3473955951631,208aa2af4015c39c226d8c0d261a4420,f0f0f0fcdcce8ecc,False,2416x1736
fcc32dffd24d,0,/kaggle/input/competitions/aptos2019-blindness-detection/train_images/fcc32dffd24d.png,2588,1958,5.07,5.78,1.0,71.05653381347656,31.165348123820316,86.98030510894023,1b9075b210e048add20f765c7e4d2f2e,e0e08088c8c0f0f0,False,2588x1958
fcc55ae641ae,2,/kaggle/input/competitions/aptos2019-blindness-detection/train_images/fcc55ae641ae.png,3388,2588,8.77,7.201,0.87,98.10469055175781,39.18278136115391,262.2592141479254,b8941887967b9f3864233d0ced13b4ef,d0f0f0f0e3f2bedc,False,3388x2588
fcc6aa6755e6,3,/kaggle/input/competitions/aptos2019-blindness-detection/train_images/fcc6aa6755e6.png,2896,1944,5.63,2.19,0.634,58.548919677734375,30.659583959254626,76.18747427663766,fc193ee5b4467caaeeb4cbb68d442535,f4f0f0e6e6e6a2c4,False,2896x1944
fce73678f650,0,/kaggle/input/competitions/aptos2019-blindness-detection/train_images/fce73678f650.png,1050,1050,1.1,0.85,1.0,84.63099670410156,44.65142593640801,120.91127861640416,57fcdb9aee0f8a85fa3bb19c65fc56cd,f0fcfcdcfcfcf4f0,False,1050x1050
fce93caa4758,4,/kaggle/input/competitions/aptos2019-blindness-detection/train_images/fce93caa4758.png,2416,1736,4.19,2.241,0.934,89.01629638671875,34.238401934742335,184.49050477496348,5210405173cd58bf7428b3387b470b12,80b0e067658686cc,False,2416x1736
fd079d2e93a2,0,/kaggle/input/competitions/aptos2019-blindness-detection/train_images/fd079d2e93a2.png,1050,1050,1.1,1.05,1.0,76.92715454101562,42.028193908227166,122.1872356981039,5c7bf133358b60aa781ab57506fed5e6,f0f0c0c0c0c0e0f0,False,1050x1050
fd0a70082e7c,0,/kaggle/input/competitions/aptos2019-blindness-detection/train_images/fd0a70082e7c.png,1050,1050,1.1,1.098,1.0,55.27485656738281,32.813112905513606,73.85326268430799,ce839e323ac4489a84f4f2328c19cf32,f0f0f8fc9cf8f0f0,False,1050x1050
fd48cf452e9d,2,/kaggle/input/competitions/aptos2019-blindness-detection/train_images/fd48cf452e9d.png,2588,1958,5.07,5.301,1.0,64.989990234375,29.371998328185303,41.132155786966905,b5aca770553dde771bd94fec1f6bb60c,fcf8f8d8dcfcf8f0,False,2588x1958
fd4c946c52bf,0,/kaggle/input/competitions/aptos2019-blindness-detection/train_images/fd4c946c52bf.png,1050,1050,1.1,1.012,1.0,43.46434020996094,26.340476245288222,61.2300304712262,0777b7689a6d9aeda286f64321487754,f0f0d08084c0e0e0,False,1050x1050
fd62bd0db4f1,1,/kaggle/input/competitions/aptos2019-blindness-detection/train_images/fd62bd0db4f1.png,2588,1958,5.07,5.385,1.0,70.00900268554688,30.11138701853783,43.72510586841963,050a0afb4f3fccbf18a51843b279eb25,e0c0808c8cc0c0e0,False,2588x1958
fd87b6b2e664,0,/kaggle/input/competitions/aptos2019-blindness-detection/train_images/fd87b6b2e664.png,1050,1050,1.1,1.016,1.0,84.05766296386719,45.21066599416468,142.5343771071639,87a5467f11a706c4b699f5c1b6893c07,f0fcfcbcfcfcf0f0,False,1050x1050
fda39982a810,3,/kaggle/input/competitions/aptos2019-blindness-detection/train_images/fda39982a810.png,1504,1000,1.5,1.351,0.838,54.712890625,25.692818789447998,45.41267978772521,89ecd9da08e22d225b70af86960ca4f6,e0c0c0d0f0f0f4fc,False,1504x1000
fdbc252813b1,0,/kaggle/input/competitions/aptos2019-blindness-detection/train_images/fdbc252813b1.png,819,614,0.5,0.288,0.606,72.36732482910156,41.07993143177885,70.91279676463455,6e2738e9bfcb83ffb89ac41888db44f4,f0f0e0c0c4c4e0f0,False,819x614
fdc685055659,0,/kaggle/input/competitions/aptos2019-blindness-detection/train_images/fdc685055659.png,1050,1050,1.1,1.019,1.0,80.2271728515625,42.60218318495449,156.42051826417446,08bee533799adc0c68205614a61477e9,f0e0c0c0c4c0e0f0,False,1050x1050
fdd18ccbbdc5,1,/kaggle/input/competitions/aptos2019-blindness-detection/train_images/fdd18ccbbdc5.png,2416,1736,4.19,1.977,0.934,56.0972900390625,21.528653122147887,53.24208843614906,0560b9e8098bbdc129ccb3f98683dcff,e0e0c088c0c08ccc,False,2416x1736
fdd534271f3d,4,/kaggle/input/competitions/aptos2019-blindness-detection/train_images/fdd534271f3d.png,2416,1736,4.19,2.246,0.934,102.77616882324219,39.32294030646134,176.56515345629305,34b9a7ba1bd2efafe38305209ecb62b4,e490c86871c080c4,False,2416x1736
fe06dad6851c,0,/kaggle/input/competitions/aptos2019-blindness-detection/train_images/fe06dad6851c.png,2048,1536,3.15,1.871,0.605,69.00572204589844,37.843456637841406,151.97356295934878,cb076979a6b45234f07d6bda852419ac,f0ce868f8de8f8f0,False,2048x1536
fe0e2dee1834,0,/kaggle/input/competitions/aptos2019-blindness-detection/train_images/fe0e2dee1834.png,2048,1536,3.15,1.921,0.604,79.06504821777344,46.3668234800777,118.48463578685187,30ba7ef72a5180065b6f18a393edd6b1,f0fcfefeeefefcf0,False,2048x1536
fe0fc67c7980,3,/kaggle/input/competitions/aptos2019-blindness-detection/train_images/fe0fc67c7980.png,1504,1000,1.5,1.314,0.814,57.988311767578125,24.082349338561627,55.22487749508582,bd50c5d39c29e48294f5a73dbf0e43a5,90d8d0d0d8f8f8f8,False,1504x1000
fe2df69676cf,1,/kaggle/input/competitions/aptos2019-blindness-detection/train_images/fe2df69676cf.png,1844,1226,2.26,0.987,0.816,70.32237243652344,30.804955041183202,61.85517735383473,7577458232017037c3e160de2774f816,c0c0c08486c0c0e0,False,1844x1226
fe37f4492920,2,/kaggle/input/competitions/aptos2019-blindness-detection/train_images/fe37f4492920.png,2416,1736,4.19,2.241,0.934,100.51298522949219,36.96524497116645,164.26748955226503,cf97df5198979a2e1c8a19545910f72f,f0e0c0c4c4e0a2dc,False,2416x1736
fe3b0e50be78,0,/kaggle/input/competitions/aptos2019-blindness-detection/train_images/fe3b0e50be78.png,819,614,0.5,0.343,0.931,40.28504943847656,27.191257819793975,39.907420908799395,5d92ac709e43f35f4df6e53cebf8dd25,f4f8b838b898f0f0,True,819x614
fe3f62695b2d,0,/kaggle/input/competitions/aptos2019-blindness-detection/train_images/fe3f62695b2d.png,1050,1050,1.1,0.972,1.0,82.64242553710938,43.979145760705485,124.02533977851272,16cfefa5fb66dc73a0cef0f3a5db6e64,f0dcdcdcf8f0e0f0,False,1050x1050
fe674c2f73f5,1,/kaggle/input/competitions/aptos2019-blindness-detection/train_images/fe674c2f73f5.png,2416,1736,4.19,1.996,0.935,72.02618408203125,27.278145928601,91.64281332399696,70b5d41bb9fe78967824ffa302fb8f21,c0a0f0c0c080c0c4,False,2416x1736
fea14b3d44b0,1,/kaggle/input/competitions/aptos2019-blindness-detection/train_images/fea14b3d44b0.png,2416,1736,4.19,1.885,0.934,90.741455078125,32.34407674928451,149.26171196601354,70f1921d018abf3eb649fe94cdda57d7,c2e0e08189c082c4,False,2416x1736
febfb20dc311,0,/kaggle/input/competitions/aptos2019-blindness-detection/train_images/febfb20dc311.png,1050,1050,1.1,1.005,1.0,85.70120239257812,45.928086325738484,137.1309785170015,2c3434b30998d49d4302120e57246e26,f0e0e0c2e0e0f0f0,False,1050x1050
fecf4c5ae84b,1,/kaggle/input/competitions/aptos2019-blindness-detection/train_images/fecf4c5ae84b.png,2416,1736,4.19,1.704,0.935,109.08421325683594,38.88829480008641,187.66970224585384,c14ca691122ada7dc07ec591e96dfb5e,f0f0b088c0c082c4,False,2416x1736
fed5bb685832,0,/kaggle/input/competitions/aptos2019-blindness-detection/train_images/fed5bb685832.png,1050,1050,1.1,1.033,1.0,75.01103210449219,40.66342778078959,117.19298386736773,9acdd0b8a58df570b460be8be6c6754b,f0e0c0c0c4c0e0f0,False,1050x1050
fefded6bf135,0,/kaggle/input/competitions/aptos2019-blindness-detection/train_images/fefded6bf135.png,2588,1958,5.07,5.164,1.0,58.29811096191406,26.76837348785767,15.087215479230508,d346d2836acb74d43405ab3a13b87a38,f0f0f8fceeecf8f8,True,2588x1958
ff03f74667df,0,/kaggle/input/competitions/aptos2019-blindness-detection/train_images/ff03f74667df.png,2048,1536,3.15,1.91,0.605,74.08576965332031,40.64162987616729,173.26716896519065,99c4e86271402cf9efe66d1cef09f11e,f0deee63cfcefcf0,False,2048x1536
ff0740cb484a,2,/kaggle/input/competitions/aptos2019-blindness-detection/train_images/ff0740cb484a.png,1504,1000,1.5,1.333,0.84,95.25627136230469,36.99897000141518,165.50316524505615,6de1e04f816fb915da5832eba82b0a1a,dab0f070b7b69cd8,False,1504x1000
ff1e940105f9,0,/kaggle/input/competitions/aptos2019-blindness-detection/train_images/ff1e940105f9.png,1050,1050,1.1,0.949,1.0,97.2276611328125,50.65780387565483,235.86061021103524,7ee96c9df7a956de67a39659ebd69d9f,f0f2e0c0c0c0e0f0,False,1050x1050
ff344e5c9341,2,/kaggle/input/competitions/aptos2019-blindness-detection/train_images/ff344e5c9341.png,3216,2136,6.87,2.251,0.843,115.90013122558594,42.2841773051505,169.79774086899124,0d6d1cbc92b5034cd59ffb2be2d1c083,e0e0f08888c0c0e0,False,3216x2136
ff4832d55461,0,/kaggle/input/competitions/aptos2019-blindness-detection/train_images/ff4832d55461.png,2048,1536,3.15,1.805,0.602,39.4755859375,25.442982357011083,41.029904667055234,f16bd8feaa3ff9313e40615c6204cd70,e0e0c8dc9cfcf8f0,True,2048x1536
ff4955e76894,0,/kaggle/input/competitions/aptos2019-blindness-detection/train_images/ff4955e76894.png,2416,1736,4.19,2.333,0.934,74.41943359375,28.854397276818673,93.26884726225398,ed41c947cebd716c4c335704ba74416b,e0c0a0a0c8c0c0c4,False,2416x1736
ff4cd992667b,0,/kaggle/input/competitions/aptos2019-blindness-detection/train_images/ff4cd992667b.png,2588,1958,5.07,5.348,1.0,58.08131408691406,32.404156415267,82.79017767962068,863e59dfc738939dd1228393b71608bb,fef6efcffff7f2f6,False,2588x1958
ff52392372d3,2,/kaggle/input/competitions/aptos2019-blindness-detection/train_images/ff52392372d3.png,1504,1000,1.5,1.267,0.838,61.43397521972656,25.420534160165783,54.92194151878357,eb7a7a5fa1307384791b6916edc3c81e,d2f8f0f2f2fcfefc,False,1504x1000
ff59d44a70a7,0,/kaggle/input/competitions/aptos2019-blindness-detection/train_images/ff59d44a70a7.png,1050,1050,1.1,1.05,1.0,75.611572265625,41.93851769814277,116.8105784074869,a8b346f356c6c47c97aae34018fbdf7a,f0f0e0e0e2e0f0f0,False,1050x1050
ff631653374e,0,/kaggle/input/competitions/aptos2019-blindness-detection/train_images/ff631653374e.png,1050,1050,1.1,0.971,1.0,74.08418273925781,40.643715371253855,103.72716329991817,550d107c49d37999e796b77e0d449f7e,f0f8fcdcfcf8f0f0,False,1050x1050
ff77e8e5b5f3,2,/kaggle/input/competitions/aptos2019-blindness-detection/train_images/ff77e8e5b5f3.png,2416,1736,4.19,2.019,0.934,85.77774047851562,34.940608738761085,174.1015401026234,f868aed9045e9e69f2ebab3a680a82fa,cebad1f5f1f39edc,False,2416x1736
ff8a0b45c789,4,/kaggle/input/competitions/aptos2019-blindness-detection/train_images/ff8a0b45c789.png,1844,1226,2.26,0.893,0.818,88.98814392089844,41.487941559665174,133.91932805231772,82697fa7ed75a6b17ab22e987f30c7c1,c0a0e0a0898c8ecc,False,1844x1226
ffa47f6a7bf4,2,/kaggle/input/competitions/aptos2019-blindness-detection/train_images/ffa47f6a7bf4.png,3388,2588,8.77,4.019,0.872,59.842071533203125,24.83818402677242,106.25113034411334,a6b27720160c9973afb10a0eba2cacd1,c0b0f0e042d0b0c0,False,3388x2588
ffc04fed30e6,0,/kaggle/input/competitions/aptos2019-blindness-detection/train_images/ffc04fed30e6.png,2048,1536,3.15,1.705,0.602,34.86738586425781,21.067890851748704,40.99220633297227,26a248b4157c8002710ca67411a2db33,e0c0808484c0e0f0,True,2048x1536
ffcf7b45f213,2,/kaggle/input/competitions/aptos2019-blindness-detection/train_images/ffcf7b45f213.png,3216,2136,6.87,2.528,0.842,83.00418090820312,32.625815394810544,105.79996077623218,674a37d5f0415737094346dbb889a7b3,f4f09888f0e0a0c0,False,3216x2136
ffd97f8cd5aa,0,/kaggle/input/competitions/aptos2019-blindness-detection/train_images/ffd97f8cd5aa.png,1050,1050,1.1,1.012,1.0,84.24566650390625,45.96040510506825,136.45065946667455,67289119f329393da6ff43f87fb39039,f0e0c0c2e0e0f0f0,False,1050x1050
ffec9a18a3ce,2,/kaggle/input/competitions/aptos2019-blindness-detection/train_images/ffec9a18a3ce.png,2588,1958,5.07,4.843,1.0,29.730056762695312,15.378559195163287,12.70938741392456,1ca0ae42abab9c57677fe10f50484b10,f8fcf8eeeee8f0f0,True,2588x1958
