id_code,diagnosis,split,group_id,width,height,crop_fraction,brightness,contrast,sharpness,low_quality,md5
000c1434d8d7,2,train,0,3216,2136,0.842,60.86744689941406,24.391237302386802,120.77495806640945,False,e6155d8339d40577f97a5ce270aa81d1
001639a390f0,4,test,1,3216,2136,0.842,88.49267578125,31.959240342655953,104.92470537126064,False,8f98205b18dfcc9111fe97037d9fe5ba
0024cdab0c1e,1,train,2,2416,1736,0.935,71.39901733398438,26.64434590054635,104.82452967669815,False,43e417a95e1259bc318493e399670cb8
002c21358ce6,0,train,3,1050,1050,1.0,85.47148132324219,46.34667542989277,135.90666188951582,False,f96db7f8fc458a804b0db13739bc976d
005b95c28852,0,test,4,2048,1536,0.6,37.85052490234375,24.240339967824863,33.68593772407621,True,17ecb0becd4bd280b3572ad31dce75b9
0083ee8054ee,4,test,5,3388,2588,0.872,76.12222290039062,30.5239891377418,150.32207303284667,False,9ffd17ad2bbdd014b84fea4651b969a8
0097f532ac9f,0,train,6,2588,1958,1.0,49.563812255859375,16.7335512101129,26.630830025067553,True,ac72515722d1dd51d5d7aa1f5647d056
00a8624548a9,2,train,7,3216,2136,0.842,87.84428405761719,32.7259703370778,140.80763320531696,False,a9d9edcf3088004b97d4fec01f2f4f47
00b74780d31d,2,train,8,2588,1958,1.0,48.93565368652344,23.75349790865902,17.93785468651913,True,c3ccd5d62eb5b86765e74574b0730e57
00cb6555d108,1,val,9,2416,1736,0.935,69.84799194335938,26.465443574769534,94.56523810233921,False,3ac647a4d7641b4e22dd19bd697a7817
00cc2b75cddd,0,train,10,1050,1050,1.0,77.16949462890625,41.590827043103694,122.57053190097213,False,acdd0109297153184d28eba92fa90970
00e4ddff966a,2,train,11,2416,1736,0.935,114.9249267578125,41.34600877232149,232.30208888626657,False,cd65c2e9d2e2845f07e7aefc1e7b2171
00f6c1be5a33,0,val,12,1050,1050,1.0,76.69880676269531,41.29396031194094,115.08510534814559,False,fd4ecc3d56c38448ab8aa6c26fb78c03
0104b032c141,3,train,13,2416,1736,0.935,92.06947326660156,36.43473325156489,167.29168222821318,False,826de5c1dc82d4ca2998611f05558870
0124dffecf29,1,test,14,3216,2136,0.843,107.25239562988281,39.94107906419438,183.17284046765417,False,ff8dec0c2245b6cd0ac8516cccc386da
0125fbd2e791,0,train,15,1050,1050,1.0,80.96968078613281,43.75551910565376,127.27043451275676,False,1bb1b4ed712dd042db170be9c69128ed
012a242ac6ff,2,train,16,3216,2136,0.842,82.58306884765625,30.741914948063513,123.49209024920128,False,028d27ff645aaeb21688586fbb0e9299
014508ccb9cb,0,train,17,819,614,0.931,49.54548645019531,31.771115565153405,42.689203049987555,False,c28e6698faf2b843836573876b199d01
0151781fe50b,0,train,18,2048,1536,0.605,93.55824279785156,50.401604861069856,172.8872020803392,False,2bd0ff56faae2b716a59161d57330026
0161338f53cc,2,train,19,1504,1000,0.838,90.97029113769531,35.58947292160425,129.77024970948696,False,02e855cb5c1eb05c81e6fd027ccdbcf2
0180bfa26c0b,2,val,20,1844,1226,0.816,58.56767272949219,26.193797916833923,46.46224344428629,False,0fc9f9a26c4b6f553c6fdf3eed9e3db5
0182152c50de,0,test,21,1050,1050,1.0,82.89566040039062,42.807323286660385,124.58820971264504,False,f611d1c6e290af66054a852f9f9c3d93
01b3aed3ed4c,1,val,22,2416,1736,0.934,82.70289611816406,31.05083901328442,100.46429286897182,False,4cffadbd4e667bb5e13ea3ad921f9ed3
01c7808d901d,2,train,23,4288,2848,0.823,62.297271728515625,26.338739442832,60.04650558135472,False,80b6038627dec4bc4de3244c2cc28ac1
01d9477b1171,0,train,24,819,614,0.606,71.38688659667969,41.873351014484236,130.3207690184936,False,46da32ccccf310e120d8bc1f5c59f46d
01eb826f6467,2,train,25,2416,1736,0.934,88.94725036621094,31.928450857973086,121.79608821868896,False,ed6f4c5167bc2244ad6a0d6da877b9b1
01f7bb8be950,0,train,26,2588,1958,1.0,51.646453857421875,24.821067529593925,35.97951276390813,False,cecab0a2d4e87b671c24e5d507b973b1
0212dd31f623,0,train,27,1050,1050,1.0,73.7022705078125,39.75124423442162,115.35773280169815,False,03d7777d9f6c6760b1740f566d2821c0
022f820027b8,0,train,28,2048,1536,0.605,86.42961120605469,47.206529963543574,205.84949803701602,False,a40a7a317b9240906aaf0ba88f0b69b3
0231642cf1c2,0,val,29,2588,1958,1.0,52.723876953125,21.936455692257468,37.584285327931866,False,4f7e45a8aa35de7fa7a8693e38aed9d5
0232dfea7547,0,val,30,1050,1050,1.0,83.63902282714844,44.10824852492711,137.7130809640512,False,f73d2d16dc43b07638442fb1eccb56af
02358b47ea89,0,train,31,2588,1958,1.0,66.65150451660156,29.19411188400672,49.01948249689303,False,13ad2b5cc7b4fbbaa957595024c810eb
025a169a0bb0,2,test,33,1050,1050,1.0,64.22483825683594,36.93684151842027,96.07666563987732,False,02c22eef367c9460b2f4928528fea2b7
02685f13cefd,4,train,34,1844,1226,0.816,76.97477722167969,33.07940767792247,111.04622185393237,False,f4dafc2be06d9437e41289a04e1ff96f
026dcd9af143,2,train,35,3216,2136,0.842,42.48182678222656,16.3853151196458,27.36942645534873,True,98676a1c7620db82004eb9490750b657
02cd34a85b24,0,val,36,1050,1050,1.0,72.53684997558594,40.42425518443127,121.43779387697577,False,fe8b60eaeab598b37a1e58b7c941c355
02da652c74b8,0,val,37,1050,1050,1.0,81.0164794921875,42.980183173907776,125.18740393011831,False,b01dc9c1ba422820db48ace1f1bf1281
02dda30d3acf,4,train,38,2588,1958,1.0,71.36338806152344,32.014682956805146,30.8324773311615,False,01e25f537953484d501664668eda856c
0304bedad8fe,0,train,39,1050,1050,1.0,89.42140197753906,49.10357729147251,150.19401468685828,False,66528a4703e0edc51e443c818871ad9a
0318598cfd16,4,train,40,2588,1958,1.0,98.15010070800781,36.43552179151327,55.22724011447281,False,b059612215c1613f1ca7f5afb1d8e693
032d7b0b4bf6,2,test,41,2588,1958,1.0,46.04119873046875,17.638161694947343,19.492489001713693,True,667e78f3fd8748f405f3279d066aeff4
033f2b43de6d,2,train,42,2588,1958,1.0,36.19334411621094,21.588242225881025,37.526028416119516,True,1981669ff6d7de71d13502f853f224d2
034cb07a550f,4,train,43,3216,2136,0.842,49.45269775390625,20.54206045178858,63.54496496892534,False,c04aefbe905a9452432f505d23329e1c
03676c71ed1b,2,train,44,1050,1050,1.0,68.32937622070312,37.36430610789361,105.59802408679388,False,eb0e4049d2b0cb019d9f824a4f7fecb3
0369f3efe69b,1,train,45,4288,2848,0.814,72.77609252929688,29.512059318687328,120.3194975219667,False,c432d14e6082c934226932526f3ff3a4
03747397839f,2,train,46,3216,2136,0.843,101.31640625,36.87332387444621,143.13285095896572,False,33fc1523bef7629aeb50402c6b76450f
03a7f4a5786f,4,train,47,2588,1958,0.995,45.97625732421875,24.406064019901894,50.02509472426027,False,ccf24c12b70587fc245a85148adee491
03b373718013,0,test,48,1050,1050,1.0,77.84794616699219,40.703838349891456,121.03262733574957,False,1a7a084b76b2663d5b5b6b089c76e2ba
03c85870824c,3,train,49,2416,1736,0.934,70.09445190429688,26.024715514435616,121.3631123593077,False,9d08ba38108afc7e81ce89894db43c40
03e25101e8e8,1,train,50,2588,1958,0.995,71.28912353515625,29.73850000721413,84.52048716298304,False,5e92c561bb426fe3247de65eece79cf8
03fd50da928d,2,train,51,3388,2588,0.869,88.96443176269531,37.86132527172232,234.43197098001838,False,1eec0b7ea9363ea74189a72f22e1e51f
03ff7d159f10,2,train,52,3216,2136,0.842,75.26681518554688,28.392474461439257,84.52151040709578,False,dcf9e9600f0a7321db41bcb66e29c9fb
0415fc68b176,2,train,53,2588,1958,1.0,50.278106689453125,17.665908943447764,19.285837179981172,True,95165fb983dfbebab5fe66473a6b4ceb
041f09eec1e8,2,train,54,3216,2136,0.842,81.25723266601562,30.01324261446005,106.00455504260026,False,6478cc55d9b14f938a208ab9b6284d7f
0423237770a7,0,val,55,1050,1050,1.0,87.41279602050781,46.99951685056628,137.22471597022377,False,aaf78f4ca3c215002670bf822ee92962
042470a92154,3,train,56,2416,1736,0.934,64.57124328613281,23.823860839347986,71.06873637065291,False,b3db60b3f784228d0f6cd05e4d92f276
04579e31e4be,0,test,57,1050,1050,1.0,79.82499694824219,44.599705793496504,128.06162508926354,False,416e3b14990b6796614bd7de5c4d22db
04a6fc58dabc,2,train,58,2416,1736,0.934,61.78900146484375,23.610097009331344,61.797340270131826,False,9ad8807ddc5c7da5e29160b585b080cb
04ac765f91a1,1,val,59,2416,1736,0.935,95.76231384277344,34.936947198956226,145.58938066568226,False,b5b0a2781910881117ddb397011f6f2a
04aef84a2cc1,0,test,60,819,614,0.61,68.91325378417969,41.519850769613264,119.87216421379708,False,b62d2420577d96b08c3ad9de8f70c6fa
04d029cfb612,2,train,61,3216,2136,0.842,92.10006713867188,34.64068441294217,121.36155551671982,False,98098371277568eefb76c9b67291d763
04efb1a284cc,0,train,62,1050,1050,1.0,88.21176147460938,49.80272134205083,149.85875951847993,False,14f8341c8adf8d7e977529d576ec8116
050bb1eafa76,0,train,63,819,614,0.61,78.30314636230469,44.46670699379356,136.0693843269255,False,8fb35e3bb682d6db358ef590133c4099
05113073b268,0,train,64,2588,1958,1.0,63.611846923828125,36.96703296060101,51.47266774531454,False,c207c8707a3b1d523619713549c65896
05195a3db5e2,0,val,65,819,614,0.931,44.67999267578125,23.928044474078153,40.359386934898794,False,8803bd6b73ab25274117467aaf4b6bbf
0519b934f6b1,2,train,66,2588,1958,1.0,64.34255981445312,26.247083384101163,58.29596358141862,False,05d7f47d0853c40736be28c8ec2a881e
052d9a3fe55a,2,train,67,2588,1958,1.0,40.42018127441406,19.09876260324087,36.93212719052099,True,2a38d2667f0dcef941f9fb9416d0dbb4
05339950962e,0,train,68,1050,1050,1.0,69.70527648925781,38.149511526715784,110.63400585856289,False,3e22ea64f05d7817544af7c099bfb174
054b1b305160,0,train,69,1050,1050,1.0,77.55931091308594,40.43654671933212,124.16571806371212,False,c31ece4a937e59c6126ddf24ecd59590
0551676cc2aa,0,train,70,2588,1958,1.0,54.31388854980469,27.802265606954926,40.94204498734325,False,37f8d6d289c708ef0de8cc8c01bfe295
059bc89df7f4,1,val,71,2416,1736,0.934,75.92318725585938,29.061647680673904,96.34342323779128,False,a4ea419be6c3c9926635a50da50a16a5
05a5183c92d0,1,test,72,2416,1736,0.934,69.63442993164062,26.545799458232224,74.74996891967021,False,cf167b308c1501b136483264a98efb08
05b1bb2bdb81,0,train,73,2588,1958,1.0,56.428497314453125,22.341118910051684,44.056612364714965,False,d8a254b7a281fa6bf335b8c64a561767
05cd0178ccfe,3,train,74,2416,1736,0.934,94.06124877929688,42.474755928258844,156.79176232381724,False,a9c537be01b15766c85d904168e24f8e
05e9126dfa5c,0,train,75,1050,1050,1.0,79.63677978515625,43.24438614872705,134.81193158007227,False,3922fee26b4116e9f09c14570c50f3d5
06024377d573,2,train,76,640,480,1.0,82.22332763671875,17.351417125997216,50.91907382919453,False,ae1fa6b0437b09e3822a5b311911164b
060e00d1e2ab,0,train,77,819,614,0.61,78.54972839355469,44.4464835244853,198.05188343278132,False,01c944b83d08009a3a68109fc92725dd
064af6592ba6,2,test,78,3388,2588,0.869,65.82064819335938,26.481985597778333,83.3225032351911,False,d43ccae4e58828a7cd3680be53b4fde0
06586082a24d,0,train,79,2048,1536,0.605,79.68426513671875,44.08125826855533,138.98190956469625,False,78fb0ef1e6b0bf6e5f37778b71126637
0684311afdfc,1,train,80,2416,1736,0.934,64.75277709960938,24.51331216638868,88.30776555743068,False,d38843a3169804176089cd3e48b45f46
069f43616fab,3,train,81,2896,1944,0.643,116.86686706542969,50.60875894106029,256.557172652334,False,b988a76cb9bfe909330732b0755e7596
06b71823f9cd,1,train,82,4288,2848,0.823,61.91899108886719,32.1414859310233,64.757353361696,False,255f5de3aa0b3d248bd57ecd7ed10fb0
06be1092a062,0,val,83,819,614,0.61,70.16983032226562,38.41622644524705,114.27249009511434,False,4c427cd99d18e93061e38c3b08c5d338
07083738b75e,2,test,84,3216,2136,0.842,79.31057739257812,29.669494053262497,93.72912072762847,False,9b7afb3d7bdf00731e41e768df30852a
0709652336e2,0,test,85,2048,1536,0.604,77.36140441894531,46.27419743124171,123.85628408193588,False,598bf1a8fc93ac945ec92c386f4948e8
070d4ce5fd90,0,train,86,2048,1536,0.604,72.51387023925781,41.99113396061249,99.14802618301474,False,6df67688d4a8bfe70af7309797924415
070f67572d03,3,train,87,2416,1736,0.935,83.97694396972656,31.156375415628585,119.20299274264835,False,4d9a6837aa53033bca2734e7c4f4612d
07122e268a1d,4,test,88,1844,1226,0.816,69.79470825195312,28.93917677167082,68.45539086684585,False,435689d86e0c056dcd6d3be66645a97c
071435a218ec,2,train,89,3216,2136,0.842,89.45799255371094,33.03023608563074,118.18516312539577,False,572499e986af392e45100490b3b6f4f1
07419eddd6be,2,train,90,2144,1424,0.841,51.1341552734375,22.667054437107534,42.00492000579834,False,b18463e4dc88eebb8623b80025f4004f
07596907347b,0,val,91,1050,1050,1.0,80.45477294921875,42.51164318537356,125.42739041685127,False,96b68b2c53d8460a5916488bebc41739
0773a1c326ad,0,train,92,2048,1536,0.605,49.59605407714844,29.46472524677889,110.47697879350744,False,d1e610b00d625f0da88236dec9031c0c
07751b94a88a,0,train,93,1050,1050,1.0,81.14425659179688,43.64247882068396,138.61074065766297,False,0af7ba03cba62cef036a9a244fa95bde
0790515cf5af,0,val,94,1050,1050,1.0,91.13420104980469,47.71770734694143,154.11547183594666,False,14b8763cd3ea50d4cb26ec9b90332f0c
07929d32b5b3,1,val,95,2588,1958,0.994,63.228668212890625,33.84535258366318,81.61650460585952,False,92cea05eb8f9553ba6caf524763b34ee
07a0be6b347f,0,train,96,2048,1536,0.605,80.779296875,45.37880987140869,160.26864636596292,False,b8011b7c1e41633cfcd7ca46e52bf554
07a0e34c8d20,3,train,97,2588,1958,1.0,70.04989624023438,29.533006426998988,34.49824770912528,False,f25ecbc6e58380bb297478c68a459c74
07a1c7073982,1,train,98,2588,1958,0.994,48.770599365234375,22.88293959309063,34.23577771126293,False,940bfac9fdea10b13d1c9ff2d219a04b
07a2b8cabf6b,0,train,99,1050,1050,1.0,74.92884826660156,42.606783506682675,123.15008968650363,False,5c768d197d5db8fac1d14cc28fc387e0
07a3be30563b,2,train,100,3216,2136,0.842,79.29624938964844,30.810884895159464,101.18794189742766,False,53f0347c880ed19d2cfc729127c8340c
07d8db76b301,2,train,101,3216,2136,0.842,67.97633361816406,26.518564391898245,73.1511634697672,False,ef845a61bb88c3cf383ecd5327ba36cd
07e827469099,0,train,102,2048,1536,0.705,69.33457946777344,50.050957412938814,171.5088635534048,False,59c32001ec4b73999cb95ff54598e450
07f5d7baf907,0,train,103,2588,1958,1.0,95.60609436035156,33.98482002355723,71.32884499221109,False,a04ffa3604c0a808f46053afa6a17d9b
08037e4490e5,0,train,104,819,614,0.61,71.03871154785156,42.480291628366935,117.00024175993167,False,251f3d37f5c5c8e5dd445c581af0bff9
080ee76c958c,4,train,105,3216,2136,0.842,71.27253723144531,33.011068444376534,102.90026960428804,False,bfe25e7816993494b80866e9fa19e754
080f66eedfb9,4,test,106,2416,1736,0.934,86.83259582519531,32.73931253987275,116.15920977084897,False,f1a9d2b015a514201b54518d50fa019a
084c02cf077f,0,test,107,819,614,0.61,66.49424743652344,39.36266428313265,96.47912508901209,False,8f3317dc2ef507c42452d5e22b187e37
0851d6a69589,0,train,108,1050,1050,1.0,70.84771728515625,38.47481480376149,105.27872371673584,False,675bcbae8db089338066403f41c4fd79
086d41d17da8,1,val,109,1844,1226,0.816,74.48818969726562,30.81241355003642,75.63296751468442,False,bb0c4de78e4c444ec3c1b4dc3473e748
08752092140d,2,train,110,3388,2588,0.871,63.30415344238281,27.77603283996909,93.94384660944343,False,96b2734e0cf58cdde62bddde25afff6f
08a3875063c3,4,val,111,3216,2136,0.842,91.60551452636719,33.87481044523128,128.3000415628776,False,6c4a0f042962420464e6d2ea4be5a46d
08b6e3240858,0,train,112,2588,1958,1.0,52.55975341796875,24.19476004551193,31.866425728192553,False,6fb2d15749818a25e893df9d49373759
08bef347f40d,0,train,113,1050,1050,1.0,71.12989807128906,38.771011892719685,96.63695949316025,False,f537166d632545703ca420f8f9bfeace
08c17a2d95b7,2,train,114,2588,1958,1.0,63.15092468261719,30.93970266285947,32.1242597901728,False,77485fc680ade762db20328571c13ea4
08c60c647673,0,val,115,2588,1958,1.0,60.871490478515625,28.962337818522453,40.623885405948386,False,39260dd24abcebf249c466252f6f331f
08ee569d4721,0,train,116,1050,1050,1.0,84.76284790039062,45.15943101192822,141.59010349190794,False,0ae890d428e2a0eab6c4c6ca417d294a
08f8838d69bb,0,train,117,1050,1050,1.0,79.27931213378906,42.18342974277642,144.1360390984919,False,25a86c202309f8e88eb9db150f17c6da
09237bf783a4,0,test,118,1050,1050,1.0,76.83644104003906,41.08779770110072,113.40481405612081,False,83fc290c1c1b4fe11318967e4660e2fc
0924cec998fa,0,train,119,2048,1536,0.605,74.27058410644531,43.448766723274964,119.82069414830767,False,2a2300f62145cc98a840d607ff4a6e12
093a42649c29,3,train,120,4288,2848,0.811,66.09364318847656,26.224050811013228,96.03638442512602,False,487c0a5904491ec578590bb0ff721706
093cf723fede,0,train,121,2048,1536,0.605,80.53950500488281,45.459108816213664,155.5734245395288,False,be44e3651b0ded863093bceaad9f6cf7
094858f005ab,2,train,122,2416,1736,0.934,54.845672607421875,22.16974873523907,68.13685567653738,False,2768bb434786d6ffb7a8aec6d3c83173
0953c0ac1735,2,train,123,3388,2588,0.864,78.28587341308594,30.860315739618045,137.09271427150816,False,af29fbd6bd1999bd90cac3cb115d784b
096436d68d06,0,train,124,2588,1958,1.0,54.72550964355469,25.494429392881745,52.73396960622631,False,5cc44928fdb0448efc4bab910c588755
09662e462531,0,train,125,2588,1958,1.0,92.73178100585938,41.819029110898946,61.32931789546274,False,032a6e057e5633efeb2db83f358bf6aa
0981195eb9fb,4,test,126,4288,2848,0.824,61.78608703613281,30.857989029932405,66.74180372711271,False,33690284337c66f7c60cc775e1919ef8
099021fac3c9,0,train,127,2048,1536,0.602,36.64007568359375,23.933396461956868,38.41260545607656,True,530893fda5e3e3b7eb7dafac3684c28c
09934421c79e,0,train,128,2048,1536,0.602,35.907318115234375,25.084329526670857,40.68081555492245,True,8d7f60d17f415fd598685533b2580c21
09935d72892b,1,train,129,2588,1958,1.0,46.663482666015625,27.957169184634967,36.550379510968924,False,dd97c3a2b9462652f004081b2a45a7bc
09c8323c612e,0,train,130,1050,1050,1.0,81.27764892578125,43.083448459834315,137.94668781384826,False,a2cbee2a20d469ccac2f7b29841f2812
09eeafa9656a,2,train,131,3216,2136,0.843,113.3760986328125,42.20529137308207,157.6975978827104,False,ea51aa8b550bb1ec871b3097daabe03f
09f1111a388a,0,train,132,2048,1536,0.602,40.788238525390625,22.62989009864386,54.082875340245664,True,d001cec98141e35c53706d1e9838367e
09f6ab477654,2,test,133,2416,1736,0.935,103.03337097167969,42.69019797564235,288.15342622599564,False,9ca92faf3965abac04dc3cbef7b239aa
0a09aa7356c0,2,train,134,2588,1958,1.0,55.61674499511719,25.127516218076725,22.20181544474326,True,f91fc1fb2d87f36ad7ac22efd1ece228
0a1076183736,2,train,135,3388,2588,0.871,53.37709045410156,24.597843889358387,86.71788141038269,False,f243511e55fc1438ac2ecee74ccb4c97
0a3202889f4d,1,train,136,2416,1736,0.934,62.54118347167969,22.572314498130666,93.40500164381228,False,c52cc05e35deff48e65ecc301c2f9fcb
0a38b552372d,0,train,137,1050,1050,1.0,93.253662109375,49.67667235372893,182.30381257249974,False,0950a325e0e9e0e37d50709105679747
0a4e1a29ffff,0,train,138,1050,1050,1.0,75.49104309082031,41.333700212894115,115.21644829213619,False,a94841e1d3f51db175a91ebef37fc05b
0a61bddab956,1,train,139,2416,1736,0.935,98.49916076660156,35.724887367501765,182.73845210648142,False,264dacf764625fe4632fb82a054b09ed
0a74c92e287c,0,val,140,2048,1536,0.602,41.75877380371094,24.598812668551655,54.7592498799786,True,5f8d14de4cf34238f839154a3a80a5a8
0a85a1e8f9e9,0,train,141,2588,1958,1.0,77.09205627441406,34.34646845591723,68.94625112577341,False,3d3e9b6783ec6e9368783b8981c49729
0a902c80d5da,0,train,142,1050,1050,1.0,79.78443908691406,42.13110991335068,126.51332426047884,False,cedde74f3cba053f44b82e9cdc7a7a83
0a9ec1e99ce4,2,train,143,2588,1958,1.0,55.77964782714844,28.00637769115957,35.91095137945376,False,a2dbfda6fe14cf199c553782f2863234
0abf0c485f66,0,train,144,2048,1536,0.604,70.74630737304688,42.661003431488794,90.3542832264211,False,4a39c36394482aba0cb5ab2d6037b838
0ad7f631dedb,1,val,145,2416,1736,0.934,85.49040222167969,31.219856546671714,164.4976202917751,False,4ca2b7ad12c60d3929e8b29d65f5359a
0ada12c0e78f,4,train,146,2588,1958,1.0,62.77720642089844,37.2555763097355,65.61744856834412,False,e04c7248c3a785b5612464c10b58bfa9
0ae2dd2e09ea,0,train,147,1050,1050,1.0,80.97633361816406,42.962233222697726,129.75839411257766,False,2b5a29d6e7864b495f5c002a4fc82075
0af296d2f04a,2,train,148,3216,2136,0.842,103.3017578125,38.355930113083986,164.26990580465645,False,b5cc00671a6f40c8176d74635dd798bb
0afbeeef0ff7,0,train,149,1050,1050,1.0,71.4791259765625,37.71064362866838,109.91618175967596,False,8e128674955a823479bd208ea4f2b44d
0afdfe5f422c,2,train,150,3216,2136,0.842,97.59919738769531,35.97485684020433,149.19711615121923,False,05860b1649a8ffd7487fe2358b8d9ae0
0b00f8a77510,0,train,151,819,614,0.931,36.44450378417969,20.569164983044818,36.506113483570516,True,0f75649eb13fee09d54970e905f40991
0b2ea8f268cf,0,train,152,819,614,0.931,47.013885498046875,24.502448559595024,56.005520879291,False,0faebf3fa8baf659a0330f387928fb73
0b3efe669365,0,train,153,2048,1536,0.602,38.769744873046875,26.911014843019192,31.678655608557165,True,6af4c8cec1756100e23b364d80d45c47
0b64a0a06f9a,0,train,154,819,614,0.931,53.43048095703125,30.54034838545573,56.348922699457034,False,482024f662b96e89e8ca2343f8fa0c6d
0b8bdec9d869,0,train,155,2048,1536,0.605,80.77101135253906,44.65950666719183,157.18001086916775,False,1f616831ec1ddca01f42a5635c3203f9
0babc12807b2,0,train,156,2416,1736,0.934,70.09825134277344,25.23196654274242,85.58980440883897,False,bc1444888bf9578dae5baa25e14d2063
0bf37ca3156a,4,train,157,2588,1958,1.0,57.34230041503906,22.276154368479425,26.71795664727688,True,eec8c384a5209ded9c941ea02cae815d
0c2e2369dfff,2,val,158,1844,1226,0.818,100.32542419433594,40.826549067209875,231.12802605237812,False,02c6e9067fb30dd7b25b67aecb05cd1c
0c38940e1f80,0,train,159,819,614,0.606,61.86102294921875,33.590086145820656,95.8600275432691,False,a261cb10f723b3aff083ae3a2d4bfbbf
0c43c79e8cfb,0,train,160,2588,1958,1.0,61.69648742675781,29.653502797145986,59.33345650136471,False,e020d63ba7b815506398d5ab6aa8c08c
0c55d58bebaf,2,test,161,2416,1736,0.934,71.58869934082031,27.478238013229735,88.40486131608486,False,a571b013ee23869c16e8510ac1c0948d
0c76fd494af6,2,train,162,3216,2136,0.842,87.54887390136719,32.56540506346012,139.3549040472135,False,ddef30ced5d01ab272bf7faa67cad25d
0c7e82daf5a0,2,train,163,1504,1000,0.838,60.856842041015625,27.273137310148837,47.72434000833891,False,23990e3cba419d62846f8f90f7c589a2
0c917c372572,3,train,164,2416,1736,0.934,103.3084716796875,38.454409457140805,180.62724747881293,False,5405fed12e757f45c01cd49122510df1
0ca0aee4d57e,2,train,165,4288,2848,0.81,59.29270935058594,25.636668443226306,59.72022794187069,False,d655a56f43eb26a8f475c83bde256f81
0cae727cf119,0,train,166,2048,1536,0.605,78.47749328613281,43.04183606840253,149.02151801809669,False,0a551b74ee1f01073a9d25c742a86d9b
0cb6b898389f,0,train,167,819,614,0.61,78.05979919433594,45.57300598619626,140.79573486745358,False,ddb68b9c28e4bd917ed91946d7c57f69
0cbcc7b23613,0,train,168,2588,1958,1.0,47.93098449707031,24.52819411539512,15.991636510938406,True,8d2333fe6bb6995c3dfb812d5d19e105
0cd31078cd08,0,train,169,2048,1536,0.605,75.26496887207031,50.703162289255914,163.69806291698478,False,9629551a4426e175067c631ef558bfb5
0ce062f26edc,0,train,170,819,614,0.931,58.97410583496094,37.915813763838074,121.33840765594505,False,b5e2802e4e5daa8b850073f22d0ddd93
0ceb222f6629,4,train,171,2416,1736,0.935,78.04972839355469,31.671210365682334,151.48740718117915,False,eefdc3c74210cfa5fdc722399f3eff67
0cecc2864b7f,0,train,172,819,614,0.931,45.24497985839844,25.287098995654866,51.148906614631414,False,573bf7bca8295949299c208ccef30140
0d0a21fd354f,2,train,173,2588,1958,1.0,44.04145812988281,17.03121432329491,20.8803007369861,True,02695075c816cb3c796bfbb9e9b85cce
0d0b8fc9ab5c,0,train,174,2048,1536,0.604,66.947998046875,49.56396340245756,157.99743802007288,False,5daed9d052d8286dcc132054369bd4f2
0d310aba6373,1,train,175,2588,1958,0.997,77.62289428710938,32.402310128780876,58.710850700736046,False,426095d67d4c084552df0605e5b35e5c
0d744aed4d64,0,train,176,1050,1050,1.0,94.63331604003906,50.10505157065425,150.06979678571224,False,94cade59ceee42a38756da0b7d6ad44a
0d8f60ed9280,0,train,177,2048,1536,0.6,32.84355163574219,22.79604197325987,29.996400773525238,True,eff6245d397efbc44b49adeb14d7043e
0d9a9896f801,0,val,178,1050,1050,1.0,71.02011108398438,39.35665756842625,107.06278291693889,False,14a8522fa789842d2efe6cc6aabb809e
0da09e3ce8f1,2,train,179,3216,2136,0.842,113.21726989746094,40.94185316749509,209.92249461635947,False,301945862f7f6a2a956a99beaee7c75f
0da321efbce6,0,train,180,819,614,0.931,42.934112548828125,24.333190899501663,35.57025889214128,True,186f87e75b6cd5a36047e7f6f450a358
0da632ca45e0,0,train,181,2048,1536,0.682,28.306671142578125,22.50231871576128,42.903076307615265,True,cb1fafd074984cddfcb0795f54df9c31
0daddc45d832,0,train,182,1050,1050,1.0,78.29521179199219,42.72380566877281,123.72195555991493,False,f2a131541bf180660dd78e4af2bcd20c
0db1d8dcf219,0,test,183,2048,1536,0.605,79.77340698242188,43.17387952095041,124.08035731106065,False,00fb474c89b64622448b94b2ba109ae0
0dbaa09a458c,2,test,184,2416,1736,0.935,80.86149597167969,32.53908730653854,109.57815530686639,False,e7fee662e9777802faabc06936f3ffda
0dbe6c26cedc,0,train,185,819,614,0.606,72.38455200195312,40.506027436343466,115.5273237079382,False,76e5605538fd081d5cbcf61956ddebc0
0dc031c94225,1,val,186,2416,1736,0.935,66.11274719238281,25.690771012070332,113.07340648397803,False,56f1a32c1b11aa130e71aa644de0c941
0dc8d25b3f69,3,train,187,2416,1736,0.934,83.40754699707031,29.69409204856639,131.46733735408634,False,4f18e8b81dccd14869088a8ba0750eea
0dce95217626,1,val,188,2416,1736,0.934,73.64228820800781,29.14079338780844,79.7756694406271,False,1a78b60bc76f0b2ddf72f50a62086ac8
0e0003ddd8df,0,test,189,1050,1050,1.0,87.47894287109375,46.61745802047428,167.8353453045711,False,c7bc68d29601fa799d11dfffef02f3e9
0e0fc1d9810c,4,train,190,4288,2848,0.811,65.09370422363281,26.484467632801067,104.54885235335678,False,a646309d04cd11b65944537c92047070
0e3572b5884a,0,train,191,1050,1050,1.0,90.37411499023438,48.27942569758805,165.30057071126066,False,4fcd76322e57222a5ef600517c8cb547
0e43c8298fc0,0,val,192,2048,1536,0.605,90.87458801269531,49.77952125188468,217.56584611162543,False,8d370157dee1d3ab416b657cea4047d6
0e75d51152fc,2,test,193,3216,2136,0.842,102.70454406738281,38.823974502839796,204.44068951066583,False,4ee9fc3ce10fe28bec65c9044d972a85
0e82bcacc475,4,test,194,2588,1958,1.0,58.576446533203125,22.77669392819456,22.65565736568533,True,b4fc9de74e3bef666465b40792c2c1ed
0e94cd271c00,0,train,195,1050,1050,0.996,49.199188232421875,28.61864945291797,58.941913976334035,False,0b6ec053e593fe74198cef8a79ec5af1
0eb52045349f,1,test,196,4288,2848,0.812,66.38323974609375,26.270159597078933,98.14471766259521,False,199c066c8edc5254c37e410597d2a027
0eced86c9db8,0,train,197,2048,1536,0.604,85.64939880371094,46.580019976940086,174.55233509815298,False,5a5c72e18e96564a588b85bcad7e2464
0edadb2aa127,3,train,198,4288,2848,0.822,55.77545166015625,23.45955197823769,54.82364099822007,False,d69fc7600014a5c9de0c34a9bc1eeb79
0ef4c61dc056,0,val,199,1050,1050,1.0,75.88198852539062,40.29163539572666,115.18959021917544,False,7b1d5395ebf3177f2625f845b7f6e698
0efc93ec838b,2,train,200,3388,2588,0.873,85.85836791992188,34.23568300961941,194.91632144502364,False,e2d0965163d9986f03a6229ab2cca237
0eff8eacb2f7,2,train,201,2416,1736,0.934,72.82493591308594,27.676044649012,100.02976083382964,False,a560f27bcd37d1b991b263ec45d4c23e
0f364b7d4384,0,train,202,2588,1958,1.0,61.14439392089844,23.40965292311205,51.42630008771084,False,1288897f38bda8254b76a0594ffac6d1
0f495d87656a,1,train,203,2416,1736,0.934,60.95964050292969,24.196657718954135,78.76586443092674,False,ae865cca789c91f3adec094be1cae029
0f6e645466a2,0,train,204,819,614,0.606,71.13212585449219,42.12876824020951,110.21573147829622,False,9009fb201c06435dae9d06df7d9b95d2
0f882877bf13,3,train,205,2588,1958,0.998,50.19194030761719,27.974996733574557,43.732434559380636,False,b2b9196b5ea8d8cb255f0cc142d9ecc1
0f96c358a250,3,train,206,2416,1736,0.934,96.81533813476562,37.96860677500534,149.56367005757056,False,568e5624a4a1ba1b45a2e82c8555ed8b
0fb1053285cf,1,test,207,2416,1736,0.934,101.06367492675781,35.56834243694398,187.47217023279518,False,8c8a988a8f8ed77cdf026f29bf4879f5
0fb560f9adb2,2,train,208,2588,1958,1.0,48.01251220703125,20.651062095240334,21.22964622732252,True,4f3bc6545040cfaafed65009e63e072f
0fbbd665431f,0,train,209,819,614,0.931,38.04814147949219,19.143150787443634,32.15940280049108,True,25f766f58f7477cf456d3728bef06320
0fc6829da85b,0,train,210,2588,1958,1.0,33.71266174316406,13.425521626366168,12.89017006661743,True,31d1da22cf59662fb3fe9524d2e239a2
0fcfc6301f3d,2,train,211,3216,2136,0.842,68.89340209960938,25.009942269567226,82.78780564828776,False,fc1b5074d65660c967164d9f30a41574
0fd16b64697e,2,test,212,1844,1226,0.816,60.525543212890625,30.293379832967325,69.94297569594346,False,fdb8d8ccaf741a88366e47e59a5ed395
0fe31196e0e8,0,test,213,1050,1050,1.0,77.55528259277344,41.69042330966709,125.81595744099468,False,3fae73d95a90e469a6d3e0693d85735f
0fffa73e2402,2,test,214,2416,1736,0.934,55.506591796875,20.083376909310275,51.72295232769102,False,4a7968c9102dd36fa5f72ea2d391c861
1002b5151b8e,0,train,215,819,614,0.606,76.83294677734375,44.45588899807844,109.7568706588354,False,bafae8666cb2725e1e412cedd45c56e5
1002f3fe38f0,0,train,216,1050,1050,1.0,62.404571533203125,33.92312304963869,93.94608979462646,False,fffa860ce9319f2b0f51e2096aab504a
1006345f70b7,2,train,217,2416,1736,0.934,94.27825927734375,37.52259037661775,194.32143000420183,False,a6e3a43a938c5632d1d6d000c8d62777
101b9ebfc720,1,val,218,2416,1736,0.934,91.0269775390625,35.320716062247186,142.50598314381205,False,36ae0ba37d6771e294e23f48deefa237
103abbd8b63e,0,train,219,2048,1536,0.605,83.56016540527344,50.693608079752416,156.16837575193495,False,8d9315442b4a9ce923b617795e987eb4
103f97a2ab15,0,train,220,2588,1958,1.0,44.595001220703125,19.836144628017102,19.207067876821384,True,af32401583d8557ac25054bc4558b145
107aea0d9289,1,test,221,2416,1736,0.934,58.412811279296875,24.727820059490895,69.63212411641143,False,4b27704361cd04b9b813ea07066029d2
10a5026eb8e6,0,train,222,2588,1958,1.0,47.438446044921875,24.077791563177737,27.05240604444407,True,84ae434b1051a1466ffd93bc9cfbb099
10bf25731c08,0,train,223,1050,1050,1.0,82.80174255371094,44.29595062159003,149.501276002964,False,b43eaecb27c339d6936108d819e84bc7
10de500cf0c5,0,train,224,2048,1536,0.605,75.49415588378906,43.604058299342704,188.7775921486318,False,42e30e62a0dbfa5cabe1273024c0284a
10ecc5292ab1,2,val,225,3388,2588,0.868,65.10760498046875,26.33009983369153,84.48116660839878,False,8791369bc0a87c6f986841ac6e9adbb1
10eefba568dd,2,train,226,3216,2136,0.846,98.47256469726562,40.709797068792774,194.62329204543494,False,96486ff81a7be1cb0a15a78804a79779
10f10fd30718,0,train,227,1050,1050,1.0,87.46257019042969,46.97507679325295,138.27332472801208,False,17bf3eebc5e10a2ba13fc0de962f31af
10f36b0239fb,1,train,228,4288,2848,0.809,77.2235107421875,31.605803083509766,133.23910478851758,False,dcfa2aab8b63845cac9184ce62b8a1c0
10f6ef37fe43,0,test,229,1050,1050,1.0,74.52622985839844,39.813437249593775,113.1487461400684,False,4335af72bcd249c2058bb2908a044565
10fca1abf338,4,train,230,1844,1226,0.818,74.93896484375,33.768670657451416,71.27743443008512,False,bbca9c396c94a9b7459e1c9eaf158a9f
1116271db4ea,1,train,231,2416,1736,0.934,73.63044738769531,27.048631967098512,151.62088923808187,False,da6b948cc56f0f9982b26c03d2fabc0f
111898ab463d,1,train,232,2416,1736,0.934,61.8214111328125,23.049840181305036,79.12579161580652,False,5b3181be8aeefac80b1a03526a2c914a
1120f6d08d95,2,test,233,2588,1958,1.0,93.72630310058594,32.441053180159166,75.01547101489268,False,08a1df617d852e4013aae5f3a3cc8d0f
11242a67122d,4,val,234,2144,1424,0.841,68.41883850097656,27.9959965437747,55.07378535321914,False,f5a81fd1e5907e2a9f66595e63e845cd
1124ffcd76c2,2,train,235,3388,2588,0.872,59.44328308105469,27.552969444909582,60.68311980529688,False,3ce63ba5c28d585b350ba993dfec173d
115e42dd6a81,2,train,236,2416,1736,0.935,68.50326538085938,27.755376429329367,97.8855521788355,False,50bc9158760e39c2ecdb3760a208f151
1177d583c807,2,train,237,2416,1736,0.934,60.54109191894531,26.502982879163994,62.66741147264838,False,d211e5fcf812d4689f9f9f92049e0fc7
11b220a397b8,0,train,238,2048,1536,0.605,84.68055725097656,45.929334591655525,161.903444763273,False,205a350ac4e6d286ca6512bda5200a91
11b5c77fbf79,2,train,239,2588,1958,1.0,99.31596374511719,42.342119062140874,87.40664898394607,False,651d0fb5cffe60d9dbb8ac72f1192215
11d8e5eaee5b,0,train,240,1050,1050,1.0,87.43183898925781,46.5213389542912,144.62692292942666,False,5f4295af58f11dc79bdd943b9a77b657
12025b34deb8,2,train,241,2588,1958,1.0,63.71144104003906,26.528924684816776,20.564570531249046,True,7724d061ff801692d287ea692a1d6b8a
12058bbb8299,0,train,242,1050,1050,1.0,91.11289978027344,47.97199857538116,166.27096354588866,False,5793efc9fa86107655946858fc58e893
1269ab57c2e6,2,train,243,2416,1736,0.935,115.51560974121094,40.58844096270815,240.08094596490264,False,1c59ab8b3cc999dcc86604133105b3ee
12a82fc7d73e,2,test,244,3388,2588,0.871,70.12794494628906,30.182114318649703,111.08128344058059,False,f972d8b1dd6a6d1649d5f5422c89a4cc
12ab2f6397f0,0,val,245,1050,1050,1.0,77.484130859375,41.31059623103187,134.1104028315749,False,d0ee18e219079d1c51c98184ccefb40c
12ae44be0d38,0,train,246,1050,1050,1.0,80.6748046875,43.95647556784573,107.1811122437939,False,d66f459cce5e4c28f2e6ed378f8e6e18
12b57dac703e,0,train,247,2588,1958,1.0,89.0517578125,42.02341615641233,68.44408202171326,False,b4ca12d53427cb3449baf2fca3991ab5
12bc439d373a,0,test,248,1050,1050,1.0,84.36711120605469,45.6927199479553,139.57770575559698,False,2b749563f363bca0f9a6d933c97d80fb
12ce6a1a1f31,1,train,249,2416,1736,0.934,79.50901794433594,29.165891220205623,115.59016334614716,False,bafbcd824c71ba7428dc5f91670073bb
12e3f5f2cb17,1,train,250,2416,1736,0.935,71.58291625976562,26.28940013975822,71.54684337018989,False,46f3762267786dd7c5758db84cef2b09
12e6e66c80a7,2,train,251,640,480,1.0,87.89254760742188,22.659736841143847,80.06631194707006,False,2eeb0af4ea73a240eb54651f0475a5c3
12ef75375322,0,train,252,1050,1050,1.0,91.88497924804688,48.446748262388844,153.95695152296685,False,f4f050c8e5d1031fe67c1c1c2faa4913
13063d1bc4ea,2,train,253,2588,1958,1.0,40.39875793457031,18.728715237790606,28.59475877508521,True,ab52ffcdacf0821009a5775a672c724b
13073f075a56,0,test,254,1050,1050,1.0,93.73812866210938,50.05843688464545,154.9538483535871,False,82f03a30ae6580ddc8d8ba88b8df61ac
135575dc57c9,2,test,255,1504,1000,0.838,70.91664123535156,29.167547259877313,62.12643574527465,False,7c503683d5df9841616568d658e8036c
13ab8db8c700,1,train,256,2416,1736,0.935,90.09396362304688,31.700563735524387,138.41034358367324,False,273d6037c5a46fe5ddcd13149c6bf7fc
13c191b59ed0,0,val,257,2048,1536,0.605,66.76445007324219,36.577891979135124,127.44093304499984,False,669f22aeefb33c303e67a58a94008a30
13d014ccd136,0,train,258,1050,1050,1.0,71.6405029296875,39.267463103502784,136.54661744460464,False,a1c9aa27e9c956c921182d5bfdec4cb5
13d411c85ffd,0,train,259,1050,1050,1.0,92.67372131347656,48.52474095724514,176.800607962301,False,fbe23d7089f0f6580da7cc4a07e52dc6
13d71389563f,2,train,260,2416,1736,0.934,65.4029541015625,29.597355118219383,64.81393008655868,False,1fc0a307b4fad47c34293aa9307cbc8a
1409ab48175a,0,train,261,1050,1050,1.0,77.68930053710938,41.7225762556462,131.37832412286662,False,d89efcd4796eb5cebe5ae8f57fc1a363
1411c8ab7161,2,train,262,1504,1000,0.838,75.31883239746094,31.675196920155834,101.57973178080283,False,70137cf193f130d2cae49768c75fc565
1414128bead0,2,test,263,2588,1958,1.0,63.864501953125,29.96201737209722,20.829247565707192,True,5ddd33bfe295042ea03a0c5d0b41a2a0
141735b57ec0,2,train,264,2416,1736,0.935,71.42724609375,27.772477982440474,99.5272109201178,False,4472aab64c10167bdf3c1407171bf907
1438288bb2e1,2,train,265,2588,1958,1.0,47.98838806152344,21.45827682022834,20.85060503706336,True,75d1a1adf1c4142577ff8a5846fcfa75
143db89c11c8,0,train,266,1050,1050,1.0,72.81986999511719,39.250706478548004,101.45723038143478,False,fbf0288e70f10c383464f73d2139ead0
144a1a426137,2,train,267,1050,1050,1.0,70.23194885253906,38.13846600874652,99.92979584634304,False,1ec95630669b1c4e8411603154db931b
144b01e7b993,2,test,268,1504,1000,0.838,73.32327270507812,30.514151156201972,77.69938830076717,False,c76f749a820f01b47be98198f039ae19
14515b8f19b6,2,train,269,3216,2136,0.843,116.75813293457031,43.541041367929125,247.07325950055383,False,972c611311946673ad19ba48c4d8bb9b
14c3b41d289c,0,test,270,2588,1958,1.0,77.24656677246094,41.00113336392694,80.94843777175993,False,5f1ed4ec89b0115b81ff22d527a65467
14ee87d6cc42,2,test,271,640,480,1.0,84.72743225097656,18.214661598004216,30.442055828636512,False,1fbde77d143bd569f1d8bceaa080f226
1509d097b69a,0,train,272,1050,1050,1.0,79.95368957519531,43.104122771496215,124.397731119534,False,1976bf6564ad23d6467b23bb0d05c418
150f92b45349,0,train,273,1050,1050,1.0,77.1031494140625,40.99788617708716,153.03415903053246,False,9b7304fd14ec18bd1f25319d9f45d82d
150fc7127582,0,val,274,1050,1050,1.0,81.22279357910156,45.245844358865675,137.56224968936294,False,08f09586a52775fa48a1ebdfdcd00b51
152db3de8120,0,train,275,2048,1536,0.605,84.42184448242188,48.10725082459628,167.75561564788222,False,b38a924aa5cbd52c0c896b318799b778
1541226c5d72,2,train,276,3216,2136,0.842,88.65155029296875,32.511024084911824,151.35468040406704,False,f77a25db863eab8a4720889cf046a687
15528e740543,2,train,277,2588,1958,1.0,87.07534790039062,34.20992678683064,70.28155607706867,False,dae0ec8bcba8f81dd0e9111f3945f313
155e2df6bfcf,0,train,278,1050,1050,1.0,79.72319030761719,43.01332904053214,146.8848941491451,False,4c26914a78cba23a52c853cc0e85a258
157d17349cc6,2,train,279,3388,2588,0.872,101.13734436035156,41.496406631872766,220.31204812880605,False,819f3b4839e7ced88e1f9e50103e86bb
1594ca6c30d3,2,test,280,1844,1226,0.816,82.06681823730469,36.95524331660888,64.14530937350355,False,7dd15dbc036528d70735cfeefcc802ec
15b21c80cc31,0,train,281,1050,1050,1.0,91.12980651855469,47.98445238972478,195.04354378487915,False,b3f72210944e0b8decfb3efad67d195d
15bed5adde74,3,test,282,2896,1944,0.64,51.5147705078125,25.593825031293967,86.79073860286735,False,81e457ce4d237879cdf709c3a0d40e01
15c24478ac72,0,test,283,1050,1050,1.0,90.08879089355469,47.50749136639608,159.968271500431,False,7eb3fb331c90a9cef3d04bfb5ba7feb7
15cc2aef772a,1,train,284,2416,1736,0.949,83.49192810058594,44.34300599799465,178.24603267922066,False,9fdcd871e4455496f7ae6dfbf510af2c
15cd5f52d300,2,test,285,3216,2136,0.843,103.39810180664062,38.05646325935878,141.7398964369204,False,91877693c6efcbb13b71e3d738329ec0
15e24b73d4a7,0,train,286,1050,1050,1.0,71.802978515625,40.574878572310496,95.2339274873957,False,141c930a9837782440e139bd731db271
15e96e848b46,4,train,287,2588,1958,1.0,60.79229736328125,28.296984668055238,144.06055915704928,False,09bed16822ca87bb6ab5269bb2053c1f
15f440753916,3,train,288,2416,1736,0.935,103.22718811035156,39.24271055844191,174.17526303138584,False,043a4cb303f6c313a126ba524d242b05
15f8d769935c,0,train,289,1050,1050,1.0,87.50535583496094,47.32009937448489,146.90255904197693,False,289d08de81cef7b4bffb9f0d826d7fc6
1601c939412f,0,train,290,1050,1050,1.0,85.21870422363281,47.96946512985527,157.95774729712866,False,442585436b55f2943c0c7c5963a4cde4
16060f05d047,0,train,291,1050,1050,1.0,77.28401184082031,40.98658545785438,122.74392676353455,False,1b83d2d05cb8319badc43d9fbcdcd031
1608c82a263f,0,train,292,2588,1958,1.0,59.90956115722656,31.14131710439335,57.370236752321944,False,13f4cbe641e47b70eef39b9ce043ab87
1623e8e3adc4,3,train,293,3216,2136,0.842,86.034423828125,31.627069419694614,109.81561137153767,False,a8455d9125842152aa9474238f7e9781
1633f8291a80,0,train,294,819,614,0.606,75.2811279296875,42.88134015846949,92.34438789985143,False,21e6d53e893e9585c27e6230a23b9e94
1638404f385c,4,train,295,1504,1000,0.838,59.48564147949219,25.840076850987113,57.28849019459449,False,43dfa00fbc2751c3dfa76bb11efd9014
164cd5a3a6cd,0,train,296,2588,1958,1.0,52.228515625,18.510702697341483,14.280782215064391,True,aa76fb7ff7c3a33b6ca5f9c4378c6f6e
165634a6167e,0,train,297,2588,1958,1.0,58.56675720214844,30.876205837715755,71.20557433273643,False,b46f37c18189b07d04e9779780da9e6e
165c548185f8,0,val,298,1050,1050,1.0,80.83941650390625,44.047951322112105,134.96211467683315,False,06fccfa1d7c4030e4d624a0c2b732bce
165cd2070ebd,4,train,299,3216,2136,0.842,56.08473205566406,21.719243363219057,65.68909630831331,False,f3fa9664e627b8072e645f4537aa6263
166068a24416,3,train,300,2416,1736,0.935,68.61683654785156,26.641766317238353,73.11382634844631,False,c37b4392963e811170e64e24dfcbf847
17188c13e635,2,train,302,2588,1958,1.0,51.26934814453125,28.471276372618455,32.13876508176327,False,b3d134cfc01c50f05842fb8eea68737b
172df1330a60,1,train,303,2416,1736,0.934,94.41537475585938,34.68581839524248,115.72322046919726,False,60a48eab76263ee76a1c346923ffc15e
174db0854291,0,train,304,1050,1050,1.0,88.45376586914062,47.10422499682622,150.3537170009222,False,27e527d19c365c532549ad46575843b3
175dd560810a,2,train,305,2416,1736,0.934,82.22039794921875,32.61705524206473,96.06642247154377,False,b3f2a6977d50b3eb9eba3be119311857
1782142e17d9,0,train,306,1050,1050,1.0,82.26580810546875,44.312144225214645,129.04852317273617,False,442dea2cc8f6329f76f8810a418e7f41
178412895d5e,0,val,307,2048,1536,0.605,73.41059875488281,44.13170889591317,131.33792406669818,False,d71b23064c7bc4667892f78cc26dad6d
17d7d6b092f4,0,train,308,2048,1536,0.605,75.19735717773438,53.25887133452971,273.874573177658,False,ee9854b109c1b9bbd635387caf191086
17d997fe1090,0,train,309,2588,1958,1.0,43.18287658691406,28.609132651496985,38.40819408535026,True,24313037636426586483749c1a12c235
17e6116b89b3,0,val,310,1050,1050,1.0,76.63931274414062,42.23128227168674,133.02643288462423,False,545c3e478318340b924275df4dd94e6b
17eb5d4ad740,2,train,311,3216,2136,0.843,97.35110473632812,36.66654930604946,135.20086040254682,False,3e1b3092eaf8121de487f79446b8ef26
17eff993386f,1,test,312,2416,1736,0.934,107.80703735351562,38.83129227256913,191.3633148705121,False,f25e3d79f0fba71c1544588f7e4c9d99
17f6c7072f61,0,test,313,1050,1050,1.0,88.49897766113281,46.55459014379545,143.7565536738839,False,d3b12bc438eaedc763dfb60c85f1bbf9
180afe1d5ef7,2,train,314,2416,1736,0.934,86.31060791015625,30.685886258988607,129.31384997605346,False,663e3a63d49ba48bf5de032acf519a9e
18323d8f2470,2,train,315,1844,1226,0.816,61.37498474121094,31.16349103799676,86.87558211176656,False,4e14422bd8d91841214b068ade4a956b
1844a039b4ea,2,train,316,3388,2588,0.868,69.69778442382812,28.01472748446292,97.09437154023908,False,e7c839ebe4ce912164b81801b63e675d
184a185e7447,0,test,317,819,614,0.931,47.08360290527344,27.02576966993673,46.573645028984174,False,e6320418dff8b8e83e1d0384c62476e9
18621b9ca978,0,val,318,819,614,0.931,42.92228698730469,22.820264760930073,34.44734668149613,True,df3e282548b510892e5e9b9ccd2d7582
1864d3411143,0,test,319,2048,1536,0.605,91.70599365234375,52.125662320282174,246.261909163557,False,3c145c86162e876ebb9768b7e494bb80
186c1835eec5,0,val,320,1050,1050,1.0,90.77870178222656,47.07971436055726,147.55395331210457,False,884c41428c3dc3978cef6bed13c04495
187f6ccda87a,4,train,321,4288,2848,0.808,75.44322204589844,29.55625200548243,127.72998958453536,False,118c213082fb21d214e842de822b94dd
188219f2d9c6,0,train,322,2048,1536,0.605,71.2418212890625,43.000709637168704,86.11585135920905,False,74dcac72a0e4f0b3b8c7e4a9163a7b98
188a9323be03,2,train,323,640,480,1.0,116.7310791015625,20.626168341851553,102.14952775742859,False,d39190a00b822a38218306721b1fa383
1891698febce,0,train,324,2588,1958,1.0,48.99464416503906,25.9220701705204,35.5176121359691,False,58245fbce8b3558740ee677cb177b70d
189cbbc9e5e3,0,test,325,2048,1536,0.605,83.06416320800781,46.07476422977993,180.2729669129476,False,e4f2552c231b76918b82c73cc08da9fb
18af532e7e1e,2,test,326,2588,1958,1.0,43.79963684082031,23.4808550929984,62.6822672104463,False,64046bea067a6aa7e2f7e80bdb873a87
18b06f56ab27,1,train,327,3388,2588,0.865,94.26104736328125,37.24959937817682,174.89776515960693,False,4c30a212ad0b9c16ae9993c0176c0fcb
18b7e34eab8f,0,train,328,1050,1050,1.0,87.37022399902344,45.93872239005125,142.76524598128162,False,27c7bec5165c5d241e2e70d04d43d3eb
18b99159a14f,0,val,329,1050,1050,1.0,79.39653015136719,42.7784561787051,131.09145798138343,False,834f80afa1f732cc721f894387483482
18cde9649e90,0,val,330,2048,1536,0.605,96.34361267089844,54.89195725446445,202.69231628044508,False,0f66c17c1da1dced6ffbe14eb3810222
18ce0cdc473d,0,test,331,2588,1958,1.0,90.62544250488281,40.561099597458174,51.189298204146326,False,fe6d5dbcfa0569dce525f77e23a388a6
18d8fdb140b7,2,train,332,3216,2136,0.842,101.44766235351562,37.142730996103204,131.28422870859504,False,8828a001cacf5f13da1b7bfa85dfad5f
18f1f979d30d,2,train,333,2588,1958,1.0,51.80979919433594,23.688003783317953,22.114201231859624,True,b0143c545a16086512e01cc2210c5378
190a309f2cc5,0,train,334,819,614,0.606,68.53936767578125,40.91386006956044,93.46877256012522,False,255d10e435c3023ba54be23e5bd106fc
19113e5f45ec,2,test,335,3216,2136,0.842,86.31983947753906,32.11329071620731,104.44804572220892,False,f26df58193302a39d99aa198f28eb290
191348830ddf,2,train,336,2588,1958,1.0,53.167999267578125,30.42099832015579,35.02308607753366,False,2057b9c795a63baa072f321fac2df055
191a711852bd,3,train,337,2416,1736,0.934,90.15908813476562,32.60283398324162,111.08661736454815,False,8354e8ba7441469128d94ecd82fc2b1c
191cf5668f33,0,train,338,1050,1050,1.0,76.650634765625,44.49551350701914,98.98097881465219,False,e0a01942fba4c3d77c22cf6ed9aa92ee
19244004583f,3,val,339,2416,1736,0.934,83.81416320800781,30.50291496323138,126.6294061706867,False,8286aa6896e73266b86a73a8e155bc31
1943983492e5,2,train,340,3216,2136,0.842,99.75416564941406,35.829898433382226,138.23111212160438,False,3eaa5dd31cd7c7247285bbd49d6f70d6
194814669fee,1,test,341,2416,1736,0.934,58.45404052734375,24.43310244124981,63.39483168325387,False,23f171494d1cd973b4468184f32e0abc
19545647508e,0,train,342,1050,1050,1.0,88.108642578125,46.857259739511846,163.74212843831629,False,54f229accb7584eb5cd91c8f64cc3f3a
1968183f0e61,2,train,343,3216,2136,0.842,85.79408264160156,31.861539778549073,118.86856183758937,False,1d13af94201105d20ca05829c6502297
196e6a186452,2,val,344,2416,1736,0.934,54.88969421386719,24.270638592691007,53.995038747787476,False,397ad783ac1952fd8941ae2878e11ec5
19722bff5a09,1,train,345,2416,1736,0.934,96.38963317871094,35.50432543486329,139.39223667886108,False,f531664675320df675bab2274044de4f
197af0de76e2,0,train,346,1050,1050,1.0,84.74913024902344,45.88772056573121,147.53753821342252,False,83fe2a53ca7742437b028f067993266b
19b0e3c734f5,0,test,347,1050,1050,1.0,85.62184143066406,45.73205933322028,145.2680250070989,False,0ac1d38a19853ff1c03b4e60c0155ac2
19ef4d292196,4,train,348,1844,1226,0.816,78.39622497558594,31.841225650252905,62.174696933245286,False,3e3f07ac9cd240db5446744390823c6b
1a03a7970337,1,train,349,2416,1736,0.934,76.60140991210938,27.815161836534703,84.38555596000515,False,8258c8620ef1e9cce6f38913e26b3885
1a0dbc6c0cda,0,train,350,1050,1050,1.0,82.12849426269531,43.8346935790898,126.85084876324981,False,b1deb994740ec18d7ce3e08129b6a22f
1a19f2ef4472,0,train,351,2588,1958,1.0,60.21949768066406,31.93477074614758,63.6805700622499,False,4410a137b2c3ab1429e5cba5a868d339
1a1b4b2450ca,2,train,352,3216,2136,0.841,64.18150329589844,26.3334124009328,109.51247839536518,False,b0096445fdcb0bfe78b842bd1b013c1d
1a1e974a7dbf,0,train,353,1050,1050,1.0,91.29847717285156,48.81598262899676,212.03688619821332,False,df7b039d8d7a7e74729a9282f736eda1
1a369baf9ee6,2,val,354,2588,1958,1.0,70.867431640625,31.27921052909507,41.09166412591003,False,82ab9a080f7d57495dfb7fc218e6d028
1a7e3356b39c,4,train,355,4288,2848,0.823,57.42027282714844,31.875542711736735,76.6325179466512,False,b8e2baab4f8ea6c32851da3dc39825c0
1a90fad9ffa2,4,train,356,3388,2588,0.869,77.47628784179688,31.849027971871994,144.71926156338304,False,be791ccc7daef6493db5d2a0794ee555
1ab3f1c71a5f,3,train,357,3216,2136,0.842,93.39924621582031,34.96193188241125,172.8548165410757,False,b77bb3b055fbd4f600d33bcb1c2cc57a
1ab8d3431ffc,0,train,358,2588,1958,1.0,65.46856689453125,27.88413441190683,104.23922729492188,False,9d634ae125ce8477f49252b3dc96ff3d
1ade1e949383,2,val,359,3216,2136,0.843,79.666015625,29.732118954970066,100.09804889187217,False,9338f905c6355a675f591ffa4419ef03
1ae3c58759fb,0,train,360,1050,1050,1.0,79.86041259765625,43.319512407801696,153.58778431639075,False,34c38a99e63a5b6a0028694cb3f2e4a7
1ae8c165fd53,2,train,361,3216,2136,0.842,82.13442993164062,31.006366118472766,107.14347558841109,False,28d0e4881c6126e523c4eb6652b4caf0
1b329a127307,1,test,362,2588,1958,1.0,62.59527587890625,34.75290038757478,74.39795022062026,False,50495429c08976464150c5a7d46d839b
1b32e1d775ea,4,train,363,1504,1000,0.838,70.07510375976562,27.278945063918236,79.38074313104153,False,35d85367a6a9bd45a934deaec391be7b
1b3647865779,0,train,364,819,614,0.606,62.44822692871094,36.515010377640145,81.38447828940116,False,9d4d156a8b227ac0f46bdeac0ae4775d
1b398c0494d1,0,train,365,1050,1050,1.0,70.80033874511719,37.99699037227912,111.1009836026933,False,f0b7c4ed1312a25870d15bf40fc41167
1b4625877527,2,test,366,1504,1000,0.838,82.27890014648438,35.19280483729185,158.2744170667138,False,832da9ad4da3837e03629b8ab7ceffb7
1b495ac025b7,3,val,367,2416,1736,0.934,60.35401916503906,24.935771192348398,63.42682047910057,False,b2f66cb515b251368cacde4f38620987
1b862fb6f65d,0,train,368,1050,1050,1.0,70.02865600585938,39.436440659991504,113.50090832985006,False,ffcc11b4a9f936317641dfe4702470b6
1b8701231c8f,0,train,369,819,614,0.931,41.477935791015625,21.314669267048238,25.29846500023268,True,8b041467fb309dd4d9b7a3616302d1ce
1b8ad0afe9fb,2,train,370,2588,1958,1.0,90.51094055175781,40.27544895172879,33.95202945335768,False,53131a5527e46969af47210780e6d690
1bb0ddfe753a,1,test,371,2416,1736,0.934,70.30778503417969,26.521097866042346,90.79116289666854,False,7d807e13b41eea6616bafb8a99516ac0
1bea04b2bb2d,2,train,372,3216,2136,0.842,94.80032348632812,34.681331058891764,132.71957627590746,False,54a563f21a9e3e9d45c8b03187f0a343
1bf30c84bbad,4,train,373,4288,2848,0.81,62.984527587890625,24.252777353015308,81.37372946366668,False,933003b24f7f376a7ebcc96d6c07a5bd
1c0cf251b426,1,val,374,2416,1736,0.934,77.88102722167969,29.189230725160463,96.24788264161907,False,bfe7f2f22313e460385c832c81fa1fb1
1c0e5dd1b14c,2,train,375,3216,2136,0.842,100.16549682617188,37.38080687487809,133.89979980885983,False,85a75337c0f3309a02b7049db5d2b9a7
1c13a1483f4a,0,train,376,1050,1050,1.0,76.01458740234375,40.22665165071542,116.58946620277129,False,a948c718c213184a041da55566122e2c
1c3a6b4449e9,1,train,377,2416,1736,0.934,68.3909912109375,26.97648592506365,72.32398770656437,False,3e11cb49196c72c817a3272e37db0a35
1c47815f4a6b,0,train,378,1476,1117,1.0,58.44453430175781,32.61474924975935,41.9553093155846,False,834548efc00f7fd0d10e8065271c77c8
1c4f3aa4df06,4,test,379,3216,2136,0.842,96.32481384277344,36.34191704919151,151.67493003606796,False,637474aee3c8813070d1673c9faaa8d5
1c578b72d7b3,2,val,380,3388,2588,0.871,57.39337158203125,25.591543064563407,75.9412546819076,False,b1256002a7d8332213ebdca18025821c
1c5ad36fb799,2,train,381,3216,2136,0.843,103.52247619628906,38.62436414128584,157.91131814173423,False,35a69bc3ec57ea45d91005394d38537b
1c5e6cdc7ee1,2,val,382,2144,1424,0.843,75.46609497070312,28.2943266187475,81.09283147659153,False,621ea25694ed9b66999b2a4ec91fe632
1c6d119c3d70,2,train,383,1504,1000,0.84,101.43965148925781,39.80917297961518,154.760777390562,False,20ace75a463236852918e4455195a6e0
1c7a013eeba7,0,train,384,1050,1050,1.0,73.5706787109375,39.47245284155032,112.56380855268799,False,fb86598e1c106eb74b1b4b045b982f04
1c9521878baf,3,train,385,3216,2136,0.842,80.3785400390625,31.61280827278639,89.75778223923407,False,00e22d686f37ce9527ab77dc9f42744c
1ca35d483772,0,train,386,1050,1050,1.0,79.63807678222656,42.50344234091635,131.30355075653642,False,b14ad951d88a6b8976ba728ad26bb5ad
1ca62b3e4fd3,0,val,387,2588,1958,1.0,50.19659423828125,20.303173595024333,29.900748155778274,False,9202512eea68a1cb238fcc7578a9039b
1ca91751be4d,0,train,388,1050,1050,1.0,86.95396423339844,46.126698385273215,142.71326783276163,False,b237c145c322410867f6a3679d2540d3
1caba2fb38f6,0,train,389,1050,1050,1.0,60.63978576660156,33.8760268666144,77.55865341052413,False,99c600e7d1a396b9ced9d02ab79ac9be
1cb6961d141c,0,train,390,819,614,0.606,83.38087463378906,45.37824668316031,148.17245866265148,False,a0abc5dcc3da90c0638e2c143bfc0e4e
1cb814ed6332,2,train,391,1504,1000,0.838,79.24423217773438,30.50211635057578,95.80934422370046,False,700273276919a1b23331825d9b4e6108
1cc58b15f466,0,train,392,2588,1958,1.0,63.65303039550781,26.680214597809368,49.81161239370704,False,eda38c29edbf4df52407d81b2e23223c
1d0b93317aa8,0,train,393,2048,1536,0.602,36.76579284667969,23.05596886079437,40.99816547334194,True,6fe509318cc6985f6e0cd6364e923b7d
1d11794057ff,1,train,394,819,614,0.931,49.88475036621094,30.107524319055152,52.363260831683874,False,d734237bacfdeb378528e061cc57702a
1d14dd912671,2,train,395,3216,2136,0.842,79.87287902832031,29.58658680383633,109.03405597596429,False,3e2a9d32367f1b60027e5772a92930b4
1d2472849dce,0,test,396,1050,1050,1.0,45.83943176269531,27.83614014089791,62.065271481871605,False,26d915bfbccc15c5096ea2a97004a026
1d29cb2f4296,0,test,397,2588,1958,1.0,55.65184020996094,21.439427783671466,38.87674759305082,False,3a8cac14432690b5928a8020aed3be55
1d37f1c8b6d8,0,train,398,1050,1050,1.0,89.44206237792969,46.22962692827254,143.4301849079784,False,1ccbdc1f33b343932710cf27d45ef2c6
1d3e9b939732,0,val,399,1050,1050,1.0,86.1002197265625,45.51932622535525,175.84055995941162,False,7b640b90914ec08a7794f7329c3e63c7
1d46f1326394,0,val,400,1050,1050,1.0,83.46282958984375,45.20979224833877,173.67001079930924,False,ebb8509f43d9572d11470f26d7f2edc1
1d55e689cf84,2,test,401,3388,2588,0.868,102.78030395507812,42.528607031278284,213.26465497142635,False,ba00b901b411db6f2b127c1c6d1a0be6
1d674e2e32e0,1,train,402,4288,2848,0.809,73.20854187011719,32.235518844985265,96.75384900136851,False,bdddc538541fa6ef218169e25049d2a4
1d74c4713e21,0,train,403,2048,1536,0.684,63.92701721191406,48.11062905662903,103.88961370079778,False,a044e92dd9a8a36fe84f5c09c6cfec98
1da25637859b,2,train,404,3388,2588,0.872,78.75613403320312,32.565319101000746,157.3581729978323,False,3ff2e44334f203b0de50402d334fd4ce
1da4a17c18c9,0,train,405,1050,1050,1.0,83.48585510253906,45.46628384226912,140.57590886112303,False,04d2c66ad2ad65fa41bc1a910650765b
1db0393cdbc1,0,train,406,819,614,0.606,71.15901184082031,43.810416559827544,122.9403227341827,False,d4dea5b63b1e9c95b8c4734db21c846c
1db18bdd43aa,2,test,407,2588,1958,1.0,45.281829833984375,20.571847423538134,16.276389583945274,True,95bf516438b6884efad44c7605286a4b
1db6bb46c102,0,train,408,1050,1050,1.0,88.1690673828125,47.17240496306464,150.95312342699617,False,e76198febef7bf1904da978b0844cdc9
1dbdc32c17db,2,test,409,640,480,1.0,93.61175537109375,21.68443553850896,45.21885953750461,False,b1836f8c1ad1a245ab3e66ffac5ffea4
1dd9adcbfff4,2,val,410,3388,2588,0.873,73.44284057617188,30.450243748983905,134.32260366505943,False,add5d286df39500b8b9b8efbc60801c7
1df0431bfa73,0,train,411,2048,1536,0.605,85.79469299316406,45.61928517863582,184.1578362302389,False,ce6eb6b2baf14ba8aa0f61e02a40d157
1df0a4c23c95,0,train,412,819,614,0.606,60.86962890625,33.818108927245234,85.33199476823211,False,40fde78cd6925cd8faaaadadbd9b0e83
1df1530b9b8d,0,val,413,1050,1050,1.0,75.91941833496094,41.3352146137715,130.4345636346843,False,8527269d8764bf253849ab4cefc95095
1df3e03a8f5f,1,train,414,2416,1736,0.935,82.31141662597656,29.31464286681143,115.33001683652401,False,05d68c63d8ad6a324d1a8e5a0b903e06
1dfbede13143,2,train,415,2144,1424,0.843,76.73922729492188,29.010793162385948,124.20602660975419,False,05f30df45f7e07befe26b995f39cad64
1dfe599d12a9,0,train,416,819,614,0.61,73.97962951660156,45.26366944029873,184.45136238983832,False,9c07b23fb782a3f20e0cbf1b17ac7b28
1e036f2e7095,0,train,417,2588,1958,1.0,39.160797119140625,16.63041312982054,33.386104214703664,True,04b1484336500ead4cdcc6e071d25423
1e1fb019710d,2,train,418,2416,1736,0.934,91.37150573730469,33.24948967559269,148.76265093591064,False,c2b7d84695902222630c6dabadd252d0
1e4650743fa2,2,train,419,3216,2136,0.842,90.57511901855469,33.65320370098637,131.2117621442303,False,70c98754dadd777204438e1e726a970c
1e4b3b823b95,2,train,420,2588,1958,1.0,95.79222106933594,40.70859519577448,55.65960188861936,False,40394bfc146526b0291112221cb68cdd
1e742358e0b9,0,val,421,1476,1117,1.0,84.77120971679688,46.93131277594416,112.24902860983275,False,07c591f22bcd8c535b9164676719fd3b
1e7ccd4a1c87,0,val,422,2588,1958,1.0,60.70024108886719,28.377723660244293,82.3007735228166,False,0336126c2eb87efdbe0ad95631a39a51
1e8a1fdee5b9,1,train,423,2416,1736,0.934,77.77459716796875,29.638054101717934,111.11849771230482,False,fcfda099faac74a2ee724032d1566d7f
1e8c31e29dd3,0,test,424,1050,1050,1.0,83.57203674316406,44.7690242482811,139.87570370640606,False,9a723471cae5e777920bb7fe2d9808b6
1e9224ccca95,4,train,425,3216,2136,0.842,65.47364807128906,25.76972827601415,74.32524711545557,False,23d0e6d9ea565768b4b1a55ed17392da
1ec95179cdfe,0,train,426,819,614,0.931,48.28880310058594,27.602531810048802,54.21765114902519,False,1542c775323fed2c9f1d1535dce8002f
1ee1eb7943db,2,train,427,3216,2136,0.843,99.73307800292969,39.71459453867196,158.62238298519515,False,ec7b3c14d910adb43373f6df0b155517
1ee355480567,0,train,428,2048,1536,0.605,66.39588928222656,38.69396418786431,133.69252412673086,False,2dcb2312d01c527777d50717bac9b285
1eee55494271,0,val,429,2048,1536,0.605,73.47122192382812,39.50171623355814,109.6047182136681,False,1509436658a7fb57205117f4d670ba26
1efa5d443707,4,train,430,1844,1226,0.816,71.75509643554688,30.628974575121106,59.0263881823048,False,088a516edfd44ef0cac1fb699b39d9ba
1f0e223b8055,2,train,431,3388,2588,0.868,65.21449279785156,27.233960917190945,104.54976492910646,False,7856761e9da49dad3d51087899edb89a
1f15ca672675,0,test,432,2048,1536,0.605,48.40959167480469,27.62526190604723,59.04405714478344,False,48df4f411b2badd2be5dc9725a79baf5
1f31701dd61b,0,test,433,1050,1050,1.0,82.08053588867188,43.32820193664206,119.09863589680754,False,2edd731fe7848d5149665589a011b335
1f3f32efaf20,0,train,434,1050,1050,1.0,91.90260314941406,48.53665652797913,155.62422781973146,False,7c50bc692dfcffba9383d0f15562a06c
1f4bf8e28b41,2,train,435,2416,1736,0.935,96.17735290527344,33.76331561217967,140.91060733702034,False,720dcecd063f270dd42a1ff7104b2ad4
1f4fb37e0854,0,train,436,819,614,0.931,45.286468505859375,28.750070546011177,76.58253425359726,False,d323da5c072e2d2c469a8aba516201e4
1f543a86c4d4,2,train,437,3216,2136,0.841,78.20303344726562,30.10927730227654,77.19470987073146,False,6d0cf5e83ba5c29bf29b49639fefb55b
1f5496352859,0,train,438,2048,1536,0.605,74.06971740722656,43.254059610727005,104.71380528411828,False,0c1592ae8c032be1de43a1e8ed09de28
1f63d44d9e3c,2,train,439,1050,1050,1.0,82.58622741699219,44.536921021997784,114.59858909784816,False,155dd4efbce70d7057f72a22f2e9dfa7
1f9ccda4ddf2,0,train,440,819,614,0.606,66.40434265136719,39.00173287558651,100.92589420080185,False,546387458991bb288f36b46d2f6c77d7
1faf8664816c,0,train,441,1050,1050,1.0,83.42430114746094,43.630234099131904,135.01228322740644,False,64bff7c965aed4e52bba7cf557bc2bd7
1fb455685328,0,train,442,1050,1050,1.0,85.99478149414062,46.40635295247007,138.61737370840274,False,2fa531d3a322d55dac80e3220fd92374
1fd5d860d4d7,4,train,443,3388,2588,0.869,76.0460205078125,31.511470874328317,145.43733405694366,False,e6a9a5ab9a5a69bcd7064faa91b02962
1fddd7c98fd2,0,train,444,2588,1958,1.0,46.756011962890625,20.201617665730556,18.890654787188396,True,a251cbdefada1adcb0bd42e6892a58ab
1ffaa51a6245,2,test,445,640,480,1.0,93.677978515625,40.05746910342932,43.65350594348274,False,0a7c37cc5a4bdd68c13ddfbbc83dd033
200d947f75db,1,train,446,2144,1424,0.843,69.70169067382812,27.425783211935926,83.81011768803,False,fb57929dd1eda768ca3a6d4ef92597c3
2017cd92c63d,4,train,447,2416,1736,0.934,61.19300842285156,22.442040840563692,64.88047455251217,False,4a4ed47da115e9db3477c00ff646ca81
201f6e10c108,0,train,448,1050,1050,1.0,90.94223022460938,48.33015058807433,158.50050993985496,False,2507e9c63a01d2962c7795e812ddc221
201f882365d3,0,test,449,819,614,0.931,54.64048767089844,32.99261774200684,105.23931001778692,False,de61a4d2be5f769df1917dbb98bf4ca5
203275daf46d,2,train,450,2416,1736,0.934,60.19084167480469,23.685434101185542,66.49619230255485,False,4a1eddb0465a8c4dedff2357e79e664b
20404ec7b518,2,test,451,2416,1736,0.934,66.65469360351562,29.339888142213923,72.35427868273109,False,21393f2f2f897d5bc76708807a0409cc
20688cb25704,2,train,452,2416,1736,0.934,72.45002746582031,27.44073490614249,92.93152672704309,False,0009d9a8175ad63f6bb8e3ec01ad6c12
207a580de0ea,2,train,453,3216,2136,0.842,69.88240051269531,26.261256730266517,78.39613298233598,False,4cf001305fac8ef196ef77086b565ea1
207dd0487264,0,test,454,1050,1050,1.0,80.89413452148438,43.15565378808913,142.85694749630056,False,298df119091c10afe2025a68dc0ff19b
20c883d3bd38,2,train,455,3388,2588,0.871,61.31365966796875,28.500812829955542,104.1532265804708,False,a472a1d2f308e8a8c99a38f876e2d6c2
20d5fdd450ae,4,train,456,3216,2136,0.842,84.36203002929688,33.066704691581094,99.78445667028427,False,769b4f5c13ba9e8bed28dc3bdd4b35dc
20f86e068276,0,train,457,2588,1958,1.0,61.41658020019531,25.041831440585955,59.49280928610824,False,1490979ca4ee64f19512002fa49cdfa7
21037f5c7790,0,test,458,1050,1050,1.0,76.59242248535156,41.013518583746965,105.935368479928,False,76bc6ac3994c2f0c8f2ea8114e1d9384
210bfe0127c6,0,train,459,2588,1958,1.0,60.79747009277344,29.428262887289772,64.90816977526993,False,0befb23c9e36486b85a414adf5f5a497
211518c46162,4,train,460,3388,2588,0.875,75.13618469238281,30.8997119560817,142.1211378267035,False,579f76ee256eedaca62d48ecd2a29683
2131aa3a1e6f,2,test,461,1844,1226,0.816,75.85704040527344,35.22548772590535,49.63047786708921,False,57d9460d829b8dbc5e85d4746c54db4a
215d2b7c3fde,0,train,462,819,614,0.926,44.519317626953125,25.269554360172457,38.87868891446851,False,8653c372ee6c773469060820b86af365
217dad18a5ed,2,train,463,3388,2588,0.869,59.05218505859375,26.10952388798309,67.89779113023542,False,19bc777afead6f9c1d99a558d41277ef
218c822a3dd9,0,train,464,2588,1958,1.0,79.58609008789062,34.14764173633396,88.66161369904876,False,9238dda7aaa270fdcb6aa1d12535c7a8
21abd36095a1,4,train,465,3216,2136,0.843,96.95919799804688,36.02823101973618,161.07859508111142,False,2f5e2778ccc4eee036f8ad7900150ba2
21d18b022429,4,val,466,2588,1958,1.0,66.56227111816406,31.73306997398547,33.09527564770542,False,022663c4470c1970841f8481629d2661
22098b1fe461,1,train,467,2896,1944,0.639,83.28028869628906,37.87768391622017,173.14104286185466,False,65f2379f85847d88aa9f17ff9d8859f1
2209daf71aab,0,train,468,2588,1958,1.0,74.06083679199219,30.516882665503232,17.111079684458673,True,7d6a273175dc257370137463389abaa7
2221cf5c7935,0,train,469,2588,1958,1.0,80.78111267089844,36.061421673818735,91.22841947316192,False,a00fcbafc93918501b1ca13879819877
222d0ac042b4,2,train,470,2588,1958,1.0,82.18374633789062,39.562720097483535,29.59080427675508,False,f471960a601716840c01052aec504624
222f3ee3a1e8,4,train,471,2416,1736,0.934,95.6925048828125,33.5397657082548,150.8267042329535,False,c4048174526538cd71e3e0521df08610
22325552a4e3,1,test,472,2416,1736,0.934,74.32913208007812,28.02273743207727,81.66548333223909,False,428aaf21b517a56824962a6254c06fc2
2241b7e90782,2,train,473,640,480,1.0,86.60726928710938,20.60906325909139,51.860730807995424,False,cb4c8df4646b901cb6a30b4140c0d2b3
22449af52060,0,val,474,1050,1050,1.0,82.84419250488281,43.71126843905164,164.47113794088364,False,99672624e709d264f5a7b0702e30b135
224bb938e2dd,2,train,475,3216,2136,0.842,115.26521301269531,42.04472319282894,201.63900332315825,False,0f787ab4a9483cd7a9f00f419eb4d40b
224c14366e11,0,train,476,1050,1050,1.0,89.18414306640625,47.12768705062079,145.09095273329876,False,3e8319859cb516badbff99b003636318
226c6ceb9185,0,train,477,2048,1536,0.602,38.54331970214844,21.998813602489513,57.796466073952615,True,584c04096d6b298d52f8e59cc04432b2
22895c89792f,4,test,478,1504,1000,0.838,85.93035888671875,35.98732749798701,106.17395617975853,False,0a20d5b84db6d380d9ce66be03b3369c
22a6da005395,1,train,479,2416,1736,0.935,88.21011352539062,31.902110755650995,132.08132829889655,False,95e101a51993c31dc4edb5148105485e
22ce8ef69357,2,train,480,2588,1958,1.0,74.18385314941406,34.90242654259791,68.5571909993887,False,28a9fa02f1b3bfa122c0d4890b179e10
22d843b2bbd1,0,train,481,2048,1536,0.625,64.70356750488281,40.47461652962477,73.49613615474664,False,67e80e28880f0fa8502eb51930e0510b
23148a40ecb0,2,train,482,2416,1736,0.934,69.25631713867188,25.80979196147725,77.4065625667572,False,ca9e726bfe970c8bae0ff16f15c7cdd0
23175b7ef453,2,val,483,3216,2136,0.842,100.29132080078125,37.106875759440854,128.54064582264982,False,b9b1ef9b1473153d72538e9a8989623c
232549883508,2,train,484,2416,1736,0.934,86.90544128417969,32.708723312657575,98.09578114654869,False,1b9675c1d94962f5a255e8afade20d31
233d948e2544,0,test,485,2588,1958,1.0,52.73606872558594,21.393285514653606,48.086249507032335,False,76c08d962f2886d8efb6b69d63662796
234399352d36,2,val,486,1844,1226,0.816,78.57765197753906,34.05487811377707,74.72143890499137,False,f7778882506754e08de6907452479dc4
236f56771ec6,2,train,487,2416,1736,0.934,56.13128662109375,23.630603722295227,117.88462948426604,False,3dbadc5efc209584ccc8b4f636999e53
2376e5415458,2,train,488,2588,1958,1.0,72.84190368652344,31.607349150572134,75.59707826375961,False,9318f33824c784d6c9de5f4eab549232
237aa50edc34,0,test,489,2588,1958,1.0,61.02154541015625,24.78959788864773,47.19841955602169,False,cd7fd832a690f22143f56303b09f79a5
237c078d00fc,3,train,490,2588,1958,1.0,82.59489440917969,35.90808193260189,40.51119068427943,False,fad69ad2b88c90643f930ed47c1e9a35
2399d68d407f,0,train,491,2048,1536,0.628,74.02043151855469,44.772907491839035,150.0767301300075,False,6368962f54add79be47cad86a137cac2
239f2c348ea4,2,val,492,2588,1958,1.0,43.06658935546875,31.27286307301459,111.8739690920338,True,acebe4b4742fa9229e799570e1c5d836
23d7ca170bdb,2,train,493,2144,1424,0.843,72.38584899902344,28.4689177721825,88.50766516453587,False,de4d6b745deb0c337b7c3bca50d9b0a3
23fca0693e2a,2,train,494,2416,1736,0.935,77.5408935546875,30.223240744273696,91.74379011616111,False,2d43d21bbf8ed9877eaff64a29701922
2408799a09b2,0,train,495,1050,1050,1.0,77.07235717773438,41.997301084407525,127.919956616126,False,a91ecbfb3d3a4e72538ea41ae1ed430d
240b25a7debe,0,train,496,819,614,0.931,53.58375549316406,35.75081441868697,50.44061028864235,False,6adfd494c5a384e85beed48ca8228805
242fc19be06f,0,train,497,1050,1050,1.0,66.65232849121094,38.48711611781171,98.8916051601991,False,dbca791b94dea54e733b42c12f9e3ccd
2463bb04ebc3,2,test,498,3216,2136,0.843,121.31916809082031,45.556863479332385,258.3021254390478,False,a560229fa97fab9a1362e222d450e1d5
246e4506824a,2,train,499,3216,2136,0.846,100.91952514648438,38.852942108260905,221.30708247772418,False,a79f74928b096a631591e1b1833abf6b
247ac63e5510,4,train,500,3216,2136,0.842,93.7034912109375,35.320461595832754,133.58418216463178,False,b23f86aa0213ff7435445b63e21b0f74
247e98aba610,4,val,501,2416,1736,0.934,55.11054992675781,19.706860545663606,54.098988864338025,False,546841f624c6a2994bca4d06660aa76d
248139c423c4,1,train,502,2588,1958,0.998,120.43202209472656,41.13074750693213,83.87670087232254,False,fb9140f0f3c7b63e53920fdf8d2c7ffc
248dec89b3a2,0,train,503,819,614,0.61,73.8890380859375,44.09045702126768,154.35397475562058,False,5bdff5acf10f644ea79cca3df32288d2
24b87f744598,3,train,504,3216,2136,0.842,90.11717224121094,33.66360543082712,119.11135333776474,False,d64189f9a0d311131b9fb1d78e8f7f00
24b943fe725e,1,train,505,1844,1226,0.818,67.12461853027344,30.586863222457044,56.969441501190886,False,6a7110d0b58d78e42880e0032d0e3fe1
24de56d433cd,0,train,506,1050,1050,1.0,70.27886962890625,38.1695439262341,110.53983642510138,False,7b3094070837f73287e728eaf26ad5ae
24f271c87e73,0,train,507,2588,1958,1.0,66.21759033203125,31.465754506979493,64.75699841603637,False,74b2e7adf35470ae9001ae834ffb43db
24f3e70f0419,0,train,508,2588,1958,1.0,61.465789794921875,23.86258372279694,32.04168743058108,False,1d53a5ca085799cc18b460d07ddbe79c
25002fe43f92,2,train,509,2588,1958,1.0,85.54246520996094,49.02379914883423,87.28546472545713,False,a1bb7ffd52f00145c442242ea590ed1e
252305189b3a,0,train,510,1050,1050,1.0,85.520263671875,46.26778471433318,210.967496821424,False,1a52462ea6ebc938706d1e66f5a95e18
2532613a584a,2,val,511,3388,2588,0.865,67.07183837890625,27.75288164038056,137.81816308549605,False,eca01e14bd0008a4e8063fcf3acb507a
253e96488cfb,0,train,512,2416,1736,0.934,59.00108337402344,23.726411665497096,68.92891448736191,False,e7ed2f3aee79a4ebaab6b47d1a916e58
254052cf3e48,4,train,513,3216,2136,0.842,71.83462524414062,28.69783386892205,100.21567976102233,False,727ab595ca022c2c9797e0f2baf6383e
2585bbc91909,0,test,514,2048,1536,0.602,39.61297607421875,22.849853543585237,46.74543669051491,True,05c232f4b5480fc676d2364bc7a52f56
259d30f693b6,1,train,515,1050,1050,1.0,81.46916198730469,44.017489629183245,133.63661624467932,False,990edeaa887b1cce2d828c53c2bf8d75
25a0a1e41afd,0,train,516,1050,1050,1.0,83.05656433105469,45.78938429562841,130.3253677105531,False,496e7bea8eb19fcab4ee13ab90639da9
25b0e72705a8,3,val,517,2416,1736,0.934,57.01416015625,21.8653741584184,54.75768640800379,False,78225ac5b87800215a65301e8d6008fc
25b4080f598b,0,train,518,2048,1536,0.605,82.51763916015625,44.5673136605368,203.27600372489542,False,1f778c5fba84b33a74830caed627c73f
25d069089c5e,4,train,519,2416,1736,0.935,68.63371276855469,26.880439889069905,134.57638718839735,False,2d9b060e6d74371fad765e91b36839c6
25dc1b41ed9c,2,train,520,2588,1958,1.0,86.58113098144531,31.259685175567082,70.69445840804838,False,3a9251e751a66a17403c563f38635ab9
25e9fd872182,1,test,521,2416,1736,0.934,64.03543090820312,25.25645492064467,73.10725784953684,False,a82b1e8f1317a977dbce9e4ea9cd99bb
2608e1dac5b1,2,test,522,2416,1736,0.934,72.49093627929688,29.647493247106883,70.1942639851477,False,f7f85c85b989be1546308bc40e20346e
260a455692b5,0,train,523,2048,1536,0.602,39.58851623535156,24.472933557050286,53.43515148363076,True,18adb0e6e292d13a8180d3ee86a13a74
261c6bd63bff,2,train,524,3388,2588,0.865,65.33840942382812,27.37363510722935,118.46267071273178,False,49f8fcff635f12cf1a08e75e999377ff
2628305cbb29,4,train,525,2416,1736,0.934,96.83572387695312,34.94047921912961,151.0672550124582,False,092ebff0c1fbe741bd1e89660b91e36a
262ad704319c,4,val,526,640,480,1.0,96.18144226074219,23.7364744426127,50.602162953233346,False,437d7e6776af3b9eca0afcf0d4a48722
263d8851e33b,0,val,527,2048,1536,0.605,90.38885498046875,51.334914472547574,205.83315344690345,False,c09040b87250df657cec3db8a47a2735
26453eb7e989,2,val,528,640,480,1.0,122.29278564453125,29.89893509848449,72.96555725391954,False,784f2f50b8d0776471101db40aeb303d
26463a5fb949,4,test,529,4288,2848,0.823,48.12139892578125,24.63373860644191,40.466362356208265,False,a640056b30f052efef221114d5917f7d
2665f72e2dd3,3,train,530,2896,1944,0.642,76.38699340820312,33.61565761709477,143.46152342832647,False,c20d68d97b068253cb4186c7c940f9e2
266fbefa58fb,0,val,531,1050,1050,1.0,78.12425231933594,42.45711143305759,126.33225749596022,False,6a5f0569b86221acc51abd889472d376
2682e6da9050,0,train,532,2588,1958,1.0,45.71875,16.14996628890638,18.314567528432235,True,ccd84fd9c410c7e149011ac0f133f844
26999ebc21de,2,train,533,2416,1736,0.934,81.84443664550781,37.52208233120194,186.92980286106467,False,255418738851cd0cb42b00367203e6a2
269b44e628eb,3,train,534,2588,1958,1.0,59.56854248046875,24.797645440824414,27.825531620299444,True,2d1a6303736a144e4a309e21d6faffaa
269f0792f11f,2,val,535,2588,1958,1.0,71.67591857910156,27.424149053984657,30.136036104522645,False,fdca3d4554d18b07697d49bf56b3c4cc
26cd40b57ad1,0,train,536,1050,1050,1.0,74.19366455078125,39.894799559385774,161.65580420847982,False,ea350eaedbe16839b4f3cbf03b5691f1
26d60db3bbfd,0,train,537,819,614,0.931,41.56700134277344,20.930910007217143,32.53217381145805,True,23e3666dd2bfe8acd5b0bcb6c0d0e922
26d9576e8043,0,train,538,819,614,0.606,64.92875671386719,36.77974122668345,99.66996651305817,False,7d7089657d28ba08862c4c1099c8c1be
26e231747848,2,train,539,1504,1000,0.838,70.52569580078125,28.135304841856282,105.60480884625576,False,a91ddc619ae3b19f7343b87fb1a5fc41
26fc2358a38d,0,train,540,1050,1050,1.0,69.76591491699219,40.470667618045056,106.52647651638836,False,8556620240d035876504ecdb3bafa856
2700754f71e9,2,val,541,819,614,0.931,64.4515380859375,33.489361359907235,74.90617284085602,False,02dbb5d60be77832fa7b0242c59abc27
272d9c043c81,2,val,542,3388,2588,0.873,65.41618347167969,27.84231076500104,174.56544679030776,False,ecc40f3f117f069e5f98cfdb6ff545f9
2735be026d44,2,train,543,3388,2588,0.875,68.73030090332031,28.918345249385897,109.85788175370544,False,43f8136048bf38612c64e3c1525415e4
274f4de2a59d,0,test,544,1050,1050,1.0,78.84686279296875,44.28566380031018,131.61345064057969,False,0e98100b50f7d1f08f914cb94ffaee0e
274f5029189b,1,train,545,2416,1736,0.935,72.78082275390625,27.943373432810468,79.5547967532184,False,e8f17c0f6ccd3fbaa7373dc6c1f71f71
276b14f72328,0,val,546,2588,1958,1.0,56.61286926269531,23.406009804179924,36.383440201869234,False,a7e92ccb212a1c5efc1d3976f80fe9fc
2776d70724d3,2,train,547,3216,2136,0.842,81.59904479980469,30.154102776383937,102.44884109124541,False,29ee312d6ea8c6a636bb89fc3d7dcdd4
27933cdbe0cc,0,train,548,1050,1050,1.0,84.03211975097656,45.06669241871216,136.31718273065053,False,2190ae0f233ca8fb99aced3d6a5e08e1
27b68863349f,2,val,549,2416,1736,0.934,71.17851257324219,26.67163202573978,92.8357422275003,False,852dd0ffea3e8e6a47057a92c4c0016d
27bab1432f61,2,train,550,2416,1736,0.935,69.31301879882812,26.60095468180669,85.63381341006607,False,d0c0342b98bbd6ed4f6f6f4153a88677
27e2be850a99,4,train,551,2416,1736,0.934,79.39723205566406,29.840814507619132,101.59206818952225,False,977a15cedda284b2f31fe118c438bd9b
27e4c800a449,1,train,552,2416,1736,0.932,56.197479248046875,21.65437085424269,56.05163729726337,False,0e2894e265486fe7b3150f73a83de1da
27f82ada84ac,0,train,553,819,614,0.931,37.99542236328125,18.766736763026813,25.020364375552163,True,342a80bfcd5c12a29ca96deefd0ca5b1
27fca9f12b3c,2,train,554,2416,1736,0.935,95.16867065429688,38.572739393030474,151.00736087560654,False,49d1cb472015d37abb4a71989b3232a1
281d7b7c7676,4,train,555,3388,2588,0.871,75.39714050292969,30.883368496798056,158.25312849506736,False,92555da608e7669071f83358771e52e3
2821998fc002,0,train,556,1050,1050,1.0,90.67025756835938,48.71347763432166,186.90791341569275,False,7ecab7e7c187292312a2ce477457966f
282bc792d23a,2,val,557,3216,2136,0.842,81.055908203125,31.874940437373443,84.3404379254207,False,358ab42d1aa936a656a20d954c198e4f
283c3aeba594,0,val,558,2048,1536,0.605,66.31732177734375,38.04526253006306,108.16345570026897,False,4b956691f70d745da5fbfcfb11636f74
28503940d10b,0,train,559,1050,1050,1.0,86.81057739257812,44.73250515033801,159.28560235723853,False,995e6bf652d70d7f1df3afdfa5f105f3
286e9981dd9b,0,train,560,2588,1958,1.0,56.99699401855469,21.84950397821329,31.990414558909833,False,379572bdb6d08c2c273127b3a5239192
28751f290ba3,0,train,561,1050,1050,1.0,95.43254089355469,49.551133960376646,173.57580244517885,False,059d6b22c989e296ec864bf26394ca5a
28824d12d31d,2,train,562,4288,2848,0.809,92.77822875976562,37.43232108426201,160.7333059569355,False,432d822b738637755287739b3a069267
289a47dcbb82,0,train,563,2048,1536,0.604,66.51271057128906,38.78255220811753,82.41252718656324,False,5b468f857f32a9929c5a1390d3c04f8d
28a4d00927b7,2,train,564,2588,1958,1.0,30.138946533203125,16.379360755337462,10.62594924471341,True,0feec93972dca8afee4bc800be385349
28dc010a0780,0,test,565,1050,1050,1.0,79.71986389160156,42.87000051659666,189.9789736410603,False,c71c48362a21e8a055b5ee5096106c58
28f73575e1f2,0,val,566,819,614,0.606,69.30599975585938,38.89543168981306,134.23251167475246,False,f098cbb45e3442036a76a2e446f2c7d0
28f93cad89c5,2,train,567,3388,2588,0.868,81.99945068359375,32.43555574979194,165.8153029361274,False,6495c364cec0fb6090289ff2814c8599
28f98cfe3858,1,train,568,3388,2588,0.867,87.62763977050781,36.260461240827844,139.98113571107388,False,c38f1c481786136ef1a35604d9ecf294
290ecdba359f,2,train,569,3388,2588,0.873,76.71559143066406,31.39201080071756,138.09326110384427,False,4a3c79a1870cb5570d1f9ae223b67e41
29192375ab1b,0,train,570,1050,1050,1.0,52.33378601074219,29.250275290999024,78.97020768746734,False,4195e776b7b2fa0a63845b682228c18d
291e2ff3d834,2,test,571,2416,1736,0.934,107.23837280273438,39.486974213131084,286.6835668848362,False,6a359d6b4b1f2593ed3cea8d2cc07b51
291f581d365e,0,train,572,2416,1736,0.934,79.52586364746094,28.53997840659122,120.3247936272528,False,34b4cd7d072142057d82ed17f13b284b
2923971566fe,0,train,573,2416,1736,0.934,76.53926086425781,30.790579215061722,88.8886805230286,False,cac2bb4f4311440d35942098b685cfdd
2927665214e1,0,train,574,1050,1050,1.0,74.07063293457031,39.98015904255079,113.93310974701308,False,cc080b71ec839d3ea48a178487f0bb15
29580bed2f7d,2,test,575,2416,1736,0.935,90.85408020019531,35.228397230786854,158.6667066477239,False,1d19095d9e02e866d73477a24d8edadc
295fdc964f6e,2,train,576,2416,1736,0.934,67.98211669921875,25.201462742805354,73.74577318131924,False,214cf455d7d232da8fe8904f16011346
2967e578939f,2,train,577,2588,1958,1.0,44.149932861328125,15.80247584378296,14.978428529342636,True,df3321e8b3616a50a3ab9d75ad0b6800
2974c6ad1d58,0,val,578,1050,1050,1.0,68.59854125976562,36.93047866220709,94.52418783842586,False,c5e0b97c657e2cdea31854313f6ba485
299086c6d1b5,3,test,579,2588,1958,1.0,43.86723327636719,25.89462753506435,27.344506218098104,True,3f87863e757d93e38b9533fc115c7a6c
2994f17f58a5,1,test,580,2416,1736,0.934,64.02726745605469,24.149766382404355,76.29876467376016,False,a359fe3dca9701ea6a3adcfce47f6fe5
29a13e666266,0,test,581,1050,1050,1.0,68.66700744628906,37.43954235047852,103.33399868011475,False,5e56134198b42dd30f5576cd63acd913
29b52f64d2db,1,train,582,2896,1944,0.636,81.88232421875,37.89522815233005,146.07535677566193,False,06cb578333e7617034033a262f5ea7f7
29bc0e721cfe,4,train,583,3388,2588,0.872,86.09078979492188,35.36052497765778,185.33661368652247,False,bf5717ad7e2341223036ee239be48b67
29d059522fa1,0,train,584,1050,1050,1.0,77.84072875976562,41.67849318938088,120.81426440086216,False,c0eec2393d6097e2bc9e5fbc6b3c909a
29f44aea93a4,2,train,585,3216,2136,0.842,91.14445495605469,34.61793229884632,131.39759360905737,False,822b08a2b9d4af53578c949165eb84b4
29f9e1ac9507,0,train,586,819,614,0.61,77.94326782226562,43.07271780383538,115.2563889825251,False,d69aaf33d80740d7fc3d74e2ba64bc0d
2a08ed6bbcbc,1,train,587,2416,1736,0.935,94.82772827148438,34.0865971270462,177.23286720737815,False,4a78c08403ded8df564552dd4fa05d10
2a099b247b10,2,train,588,1050,1050,1.0,82.02107238769531,44.00197525775814,146.9706423720345,False,ea7f4ba1d3bfa0182e92b03eb2c4a2db
2a2274bcb00a,0,train,589,2588,1958,1.0,68.93092346191406,23.645120855531832,62.16988745238632,False,8cdf31eedc0eb5afcf1cb5f664edc56e
2a2a6435f7f3,0,train,590,1050,1050,1.0,75.13249206542969,42.66324464948187,130.57118771132082,False,d4fb1ada74dddbf5a9630abf2796ca37
2a3378bcfbcc,2,train,591,2416,1736,0.935,71.88861083984375,27.216512239813564,83.82711694552563,False,0e858fd23afcc15b931d4ae7ef5aaa18
2a3a1ed1c285,2,train,592,3216,2136,0.841,48.77569580078125,20.992193579717252,37.549706443212926,False,fc9975c1046cd6401c1900b351fc41ea
2a4520f1f9a3,0,train,593,1050,1050,1.0,77.21189880371094,42.58907190865446,110.92270326241851,False,d10459f9c2584586ba31685add97f6b3
2a47e5b21791,2,test,594,2416,1736,0.934,75.578857421875,27.77151904877633,95.06288581993431,False,006f25913d0b0095e7a6f887dcd4a8eb
2a5a8b744f08,2,train,595,2416,1736,0.934,63.87092590332031,24.690296383548116,59.724680862389505,False,57086d4dafa43c57d2af434988caa0ce
2a7373eeb352,0,train,596,819,614,0.931,45.51679992675781,27.415579066927638,46.64707520022057,False,f29905b8daececd375967b8138db5f69
2a8a9e957a6c,1,train,597,2416,1736,0.935,67.76942443847656,24.920275949352437,85.65419321483932,False,3f225ed7b2d4f24e1ec84ebe50a3cda1
2a93334f663a,0,val,598,1050,1050,1.0,78.54647827148438,42.733076067722216,123.84109177044593,False,6a36a7906f93a112b8dae452512284e8
2af1bf226f51,2,train,599,2588,1958,1.0,59.5269775390625,23.239651353131794,48.56179469823837,False,bf94cba0e358d60a4721b42b98b5822e
2b074afdf626,2,train,600,2416,1736,0.934,75.71441650390625,28.253138820307584,76.49836280359887,False,56bab85cd47f65c74206a368257b6a68
2b07790a2422,2,train,601,3388,2588,0.865,49.05120849609375,21.382286621330394,52.9920533222612,False,d8441319c05fbaca4d934c57d9bea04c
2b10f138e67d,0,train,602,819,614,0.606,58.730010986328125,36.18435909667579,69.12733862339519,False,633bcc705ee866294825266970cfc97e
2b2f5a0f880d,0,train,603,2048,1536,0.605,75.43429565429688,44.39106448138542,143.90533177531324,False,36a7a3cd469bb3f5ce73e90a1559eaf6
2b3a4a81d748,0,val,604,1050,1050,1.0,92.00465393066406,49.68433399107638,156.7736830727663,False,3e88967b9c5801b8b694033bfe43b70f
2b48daf24be0,3,train,605,2416,1736,0.935,103.95845031738281,38.046519637917534,154.6259785555303,False,5e94c9769e009a46559da8e6dd4f4a7d
2b4c7b5f1f1e,0,train,606,1050,1050,1.0,83.70094299316406,44.28671927056051,133.90807671076618,False,c74f49cbc57b1f2409cb905454239db6
2b5bb6d33959,0,train,607,2048,1536,0.604,88.86065673828125,49.31038182840238,145.25411678757519,False,e5cb205f096e1b478624b29068d47f1d
2b88cb6e31cd,2,train,608,3216,2136,0.842,81.15863037109375,29.537219055792946,94.02917134389281,False,2ebaecace6c2aef70ec92b8c6913ae73
2ba0b0d9bda2,2,train,609,2416,1736,0.934,72.22486877441406,28.075531883703437,96.8472907950636,False,139a8265682102abf4050cbeed33c156
2bb063318cf1,3,test,610,3216,2136,0.842,74.63941955566406,29.42579450509124,90.90726523753256,False,3e91357a44ed128c01e5a77814c35bc8
2bb3c492d6d3,0,train,611,2588,1958,1.0,40.95758056640625,18.528774699138072,25.734115011058748,True,5afb05eeb06f31770db1f46dd31e0d87
2bbcfdc477db,4,train,612,1844,1226,0.816,102.64524841308594,42.53531774802958,103.90661206259392,False,2420209117c44633337c031666730d8c
2bbd1f99ecc3,3,train,613,2896,1944,0.641,71.20549011230469,31.00850823199507,103.04483616701327,False,b39fe669a632b5ccf92a704658e20a2a
2bd4d4fbed5c,2,train,614,3216,2136,0.846,94.679931640625,36.85432754553008,186.29530239105225,False,28f3bbe87f9f7eac35a97a8d2a92cf29
2c1d5be654dd,2,train,615,3388,2588,0.866,60.900726318359375,24.937660962626683,79.86324585881084,False,7adc82b3450acf16483956ab0e85cfd2
2c77bf969079,0,val,616,2588,1958,1.0,34.338653564453125,14.970547013206009,23.287327375262976,True,f8d5a90f23a0e0c1b817d42b074ecfa2
2c8101f14723,0,train,617,2048,1536,0.604,65.01968383789062,40.78676226811902,77.13773205503821,False,d137aa896c309e002ffd11df79289c0c
2c827005b8f8,0,train,618,1050,1050,1.0,87.72674560546875,46.190819492887776,168.4841050391551,False,577ad617169db3f3c278c750525a5360
2c9dfc270f1b,0,train,619,1050,1050,1.0,83.230712890625,45.15591101007696,141.12987158051692,False,e4d730437b1247016ec2359863db1c12
2cacdb0dffae,0,train,620,1050,1050,1.0,82.70993041992188,43.70441573632528,140.47116329311393,False,0822f88574f456a525c41f7b81bf9020
2cbfc6182ba2,2,train,621,3216,2136,0.842,86.05557250976562,33.28853298506441,121.628867036663,False,e1a3cf7a2eeda17969c357d85f6acab1
2cceb07ff706,2,val,622,1504,1000,0.838,88.34634399414062,34.52085283501645,124.17600120208226,False,9de693d1d4aa57e91748bc3aaf0a77d6
2cdcc910778d,0,val,623,819,614,0.61,69.76725769042969,44.597013697107045,124.4603082202375,False,28dd435820fc19b019dc49bc19192a29
2cef97083e6f,2,train,624,3216,2136,0.843,84.82424926757812,31.24147679252855,121.73373323306441,False,ab193f429bb9ffba5184169765624265
2cf18033da31,0,train,625,2048,1536,0.605,88.89894104003906,49.94101893647906,150.85990047454834,False,d83c99632952537f15899daee7ea5c74
2cfe8703f265,0,train,626,2588,1958,1.0,59.87269592285156,22.688568309366225,42.13182279095054,False,e5fa5036651d921dfe36ad00828ef1ee
2d04cead4d3a,0,train,627,2048,1536,0.605,63.79377746582031,38.38261808196474,129.79087606235407,False,68449277e329db90c1333139c3524e5f
2d07162a13b1,0,train,628,2588,1958,1.0,51.7264404296875,20.77412560855841,18.400829657912254,True,22f72a239e5a6a71cb6a49a2f7509a9d
2d3f4094c08a,0,val,629,2048,1536,0.605,73.799560546875,42.9257254461741,119.52384868916124,False,af7112bf024d4f328d29812a5cfffe5b
2d552318eb07,2,train,630,474,358,1.0,69.39547729492188,30.05489616924932,42.56982421875,False,f1e46e611cd3157dee02b3673293a9e1
2d558de2cabe,0,train,631,2048,1536,0.602,35.38520812988281,23.958201701788603,43.732974741375074,True,593c2e0731e106bb187deee479017e7c
2d7666b8884f,1,train,632,1844,1226,0.818,73.68669128417969,31.12462835303277,75.41153679578565,False,aa606d55337be453d9a7946e908574b5
2d870833c0c9,2,train,633,3388,2588,0.871,74.39060974121094,30.64121655442787,138.24695964809507,False,bf87053831cd1d665541f5290d64f076
2d9d97a6e713,1,train,634,2416,1736,0.934,80.74333190917969,29.172480071756894,111.9365386494901,False,8600504ee05ee45043feebd95be0be10
2da82d14e1b7,0,val,635,1050,1050,1.0,87.14669799804688,46.297870279760275,183.09926008223556,False,2e99a5a36dd5df88e761c38c063aab90
2db0cd3e30da,0,train,636,2588,1958,1.0,52.685333251953125,29.460205377799504,41.15666192397475,False,5e50e08dc7b74a8825ca67ffe5b673c0
2dc647e00ad3,0,train,637,2588,1958,1.0,47.37226867675781,21.352366732523038,22.71486411895603,True,5d84e144629ff26c91c5da0d6cd77738
2dd28ac497d2,0,train,638,1050,1050,1.0,93.56430053710938,49.637712907496265,168.635024437448,False,1042a28f9a52cbd3e2fb2047b9b35be7
2e26762daed5,2,train,639,3216,2136,0.842,81.16925048828125,32.53660955302212,100.50839515007101,False,e5aa2df92d103f2aae951865a230d449
2e79041ef722,2,train,640,2588,1958,1.0,34.278900146484375,19.888127153434574,20.787214002572,True,6acaa4b55133da32a6c99d3b6041d35c
2eba4279e503,0,train,641,1050,1050,1.0,73.9195556640625,39.815495860199725,114.5457553230226,False,23417c0cd9c7400cadf50d888364ba39
2ecbc2e3f239,1,train,642,3388,2588,0.864,64.79928588867188,26.188919882968243,98.92885147943161,False,a1aabe6439dec2c6f7f7b06349cbfe21
2ef10194e80d,0,train,643,2048,1536,0.602,42.666534423828125,25.21902422358142,59.434108923887834,True,ec413839fd946fb40fba012d6c99f4f8
2ef4a04aed1b,0,val,644,1050,1050,1.0,87.93437194824219,47.900193517648326,153.46458214428276,False,4b43f86c329bcafdd89065f934cf465d
2ef955d6d9ff,0,train,645,819,614,0.606,57.162750244140625,31.938332768078496,88.60666190995835,False,c971ef5658f4975676192f01fc859169
2f143453bb71,0,train,646,2588,1958,1.0,58.97514343261719,33.66376164503071,66.63608065783046,False,3caf5dbf1286de3935a891bbdf5a2e50
2f2e1949ad56,1,val,648,2416,1736,0.934,71.66921997070312,27.681379095607184,77.08756415452808,False,9d37a3a514a826386862f5bd3408b89b
2f42e20db938,3,train,649,2588,1958,1.0,63.35600280761719,26.92972464122025,30.891183740459383,False,12695bb1a2b175eaac577c72e4b5771f
2f4e81787d9b,1,train,650,3388,2588,0.864,69.10940551757812,29.149934516018938,102.94772820081562,False,8293cb0c5a801aec0f605aaba4ce33d2
2f5c9cdfb333,2,test,651,2588,1958,1.0,73.5308837890625,38.963510411713195,41.71441975142807,False,958e23cf619f34bc06e1aa7997c11d98
2f7fbdcc9a4b,0,val,652,2048,1536,0.605,82.50296020507812,46.02916049098402,143.7562728812918,False,32c288c25b7667eb8fce6176a7d83868
2f81ee5f2926,0,train,653,819,614,0.61,81.85301208496094,47.736682103586624,216.2516092872247,False,550acaaaf7cd3fcaa336b26ececd1bc2
2f8d14a7d390,0,train,654,2588,1958,1.0,36.96726989746094,12.761559601860311,12.493575676344335,True,a0d963da48ef56233169bc652604bb42
2f9b66784109,2,train,655,3216,2136,0.843,100.07054138183594,39.44199543034944,183.34939937083982,False,32449ea1d26b1da71a3415d45a94d254
2fb3a8606a77,2,train,656,3388,2588,0.866,78.08241271972656,31.64424696883593,219.0311292251572,False,2db3bf5237153e1fd40b175f7d24ecc2
2fde69f20585,4,val,657,4288,2848,0.823,61.71809387207031,34.244474933643446,90.41261467989534,False,4e5f41f1e07ab4b5a8d83fbf80e3e197
2fdfb80ea53c,0,train,658,1050,1050,1.0,89.43486022949219,47.386057493724664,159.0876411050558,False,67aec16ab8451476668fadc88baf7250
2fdffb6160a6,2,train,659,2416,1736,0.934,74.20158386230469,27.344295718771733,87.59179824590683,False,be8de833a6057a87db314eb3fe08c44f
2fe06bedb2c4,4,train,660,2588,1958,1.0,105.9830322265625,43.75538700299844,66.68239711225033,False,de60aed5abc9d7f66e2d5564ef509e72
2fefb720869a,0,train,661,2048,1536,0.604,80.3765869140625,44.681685632135334,170.93916223943233,False,00c773cbfaa58bfa2b14319936c17a18
300305ce82d2,2,train,662,3216,2136,0.842,78.70248413085938,29.841525562240083,81.34127463307232,False,6f259183c94d764f9004cefdd7b38e17
30263a7d5609,0,train,663,2588,1958,1.0,38.437042236328125,15.728550543172567,15.68757538846694,True,5e72ef5aec2c5ab820a6f746d1228867
302bcdb635ff,2,train,664,1844,1226,0.816,86.03269958496094,37.12157589822673,92.64183004177175,False,d9f82e522f3c9ac61e05737fbcb69f95
306c841af3fc,0,train,665,2588,1958,1.0,65.26828002929688,31.134520788227963,97.74416971113533,False,d8ad559a3b887663cf3f50a09f73acb3
3079490a4b9c,0,train,666,1050,1050,1.0,77.28117370605469,40.0030142243744,111.79612467787229,False,9f63f52947c3a6d9d868ecc7530c4002
308f7fce6f0d,2,test,667,2588,1958,1.0,51.727203369140625,23.33210186120967,32.1524404452648,False,924dca7e7f0b16b54d49da1984fb3f3d
30941b65348b,1,train,668,2416,1736,0.935,103.08354187011719,36.74268535210603,180.7013681435492,False,67161855e6214ef9adb7ff6becf71572
30db694bee42,0,train,669,2048,1536,0.605,79.422607421875,45.53094259706824,118.9295216051396,False,c7df22478816e44d1e3e5dac3bdd74e5
310c27067ac0,2,train,670,1050,1050,1.0,73.46087646484375,40.0250592294584,110.37255242373794,False,540b151169abbfbba7de3c5043f422e3
312694ea8e6a,4,train,671,2416,1736,0.934,60.521820068359375,22.039164551515046,60.96562049444765,False,821702ad2398f79af47ab391b590ab6c
3128eb593012,2,train,672,2588,1958,1.0,44.19203186035156,21.063331032148817,32.77351447567344,False,1ab9306c7702f8d2cdcd821c58f72010
3132556f5352,0,test,673,1050,1050,1.0,72.44306945800781,38.3705494623454,137.2832993119955,False,e151edbaf046df8c4f6fecc62fcc9531
31360e44ac64,0,train,674,2588,1958,1.0,44.15333557128906,19.738474950054897,25.31301173195243,True,41cc387e2c056fa4c68d8c0c89cf7fed
31452ad8808c,2,train,675,1844,1226,0.816,63.829437255859375,27.697016390652283,64.41003194078803,False,d2438be9553fff9cce252b4ebf349d13
314862758acf,2,test,676,2416,1736,0.935,91.28775024414062,33.22456100458496,144.91845013923012,False,d67def12302ac6628d2b6180cd16044f
315c1a0d87fd,0,test,677,1050,1050,1.0,83.78446960449219,45.00535019891015,173.45345100667328,False,3f9175bd65972ab17d82defcbfa43ff7
31616ff6b53b,3,train,678,2416,1736,0.934,76.62776184082031,31.67292098140084,165.99535685195588,False,d3ba1752abb5ddc934291c290ad0f4d2
3178559fbf57,0,train,679,1050,1050,1.0,91.82350158691406,47.45263067783178,183.1438426375389,False,f23d293c380aedc29e50daeea6ba8f45
318eb706a134,0,val,680,2048,1536,0.605,76.23199462890625,43.15171747136476,170.3700502438005,False,0c38aa960c3a10683df320992c96b0e1
31b5d6fb0256,2,train,681,2416,1736,0.934,52.65946960449219,23.83938366930556,71.302917804569,False,3ae44eaccfe7470a21323fc26ded4060
31cb39681f6a,1,test,682,1844,1226,0.816,77.27935791015625,35.898745985179254,66.50746052502654,False,2dfca52767ea503a3f295ca2740ea593
3206171db5be,4,train,683,4288,2848,0.815,80.10163879394531,31.311203246288223,179.62795565929264,False,fd5fe39a7ed4bada38ee88075cadb25e
3218a6d8eb2c,3,train,684,3388,2588,0.873,57.098968505859375,24.244289108075364,68.77154704555869,False,3b4103be2346113ad526669a5a80ad17
3232b34cbe99,0,train,685,1050,1050,1.0,87.02664184570312,46.93046157153716,150.781654920429,False,8efb2c0c8526f6f2800fc9ca914b3566
3246f07e65b4,2,test,686,1844,1226,0.816,104.88673400878906,46.544569781158,230.02279341197573,False,4d9c87e379e1b6d86d4742f5884a080f
3254e48c8aa0,0,train,687,1050,1050,1.0,84.68165588378906,45.56054304639985,131.70598369743675,False,66479b47ace918233e903b3cce32b4fd
3286073a976e,0,val,688,819,614,0.931,49.78486633300781,26.670448113751938,43.23426428064704,False,1c6376ec129d3ec08902ee62065a9bec
328d141ed3aa,0,train,689,1050,1050,1.0,81.88188171386719,44.60310346237977,161.89398886612616,False,fb7941faf84345e296816440c3b142fa
32a3eb37ff40,2,test,690,2416,1736,0.935,86.74021911621094,31.9199973995173,125.2880517905578,False,9e94cf896df0285cc2bb3d98456225f0
32d7d360d891,0,train,691,1050,1050,1.0,82.93013000488281,44.17354397929397,183.99962539388798,False,c3392147351d83e149425b04f736ff97
32ed318235b8,0,train,692,1050,1050,1.0,81.22076416015625,45.051336884493466,125.66319940984249,False,cacb8ac418f768f45bb264d867f1147f
331121c65e88,0,train,693,2048,1536,0.604,68.96662902832031,42.93182398034838,85.32279306626879,False,d10a7ee17d00c2843bd672d8892eb1e8
331b87d1b9d1,2,train,694,2416,1736,0.934,98.32859802246094,34.311865104337706,133.62137019261718,False,241f22845794174f2c680fd8084e1b7e
3323fd59782e,0,train,695,1050,1050,1.0,82.17343139648438,43.51942707714543,130.00701104453765,False,132fa6481fdf637d736028b0f4d019c7
3325b1fe55d2,0,train,696,1050,1050,1.0,85.15951538085938,45.247169098575284,136.1519104084,False,607b5677676e983091a7cc86f2bfae8a
33596a635b53,0,train,697,2048,1536,0.604,81.66221618652344,48.6999037535609,178.99927284941077,False,ed56b1eb1ffc39a470cbd787bfbf8a03
338326891d84,0,train,699,2048,1536,0.604,64.74078369140625,41.411294731261684,126.6440522314515,False,4bf24de537886ac8a11fa1c666784dc8
33b893e18eb3,1,train,700,2416,1736,0.934,87.69856262207031,33.760285818824315,162.43522012024187,False,f55d2ee110e025fdecae5b7a1d036a3c
33b91def2035,0,train,701,819,614,0.61,77.587158203125,44.961888115823335,170.6315907908138,False,ca11fc345d49e61a9126f98cd7a091e2
33b978734eab,0,test,702,2048,1536,0.602,39.47398376464844,24.3180216087193,48.193319148384035,True,ff6ee7ffaa98e305b0bd84e7c4fbf1c3
33d72035c27a,0,train,703,2048,1536,0.605,91.2313232421875,52.83095108352352,311.32134479191154,False,c34cab722c331f0d8b6d1628c7943e5a
33e7bf536fc5,0,train,704,2588,1958,1.0,60.386566162109375,26.336126013504472,34.34898017346859,False,954224d8271065a91da08745bab62af1
33e8e26a75d4,2,train,705,2416,1736,0.934,86.05133056640625,31.418943069128783,126.10738377925009,False,da95fdeb2d4e0b75dee59e42df3cc332
33ffddea8c6e,1,train,706,1050,1050,1.0,78.05400085449219,44.698838960213635,113.01245670183562,False,c9eb325f48abe6bbaef76686481a2a9f
3402124408ea,2,train,707,2416,1736,0.934,96.90623474121094,34.526355973115656,188.09738376713358,False,f2d402cc7a3153204d59232c1b8d8fda
3428230bf1bd,2,train,708,2416,1736,0.935,78.27049255371094,27.315502702757705,101.5830212959554,False,23dde598461b1e629ea270a78c70c94b
342edf9b889d,0,train,709,819,614,0.606,64.05870056152344,37.35235362345792,112.88169960281812,False,1b2c9cb5a1e620cd8140752a9887857e
345b1f0abbba,0,train,711,2588,1958,1.0,69.6322021484375,36.15233142570232,59.69243409088813,False,6779b90ea677756b326815fcb9f98fd1
3461dc601cc2,1,train,712,2588,1958,1.0,83.56207275390625,34.25508280174597,55.829875752096996,False,d93d96fbfdd9ca3871126f87071c576f
34723fae6475,2,train,713,2416,1736,0.934,68.95152282714844,27.26208199917117,82.30533502902836,False,3096f4a6706ff9f1a177226f9375d0a3
348598d01e18,0,val,714,1050,1050,1.0,76.52674865722656,43.082365613927806,149.56865568622015,False,ad04de0e4c3e3169f55d64073596efc0
3486f7096276,0,train,715,2588,1958,1.0,83.17771911621094,42.747080404149465,63.122163984691724,False,979d947ac97b3a8b886d9a064f955ef4
349f3c0ac83e,2,train,716,2588,1958,1.0,44.20960998535156,15.999667921259002,22.322501085465774,True,a357cd023fb853caad831c320da42987
34a7dbd3f05c,0,test,717,2048,1536,0.605,81.54878234863281,46.9908935235316,108.31788931577466,False,e3323c85696db020252e3d619c3d1ad7
34acae864963,0,train,718,2048,1536,0.605,79.20909118652344,45.42698190021258,185.2936218827963,False,02113c056ff854e6a27b7cbdf25d849a
351e842842a2,0,train,719,2588,1958,1.0,40.81672668457031,21.45066521036228,39.05074058379978,True,b7da0ce2d538f68f98c404c3698b1b1b
352e4a939242,3,test,720,2588,1958,1.0,81.17362976074219,47.991838916466975,181.45753155648708,False,8510ce1155188960f4b6c4031fb8ef4d
35362d43e753,0,test,721,1050,1050,1.0,103.3077392578125,53.80525887389356,177.55386629677378,False,13055ecbf8f9c92c0fdb12c635227d00
354b8911d6ed,2,val,722,3388,2588,0.872,79.45932006835938,31.634241627333523,154.79931092169136,False,5848b263f8fccf08b1c9027e469e239f
356304d15a5c,0,train,723,1050,1050,1.0,59.77752685546875,32.43777573697775,80.54673186666332,False,a70862695e898e68fab82765f4aec05f
35777eb7859d,0,train,724,2588,1958,1.0,77.08045959472656,32.11289440883812,58.44727773941122,False,bfd4d5a207229b18d706f3b0430eb7f3
357f02a779d7,0,val,725,1050,1050,1.0,83.0260009765625,43.82776704648834,127.36306553985924,False,776549afc900aab30a81628c166a9fc1
3580a545016d,0,train,726,1050,1050,1.0,58.47990417480469,32.327362133271876,97.40122233494185,False,f0528ffcfe788892839e9ff133341425
358d2224de73,1,test,727,3388,2588,0.865,68.19770812988281,28.58003035348494,89.46269448637031,False,1d9c581aeb709ff78b548db92a36e5ab
3599029efeb3,0,test,728,2588,1958,1.0,48.050872802734375,21.597726684636743,44.68067932128906,False,6d428af207ab81ca9952093dc1c64f58
359bab5d784b,0,train,729,1050,1050,1.0,71.41064453125,38.86017264240433,108.64799635019153,False,c17ca6d576b10ae6de8ae480a12f9cfa
35ac70c0d08f,0,train,730,1050,1050,1.0,72.04879760742188,39.428848104976474,125.41906612273306,False,205876a090836d49cd6a9b5b5677d963
35beb47fe159,0,train,731,1050,1050,1.0,71.82504272460938,38.90890348080682,129.41341250762343,False,3993d7159507d8bc4c507c0dc49cea3e
35cd9832fc0a,0,train,732,1050,1050,1.0,81.34877014160156,43.905089432377714,161.52735999948345,False,5ddac7b47f3e1c6c10377fc51d90f127
35d6c4c50072,1,train,733,2416,1736,0.934,71.02027893066406,26.538438679751234,108.92631833045743,False,38b838ef4d93ecc7ef0474c61eb13c76
35df2bc6ae95,0,train,734,1050,1050,1.0,77.12074279785156,40.74268215675278,126.67829315271229,False,0ed2250a4cb8f41f1c97cb543f5350f4
3601dac9bed7,0,train,735,2588,1958,1.0,56.18037414550781,21.437416293492177,55.94078521966003,False,ec7ada75fd0c55b302bc1d016dbf576e
36041171f441,1,train,736,2416,1736,0.934,102.21224975585938,36.067840573357344,178.81245027272962,False,73596fbf13ee7fb3fef8a6be6cea049f
360832d84ce0,0,train,737,819,614,0.606,55.1729736328125,31.06284758428027,83.40214011236094,False,548469fecb3d56b060b535c6e92f4df7
362c4a96cebb,2,train,738,4288,2848,0.811,71.37141418457031,30.684798524081284,110.08197662141174,False,8901abed5e74c1fb63f72690f53319fd
365f8c01d994,1,train,739,1050,1050,1.0,83.12983703613281,43.830685958883585,127.74687903746963,False,4ecf1a2023314b86d6dbd4488c629cc2
36677b70b1ef,1,val,740,2416,1736,0.935,94.10220336914062,33.532524931765295,132.20352392550558,False,4c301ac57f6743f7dcfb3e6f0eb28282
367c7049929c,2,test,741,1050,1050,1.0,75.66329956054688,40.87536179839892,116.64046263601631,False,1329ab492ab68ef2e9b571f838a57215
36865bbc64d6,3,train,742,2896,1944,0.636,55.277862548828125,24.399648908680007,77.70550158224069,False,658b62ef301cd194dbb932cec988ea4f
369229040a34,0,train,743,1050,1050,1.0,84.10951232910156,44.532393939188225,127.12663976266049,False,025f8466960455a3f6ed179f209996de
3694e8c8e09a,0,train,744,2588,1958,1.0,58.14251708984375,23.389554765558398,35.02092691883445,False,bca2ef776982c414e16100b5f6537636
36a1e3c780a0,2,train,745,2416,1736,0.934,68.43002319335938,27.064112826768365,126.34126330143772,False,a286a22ab2adb59094fe40782ac07289
36b5b3c9fb32,3,train,746,2588,1958,1.0,83.68426513671875,34.80269416250364,81.05691242380999,False,fb008060f4aba6d9cab929366ac1744a
36e4b704b905,0,train,747,819,614,0.931,42.637176513671875,24.751720263302282,34.190708628855646,True,42523886819062f6c02f7a94bec4df6f
370f575adb23,0,val,748,1050,1050,1.0,76.81436157226562,44.45230590243964,123.81773766502738,False,c1b76657b72730c1746e4c181674f992
3710ff45299c,0,train,749,1050,1050,1.0,80.36727905273438,43.54699511548021,149.9315938949585,False,9651423108c2b70b45c37d6bfb16a0f6
3730c322d35b,0,train,750,1050,1050,1.0,84.60990905761719,46.010256133940096,161.77066678460687,False,6090619d7efdd5a82aa2230e3aca1d81
3732de8b416f,0,train,751,2588,1958,1.0,70.21614074707031,31.528416817070475,68.05655032931827,False,525d3977a1c994e524175a51f58cbd83
374535e0adb8,4,train,752,4288,2848,0.826,77.27314758300781,37.122894614812395,126.80477150436491,False,3b5f2b4308006f1dd6347a382d05ef39
3748349334f6,2,val,753,3216,2136,0.842,97.04267883300781,35.54997231254177,121.08227172121406,False,c7bbe984255b10646afa532b6e5e054e
378963f9df22,4,train,754,1844,1226,0.816,72.73594665527344,30.872646364238587,91.20720832701772,False,7faf48da62ecce42a534000d13c2b3ab
3796af4d987a,4,train,755,2588,1958,1.0,55.975555419921875,27.412994588981913,26.01387656084262,True,785fdb83fbf9f331185dfb64b6bdff78
37c4dfe03aba,4,train,756,640,480,1.0,103.79061889648438,23.490637962963163,63.91184626496397,False,11e2a3095adf66d331f0e41a70cb1d05
37c523296d42,0,train,757,1050,1050,1.0,75.21717834472656,40.78501836573019,122.53219408146106,False,ed42391768657df56764f19830ed3dd6
37de05ef12a5,2,train,758,3216,2136,0.843,83.11009216308594,32.90241231336798,94.22007665946148,False,f3aa6fab19230a818e8e0427f4676a09
38055d8b9f08,3,test,759,2416,1736,0.935,103.10234069824219,37.600974610244776,180.5125258229673,False,920f175de0465228ee4d01c41251ec48
3810040096cb,4,val,760,3216,2136,0.842,107.16793823242188,39.17922320103871,168.67686725384556,False,a4555d9a3f5cd646dce291b5dd03f72f
3823acc4e464,0,train,761,2048,1536,0.605,72.56602478027344,39.912537953560474,114.0287314595189,False,444417cf7b98469b209e1df682fa9d9d
382752f6694a,1,test,762,2416,1736,0.935,90.87397766113281,31.89514676703973,184.1447807007935,False,946ecfa68cb35fe9f63b1ab6f11902da
38373431d996,0,train,763,2048,1536,0.605,64.31063842773438,37.60040473372942,84.64362712553702,False,dffd4eb0c2d693602af59ed3e8356cf0
383e72af1955,3,val,764,2416,1736,0.934,89.45416259765625,33.78015062759165,194.58679322060198,False,2c0f64920eaa5416a046020f49222fe8
384631079d1e,1,train,765,3388,2588,0.882,62.94963073730469,28.024202712455903,93.4840591007378,False,d0f3d6236ad075c5e34e74a890fbbc84
38487e1a5b1f,2,train,766,1504,1000,0.838,84.64837646484375,33.40019211108662,100.48939903243445,False,4a1e67e016810e9c9ba08c9ae8be1b98
384db24ebbd7,0,train,767,1050,1050,1.0,85.94483947753906,45.1588784639136,135.2302624040749,False,0207218d37f5d4bbdfc86ddf968a6a56
384e6c915722,0,train,768,2588,1958,1.0,47.7969970703125,17.89419794469637,26.407597915967926,True,89c63e9baefb6cee5428472d4e6cf633
387138ddf43d,0,train,769,819,614,0.931,36.58534240722656,17.39768266699164,28.1369140741881,True,4cfd74ee6322ea90dcd66d972441c7de
388279491b5d,0,train,770,2048,1536,0.605,81.84974670410156,46.808598062064824,175.83456693193875,False,cc51d31cc395b7f22c1548b103d3cae1
388f12e8df0b,2,train,771,3216,2136,0.842,94.43646240234375,34.10364877402709,140.03484272863716,False,f7bf7aed3496149e929204e44609271a
389552047476,0,train,772,1050,1050,1.0,71.39166259765625,38.21239079631808,115.70900484523736,False,61e4ef9f3ff09ac7c1e71b2ac32e17b1
38b9bb961847,1,train,773,1050,1050,1.0,79.03895568847656,43.062676380809854,103.44637570134364,False,6cd89ecad8b8b0213c155fd5b800ee5d
38c7153457e2,0,train,774,1050,1050,1.0,69.70100402832031,39.218974525848004,113.29711818695068,False,e4a57680bdf10a4021945f2cc0ea95f5
38e0e28d35d3,1,train,775,1050,1050,1.0,78.28611755371094,41.79315915319453,120.9547776596155,False,9a375241eb38f98b3a44aae00e3a73b2
38e111cac46f,2,train,776,3388,2588,0.872,58.54539489746094,23.659255270561275,90.38715612119995,False,aaf333458d8c61b04a90b1ee2fb6a1f3
38f1901f214a,0,val,777,2588,1958,1.0,59.85838317871094,25.488481097840086,36.18335622549057,False,29248b2f0e05d9475d536c42372b2e4a
3908b3cfd620,0,train,778,1050,1050,1.0,75.32624816894531,41.20745865942709,123.43165603186935,False,586d30192cee4be9ac101dc17119aa43
39134907127a,2,train,779,3216,2136,0.842,82.87356567382812,31.27978862573308,113.61663144733757,False,058c55f356f09a40b362542b1880f1b7
393fa5a023a5,0,train,780,1050,1050,1.0,81.38014221191406,41.764693458785715,120.28137293085456,False,6aa506038aa9cfe8ed7fc601f4de6c55
39923b29988a,2,test,781,1844,1226,0.818,87.4232177734375,41.064823475187104,116.51211295183748,False,3d9796197cbaaf890d96f1531361116a
39aa3cd93c50,3,train,782,2588,1958,1.0,54.85862731933594,24.736498047714353,87.75575923919678,False,c0d2c0c25db5cfa0b02bc2dcf5deb8bb
39b5b05d6cd9,2,train,783,2588,1958,1.0,56.28205871582031,25.615892276934744,54.108176031848416,False,8d338c05899849a32a3ac46d7f9e26a2
39f8935185e6,0,train,784,1050,1050,1.0,85.15693664550781,46.60740659516459,150.9211776694283,False,c1cf704131fbf8782b4e2944632b2a6c
39fd8ef3a45c,0,train,785,1050,1050,1.0,81.86286926269531,44.392558593928534,129.36518595716916,False,1cfd112271d7e2eb33fc14a4df72da7e
3a122851e526,2,train,786,640,480,1.0,95.9412841796875,21.221191287932154,62.40415648277849,False,b1c3c6737f4c2714dfba0ab8ec78121d
3a1d3ce00f0c,2,train,787,3216,2136,0.841,42.406341552734375,19.049239402045103,35.205322505673394,True,acc1c260da1ea686568a6f2917921775
3a1ecf5e2839,4,train,788,2416,1736,0.934,74.86402893066406,27.893548888722666,86.74563811696135,False,290efb4f8c6f31442802ef9915d5c814
3a4cfea0a766,0,train,789,1050,1050,1.0,87.57780456542969,45.97124134101638,141.66656447178684,False,cfddbf32ab49c31c080b33a2168a4a03
3a61e690f4bb,2,val,790,640,480,1.0,92.42735290527344,28.276384608029193,40.11914326902479,False,c6a9726bb16e7f62c770627cbd687966
3a643599f852,0,train,791,2048,1536,0.602,37.7105712890625,23.433522486781037,31.874672464793548,True,0d2fa9dca36c568438268668178657fb
3a6e9730b298,4,train,792,2588,1958,1.0,42.87872314453125,26.643646757337788,33.3663564582821,True,da1d79ba55a20930a8c69caa492d5648
3aa2b1ce6700,2,train,793,2416,1736,0.935,84.97479248046875,38.64754528964218,169.5853920110967,False,33d0fba69155bc9407332834798ad97d
3abac0961bfd,0,train,794,1050,1050,1.0,82.75163269042969,44.04504348725058,127.66395652643405,False,603f2c695f06220464e1c7a1e247014d
3ac3fbfca7d4,4,train,795,3216,2136,0.843,112.09701538085938,40.9290408975965,187.65750249451958,False,437618e56c1016f72a572ab0b553dd8f
3ac92ac3d65a,0,train,796,2048,1536,0.605,89.31062316894531,48.82401570898297,163.49462729482912,False,a7930de064d614d9f7353d82bd5a263a
3af9aaa880e9,0,val,797,1050,1050,1.0,91.27079772949219,49.288312566224405,149.3395605289843,False,2ca1d8f038da79a064af0dfd0fc0b9d2
3b0190bbe615,0,test,799,1050,1050,1.0,82.72061157226562,44.89533733769067,145.90640304982662,False,1d27e8670936aefe16b2c9c5811dc3a0
3b10191dfd25,0,train,800,819,614,0.931,51.7032470703125,29.150500156573806,66.2372577926144,False,86d717f37bff14d906076d9bb26d704e
3b185ac445d0,4,train,801,640,480,1.0,88.52992248535156,19.64581995254362,45.338071727892384,False,1d9c37ffb3c7038a6e46d8ef53a3603c
3b232b394e4f,4,train,802,2588,1958,1.0,122.98515319824219,46.063361366789536,150.95173078752123,False,e42dc8d366cf56b671a976eb42ff2bdc
3b2b91590590,0,train,803,1050,1050,1.0,74.31997680664062,39.50392847663828,107.8274782858789,False,0ccf42d09a2d7cd869355f2ab4fce7b2
3b4a5fcbe5e0,4,train,804,1504,1000,0.805,46.02772521972656,24.15308216188229,46.83194341417402,False,8e6abcd4614321a1c334377cf9b78dde
3b58b02c89ed,2,train,805,3216,2136,0.842,99.70193481445312,37.23714508771902,151.58154295920394,False,1b5aa1166b70491fd69945d7678f8f70
3b5dffe159b6,0,train,806,1050,1050,1.0,89.6502685546875,48.06623088195505,144.70244722790085,False,cd5c9630b6f6cc0682b9691305405b56
3b73a3a4a734,1,val,807,2416,1736,0.934,71.63233947753906,26.901099081087693,113.72504329681396,False,763f43030d0dd3e5ab1bbcd0b92ab4c7
3b9817a39adf,0,train,808,1050,1050,1.0,80.11012268066406,42.10024582247218,131.6766014099121,False,b0400b1271059bccefbe5808c2fc43d2
3b9c1f42c2f2,2,train,809,3216,2136,0.842,97.63020324707031,37.124055684870406,123.0735963692423,False,a23d320545d11cc5f9e801edeb1dec62
3bf2deaa5ef0,0,test,810,1050,1050,1.0,78.24432373046875,42.48440227629553,119.37060111761093,False,9fcd6e3dfc24f06572ebbc449ac3b381
3bf3085ac167,0,val,811,1050,1050,1.0,88.884033203125,47.14563744992154,156.78061051270925,False,70338117cb779139af4e69360b1dde1d
3c1efa38d0da,2,train,812,2588,1958,1.0,47.13243103027344,22.13473439051895,15.510510740568861,True,996d65fdb073fe8dbc6fbe4a6277bdea
3c28fd846b43,0,train,813,1050,1050,1.0,90.94944763183594,48.21353550719529,155.36589917447418,False,38239dd1c6bb4b9c0d8e719c688dc765
3c311c9109b0,2,train,814,2416,1736,0.935,70.39846801757812,27.051952086063988,82.28786014020443,False,653b0f8bc0de3cef927d7ab1a157a2a6
3c326543fff6,0,val,815,2048,1536,0.605,115.38446044921875,65.08044609814002,251.09654581174254,False,dad781ba5eea1fe5c71ff9884bebf893
3c42512c81e0,0,train,816,1050,1050,1.0,103.00979614257812,55.12530112129389,192.91797754820436,False,4d74d626ac856b343b5816c0ece23e05
3c726de3ee90,1,train,817,3216,2136,0.842,92.18531799316406,33.93417051232539,129.4544365471229,False,5ad201a2ffc37910540fc0a2324f71b4
3c72f580d4ba,1,val,818,1050,1050,1.0,76.69874572753906,40.12698755529423,116.2539786992129,False,3d20d42f93825daf3d83a8dd564d02e0
3c78bfca247b,4,train,819,3388,2588,0.871,81.85328674316406,34.21575426385179,194.14219211041927,False,b0d54688ecf77c32711f34c40b50a62d
3c9529918097,0,train,820,1050,1050,1.0,83.20579528808594,43.96859547085038,142.80438317894004,False,2ad5f3d34580afe05c4e19eb94ef9292
3ca12e02dd4e,0,train,821,1050,1050,1.0,82.52070617675781,44.34363436454648,147.6006335830316,False,09698961df8235ccd88d2f3404b9c9bc
3ca8be3b40d6,0,test,822,819,614,0.606,65.91473388671875,38.602311473867374,99.08111393242143,False,ef8a302271e5b657463bc3a2765a1f93
3cab32dd6ef9,0,test,823,1050,1050,1.0,79.62806701660156,42.871393459503636,128.25227938592434,False,4a4530208e91c4da9679043a86deb41e
3ccf96c1dd6d,4,train,824,3216,2136,0.842,91.87872314453125,34.17072027270683,114.72633474972099,False,10fc2f844f8d547ba117671babc93732
3cd9713c0ecb,0,train,825,1050,1050,1.0,88.54495239257812,47.29062025855288,149.84158348455094,False,b1a2c409d4139092b9fb7bd91250b530
3cdda8b3df19,2,train,826,2416,1736,0.934,68.96452331542969,25.92935045772907,71.18707375135273,False,d6bc67dfce7c3b687092a720525db71c
3cdef7c591cc,0,train,827,819,614,0.606,74.64109802246094,40.718632195248944,116.00093614100479,False,e5c7fe8a6dd491c8918a653f4141b4ec
3ce2f8a77a32,0,train,828,2048,1536,0.605,60.68821716308594,35.25208992492375,75.91110130934976,False,a47802756b8526789d0cc05e848e58bf
3d2ecffe0386,0,train,829,819,614,0.61,79.29002380371094,44.19620990600422,166.43198959436268,False,4aef6b0e745ae446a1ab4d76d727ecf6
3d3e288d490e,2,test,830,2896,1944,0.638,65.93995666503906,32.276948473058866,184.38860931410454,False,146859b74a79294cd389204fac2db9c4
3d663a6a50a3,2,val,831,1844,1226,0.816,75.91004943847656,34.35007369108551,53.81462275143713,False,d55da00565be4f0d2fa966ddd8bc6d97
3dbc90c7ee7d,1,train,832,2588,1958,0.997,70.60603332519531,26.253627322862954,104.39821498747915,False,49d0ff42f054513b603452831b7c876b
3de8ad4151e1,1,train,834,2416,1736,0.934,71.08671569824219,28.532877966321564,57.51860139123164,False,12e9e5a5153a87d7b714821245be0176
3dec415b188a,0,test,835,1050,1050,1.0,84.76519775390625,45.11325856523755,145.8251593557652,False,33fe03bbd46fbfb2589abe6fb3f1189a
3dfc50108072,2,test,836,2416,1736,0.935,120.93698120117188,45.08760727628519,334.28081874153577,False,21b4c8f81d908c1cb21ff34a4c0a1ece
3e1f8fecb06f,2,train,837,1504,1000,0.838,58.64360046386719,27.356832968366803,43.32923947274685,False,4be64fe19dc9a5c29c345aebf9f796f6
3e3a3955b9c5,3,train,838,2416,1736,0.935,82.75628662109375,29.616645352131663,135.62412533699535,False,b35f08012b36c190a23c2755d893851f
3e61703b5ab2,0,train,839,2048,1536,0.602,39.02003479003906,24.888995103155196,53.3325916742906,True,8cb79d48f15a24de0a01177d87790772
3e6bfc4d5c65,2,train,840,2588,1958,1.0,64.85340881347656,32.0315664757782,43.21722878678702,False,2f54ac6b618bcf71d3ca8547e3a6138b
3ee17aa12e46,1,test,841,2416,1736,0.934,70.14042663574219,26.292466652994758,80.57248697034083,False,cacd2dd1504cad913d26f45a61f4e849
3f0d3629d69e,0,val,842,2048,1536,0.605,65.25352478027344,37.93348467688786,101.27303827903233,False,8444268ce9ab5d7313378cf71c759602
3f3de2a6b0f5,2,test,843,2588,1958,1.0,67.2879638671875,33.77176841244433,61.219452298246324,False,a648e67e7c24a43dcfe5898709e6dd91
3f44d749cd0b,0,test,844,2416,1736,0.935,82.69854736328125,30.45328095440446,117.40949523053132,False,319b37310cab5383d72f3ecdd6385fd2
3f47f83217b5,2,train,845,2416,1736,0.934,78.42507934570312,29.576534016591975,100.3722272804007,False,f1cb15c42a6ee4d6b641d6fed1d27e76
3f49f8d100e9,3,train,846,2588,1958,1.0,47.25736999511719,27.002682005954796,33.80396167538129,False,cb08127c794641222ffcb85752e2e8e9
3f5b4c2948e8,2,test,847,1050,1050,1.0,76.63479614257812,41.10007697158557,133.41189524135552,False,7721ee04aa26f3df9a1a300c50d62160
3f6bccf21ce8,0,test,848,1050,1050,1.0,87.47085571289062,47.110126499242085,150.84567791572772,False,a0621976f567eaeb7f564fda3355c9ee
3f6c627e2ff2,0,val,849,1050,1050,1.0,84.91632080078125,44.90276888243303,176.57443703128956,False,13bb0179548ccdd67a87ef6ba432c603
3f73c91b7e32,1,train,850,2416,1736,0.935,70.43943786621094,25.48583340403573,111.32080043759197,False,ed28c974a8b32191d3616d101b3a144c
3f752fcccec0,4,val,851,2416,1736,0.934,70.13018798828125,26.276538980519078,111.17624921258539,False,ccf82490d340f969e69dafda99da3467
3f82631e9080,0,val,852,2048,1536,0.605,80.12532043457031,44.23728040108022,161.82486524805427,False,7c0e15f03406279b12c43b6d7c46c386
3f8d5c940ba4,2,train,853,3388,2588,0.869,87.63072204589844,36.77386656761366,207.94369030348025,False,7ca5f863229fa6dd6b716547b8dad9dd
3f98be586fe3,0,train,854,1050,1050,1.0,80.51600646972656,42.88158011863207,123.02476258482784,False,b153262e459d34fe7183b3ee7b75b592
3fa4f4d77177,3,train,855,2416,1736,0.934,70.72642517089844,26.527915812127855,71.59653096622787,False,57fa79d606698d6e6b36a4049106d9dc
3fc219927a97,2,train,856,2416,1736,0.934,64.06504821777344,25.391420570302824,113.37985223531723,False,8bc786218a8a8768e6b1fe4c285e1867
3fd45879afe6,0,train,857,1050,1050,1.0,92.7784423828125,49.8303706731295,140.4644658730831,False,5a6a00ba1c82128c3dd63dd8e9ac520d
3fd7df6099e3,2,train,858,2144,1424,0.841,53.00213623046875,23.502258744444465,52.28218822530471,False,41c7dd89e5657c1808c2aa87ee3310cd
3fe282197c1c,0,val,859,2048,1536,0.605,75.02565002441406,41.792986070961895,182.65691567002796,False,d2b0cf56d6c50a73eeac79b8f5089765
3ffa14d60b24,2,val,860,3216,2136,0.842,98.57720947265625,36.28268859693741,120.81258174404502,False,081b51bdd8a61be667c3071076790226
40140a925c43,2,train,861,2416,1736,0.935,105.555419921875,38.09462855861674,205.93501084670424,False,12b145c259f5c425d6571bc5ae894262
401fdfd0db07,0,test,862,1050,1050,1.0,84.12318420410156,44.85860635163602,201.12890243530273,False,926867c3cca8577a880dc736badf4798
4029d70e9d8a,1,train,863,4288,2848,0.81,60.37103271484375,26.82171713402191,90.66079900576733,False,4ff962b0d4ea400049e9095680a421b0
4036471a1bb7,0,train,864,2048,1536,0.604,44.05271911621094,24.20542440086997,56.04271851456724,False,f51522dbf061759d0187f17da3571347
404ede327e98,0,train,865,819,614,0.61,71.74200439453125,42.03868534125067,166.82799642439932,False,a6f1b4ff09d986185221e2fa4b9c03b4
405085b53d7b,0,train,866,1050,1050,1.0,87.03195190429688,46.25870363442041,154.998748883605,False,8d030bfe5e4d8f7606453ccb8ef67f17
40527a5e95dd,2,train,867,2416,1736,0.934,72.07389831542969,27.620649068791984,120.21489330730401,False,79bbbb01cfc876fd4cf157ac808f8e0d
405b4f78658f,3,train,868,2146,1764,0.945,57.935150146484375,23.93943404728507,68.37302656075917,False,dd719f4b029b6f53240c995fc9fa383c
408ea9d5e082,4,train,869,3388,2588,0.865,41.360809326171875,18.635774423368165,37.93487930204719,True,74b78dac315e8cd0c553dfc4ea63d07d
40c24aded50c,0,train,870,1050,1050,1.0,88.54090881347656,46.59422621480982,152.0671574920416,False,39f45aec75bc8dcadf1e281d9e5eab32
40dd4e6e4444,0,train,871,2048,1536,0.605,79.89241027832031,42.5228985993047,153.85692134476267,False,1787001b2967e9db83f8eea92d94ac22
40e9b5630438,1,test,872,2416,1736,0.934,65.05615234375,27.635576489031095,88.34361465927213,False,e7ec65d286ccf33375db4c82254b2ab5
41345cec5957,0,train,873,2048,1536,0.602,35.5916748046875,22.959324310200568,32.32102735689841,True,a7322af808f5f081f19031c9562b3dc0
4134b290f5f3,0,train,874,2588,1958,1.0,86.16023254394531,32.979220789409005,151.24160426855087,False,eaf382e7ead4c070d1251d23ce746c9d
4145dcb25053,0,train,875,2048,1536,0.605,80.41618347167969,45.073580725070244,125.96362548111938,False,76331f8f561bc2d42a470a2cabe927c6
4158c340fa49,0,train,876,2588,1958,1.0,47.25621032714844,22.247860571161635,34.86934235855006,False,16ddd9194addba4c4600db633f4719d3
415d5c5e785f,0,train,877,1050,1050,1.0,99.2725830078125,51.84805290327954,179.58267137315124,False,34caa9e19b98aa01aaf152cab3058680
415f2d2bd2a1,0,test,878,1050,1050,1.0,75.75041198730469,41.25323704614988,119.16710035409778,False,94c386a52857832a7ba6dc2a3845f8ae
417f408ee8e0,2,train,879,2588,1958,1.0,27.745330810546875,13.51639018066779,29.853417954407632,True,1a851ab7e6ce6c9b98093e5912030811
4189d4e631ec,2,train,880,2416,1736,0.934,63.93193054199219,26.023879996070207,71.35117241647094,False,f7f3876b101caf4771dfd18059acbc64
419406328dcd,2,val,881,3216,2136,0.842,76.08445739746094,28.10452909747444,101.51783310528845,False,d93b64ee5ddc54712c553a29ea2aacae
41960d5f58c2,0,train,882,2588,1958,1.0,94.19599914550781,38.29122346781451,56.105293459258974,False,85730ce47705c493ef4f12e575e52cc3
41ab357d103f,0,train,883,819,614,0.606,69.51750183105469,42.64257091032575,96.85838415380567,False,c9a6ad0d7bf66ce8e56ee24e57484943
4205e9deb058,0,train,884,1050,1050,1.0,108.87977600097656,56.1448732469635,189.4277829527855,False,23c907e5dc51a36a53ee3c2ae7c4d3c9
4210809074c1,0,train,885,1050,1050,1.0,71.19119262695312,37.93704597543527,129.83582919836044,False,44cf4f6ffcf50d912410e4c2a0966d94
423abbaa5fad,2,test,886,3216,2136,0.841,59.987091064453125,25.482880198535224,47.57719323690981,False,7742c1f9023aecb1ca800461dab9a2f3
4242c0d87f57,2,train,887,2588,1958,1.0,58.29441833496094,30.092763330744017,87.42967208847404,False,7cda848d1e457263b59a28515b40898c
4246ed634f25,2,train,888,2416,1736,0.935,112.98336791992188,40.73610930193824,190.83950659260154,False,d097bf92e05d5f606df65d214705bdab
4276b82e4489,0,train,889,2048,1536,0.604,66.12641906738281,37.36435256771303,124.24582299566828,False,ad80a4bc8b2a36b4a36531122930d3fd
4289af3afbd2,2,train,890,3216,2136,0.842,102.63871765136719,38.96054877602245,168.06974585703574,False,82e34b255e14756949a917f9ffd39cac
4294a14c656a,3,train,891,3216,2136,0.843,112.06625366210938,41.68433160166128,250.28236095583998,False,44d94ff08d3bced748d7d19ea34e33c4
42a67337fa8e,2,train,892,2588,1958,1.0,34.62217712402344,16.696346942285377,50.278446182608604,True,fea746f1796af555bc25a1c9444de5e7
42af7282349b,0,train,893,2588,1958,1.0,57.08209228515625,23.514252043958276,11.384281800827011,True,b44457ccee0776fac54baa25e3412038
42b08dca9b2f,2,val,894,2416,1736,0.934,62.3021240234375,27.04736297906576,76.81458793580532,False,d3de22072d9d307b3a3c9b2b5e4b3e80
42b93b574f23,2,train,895,1050,1050,1.0,82.01095581054688,43.780887208965964,123.41191478795372,False,eb0bf5df9fa33b3eccfbe97bcfb433fa
42b9c1977681,0,train,896,1050,1050,1.0,83.69602966308594,45.52202527636282,165.26499734818935,False,d0ac26bd7f02ecf08af5276dff604b53
42c65af5ab16,0,train,897,2048,1536,0.604,44.53294372558594,28.767743779994518,83.03192973486148,False,d3b370c005309b5a410a20a149119338
42cc993f23a9,3,test,898,2588,1958,1.0,67.84848022460938,24.55276270116295,29.55666009685956,False,d97144a26d13bb4878e0eb3fbb1df444
4318b6adeb97,0,train,899,2048,1536,0.604,78.16825866699219,42.80606589634182,141.73587986431085,False,e71ce2cb3d1bacf1346652038dfb4468
4350a1b2f3cb,0,train,900,1050,1050,1.0,69.94876098632812,37.830279333829765,92.89847228582948,False,eb259d963fba73d2d7725265072bb425
435414ccccf7,0,train,901,2048,1536,0.605,80.11045837402344,44.24255711810717,158.78696562256664,False,619ce3e72fd8feb8d3468bfbb25cd3eb
4360a112db10,3,val,902,2896,1944,0.64,76.14134216308594,37.32928462390597,132.4676769822836,False,864d899929af6093fa1e7830d36aac5f
436e1793d240,2,train,903,2588,1958,1.0,48.3460693359375,21.47602790529344,25.919389601796865,True,790c4656b7ad6ef25b49dee4a1a448db
436e7a7af761,0,train,904,2048,1536,0.604,90.89109802246094,57.45812787448555,163.67654454312287,False,ae12e3f0ee8e1b9b93b8dec78d5eea47
436fa3fd145a,0,test,905,2048,1536,0.681,25.279678344726562,23.1745348032854,40.86337178549729,True,527979d8f0570b5f7744a41ff355475d
437900a99871,2,val,906,2588,1958,1.0,46.74314880371094,19.29000914665423,27.176042868755758,True,467b8d01f3c11c0ec8c737092dccc3c0
437cbec4a3f8,2,val,907,2416,1736,0.935,95.00640869140625,35.53834146118086,164.7562273107469,False,09e5ffe4a29a6a06f6cea6d9ab9cfabe
43823561c3f0,0,train,908,2048,1536,0.605,91.1270751953125,51.66772255521985,224.75961791886948,False,481d7c2040bf228fd03dbe750c7bfbd7
4384fa687afa,2,val,909,2416,1736,0.934,66.06381225585938,26.026013532398316,86.49585521384142,False,7e0bc10162e7d08de3e7fddb82d4258b
4393c5bc576a,1,train,910,2896,1944,0.64,53.69610595703125,25.938861164820548,70.77321350737475,False,47673a2b1f0e0970a15d2a9b251904cd
43bc7c066dfb,0,train,911,1050,1050,1.0,91.03181457519531,48.01321970836229,177.018168207258,False,5ef0b7c3792e9c1d839b2998fa028378
43ddd0ab0cc4,2,train,912,3388,2588,0.873,72.25311279296875,29.517464169438973,106.425980117172,False,cd58015492350ec09a7232a0041c276a
43e9c66eb0f3,0,train,913,2588,1958,1.0,66.98033142089844,28.444612898007662,56.09292985848151,False,281431a1315f86692577c9fdee635db9
43f22d1be8dd,0,train,914,819,614,0.606,81.64578247070312,43.473644681520135,135.3098537772894,False,5f69a9c371b955ed058b8edafd946bc4
43fb6eda9b97,2,val,915,2144,1424,0.843,72.92451477050781,29.202835419455294,73.38219880475663,False,781b4bf238bc2bba180d85f615a988a6
4403538fb50f,0,train,916,1050,1050,1.0,85.2646484375,45.548483357896,181.5301379149314,False,8493c4938292705abc6ef364689af21a
4409965eb2a4,0,val,917,1050,1050,1.0,80.32017517089844,42.36801166614451,117.33872707537375,False,d27f5e258cd568d225d1a954bef62f2d
441117562359,2,train,918,3216,2136,0.842,109.0855712890625,40.04776927364023,170.56135277054273,False,9609ff36ff43af139938ee5043a715d2
441848e0f308,0,train,919,819,614,0.931,43.0517578125,21.668239670898185,33.41435816511512,True,ee639ecef40867503c50cb954d0eb6c6
441affbe99aa,2,train,920,640,480,1.0,85.06027221679688,28.512584363985635,91.71333364001475,False,b0fa8cf7954aaa802d02a87cfddd0249
44271f3cb18f,0,train,921,819,614,0.61,59.73011779785156,33.266591363932875,108.94352017506026,False,73b0ab87b8b884029644a3e2b6a68632
445a8a6da55c,0,train,922,1050,1050,1.0,81.02647399902344,43.83791826505792,128.54194225277752,False,87bb426925f4a6fde01dc7602b002b4a
4462fba1d2a1,4,train,923,3216,2136,0.842,101.36344909667969,36.87122431799932,144.59079975239,False,acab13bbe1df4e50f5c4ab78be122542
4464bb62bf20,0,test,924,2588,1958,1.0,72.98431396484375,25.112750469154815,51.451058607315645,False,2bb3c2931c7580f31a4a05bc943dd524
4478b870e549,2,train,925,2416,1736,0.935,88.15174865722656,31.544469502708942,131.65721364296041,False,68f75c9743a9d3da65563398bd08007a
44855f666225,2,train,926,2588,1958,1.0,92.57054138183594,37.74509946574619,106.13126419484615,False,c7058a0418d18098dbdb7bb6417d96e1
44878f34e31f,0,train,927,1050,1050,1.0,68.89860534667969,37.50736769104948,117.38957404252142,False,4c6642f0f9cae3df4f9ee00aba697c41
4489d421e5aa,2,train,928,3216,2136,0.842,80.6429443359375,30.78333712027618,99.40544534451328,False,e34fef51ee1e9a82d96195f74faa807d
44976c3b11a6,0,test,929,2588,1958,1.0,64.65789794921875,25.75514660766959,34.278280839324,False,ddcb6ab693b7e9d5aec2ed20188b9a3e
44a4d04162cc,0,train,930,1050,1050,1.0,75.251708984375,42.329490472729944,157.80012289225124,False,17704ddc9fb24d161ba852d1b1849d87
44a86263117b,0,train,931,1050,1050,1.0,85.84686279296875,44.85786729192771,152.9927623809781,False,551ce6fff4bd744b180613dc5f65a8c2
44c869174e3a,2,train,932,3216,2136,0.843,100.5933837890625,36.10928636368355,140.77138057514094,False,761daff0007129e66a8a59d4b8f1dd96
44e0d56e9d42,2,train,933,3216,2136,0.842,89.22157287597656,32.715856453604545,118.05851243343204,False,33364fc99dcd993969ca6a9587158a8b
44e951e45dca,2,train,934,2416,1736,0.935,103.38618469238281,37.97982835977358,141.38292561471462,False,44951de275d7f269ce3aae900b6af285
44ecf3f4efa5,4,train,935,2416,1736,0.934,61.30540466308594,23.301989872542766,62.90530799492262,False,10c3411a9ee61bbe8588638edda6335c
44f4ae58990e,2,train,936,2416,1736,0.934,95.07327270507812,33.95178037859451,128.62948035425507,False,349ad8248a9521fe2605ccc30816e7ff
44f7f3ef9d50,0,train,937,2588,1958,1.0,49.206512451171875,18.70551080152029,22.015300139784813,True,5d693932b6237fe617657005fb5776a0
4528fbbd43a3,0,train,938,1050,1050,1.0,71.31646728515625,41.453258705381856,120.66345322038978,False,6c74498761410d22e3a0bfa89993a7df
45369821d6a3,0,train,939,1050,1050,1.0,86.69581604003906,46.54780583812827,136.92535703233443,False,63d45afa314ca4edc5936804ad9bf0d9
453a1e2754b2,2,train,940,640,480,1.0,95.97193908691406,18.840876531592457,30.399901386350393,False,0c15a7e90f0ecd28713ec62a47ac1ae8
453d553b0a94,2,val,941,3216,2136,0.842,70.98027038574219,27.954944734038406,68.87000690191053,False,f9b9ca513cbf518e4802c6c3b8a309ee
454792eb6e05,0,train,942,2048,1536,0.605,92.90518188476562,50.77143126232915,206.3087104409933,False,b37b75e96a7e496cedcc29b24ce6ffcd
454a944eb557,0,train,943,819,614,0.61,76.28434753417969,42.936771869057296,142.39834752841853,False,3b7787a20554deff15834c7ac4bbb17b
4554062fa836,0,train,944,2588,1958,1.0,57.4072265625,28.45624005246088,45.39841722603887,False,eeda04743925fd550184be5b7280d4a0
45693d027798,0,val,945,1050,1050,1.0,79.38763427734375,43.34525293299407,122.72903086408041,False,553f26609a076e6d61555bb007ade37b
457c7c927e27,3,train,946,2588,1958,1.0,50.08842468261719,26.641490025294885,22.157442834228277,True,f09c2074640fa732ab0359a1c5f97cb5
45ae04cfde5d,2,train,947,3216,2136,0.843,105.49668884277344,39.57626961912814,176.96422940841876,False,1c750ab46cb3849a50daf0c1be3fe7d9
45c39ab9e797,2,test,948,2588,1958,1.0,44.52882385253906,18.67017494865164,60.809151822468266,False,ae925559af1f79245bad595c630887b1
45e4b7eada54,1,train,949,2416,1736,0.934,69.62757873535156,27.233980930422746,128.38207088410854,False,da3f8015d26b9044d47b222436722fa9
460893cd86e3,2,test,950,1050,1050,1.0,75.54481506347656,41.00225495964949,113.90243834047578,False,0090a38df21fea899f5e1f66dbf0692d
461fa5292fda,0,train,951,1050,1050,0.996,72.90023803710938,41.24941956199082,95.17143493681215,False,a5124f1f557cd43c551b468adf7ae9bc
462937ece243,0,train,952,1050,1050,1.0,86.96034240722656,45.6926463564928,155.03811152931303,False,0aa2ecdd898c04038f4e43d661523bd1
465c618f7b23,2,train,953,2416,1736,0.934,76.67947387695312,28.42276753626325,107.50254992186092,False,c7b3a87cc3d214c322329d6c6faaf5d0
4661006f3ba6,1,val,954,2416,1736,0.934,69.70909118652344,25.75318513402941,71.73403321183287,False,35de461d39d2866018643c0f23c3e294
467b7d9d811c,2,train,955,2416,1736,0.934,64.76412963867188,24.09259225669285,66.50771080492996,False,c61a72a1be62bcd1afe0d4e228f89aca
4689b739d240,4,val,956,2416,1736,0.934,69.18641662597656,24.896236551386924,66.90889700478874,False,ec16f81f103e4f231b8b7ce9773cbe40
46923eea9a4e,2,train,957,2416,1736,0.934,64.71141052246094,23.84705027997879,71.53197627863847,False,2709c193536ed42c1a38fec49915ded4
46acc506fa61,0,test,958,1050,1050,1.0,84.1551513671875,43.72080890352167,173.85537666245364,False,c6497a4739b093980dda2fe80f9b0cdd
46c1548d730e,2,train,959,2588,1958,1.0,68.16465759277344,34.17745085983675,34.1506524567958,False,d6251c5f2b87d83a9ec350af341f9e27
46d3316c4857,4,train,960,3216,2136,0.842,61.64923095703125,25.834866277391146,58.0883071385324,False,a43bf7f6130c2446fe57acf9037988e7
46f56c38051f,2,train,961,3388,2588,0.869,89.55929565429688,37.17954500185435,222.39439660473727,False,6051563ec8ac0e25c321ade0ab949cb3
4704dbb59536,0,train,962,2048,1536,0.684,67.65437316894531,48.96874909738854,85.45867697126232,False,0701ceda669be33726bb95f887ebedbf
4731e708ede3,0,train,963,819,614,0.606,60.77616882324219,36.77793427161086,118.58080967888236,False,8f7b0904923b7c5ff81f930c93d14d8c
475300735b7f,0,train,964,1050,1050,1.0,79.84085083007812,42.96188405268286,133.75520219071768,False,f77bd2afd7b77f8fb09c173eea5485c3
47536db39f00,0,val,965,2588,1958,1.0,69.830322265625,30.44272806652638,38.103078997693956,False,dc7ccb0225f45da00d7c5d7c88feca9c
475c7ded0f7a,2,val,966,3388,2588,0.872,85.69329833984375,35.093131120153224,156.04660185799003,False,141cbcaa4c01e0fa5ca17005f282815f
478fc46eaa49,0,train,967,1050,1050,1.0,92.84791564941406,48.77786494164485,170.05650592572056,False,2a03655f8606166778960df9b92c3933
47b756014447,2,test,968,2416,1736,0.934,97.4073486328125,35.40994820783533,121.79955609492026,False,04d0ec2df04c6870b3fdb5fafdf51ce4
47d1603a555b,1,train,969,2416,1736,0.935,108.30937194824219,39.24702597533695,218.8861308163032,False,37f0fb99bbca0b00e519f0a452045582
47e51065b819,2,val,970,3216,2136,0.842,88.78953552246094,33.06895226637346,112.07146502193063,False,d67e8d8a3063c20ad55f56659295b1b6
4818672273af,2,val,971,3388,2588,0.871,65.98574829101562,26.38694592128565,101.77911344892345,False,e6fb4b5580655859a15334bc741df32b
482088e6be44,0,train,972,2048,1536,0.605,54.844818115234375,31.639522019797237,108.97284075967036,False,06ddf088e6e45098e5fc5c96213de625
4826d10030b3,0,train,973,1050,1050,1.0,80.77215576171875,42.558967133127524,133.12202640529722,False,e450de909843335d20dafacad4f65909
484dbeb9bf2a,0,val,974,2048,1536,0.605,82.47041320800781,46.74096308893426,127.61642045434564,False,00f5e31b71dc37008b8fa977d78802d5
48543037d0b3,2,train,975,2416,1736,0.935,83.03350830078125,32.65822418892747,200.28899522102438,False,544e195794184c1c0f09b808466c1fb0
4860f7813654,0,train,976,2588,1958,1.0,32.58473205566406,14.911880796430276,22.639083862304688,True,65a5e5dd24e3dc1e94e5a1b6e2fdcedd
486e852a3b4d,0,train,977,819,614,0.931,48.00605773925781,25.862056305440742,53.07766767567955,False,903d5d31b970f7567293b72f82339ff7
48a45619d1a3,0,val,978,819,614,0.606,78.77023315429688,43.263861256702384,138.0020055619534,False,f1274b1e058d5bf7780897cb8817fd57
48afe8c47454,2,train,979,3216,2136,0.842,89.93572998046875,32.83218375714639,121.85449930652976,False,b0c84ff04f1677959e8dde98142e309c
48c49f662f7d,2,train,980,1504,1000,0.811,54.88075256347656,22.943695505993233,55.41417413111776,False,e7699fcab7a16c18350e96d8e9890cff
48c72dec46e5,2,val,981,2416,1736,0.935,101.23953247070312,35.95829133182043,226.4511480720248,False,a799a4554b3984f4d8c0b281e46be661
48fda42bd5d4,2,train,982,3216,2136,0.842,84.95188903808594,32.349864804048664,128.2814906798303,False,47caad8e30c92e015284a5fd5ce59767
4926dea289f8,0,train,983,1050,1050,1.0,80.93840026855469,44.179708278392994,154.10932229366153,False,548f8291efefbe8765d66db0ab59ab3a
4927945ecfed,0,train,984,1050,1050,1.0,88.42298889160156,47.87978079407625,147.14757020003162,False,d38ce5957a17832ea180bf393fd51e49
49386d603494,1,train,985,2416,1736,0.934,77.51138305664062,28.494537769226593,127.52247294201516,False,b7d90ecea54b3b34de2944e452e08882
493d99f030e2,0,val,986,2588,1958,1.0,68.58251953125,27.456047788344712,57.274524208158255,False,60ad8a616b526d4f2fc2b550406e2ee4
49419f8d5cb4,2,train,987,3216,2136,0.842,76.68156433105469,28.885444255929986,87.67031116387807,False,eaba284fa05fd0d639632fec5f74dc51
494fc9c745a3,1,test,988,2416,1736,0.934,63.73570251464844,25.359594952226555,72.55691533512436,False,d2cb997b743fe51fdcc1d63229513007
495106ae3b68,0,test,989,1050,1050,1.0,87.37188720703125,46.76276413007398,140.8835802988615,False,fcff40bbf880aa2ece7663ba56c64b62
495255c7492f,1,train,990,2416,1736,0.935,67.63981628417969,25.72324288179655,76.15873722638935,False,4cb11232b4bcebdba0de75b590b8fc6b
4958bfcc9f38,0,train,991,1050,1050,1.0,80.97518920898438,44.12783271107036,133.33685348089784,False,173d41bc1a78ee087e7bea6a87aed00f
496155f71d0a,0,val,992,1050,1050,1.0,71.82173156738281,39.09716904675356,101.46369894966483,False,854170c06f7fed73f61902a93729fc18
4982378d72f9,0,test,993,2048,1536,0.605,85.19419860839844,48.10806879175442,140.00779031123966,False,e65e97ac81ceb47221a7ea0435a36ddd
498f143c0374,3,train,994,4288,2848,0.81,77.63175964355469,33.687831163461574,103.19030198361725,False,89a717d58c22d3cbe2566fd3676a85db
499c8df39222,4,train,995,2416,1736,0.934,73.65452575683594,26.43271404049031,78.1978513142094,False,4ddb4c3c1322b4bca434767cbe93f463
49a4765f8822,2,train,996,3216,2136,0.842,80.65092468261719,31.290736925576642,119.66914129233919,False,0e87bd67324b10762f489e383336fe2a
49c5e7f6b8d2,1,train,997,2416,1736,0.934,73.83116149902344,27.43119355166644,67.04835616401397,False,d78147471517885f3960b1d621e265e7
49d69c4c6290,2,train,998,2416,1736,0.934,73.12242126464844,27.481201075828086,102.64438810106367,False,d45de89899decc778724e00184bd244e
49e4b95ee2dc,0,val,999,2588,1958,1.0,35.71046447753906,13.234841403255244,12.69035383220762,True,7c987b42fbf852915fa57423ab830822
49eb73968c44,0,train,1000,819,614,0.606,76.55665588378906,40.769627182009536,107.48151583760045,False,2537253783d13d13867b9275d3a1685a
4a05f81b3aba,0,val,1001,819,614,0.931,45.3275146484375,28.293407539221032,43.31201088405214,False,4f60773978be6cb11bd54abc2ccbcb60
4a0890b08532,2,train,1002,3216,2136,0.842,117.30912780761719,43.82551629584289,208.48623952060007,False,ead1484058f2cb688cd91bfe69c86ebd
4a0bba3b7d83,2,train,1003,2416,1736,0.935,90.64189147949219,33.32512113399075,154.95072783436626,False,a15cc5b7e4e2e50969c716656e284728
4a1afe4044f4,0,train,1004,819,614,0.606,68.14808654785156,37.60777559032021,112.2551954051014,False,8e669eb1c718c4ed1eb079bc15d1de42
4a213b405ee4,1,test,1005,3388,2588,0.875,71.10105895996094,29.011485406640205,116.2661530484911,False,03ebd1f7dfdd68e0913f4347ed27e53a
4a3da369b227,4,test,1006,3216,2136,0.842,95.49388122558594,36.016024423789126,126.86183641455136,False,c5add9fc5a035788e78e02aa1388008d
4a4cb731f91a,0,train,1007,2048,1536,0.605,77.05093383789062,45.463382949263945,134.54989586770535,False,518c0651607737c7c8f774d533484e53
4a558a1cd243,2,train,1008,2588,1958,1.0,57.445953369140625,23.107933738583615,50.596201714128256,False,c36834abdb3a9b9a0cbb7897d0abd62f
4a589edaea60,0,train,1009,1050,1050,1.0,77.26748657226562,41.93006395985818,110.8174088858068,False,86251a22dfa59c6c100807c2a8bbe38d
4a5a6efc0bef,0,train,1010,1050,1050,1.0,81.726806640625,44.78322467523103,140.57069334294647,False,d9e7e4cf399a8e355e66868b3de3b146
4a693dd3921a,4,val,1011,2588,1958,1.0,30.969024658203125,18.931369353703012,48.90562295541167,True,01c87ba98338305f5a3285ae2b7c41e8
4a7dc013e802,4,test,1012,2588,1958,1.0,27.404464721679688,12.400333777594557,12.296712248586118,True,fb101c2cb499f81d8852842372e95abc
4a96c28f3f07,0,train,1013,819,614,0.61,68.62210083007812,41.88861116919692,118.89253106340766,False,7585758213f4a45957163383e8e31b36
4aa07d720638,1,val,1014,2416,1736,0.934,91.38058471679688,33.61919082457402,126.4791940653231,False,efd385f7c4279af2008ba84d91102e10
4aa3d771c5e4,0,train,1015,1050,1050,1.0,81.74472045898438,45.6233687725569,141.13056754227728,False,233fc4b5826ba4046be3556e7d03663c
4ab8c0cece7f,0,train,1016,1050,1050,1.0,72.48770141601562,40.22233703548806,127.90272991335951,False,aa059dd69cfddd0fc78a25f73838a8a7
4abca30b676b,4,train,1017,2416,1736,0.935,106.44622802734375,38.82488364150147,151.56498156487942,False,7a7f7c91b70f0e6a6685e895e7cb5aa5
4ad6109706e8,2,train,1018,3216,2136,0.842,94.54351806640625,34.71600081200408,115.18574910517782,False,0c2d5121f25d0a474e3cb38df5eb822f
4ad8d3ec8789,0,test,1019,2048,1536,0.604,57.340301513671875,33.87897822158716,179.07444331026636,False,c80d1ec61009f122b439a5ce1df7a816
4b1001050f1d,2,val,1020,2588,1958,1.0,77.82267761230469,44.490863048310466,66.82190126180649,False,8643e981c41143479f0a10624206816f
4b237b958555,0,train,1021,1050,1050,1.0,78.43171691894531,42.99581186759082,138.56420867494307,False,97fab3f9648ad4cede0a5c2ed7eb48db
4b422b48d0d4,2,test,1022,2588,1958,1.0,44.5772705078125,20.68951524292854,25.554269618354738,True,4356b6636130287db5ceeecbe4d5f187
4b5ffea77373,2,train,1023,3216,2136,0.841,81.65086364746094,33.236503537616116,134.008556160843,False,c9cf1f958b0181979c6b5fb3c6753e03
4b618537d52f,3,train,1024,2416,1736,0.935,91.65299987792969,33.81943673390039,126.8307996855583,False,96003cad4ed51f8c426748c2ae480e11
4b6895d0cf8d,0,train,1025,819,614,0.931,39.17900085449219,25.3924209524018,35.447228848934174,True,50f186a6531e4930d29703390e93b874
4b6cb0bcfd44,0,test,1026,2048,1536,0.604,64.65383911132812,37.58647479716895,71.93070453568362,False,dd1672f0aa6d9607333edf59f846754f
4bcee3cbe232,0,val,1027,1050,1050,1.0,77.98777770996094,44.05663628875329,140.0598021708429,False,f72a886dfe1807918d7a23a2f98a8a4f
4bd5d0b30198,0,val,1028,1050,1050,1.0,74.63084411621094,40.56447339290164,156.14176305755973,False,a6909fa58f87d1bd059c403bbb72fa98
4bd941611343,4,train,1029,2588,1958,0.995,61.7496337890625,25.5673304213728,42.76291517820209,False,29f927bd50b87687eccbdca5bf0dd861
4beeca5cc859,0,train,1030,1050,1050,1.0,75.83999633789062,42.42056609859169,110.87456630170345,False,5ceef503990ae3f16591e9782c907660
4c129470cec4,1,train,1031,2416,1736,0.935,90.274658203125,33.02435424828148,175.44071028358303,False,df8c101d39665b513fe5f83bc874b1c8
4c17e85686f0,0,train,1032,1050,1050,1.0,99.00001525878906,51.9267688962321,186.88319422211498,False,1bf80195c6e14d27a7ebcd3cac6c3fa4
4c389d033cb0,0,test,1033,2048,1536,0.604,87.34239196777344,48.289262846829715,159.4800005198922,False,e72059017b455b4def4a4d104e43ed6a
4c3c1ed09771,1,train,1034,2416,1736,0.934,113.79331970214844,41.290138185817376,246.0671885011252,False,6862119dffbea51f07db05e5f37da811
4c52922f3bfd,2,train,1035,2416,1736,0.934,60.92845153808594,25.109003547777924,51.85807250440121,False,f6cd7348d33fac25aa3cf626db4c72b0
4c53cc97ea13,0,train,1036,2048,1536,0.602,36.21746826171875,23.917527799125516,54.20471163629554,True,30d01a39f9646dae2b1e9157d705d601
4c570172778b,3,train,1037,3388,2588,0.867,75.15904235839844,32.35282068740769,157.2648584311828,False,2b17d36b532b0bb9bab3b4647f6e6364
4c5ab774a381,0,train,1038,2048,1536,0.605,96.50961303710938,51.86729281151443,162.69746401323937,False,d4dce25861753526c3f35132999e7ba6
4c60b10a3a6a,3,train,1039,2588,1958,1.0,44.81315612792969,27.572182294156484,34.17193686589599,False,68d5c8af3360f2d95ff007a6b3131fd8
4c60f6fcea75,0,train,1040,819,614,0.931,43.22871398925781,24.584463707892276,26.20176027715206,True,27a027d21b3014fc7f5ebd76031bf387
4c635a01593d,0,val,1041,2048,1536,0.604,68.77861022949219,38.219727918577604,108.59323756373487,False,5def2a03edd6644dd06aff6baf59a1d7
4c6c5a1bf5ab,0,train,1042,819,614,0.931,48.39421081542969,26.58016030669638,63.31952532730065,False,7f926c8f37323caeb40cc8b3d214dad0
4c78d9d18da9,2,train,1043,2416,1736,0.934,67.76495361328125,29.528654850799636,86.60260964906774,False,299aa8f48a3f3c3c823d8519bb082b99
4c9f0fdaaef7,3,train,1044,2588,1958,1.0,43.95475769042969,24.414915252779743,16.921176127856597,True,31db0a0a6d73c4f546bc5b757f2322cd
4cae247d9909,1,val,1045,1050,1050,1.0,77.25096130371094,40.849013429760845,116.55511309369467,False,f37dd2f60de0e64fe720c9db3764686f
4ccee4db09b6,0,train,1046,2048,1536,0.628,75.91171264648438,45.162801814607924,114.2981007003691,False,aa36a85cb1c1851a6307a20a75615502
4cddfc22b0ad,0,train,1048,819,614,0.931,42.60606384277344,22.71461325328724,36.17907063453458,True,e5b954d169fb6a94a826d5d801042fb5
4cde86044ad1,0,train,1049,1050,1050,1.0,85.07528686523438,47.022027317836155,128.6742644822225,False,098345a8b3372d6cbad2fd9f198babe9
4ce74e5eb51d,2,train,1050,3216,2136,0.842,100.4930419921875,37.19073130228845,140.8457849638071,False,b5b7d8571461326767d14d895f56f41e
4cf4d528c08e,0,train,1051,2048,1536,0.605,66.65350341796875,38.59180784816558,208.45175650622696,False,3fd40a2b2ad6dd0cc412d2c2671e4e7b
4cfd22ae43d4,0,test,1052,1050,1050,1.0,84.05546569824219,44.057218174085115,130.7864988707006,False,57998ae745121e0e7b7f48509fa550ca
4d009cebabc9,2,train,1053,3216,2136,0.842,83.40660095214844,30.825312565843074,101.51271136268042,False,ca9920722ee5b6afdc3ac9f2346b0013
4d167ca69ea8,0,train,1054,1050,1050,1.0,88.12614440917969,46.185616240606294,178.44913350697607,False,bfb4f46b7fa62a60db053effd2d6a7ed
4d17559ac1e2,0,train,1055,2588,1958,1.0,54.323211669921875,29.894917312001823,49.892196513479576,False,892c2359e042fe7cc21d71cb06110dba
4d1cf360b2d7,2,train,1056,3388,2588,0.868,100.756103515625,40.13652953091684,302.6765392681118,False,691b1d28dc441dd7e3acb943ba1349ab
4d1e7def7624,0,train,1057,2588,1958,1.0,52.710784912109375,27.450391438574847,48.03543051239103,False,b02d99f727d06f04792138915b560c19
4d21ce39c905,2,train,1058,3216,2136,0.845,115.35440063476562,42.50176184933396,186.91915393527597,False,0d8f68ee37df15ec768cf2774bb847f1
4d3de40ced3a,0,train,1059,1050,1050,1.0,80.56584167480469,43.71892972712378,132.68565241224132,False,a1c2c258c537927160e1fbf7907e2c13
4d47300e3ddb,3,train,1060,2588,1958,1.0,53.17201232910156,26.953361611567313,43.15859524812549,False,8e6c277c9d95af826bf36c8ba45fe3b7
4d7d6928534a,1,train,1061,1504,1000,0.838,60.82318115234375,25.212334675946025,55.420158533146605,False,cb7523a83e7304c837e86cd5afdef5ab
4da2961e62fe,1,test,1063,2588,1958,0.997,92.66523742675781,40.68293207198392,91.72925281152129,False,82cf5ae0d192929965de48cab2697f24
4da6e2089d57,2,test,1064,3216,2136,0.843,106.53935241699219,38.805183054649476,166.52264551795088,False,0cddf77ce731ede2bc96d237cfa6db89
4dbce359d0e1,2,train,1065,3388,2588,0.868,89.11997985839844,37.12990008006551,184.61848501767963,False,22f25fb952c513672777063b86605daf
4dc2211a1c31,4,train,1066,2588,1958,1.0,74.45761108398438,32.52512978356292,53.873992681503296,False,de92d120a2b556406911cbb925d8f101
4dd14c380696,0,train,1067,819,614,0.61,61.96923828125,37.91784460138401,102.93744845478795,False,662508acf6786a65060d5abce084da2b
4dd4a4bf2421,0,test,1068,1050,1050,1.0,74.79278564453125,41.52281499949603,113.11239447607659,False,8620892b4ec54a6093d6fe93269638bf
4dd5d5ccddcf,1,val,1069,2416,1736,0.934,66.28427124023438,26.04891182551809,67.89461280382238,False,d87896f4da3fe7179a8f08a878b3dbea
4dd71fc7f22b,4,train,1070,640,480,1.0,92.02903747558594,35.91973442966781,60.879147784551606,False,25b79d0bed7178c2fc0160e8e69c2085
4dd7b322f342,0,test,1071,819,614,0.931,74.62580871582031,59.85937891378733,123.25299046933651,False,d0a6a0a930b32c98ab35a2796d94c5af
4dd9d29eae5d,1,train,1072,2588,1958,1.0,52.09553527832031,21.784911750305625,22.758848370751366,True,a8846a6d3fbf9f70e3fab2e697571e1a
4df6a81b476e,3,train,1073,2588,1958,1.0,56.96424865722656,28.13963357221971,68.26526125683449,False,83eb59a55cd1ee5c9d873050377e3cd4
4e0656629d02,1,train,1074,2588,1958,1.0,61.38771057128906,31.32829051889287,52.436472518136725,False,aacfc3518da3e40aa09be3d55d661eba
4e1e252317b5,0,test,1075,1050,1050,1.0,88.79367065429688,46.62204436717184,159.6260627207812,False,fb58427fb033708bed01b75afdd03608
4e231670b48c,0,test,1076,1050,1050,1.0,72.98342895507812,40.848532037745876,120.00178933865391,False,3ed73f44efd22437767f95c4be5d4c78
4e43d05cc2ef,2,train,1077,2416,1736,0.934,71.21246337890625,26.911679995892037,82.04444116353989,False,bfd98da4560b805024d3838d0e1858bd
4e4a6224a04e,0,val,1078,1050,1050,1.0,83.84693908691406,45.77282273085679,141.95478019840084,False,0bf624e34887851bd14a994b692d8dd3
4e54ccfd49b2,0,train,1079,1050,1050,1.0,84.20550537109375,43.4875877918805,136.29974596737884,False,0fbf3a8c876efbbc917649a47ab7a814
4e6071b73120,1,train,1080,1844,1226,0.813,56.235595703125,23.43719283729183,42.62577274045907,False,b4fd72d2e2980b5bd9c385bc262d9dd8
4e7694eebb91,2,train,1081,2416,1736,0.934,66.79888916015625,24.765694424910965,78.5104610545095,False,f852c24da2e6567d3024b72e8a2ac1f1
4e82c3c8d31f,1,train,1082,3388,2588,0.869,83.83676147460938,34.20720492183902,170.0287812219467,False,59da59949984d5684647e78ae87aedb2
4e8585a96739,0,train,1083,819,614,0.931,48.61628723144531,26.76731804672572,50.32935538305901,False,c1f0a7bdd0466c37a88ca6573040363f
4e85aa647534,0,val,1084,819,614,0.61,64.96841430664062,38.56984540430443,136.6144673486706,False,715ded70673318a8237cdd99be4bc47c
4eabad7948cf,0,train,1085,2048,1536,0.602,39.403045654296875,22.853436739407815,42.61305796727538,True,cc1f5c25713156143141f28edf09fda1
4eaf2f81819d,0,test,1086,1050,1050,1.0,79.6058349609375,43.6525218342129,127.39507914497517,False,44977f457624565728dfca862a89a5cc
4ec7796df40e,0,train,1087,2048,1536,0.605,94.52351379394531,53.092863637870046,250.8435276353266,False,ff4071ea889772db2bcf85de1253daaf
4ecd1fdd1435,1,test,1088,2416,1736,0.934,60.34016418457031,22.76253816950904,71.99787443038076,False,c77a5acfac43ffe1c5b0985babbbb786
4ed31cc07366,2,train,1089,3216,2136,0.843,124.8326416015625,46.09197633191809,252.33851903304458,False,3ded0b8b4ba6bbaffb6afece7a08cafe
4ee1ad981a6d,2,val,1090,2588,1958,1.0,74.53074645996094,39.787165328407646,35.792629865696654,False,0add39f7e055337ceb105611d6289813
4ef0b485a7da,2,train,1091,1050,1050,1.0,69.6563720703125,37.789203724568665,98.16120619117282,False,8f95fce44579bfe7f3fb6b8bf2e6c43e
4ef16a53d899,0,train,1092,819,614,0.606,44.77033996582031,26.612276541822332,62.025094747543335,False,e3d24da8385e619345cac2ff4eea32b1
4ef7144e24ff,1,train,1093,2416,1736,0.934,98.09904479980469,35.44151369005393,139.97389607783407,False,ac91e3d7cc57bd4ae7d03b9f16ae2121
4f0866b90c27,3,train,1094,2896,1944,0.637,53.329742431640625,26.668688900706798,64.3476957641542,False,1e3884d2bfdbaa390f30e9ba4ec04d89
4f20f9a9a65b,2,train,1095,2588,1958,1.0,46.58485412597656,23.444614846583608,34.28219437226653,False,fc5328af7a41456d354f3f75ae34de32
4f46d7ee61ed,2,train,1096,3216,2136,0.842,99.33059692382812,36.494851214200224,198.3606522360351,False,0493dab085b8d22caa5cabd8dc6f2bbe
4f5dd7660b17,0,val,1097,2416,1736,0.934,88.17103576660156,31.458034077504365,100.86509381886572,False,ea525c146377846feb2a255884e9594b
4f60129e9a5b,2,val,1098,3216,2136,0.842,86.18626403808594,32.25362814075799,114.19422682747245,False,4c845ad672761d9bd4fc6f7c01dd6ac8
4f6abc40c72d,0,val,1099,1050,1050,1.0,73.64457702636719,39.25332571776972,105.39573930180632,False,ad8f7ea71f167a349b8a68591d6f1e74
4f7755e74a9e,1,train,1100,2416,1736,0.935,109.24876403808594,41.88647402122664,263.1996505474672,False,90e0f34c0a427732b489f55bc466a6ef
4fa26d065ad3,1,train,1101,2416,1736,0.934,85.56895446777344,32.64762763589534,133.1249951159116,False,1997f7e27faea145fd03419a6e1886c9
4faf4063db8c,0,train,1102,1050,1050,1.0,79.56024169921875,42.80619325228685,127.175725992769,False,eb918c36f8400d25d341b2b753609d61
4fd5ec0dca09,0,train,1103,819,614,0.606,84.00056457519531,44.37264328907593,144.97168501839042,False,5f6b161ed312657c3b78ea2c65148d37
4fef9ed8a4c5,3,test,1104,3216,2136,0.842,67.37860107421875,27.804505892846763,59.91535812243819,False,e0ca2119a0d239a85a1f430b3cb36a90
4ffa38550c95,0,test,1105,2048,1536,0.604,77.92486572265625,49.828132355425694,249.98582403897308,False,08e7968938080095ebe8d97bf038ad69
500aad15b7c8,0,train,1106,2048,1536,0.605,77.65653991699219,47.240588354988574,131.79381132102571,False,fe0992b16250412835b778c445aebcf1
501c319f7a9f,0,train,1107,1050,1050,1.0,88.66856384277344,47.47824174564864,141.85477478406392,False,da88839938023f1fedb7fc4f3c3e944c
504a69096fcb,0,train,1108,1050,1050,1.0,81.21646118164062,45.500509620860456,140.1520953439176,False,90414f3b8b74416dd8b15fe55182aa3c
5056fa7d505f,0,train,1109,819,614,0.931,51.91328430175781,29.154333497133706,44.756477773189545,False,cfa8d34e29503aaa25802a9e336c3f9a
5069feccd866,0,train,1110,2048,1536,0.602,47.238983154296875,27.030547499744557,62.261668927036226,False,84cc1df3c05d77cbbb4efd03f407cc9c
5077cdb88aed,0,train,1111,1050,1050,1.0,87.10855102539062,45.15418865726612,155.4951529481914,False,00bc10344f0d73cb8f2d8fe926a94906
5078caaf1f57,0,train,1112,819,614,0.931,44.91246032714844,22.856004103903842,30.78698905929923,False,adea241fc485a464ac0ebc327ad63496
50840c36f0b4,1,train,1113,2588,1958,1.0,79.56033325195312,35.45283264170275,69.3664973815903,False,0d20ccaeb318d3772f70678a002bd6e1
5090917a2676,1,test,1114,2588,1958,1.0,70.75028991699219,38.47384557636544,62.679824243998155,False,34438c9cc40171ad17bbdb6378bf7f01
50915e2329a1,0,train,1115,2048,1536,0.605,108.36618041992188,59.91668796842115,437.95926908566616,False,53012df610f9344d201545de396c4ff3
50916d67bb51,0,train,1116,1050,1050,1.0,88.77224731445312,47.679289154830414,140.77842164691538,False,5736a8a1e6000df320530b5be714947e
50a2aef380c8,3,train,1117,3216,2136,0.842,94.8768310546875,34.89056066408047,130.95302366442047,False,f9c5d93c9552cfa4904274c97778615c
50d8249f7bc9,0,train,1118,2048,1536,0.605,90.9736328125,53.57918448970617,163.2080348096788,False,b20d9a013bff5c77b8946de57909975f
50d8a8fb7737,2,test,1119,2588,1958,1.0,46.2073974609375,30.905843932403076,68.63479872210883,False,2d203013ae730a59b18b45e1bac288bf
50ddd7d976df,0,train,1120,2588,1958,1.0,60.961517333984375,25.28992982067005,31.102558171143755,False,644485c7b92fddecc85e84dd1a95401d
50f5201fd18a,0,train,1121,819,614,0.606,77.17588806152344,43.11436893743444,119.46724274917506,False,8e502de9cb5f6c3246876a7286e00da0
51030843fde2,2,train,1122,3216,2136,0.842,79.10206604003906,29.8111524054874,109.49690903513692,False,4a1311250a7658c53149606c744be60d
510aa0a898fa,2,train,1123,2588,1958,1.0,52.27850341796875,22.034150669119537,28.39519731863402,True,ea1368d217183b0a7c460575482a42d3
511fd66b2df8,0,val,1124,2588,1958,1.0,64.15975952148438,35.76071482705806,76.51079693972133,False,57d4e1480c0316bd968e7dd05dec54e4
51269b77d312,3,train,1125,2416,1736,0.934,78.18934631347656,28.59245786697849,122.21500884904526,False,8c2026d802bcf128168afa54b02c3ef4
513b0a4651fa,1,val,1126,1050,1050,1.0,75.68626403808594,40.65804025164765,131.63674460351467,False,e42546b09edf09bb981105449bcd5636
51405d042000,2,train,1127,3216,2136,0.845,100.86447143554688,37.71831233145536,177.10970785631798,False,5404bb4396dbddeec732aba34f047a32
5152bf091152,2,train,1128,3216,2136,0.843,88.09962463378906,32.582407671226846,147.3750411933288,False,a1acad08164ae2d79540d4baa2b27ae5
5173d54fc214,2,train,1129,3216,2136,0.842,100.89260864257812,38.65871662573766,156.90758611424826,False,ea785c939889aa4825caa132dfb18be5
5188a8afa879,2,train,1130,3216,2136,0.843,102.35108947753906,36.856232144280526,160.85977292223834,False,5e0265546ad62dd1cbb2732e31fa72cd
518e880613de,4,val,1131,3216,2136,0.842,87.04573059082031,32.74710884329942,121.44123187265359,False,b2369487b21940031935c7bd9b2c0969
519c6e8f78dc,0,train,1132,2048,1536,0.605,66.3167724609375,36.32501158611555,113.21738680801354,False,8e74cd81fda421a88f6ff78476b0e919
51a078d6d43a,0,train,1133,1050,1050,1.0,76.35615539550781,40.427362927004175,126.8819357433822,False,0632af078d7eec7c4fb300c08061ac88
51a1d162e223,4,train,1134,1844,1226,0.818,81.89549255371094,34.37328680667395,92.40498493029736,False,a9ab33c0cc4cb9b222b4afa3d2fa1d26
51aa3361294c,0,test,1135,819,614,0.931,46.81401062011719,25.095971178672606,44.617665520869195,False,37df59d27dc018eab06ccea27a2743d0
51af8a689511,0,train,1136,1050,1050,1.0,73.86395263671875,40.28434605418563,111.97057518339716,False,3533277abacfec20429ac51ec71efe48
51af8c112682,4,val,1137,2588,1958,1.0,74.80201721191406,30.326506955617198,39.529645844362676,False,05a5ddd7eca88afa42c365fa06dcf113
51cd8d2057fa,0,train,1138,1050,1050,1.0,69.32914733886719,39.04904552719542,96.63410248979926,False,3b64abfb0ac283ce1626083993a282f0
51cfeccaf40d,2,train,1139,3216,2136,0.842,86.69171142578125,32.24599256534286,100.18729121889919,False,a139c1fb43b78f4c1f9847d0583241b0
51d0034d177d,2,test,1140,2588,1958,1.0,30.625244140625,14.324166018240982,9.433280972531065,True,30c34c6e3dcad5ff3b956d96f4502d4f
51d574513bcb,2,train,1141,1844,1226,0.818,74.72695922851562,32.77025233340323,78.456966932863,False,6cf57e326187902dc6988eb332d0bc3b
51d780864365,2,train,1142,2416,1736,0.935,108.76628112792969,38.756590670944306,220.6363290688023,False,97050645324f01e9ff084314834f6aa9
51da6aebba8f,3,train,1143,2588,1958,1.0,43.44786071777344,19.604510197132385,32.53407460078597,False,74146defc4e396d0c975d33d85a8a8cc
51e656e5a541,0,train,1144,819,614,0.606,68.9395751953125,39.491564411073846,72.81089363992214,False,496a9941b8f2b61ec75180d0e7132da4
521b5377a727,0,train,1145,819,614,0.931,38.285247802734375,25.168486075014975,26.696583974873647,True,51b9b667685eb1cb6fba93d53a1968d5
52230bbef30e,2,train,1146,2416,1736,0.934,82.08285522460938,28.915172845845387,139.7100969394669,False,2c7346f51870255f34d072a90e7a98b2
523b3f0fc646,1,train,1147,2588,1958,1.0,42.46556091308594,20.536275735346923,24.86816057912074,True,0ebb56387145c56d7dee8d0e390ee04b
523d0c2cb4d6,2,train,1148,3216,2136,0.842,82.83161926269531,30.687343600074975,92.3892546610441,False,ea04a28b5f02fad8cf676292104270dd
523ff163211b,2,train,1149,4288,2848,0.809,73.13040161132812,29.21801824467781,155.6913789724931,False,6c48f2dea0992e2566e6e24fa860a552
524f240e0c90,2,train,1150,3216,2136,0.842,91.75459289550781,35.15729775295007,129.62735034315847,False,a1692aa764639bbdae555bcbd37746e9
5257cb536da2,0,train,1151,819,614,0.931,63.7982177734375,31.36806350734169,89.90094078239053,False,d9f38a9caa5ce7b6a328aab39ab66702
525acfea47e8,2,test,1152,2416,1736,0.934,75.05976867675781,27.576769090166255,105.21939983940683,False,2a93e16084b256b5525287285b93079b
525d0dd8dc45,0,test,1153,819,614,0.931,50.487213134765625,29.453036742606216,39.90909655368887,False,a1a1b713e72280cc7da9b034c08cba6a
5264a54e1830,0,train,1154,819,614,0.931,52.197723388671875,27.15098456473759,39.41903994884342,False,e77e17582c35f09b934d025f006255e5
5265dc9acdf8,2,train,1155,3216,2136,0.843,93.89822387695312,34.392720741596605,126.33838543202728,False,60037e8d4f549aa3ca2258de9132df53
527bea76116c,2,train,1156,2416,1736,0.934,79.81100463867188,29.530649357176713,102.2226831947919,False,2b9a3aefa006296dff27b76d9bb11b3d
52886bed8a07,2,train,1157,3216,2136,0.842,94.5677490234375,34.133583905100586,125.64849005639553,False,cac6dfc97497373a156b1b857a126525
5288f7441f64,0,train,1158,819,614,0.606,68.38728332519531,36.80694514581244,98.19328361656517,False,3bd33d26b55dd0c75d579c14a89b846e
5293576816aa,0,train,1159,1050,1050,1.0,79.96890258789062,44.02131494153064,115.08553769811988,False,e20f5babd85d46be0afd243e26354885
529906ff9dfa,0,test,1160,1050,1050,1.0,98.4713134765625,52.12124321212901,172.50121070235036,False,9de15289e6b49f7452d99edce9625e48
5299a532f0e0,0,train,1161,1050,1050,1.0,79.22897338867188,41.34565510651972,120.10722401365638,False,0319974b1115f4917d2208cc193f9a15
52ae917fcea4,1,test,1162,2416,1736,0.934,68.73797607421875,27.829657115063522,78.90792273893021,False,89ed829f811e6e52a31961c4db059b65
52dbec057cc8,2,train,1163,3216,2136,0.845,100.27371215820312,38.261062548471465,158.3106939708814,False,b4b17c6c23ff3e1c2a739236d34b906e
52ddde91a349,0,train,1164,1050,1050,1.0,83.81556701660156,45.1543694458874,143.08172809705138,False,2e286bf00f78f49b97f9a93cb39f743c
52edbe29d655,0,train,1165,1050,1050,1.0,72.67024230957031,39.17222530790931,112.16391005530022,False,36172e046108f1fa30414f57ad504140
530d78467615,2,test,1166,3216,2136,0.842,56.33711242675781,23.82150880711521,64.63066483195871,False,27e6970be8d58fb48d4385eb902d9f74
531b39880c32,1,train,1167,2416,1736,0.934,61.48301696777344,24.392221198259488,73.67161252698861,False,15f5d78f0a5fab1d424b8227f70a0247
5321ab64f9ea,0,train,1168,1050,1050,1.0,83.58790588378906,45.782237146427946,153.4254874882754,False,dd51326a7d23197425f6521e3cb3e4ee
53273d664cd8,0,train,1169,1050,1050,1.0,81.44456481933594,44.25419650317828,130.6015282534063,False,2f9aa4788cf90744ea999b30f91f67b0
5327f88a1919,2,val,1170,2588,1958,1.0,43.201080322265625,19.341138885130817,25.809992670081556,True,4f60d1a8622cf51bca348ca6dbf0fb23
53327edb9e4d,0,val,1171,1050,1050,1.0,78.29522705078125,41.106847207919095,115.18705898150802,False,d467158a608f4bb097e38daa26ec603e
5347b4c8e9b3,1,train,1172,2588,1958,0.998,62.27459716796875,24.582929227080015,21.1315454558935,True,7f5ec12be278a6171097e97ce8080ae1
535682537302,0,train,1173,1050,1050,1.0,89.63934326171875,46.8916226251583,151.24604507908225,False,905e91eb8d31c13064a80f26bec65a36
53704c80f0d8,1,val,1174,2416,1736,0.934,62.18104553222656,24.15708154658316,75.00043281703256,False,b9c45f007a11dbe5bfb5253be6fda4ab
537e50fdf22e,3,train,1175,2896,1944,0.636,72.78741455078125,31.96348783755042,192.90848417556845,False,7824f4e6aff83387c666ac074c7f65bb
537e5c578f40,0,train,1176,819,614,0.931,47.187255859375,25.271812760545437,41.94046553596854,False,488d3330eeb90de886ece618d2475bb7
53c874dbc594,0,test,1177,2048,1536,0.605,81.49696350097656,50.660725873728964,244.18733500293456,False,ccfb5123746a6a4c3fd6ad4f26adcc74
53ddae6a619e,0,train,1178,2048,1536,0.605,75.97433471679688,42.690888314170785,104.53088514856063,False,c5194e75f29b139533cf81626c928594
53f6c1c65c04,1,val,1179,2416,1736,0.934,85.82081604003906,32.43011351530131,176.09438613592647,False,fc7c53b888e6991afa5c96b5989560ea
54038e56131d,0,train,1180,1050,1050,1.0,81.6173095703125,45.58519341924724,125.76256547868252,False,27241cf6ace96b6790f9181e584d7d47
540e4973829e,0,test,1181,819,614,0.61,82.4000244140625,46.25388677976946,187.5278376636561,False,991e27e157efbe79ad20dbbda1609ad0
541db13517e2,2,train,1182,1844,1226,0.816,47.19624328613281,26.826602700938764,42.181658050976694,False,49ea735d9510ec1d131cb1761c68ccf1
542964865b1e,0,test,1183,1050,1050,1.0,73.87646484375,40.78996813604761,139.115226801252,False,0f15dfe20ea257c8d32b29a4edcc357b
54334705a34d,0,test,1184,2048,1536,0.605,90.55435180664062,57.567172200553884,304.18929263739847,False,c3d8c976536a7da04f1f6fd5c5088f31
5445255635f0,0,test,1185,2588,1958,1.0,89.49156188964844,34.979213391271706,98.1539270428475,False,e1a30ea89d56a39226ddc6fc5b8614e9
545df1bbcd61,1,train,1186,1050,1050,1.0,78.85394287109375,42.086959903590376,121.60941665992141,False,823ac230152f0d7d47b94f5e0e2bddd6
547b37da9223,2,train,1187,3388,2588,0.871,79.10960388183594,31.9715081487027,133.2191985656973,False,5311d569836427839d3a9c44d716e0da
5486da4273d7,2,test,1188,3388,2588,0.871,78.09291076660156,32.15486419718866,140.47747622430325,False,f5c0bc7363277c3c8cbe7119ee7ba924
549381330191,0,train,1189,1050,1050,1.0,73.35185241699219,40.06179225923579,120.19024085230194,False,e4edb64c1a13b3bcef68057fb3c1688e
54b322c66d01,0,train,1190,2048,1536,0.605,79.61526489257812,43.06732997326423,155.47069560643286,False,3872b65886ae68284fba21323b61ffca
54bbe3da103e,2,train,1191,2588,1958,1.0,63.29840087890625,22.045988557025144,26.664944544201717,True,5cea4804717e4e77a886f5712ed57784
54bdcdecd8f3,0,train,1192,2048,1536,0.71,60.006439208984375,44.07287168814079,156.37209659046493,False,fda7e2527b0018c2d8ff7e4dd7cf2251
54cab3596214,2,train,1193,1050,1050,1.0,86.03230285644531,46.612642852957606,147.32469689752907,False,6c160de869bae37fe756d0889f7bd841
54dc6e8107cd,2,val,1194,2416,1736,0.935,113.2581787109375,45.987928650312,342.43122124299407,False,6f60bd7cea3f4ddb6ba5c478a3466e6b
54f57cf26126,0,val,1195,2048,1536,0.604,81.08026123046875,52.95465304698247,273.1052783271298,False,9ff8259f045c678e457dbf53ca1db9c0
55034b1dbff2,2,train,1196,3216,2136,0.842,86.43800354003906,33.287427470165525,146.73232965823263,False,54cccd83b2bf748eb66be152a8855d3b
55092c0071eb,2,train,1197,2416,1736,0.934,71.26821899414062,27.103405560833316,106.33889853861183,False,bbb22c0c0e46c8a69dbfcedb02cb2e0d
5511f114e7ee,0,train,1198,2048,1536,0.605,72.59368896484375,39.94477632286023,107.08656497951597,False,06f9af6005633a40fec6cae65d5f22a6
5548a7961a3e,1,test,1199,2588,1958,1.0,29.031097412109375,12.462704752885736,13.148523401236162,True,fcddfbf2e91f2e1526008484d3885710
555d0bef3c5b,0,train,1200,1050,1050,1.0,87.23551940917969,46.1818245806628,136.69055411126465,False,cc14f93d220f6ab4504bfc3fa3695e24
55968f0e63c4,0,train,1201,1050,1050,1.0,80.39337158203125,41.90099452631816,128.50208961125463,False,28d2d4669fef1fa7b2f5e349501c927a
55eac26bd383,1,train,1202,2416,1736,0.934,68.07218933105469,25.77426025994834,82.30875438079238,False,4be681817a360f7f02671c36ac3ced5f
55eb405ec71e,4,train,1203,3388,2588,0.875,77.86756896972656,35.55475952030382,167.30743696447462,False,c05df51a119d39219b2b25f60e0bdd75
55f7f018c61c,0,train,1204,2588,1958,1.0,53.23883056640625,25.598331273043097,24.09465753263794,True,6077a2188f720082270f7c0402282318
55fd453001cc,2,train,1205,2416,1736,0.934,55.94972229003906,23.036195001242707,110.86323728784919,False,9322c18061fdc4da77633e92948d1d72
5633ced07d8e,1,test,1206,2416,1736,0.934,93.50961303710938,35.221243296721674,112.3442524522543,False,af2cb17e50d2eb8495c922842713945d
565f3404f9b2,0,test,1207,1050,1050,1.0,80.64750671386719,43.55519794624462,126.36166583723389,False,ec5e264bfbea1d11fcb551e1e7f906d7
5671eb95512b,1,train,1208,2416,1736,0.934,81.33087158203125,29.68635826870522,106.1566582431551,False,44f4c92963fa67fcd2642ee2b501b9e6
568455854a11,0,train,1209,819,614,0.606,71.36260986328125,40.140688280593615,103.92518149293028,False,02e58ca17c0901e45b15db40aa251aa1
56e56aa08362,2,train,1210,3216,2136,0.842,99.23089599609375,36.54604916737329,144.58087952039205,False,5edf040eb40f765eeec88bd0a889abad
5712e2aa73a2,1,train,1211,2416,1736,0.934,84.59492492675781,32.968091270085004,123.57521568238735,False,4fc8233244a45a61b7abad4e3fe93398
571bbdbf585e,0,train,1212,1050,1050,1.0,93.69599914550781,50.32008665004238,158.8874193688389,False,1798a8115738d06df460e323e0f4b72c
5723d0ec895e,2,test,1213,2588,1958,1.0,54.68896484375,25.813183306685467,27.953044518828392,True,514c011b421f4c78bd43c680b8f95400
5728b8aa98ef,0,val,1214,1050,1050,1.0,81.22061157226562,44.357287053681475,126.78060054779053,False,fdae639ef00afc0350ee73aff8496f5c
573ea80a53be,0,train,1215,2048,1536,0.605,82.13420104980469,45.71495318057172,235.81978337443434,False,b6d217c3a4a244f2e4684309bbc1182b
57469423a012,2,test,1216,2416,1736,0.934,64.06269836425781,27.443770575531783,70.56054173409939,False,f7ef4d0acaf9b543114c0762df7c7c01
57760be09c03,2,train,1217,3216,2136,0.842,69.12765502929688,27.726503624975162,71.73613711819053,False,24883932a09255987f9446c4eeeece75
5777ef74c9ec,1,train,1218,2416,1736,0.934,66.50083923339844,25.06343878343824,82.497896685265,False,dcba5dac7683345904ff61d99549e4ed
578109578b46,1,val,1219,2588,1958,0.998,65.80410766601562,30.7315566747989,47.654021486407146,False,d20d55345c9a68c1b5d2d4d8ae035278
57a5e4274275,0,train,1220,2048,1536,0.605,76.32553100585938,42.205748570846986,142.85465996619314,False,0eace87c60a876da5fdef70df272a128
57a5f1015504,2,train,1221,3216,2136,0.842,73.17103576660156,27.80533172746822,88.75108653097413,False,a0b1a9223d7609f21f8da8f21e8e0f10
57a710de68a4,0,val,1222,1050,1050,1.0,83.74055480957031,44.97209992120721,136.69716485962272,False,16362bffc3b91b1532cc96fd7a5cf83a
57ce57a8cfb0,2,train,1223,2416,1736,0.934,59.22869873046875,22.475052719454176,49.024515237659216,False,f60a8899d1bd0ada11e0864ff02d5316
57db4781e7ec,0,train,1224,1050,1050,1.0,94.4884033203125,49.32944199411356,169.53696714248508,False,e18d33bbdb139cc4565a35d6dfc440a0
57f5ad4b5b29,0,train,1225,819,614,0.931,61.99861145019531,31.781235326026845,106.17959695961326,False,850532a9a30c1a610d1c3b70a61e0ea2
57f933d3d7c7,2,train,1226,2588,1958,1.0,50.50384521484375,24.487698025724843,20.44461625814438,True,74c73801eda5ffe49bbbb768f6198b2e
58059e73d2d4,0,train,1227,819,614,0.606,53.367279052734375,31.16501667024112,72.41538405418396,False,1837a816406f217a4f25588b58a74d3e
5814cbd2e9bf,0,train,1228,1050,1050,1.0,81.35581970214844,43.855600728020356,139.53880664869212,False,9c6123d3f86fb22107021a132118ee4b
58184d6fd087,1,train,1229,2416,1736,0.934,113.43632507324219,39.53227755514551,171.93259024620056,False,8ceaf531bcc811d088257e8a7ad730dd
582115961a3d,1,train,1230,2416,1736,0.934,68.46846008300781,28.063677398380186,76.8202405886259,False,9ff38b3d62bcd6be40827ceb910a1738
582f739b8f62,2,train,1231,2416,1736,0.935,57.425506591796875,20.976855038688843,55.55542212142609,False,c6e9146a731e2bf244c20a9902d1115b
58529a8638d0,2,train,1232,3216,2136,0.842,65.76251220703125,24.524051535147724,62.830268409103155,False,d020ed294e1b0b31c78281ab6e00ebb3
586f5c56081e,0,train,1233,1050,1050,1.0,82.72537231445312,44.44705088988649,134.95817464590073,False,d45f4cb679592f92f9f2ed39ac1fddfb
587146a55885,1,train,1234,2416,1736,0.934,68.60739135742188,25.59954557600415,63.60997315868735,False,3051cf26abc068a9bbf418dbc079a842
5879285f9d8d,1,train,1235,2588,1958,1.0,82.81265258789062,34.91867377063884,67.93039479013532,False,7ce5538a407e4e62bb9cb8e600e7a28a
5889a0c75cac,0,val,1236,1050,1050,1.0,84.30885314941406,47.25204439185289,185.28437622543424,False,c02bc267f52dd3fad86d5ef773d9f87c
58a9e0d7f7af,0,train,1237,1050,1050,1.0,84.42431640625,46.56013892159187,127.7587938895449,False,0c7b72ba83aa149f748f9d1c71261e0e
58af2c054ced,0,train,1238,1050,1050,1.0,87.44976806640625,47.51656889985394,153.88891552388668,False,cca3b3b8f51c34630d08cdccfce2c0d9
58b866484a05,4,train,1239,1844,1226,0.816,55.98884582519531,25.387159272574475,49.84068189561367,False,faad11cb3c7319bc3be785dc4bc130cc
58c12863f33d,0,train,1240,1050,1050,1.0,86.5560302734375,45.435486761870905,166.94475249107927,False,1e995f1b9838b9430e8e41d353fb1db0
58ccba7eec9c,1,train,1241,2416,1736,0.934,63.86460876464844,25.087971950155485,76.75010022311471,False,9e6d2e90dfdf404220cedebe317e911e
58eb3809f456,0,train,1242,2048,1536,0.6,31.432571411132812,20.87183617764424,37.28870793804526,True,7c203554fb11124601ef7a16c5b23d74
58f07741ee3b,0,train,1243,2048,1536,0.605,80.85383605957031,43.663990667926896,183.75914563890547,False,33943b3195b2faff63f827ebf01b1e08
5905a9b06a73,2,val,1244,2588,1958,1.0,60.73127746582031,34.690098466741794,58.51927541848272,False,88254fafa7401a437cd9c136657580e8
594f69b503ad,2,val,1245,4288,2848,0.81,66.15559387207031,26.84489547805389,67.05300418264233,False,b2b2949a3eae5ec50c1f7cc9d01e5aed
596f4fdb0004,0,test,1246,1050,1050,1.0,84.8695068359375,46.875284508000675,196.2002277688589,False,882430dcbc485304a7fbacb57084acda
598b8f5b3822,0,train,1247,819,614,0.606,60.9312744140625,37.1069399817799,86.14278578385711,False,9500811bc580616a543ccdb15857de89
59928f999ae7,0,train,1248,2048,1536,0.605,72.92219543457031,41.02963642271123,108.80412362515926,False,5695a3e708197fb63d67312bb1336aa1
599498e9e4bc,0,train,1249,2048,1536,0.628,70.54518127441406,45.24073691941608,172.88618070539087,False,c63fe4a2e09c5deed230ae4d3518a440
5995321563b7,0,train,1250,1050,1050,1.0,80.720947265625,43.32182930371103,140.5539247931447,False,be95c1dacdecbca57c494e9da599e7fa
599b89048034,2,train,1251,3388,2588,0.867,77.21463012695312,31.07849446459638,172.1694731703028,False,4642d060128d125d0cd1971a9ad26714
59bd19c1c5bb,0,train,1252,1050,1050,1.0,81.55308532714844,46.28616969404671,124.84567165374756,False,0b89d5dbffdb2b0112d8577f3aa2e908
59e5212f7139,1,train,1253,2416,1736,0.935,87.58921813964844,34.98059074464382,234.1451383298263,False,f06858c3ad6f3f7ea6683fe6fcd5ca6e
59ee65760535,2,test,1254,2588,1958,1.0,51.93037414550781,34.81974090874744,91.47007977566682,False,288fe2ad7459fb3c5c691836962103ae
59f3f70abddd,2,train,1255,3216,2136,0.842,84.10029602050781,30.367274366518874,97.85625577322207,False,51f5271ff6a5263da31ee4ffc5b7dd54
59fee5bc3479,4,test,1256,2588,1958,1.0,32.59739685058594,17.061723881615254,25.619601927464828,True,3eeb1f3eb774f312a66f1d025cf46f4e
5a03fe3ed15c,2,train,1257,2416,1736,0.935,87.587158203125,32.1356155495489,131.43718552496284,False,bda445c4ee4fe94d6794fb93ea45270a
5a091e8cd95c,1,train,1258,2416,1736,0.934,83.02658081054688,30.838518885864023,110.87475723191164,False,f768ef55c36d60ddea154ab0202b5bba
5a0fe0ee4301,0,train,1259,1050,1050,1.0,78.92338562011719,43.48503685365292,130.41886623553,False,6beea0ff8b3bbacef6420bd779b13952
5a11d21c2828,2,train,1260,3388,2588,0.871,76.93038940429688,31.860650980145365,138.05300574656576,False,c9381c3c5a0d436f848931b1fdb360b7
5a179c123fd8,0,train,1261,819,614,0.931,50.01863098144531,35.26425385959875,85.22201692219824,False,e20cc28f8208b6ee407808e14788e444
5a27b9b2a9c1,0,val,1262,819,614,0.931,53.58624267578125,36.17401463290758,47.829702481627464,False,87252b6526faa2b3b6667b894a805406
5a2c27b95c7c,2,train,1263,2416,1736,0.934,60.46490478515625,23.756698557116636,67.28784915432334,False,359d544df611f1139e18b8c0ba9481bf
5a444c32cd9a,0,train,1264,1050,1050,1.0,81.56166076660156,43.95589227314112,141.6055358571466,False,a089c80faf4999b4996f392792b19ea5
5a5d3798c357,2,train,1265,3216,2136,0.842,94.50834655761719,35.13848757760109,123.27353878109716,False,02b7ab33698feac58f03f44940c0ff27
5a93c0f783c4,0,train,1266,819,614,0.931,37.859954833984375,24.557579627997953,43.535824239254,True,da78f5dd6e010111b1bf40fb91e796a4
5ac7a414560e,0,train,1267,1050,1050,1.0,86.89041137695312,47.60299581741346,135.06189201772213,False,1aaf809d7a26967b2a6969b4d23046b0
5ad3dabeb2cd,0,train,1268,1050,1050,1.0,75.62017822265625,40.44937614578834,136.43077307543717,False,cef309de0c8bc37c269109b69e3b89ed
5b068765e846,1,train,1269,2416,1736,0.934,65.58731079101562,24.120977798194804,76.49744402989745,False,ea7af32b88030c1e4f400364748c4088
5b0e53f53ef3,1,train,1270,2416,1736,0.934,54.68499755859375,19.775927207071938,49.0140427313745,False,736564149e7d85d846d3574c50ec73e0
5b1c4cefeb24,0,train,1271,2048,1536,0.605,105.82899475097656,60.65433288647274,338.7291972404346,False,1ff7441c21fe9fd382c04465c814dfdb
5b2648ad455e,0,val,1272,2048,1536,0.684,58.73088073730469,41.02691447002619,100.67822209536098,False,14451cd65c16479a0a85eeaaf0cb46ed
5b301a6d1ac7,2,train,1273,2588,1958,1.0,28.670303344726562,12.968675430631759,7.5708448176737875,True,b102e3420c74d51041cab2e226394a99
5b32ece9c627,0,train,1274,1050,1050,1.0,73.16278076171875,39.76489735927815,100.71083041816019,False,185409f1bc0505bf28670753bbe891d7
5b3d41626ec5,0,val,1275,1050,1050,1.0,79.61611938476562,44.386366957754085,129.71283842413686,False,d1ca90183e2ec8db631fbd53a6796448
5b3e7197ac1c,3,train,1276,2416,1736,0.934,54.985198974609375,23.059775138018487,44.07328983768821,False,a42ab9c342c0ad1e67193415efe39c6d
5b47043942f4,0,train,1277,819,614,0.606,70.27760314941406,41.58329641648859,130.17960463627242,False,0aeae877a37557dbec69ec4f283246d3
5b5b80a3edee,4,train,1278,2588,1958,1.0,67.81285095214844,36.84137718669334,77.39689540863037,False,e663003e3b57c227bc7b3224983f70d4
5b644a403e1f,2,train,1279,2416,1736,0.934,70.06256103515625,27.3454825064298,86.89143380150199,False,cb2512ddf55e044b7fe0dc95cbc0ad1f
5b72ff04333d,1,train,1280,2416,1736,0.934,63.3162841796875,25.548680549943672,53.76780951744877,False,2afecb6bb1045ef2524bfc2888825144
5b76117c4bcb,4,train,1281,2416,1736,0.934,83.0914306640625,32.11588811762894,115.43958940147422,False,bc7a44a01c566a98d6b19ca435b18830
5b804948e35f,1,train,1282,819,614,0.931,39.310760498046875,19.421070105575186,33.284153080545366,True,ab5ff3c66e768ac3a585ac57c5871fcc
5b994ff78547,0,train,1283,1050,1050,1.0,83.08314514160156,44.175993148982,125.90973881050013,False,299dd5abf3af3de61cdcdd43ece25f12
5ba156a35ff2,0,train,1284,1050,1050,1.0,82.28884887695312,46.31281268522262,153.90043175872415,False,2da65153db1d62cce0e5f973c6a9ef4d
5baed382f062,0,val,1285,819,614,0.606,63.80284118652344,36.09770792840586,76.9918634807691,False,d504e0aa29bd28e0faad3a89091532f4
5bda2ed09e62,4,test,1286,3388,2588,0.872,59.10505676269531,25.973018344980282,70.88296447857283,False,0d9dcf978392638552ba20b17f9ca413
5bea250d8bf5,0,train,1287,1050,1050,1.0,87.16470336914062,45.5069980801309,149.4112244695425,False,ccea80578b7e25fda069d9d25584075b
5bf3357a2823,0,train,1288,2048,1536,0.628,53.423919677734375,32.12422070305682,93.17925522383302,False,e70aadebec21c61fb5dd0bb6fe917eec
5bf6f2958e53,0,train,1289,1050,1050,1.0,103.9658203125,54.25836362400927,202.24071814096533,False,14bb4c1365abd3dd678d5bb221566088
5c6194562ed2,2,train,1290,3216,2136,0.842,81.3564453125,30.479273382396837,117.81581473350525,False,274483a10355ba92d3528d11737ea4aa
5c7ab966a3ee,4,val,1291,2588,1958,1.0,42.92405700683594,17.168067419957417,18.14748218562454,True,6bbb8e28398fb4ef8f026b7a2ad7104a
5c817060c0ed,0,train,1292,1050,1050,1.0,72.50711059570312,40.22166529505457,96.97161868936382,False,67d1fdac5a4b309ae36b2ca1dc83069e
5c8482926a08,2,train,1293,3216,2136,0.842,78.13578796386719,28.963236854583243,79.46840050444007,False,551048ac4b990834e6ca8c47f10cc45d
5c85d22bd0de,0,train,1294,1050,1050,1.0,80.81297302246094,43.95096015972155,138.68689318164252,False,c2ce6967757d4dbe11cf9e8ff830c6e7
5ca73d28f17f,0,train,1295,2048,1536,0.605,89.88107299804688,50.3129095909283,183.90334090217948,False,49b2a45ceb66042ec035924b2c3059ca
5ca779ace6e7,0,train,1296,1050,1050,1.0,73.53938293457031,39.2638494955235,109.64176712930202,False,8f4efce405e1ab5c8d6a32331aab3cd6
5cab3ef4b31c,1,val,1297,2588,1958,0.994,42.41685485839844,27.857342093535905,36.74736457224935,True,a1519bdb320332fafbc2d68b3a2fe78e
5cbe88914a72,0,train,1298,1050,1050,1.0,79.19190979003906,42.76942142793082,123.99164604768157,False,8928003faa4fc09d4bb03d25209e6b4a
5cc6dea19614,2,val,1299,2588,1958,1.0,56.28050231933594,23.890146142940896,16.47765669762157,True,77531b77f79b0dba6a4d75dca4aa78ad
5cde55f745af,2,train,1300,2416,1736,0.935,81.6739501953125,30.23029207931416,102.94036240782589,False,2a26416579e6926362927113f48f3361
5ce5eeaf757a,0,train,1301,2048,1536,0.605,80.61637878417969,44.69954498861851,230.78693456179462,False,9b021fd15affdce6e1d154c0e1f5e7c9
5cf9127f251a,2,test,1302,3216,2136,0.842,61.5245361328125,27.758844439368257,105.89811644610018,False,c9f3f408563c190ad6c7ed85c5ec89ff
5d024177e214,2,train,1303,3216,2136,0.843,101.306884765625,37.191727276965004,201.4099306797143,False,82756bda0835cd4d5d90d49791342113
5d3c8c1f57da,0,train,1304,819,614,0.926,32.3580322265625,18.930988920000875,29.63637489080429,True,db29cb915caa0f77ce366ba434b6e135
5d4e5fd34d91,0,val,1305,2048,1536,0.605,85.87361145019531,47.59049544828862,183.80076533462852,False,28e4729e8027fac2bc91338b42460e01
5d5b5da5f939,0,train,1306,1050,1050,1.0,81.59620666503906,44.56535519254568,146.34189059957862,False,3906cd549c8f4e26de60a14ac9e26201
5d6239c0fd39,0,test,1307,1050,1050,1.0,74.606689453125,39.332488837494225,110.84126436128281,False,c0a67bccd368603ca2afe2ee34950b1c
5d74f98d62be,4,train,1308,1844,1226,0.818,76.94580078125,39.702551488175786,91.99293416365981,False,c6b16ddae8b627e65846b05a69520f2c
5d9c841eb245,0,train,1309,2048,1536,0.626,74.66152954101562,46.75943535199979,121.63131432584487,False,a1e2a16fa7aa490ff49e18f86bd2084f
5db2e3a4594a,0,test,1310,1050,1050,1.0,71.20376586914062,38.9732920647352,104.63845857884735,False,7f88914302db37b85e812bd9c9a4a179
5db895d3f1fc,0,train,1311,2048,1536,0.684,62.85615539550781,46.83097720829098,123.24405218078755,False,74446c32129fcaa9a5aaf386e8ad14ec
5dc23e440de3,2,val,1312,3216,2136,0.842,82.07916259765625,32.46942985154951,126.42655086517334,False,e696ddd2ab0544e99e4a6050586875a9
5dd2e26fc244,4,train,1313,1050,1050,1.0,80.55880737304688,45.27240234141753,125.20635606255382,False,fa7ce73df38ca296e4027c27832640d6
5de4615a5161,0,train,1314,1050,1050,1.0,72.87075805664062,38.63530414913099,113.7662923259195,False,59d78afade9ae9f31abc1eb6f6234be0
5e18af29d812,2,train,1315,2416,1736,0.935,60.66986083984375,24.353435068565535,67.20143400295638,False,4b6f073a21ed5944eb2a00c4f1ee8a82
5e505e25cd3e,0,train,1316,2048,1536,0.605,87.01394653320312,49.736972541302606,166.05784210911952,False,6935e14f84e20ee7ee879f4940b88bb1
5e5275ddee29,0,train,1317,1050,1050,1.0,78.41830444335938,41.94241174205797,121.73781259334646,False,d004286e9e3cae8b91f0e9d61de06d05
5e52c9fe676f,2,train,1318,2588,1958,1.0,52.229339599609375,24.706220350396535,78.71796820964664,False,eb9f3a62c7af4155b62c8f62026486c7
5e7630f8438e,2,test,1319,3216,2136,0.842,82.16807556152344,32.6766200784464,139.84674991830252,False,567bb68567904744ff9aeb569a246533
5e7cc6ab4ac4,2,test,1320,2416,1736,0.935,73.25529479980469,26.58618017961083,94.80151536222547,False,231881b1d6e2198e7c34749a2da355ea
5e97cb2b0888,0,test,1321,819,614,0.931,48.528533935546875,25.764547928406337,38.466265430441126,False,00ff5a54460526066c29bb92a7f1c83d
5ea9e447bb62,0,val,1322,1050,1050,1.0,78.9735107421875,43.090048253910076,121.69242822541855,False,5a9d4671237be1507492b7fd16105a0a
5ead17e894ae,0,train,1323,819,614,0.931,45.18489074707031,23.086396423241585,37.05162978172302,False,f6d87629d55d719441d80304bffd0abd
5eb8fb1aad41,0,test,1324,1050,1050,1.0,79.73481750488281,43.98263560778252,135.3157185909804,False,fd135a8a05b68d63c8d470605d9fe4bc
5ed6dc419e4d,2,train,1325,2416,1736,0.934,58.220977783203125,22.139894392298785,49.539764947257936,False,f2b92d1c7741d0eab84d190cfb8199a0
5efa24b03d5e,1,train,1326,2896,1944,0.639,86.7637939453125,38.858339431448314,215.4627725703176,False,88d1e6d0309fb674d5bd0af83fd684f3
5f13e8a07344,3,test,1327,640,480,1.0,86.74714660644531,16.80538981418984,33.984228474786505,False,9cd277c3d4404a0f8e0c42f6384a8d5d
5f4a8c074bd5,0,train,1328,1050,1050,1.0,75.88327026367188,40.97165407504583,122.80458321026526,False,7e22bfbdbf82ef3b9fa399f77b1fb4a5
5f51192841f7,0,train,1329,1050,1050,1.0,89.75804138183594,46.280644056177906,151.05893025454134,False,f75b456a67eddf168184b627f0ed11ca
5f6db235c04d,0,train,1330,1050,1050,1.0,82.04216003417969,43.20352878142317,127.37781248986721,False,b89e153da213d5ce2066a7a935ba691a
5f70ad48a525,2,train,1331,3388,2588,0.869,69.0009765625,28.784788612091806,110.65788599755615,False,68547680dfa133e06d783c8bc6ec6af5
5fcff7280019,0,test,1332,819,614,0.931,50.63337707519531,31.36965037200865,63.31506133079529,False,ecbeef62ffb5cd54fb4e374e8c166a67
6028a575dc27,1,train,1333,2416,1736,0.934,73.86222839355469,26.924832030999625,114.40579556836747,False,d4bc08d768be78e710b6316d9b16d89f
6061f5b7378d,3,train,1334,2896,1944,0.643,92.56716918945312,42.70873036549788,157.782586093992,False,7f3951f1cfa9b554f05574b05b3f22ce
606daaf0bfc7,0,test,1335,819,614,0.931,50.422760009765625,28.29376207251928,65.44482013187371,False,e137bbff75962df14890adc7df40f6d8
6089fa333013,3,train,1336,2588,1958,1.0,46.79718017578125,22.995161831014126,49.57901115505956,False,e35a74f0239fc544f2ebdfce599a4791
609be3ca5ddf,0,val,1337,819,614,0.931,46.49037170410156,24.653318258270517,38.454963881289586,False,a292ddc0223b741c26d8f4200ea24d9c
60aa4e649abf,0,test,1338,2588,1958,1.0,58.81333923339844,25.681332059056977,66.89197439490817,False,c69b0ed7b8728409013b6744521317b8
60e269e3e188,2,test,1339,2416,1736,0.934,78.264892578125,28.72108915576058,100.87979683442973,False,c87eeb2f21b8f8af851ed9e1bbc3eb22
60edda7b4871,0,train,1340,2048,1536,0.682,41.837066650390625,28.942349238314595,59.47938577248715,True,a8df2d8668c474887359425212344862
60eeae3ba23d,2,train,1341,3216,2136,0.843,104.17654418945312,38.54922180255736,173.9419672486838,False,303d50891f2087e0261b1b92147e4f52
6107a2e9f60e,0,train,1342,1476,1117,1.0,82.93057250976562,38.135741895898036,111.09885516390204,False,4eb9f9400ea875e04d77171c3e74cfa6
6110ecb3bb1c,0,test,1343,1050,1050,1.0,78.13810729980469,43.238620736840424,124.60133045818657,False,dd33dc60582ab0523f0f38ad130b906b
612f2df37a1d,4,train,1344,2416,1736,0.934,84.085205078125,31.911907108318896,135.81882743514143,False,b5fc7546e9f3bccc1d41e04ba6357673
613028ede6a0,4,train,1345,1050,1050,1.0,70.34565734863281,37.67578040437107,102.66855425736867,False,11c9eac4678c2460f947ea6d4027d323
613bacb35c05,1,train,1346,2416,1736,0.934,72.78944396972656,28.009064852072584,65.81067463918589,False,23b31ed1b94fc73b297c2927e84c32dc
6155cf375354,0,test,1347,1050,1050,1.0,83.87791442871094,45.74088921109089,162.82625435944647,False,d9922d31ec21238fbe48ef60349290e7
6180920bc224,0,test,1348,1050,1050,1.0,85.21566772460938,44.18916263757774,205.04140340327285,False,b5f24c144afa73b50a2188de5445962d
6181aa9f75f4,3,train,1349,2588,1958,0.997,52.90846252441406,28.132782090321957,61.343156828545034,False,e2fedf54119e0b2b9b355f9975b77fd4
6194e0fff071,4,train,1350,1844,1226,0.818,96.1649169921875,44.06093774538707,132.23264354467392,False,e604ae5a9afe190ea4bf15703f157437
61a62b1dcc36,0,val,1351,2048,1536,0.602,37.20701599121094,22.572045304275157,42.96554171084426,True,78daaa4f46c661eb0dcbd8d974c3d332
61ac9b0dc6b9,2,train,1352,4288,2848,0.81,66.44038391113281,27.450916968406048,85.64398592337966,False,05fe3d9a967d3a5bac8be7cb8feba520
61bbc11fe503,4,train,1353,2416,1736,0.935,92.60244750976562,34.34332928634953,141.3109915216919,False,4d0a7bdfeced105f4c983135a41739c1
61bbe8db6f3a,1,val,1354,2416,1736,0.934,66.17750549316406,25.62891431094779,84.53179322183132,False,49b8e35672c2f5c76b70ebd6f4bc5147
61c2fbd16e38,2,train,1355,2588,1958,1.0,46.40960693359375,21.537915712166882,35.250354492804036,False,96da980539d307d390fa0434d5be2684
61c667663f2f,0,train,1356,1050,1050,1.0,94.39462280273438,48.999282250122356,175.37195601686835,False,f0989eb3a73fc70c4cf17415a69d1667
61d9c88a3a4b,0,train,1357,2048,1536,0.605,69.98985290527344,39.90565737667278,123.41335797845386,False,c638eab54b2d59710337398b41c9d7da
61da799bf0aa,0,train,1358,2588,1958,1.0,51.71235656738281,21.581499439732998,17.013225134462118,True,d8cea8ffe373c9e40e1a86f6c2a146d6
61e301bd3c25,4,train,1359,3388,2588,0.866,84.02653503417969,34.84459404973165,177.50004190206528,False,00411449bb17208728235e6e0f36c92a
61f403fdb434,4,train,1360,2588,1958,1.0,59.37471008300781,31.947445926333405,62.650021554669365,False,e621354c3a1b394e6d77dcae3d80f44c
62318d514160,4,train,1361,2416,1736,0.935,71.04373168945312,27.959128021749947,96.21530277188867,False,845a2fafeadddbaafa6d1e671f577e5f
624fb7317106,2,train,1362,2416,1736,0.934,90.09140014648438,35.372089282546504,117.81807363941334,False,72ba898b91e2176d04ec48a0c952ac76
628b581aa905,0,train,1363,2048,1536,0.684,63.0465087890625,44.15238370777986,143.64160594251007,False,00c7934deb532564d1e4deb4330ea3e8
6294b378d09f,0,test,1364,819,614,0.606,70.08891296386719,39.315264417752374,115.18795230402611,False,48a2263cb1aaa05c61eff350101c7cbf
6298468d7d75,1,train,1365,3388,2588,0.865,69.09303283691406,27.651572526302886,99.24989115609787,False,ae7ae0c797f6b3b22ab7573eb7760797
62ab144d5cee,2,val,1366,2144,1424,0.841,63.72967529296875,26.387819742334536,69.44680151250213,False,d4913c08bb0b1a3f58e2211c68b7084a
62b4be2799ca,0,train,1367,1050,1050,1.0,79.697265625,42.857415021304654,132.87614369019866,False,cfa654d3f049bee48b278c789347434e
62b826899151,0,test,1368,1050,1050,1.0,89.11082458496094,46.89839684339651,163.20880689378828,False,21c4f0b7dab4a6c828f5292adeed7d2c
62cc7ddb53b6,2,train,1369,3216,2136,0.845,108.30061340332031,42.6520932568854,288.1455832570791,False,a8121770221a17d6ed1d4cf6f4eff46b
62e6f814c8f5,2,val,1370,2416,1736,0.934,97.86299133300781,36.26638587750894,198.5397936271038,False,c97a331141ea94d37f05df30e86dc9d4
62ecdc90dd42,2,train,1371,1050,1050,1.0,72.61021423339844,38.819622261806195,116.50714264041744,False,75c3db30cabfc5952a7d2e54e7bf4c4c
6324d77cf926,0,val,1372,1050,1050,1.0,76.55662536621094,41.34341522579799,117.59149697772227,False,f693915fe041d0f87df3b975b7e14623
63363410389a,1,train,1373,2416,1736,0.934,59.85652160644531,26.4435612282097,79.44178731716238,False,cb51315962c707bf8e15431f1a2210a7
633fe9dbaf39,0,train,1374,2588,1958,1.0,58.77662658691406,27.617118169944202,36.391962884925306,False,aed5c7c9a14107d8c30981b0df48a35d
6363b360aefb,2,train,1375,3216,2136,0.842,83.67562866210938,31.81520090423683,105.67933760583401,False,1d82fdd586e97b4d66870933418db32b
6377e23928f6,1,val,1376,3216,2136,0.842,86.06307983398438,30.96171943699334,114.79920856631361,False,287c068d308d802f199ab1c042d74175
639915f58a2f,0,val,1377,1050,1050,1.0,83.30598449707031,45.221971646058165,145.41653653606772,False,83bce2b286ffd2af2671c772e0606d59
63b4d030b016,4,train,1378,2416,1736,0.934,68.44685363769531,28.17199060873592,76.07548652566038,False,c7ce41e045f0a70f5a7adde5d97d4dfc
63b71347e95d,0,test,1379,1050,1050,1.0,75.34840393066406,40.798226660739296,110.66633089981042,False,88a904ccd48cfc6903d2be96a42de610
63c0eafd6aa9,0,train,1380,1050,1050,1.0,77.29627990722656,43.26877043492191,148.14767538011074,False,26673e2b77eaf14e1d9d066351dcc4fd
63c3c571b8ee,2,train,1381,640,480,1.0,107.70777893066406,18.639515252379994,61.71442565671168,False,fa0e4d88e9e4869becd0e46543b2d0d9
63c7b0265775,0,train,1382,1476,1117,1.0,60.69078063964844,26.82404288275092,66.90325301885605,False,bd63386631c8159952180f76f29434f4
63d217b059b6,2,train,1383,2416,1736,0.934,82.09765625,32.09993422076654,85.98518786486238,False,f92ed62929ea1ffe0b364dac8ba39b97
63e041a757eb,0,train,1384,2588,1958,1.0,86.10893249511719,32.9292304542064,63.27361676446162,False,dc77c33e9c25401042ca77c4ae6f95ea
64678182d8a8,1,train,1385,2416,1736,0.935,72.228271484375,26.8106210923934,111.0421539710369,False,7b9295a4e13c2b6684a249675b34cd38
64a13949e879,2,train,1386,3216,2136,0.842,95.98797607421875,35.76104150205818,153.57708373572677,False,3a35171cf32f96f02439b896c0b19a33
64ac539f58cb,0,test,1387,2048,1536,0.604,58.68000793457031,34.135791555378376,67.23819780140184,False,2da8394197c44ca25b8b91964a0343cd
64b9206afb3f,0,train,1388,1050,1050,1.0,89.76666259765625,47.44122755029567,149.04150846763514,False,fab37a423043541bea8a0253e1097c08
64bad93fde3f,4,train,1389,1844,1226,0.816,81.13697814941406,33.707127298424126,87.51625467743725,False,b19e2af0216a5edca686d05b70735238
64c6c6ee0d98,0,train,1390,2588,1958,1.0,61.90789794921875,26.998563960569182,33.30245847161859,False,3e27710926da9438fcebf313f3bf0842
64eb5a79dfdd,1,val,1391,2588,1958,1.0,96.24519348144531,46.05634522202524,123.79951755679213,False,3fd99b47150db1e215aa907b08bdd31d
64fedbf97473,4,val,1392,2588,1958,1.0,46.16545104980469,24.74054052179277,35.80980533361435,False,6af22f417166a3b9b46578e39a360b81
650104ede84c,0,train,1393,1050,1050,1.0,84.70074462890625,47.02438192877625,146.79223693883978,False,ccb623327c11d3e67d9243abc4350d50
6504b703c429,0,train,1394,1050,1050,1.0,80.27436828613281,42.54316540415262,119.33210675953887,False,9df732cc9fc5fb58eae78032e449adfc
650fbed3fdca,2,train,1395,3216,2136,0.842,95.64089965820312,35.04092389246451,144.82890144898556,False,680fb362e91d41bb833fb13b77eb9ea0
6531070bf03c,2,test,1396,3216,2136,0.842,95.09754943847656,35.09298069129261,139.25112102925777,False,48281ae9f25638148c9051f950a74b10
653534ded339,2,test,1397,1050,1050,1.0,80.56089782714844,42.159734236220125,135.0883417574223,False,14977a023b2884ece04e932663249194
655cafb4c932,1,train,1398,2416,1736,0.935,107.77580261230469,41.55062845680404,259.6898728979286,False,4780dc682b754485ab9749b3a8e1c64b
657859f893d9,2,train,1399,3216,2136,0.843,84.2337646484375,33.74369170410319,117.82906246185303,False,cfb9c09b9dc8c090487403967fbc4bea
658ad9f09f5d,0,train,1400,819,614,0.606,56.26087951660156,33.7175120197884,76.15568590140902,False,8cd0d005f90003e972242fe4c1cb2185
65a3b13ad9a0,0,train,1401,2416,1736,0.934,54.14802551269531,23.86565915616691,58.285836424678564,False,3516573d68f326275ab67b0f93e8bd27
65a7fe9482fe,0,train,1402,1050,1050,1.0,74.40994262695312,40.869875801964426,125.1300961971283,False,f4e584a998b6a8194e6bef2ef185e12c
65cf00be6fb4,0,train,1403,819,614,0.606,70.87802124023438,40.32533613880431,93.58989384374581,False,be1b3ab0687c5b2110352aa8608b473f
65dda202653d,0,train,1404,2588,1958,1.0,51.49285888671875,22.448672146329887,27.841181341325864,True,859288e1d467c20e07f2869c0eab9b15
65e120143825,4,train,1405,2416,1736,0.934,90.48043823242188,32.742622516397674,137.01331286667846,False,f9df4bace04b42144d2cb783bdb9b0fe
65e51e18242b,1,test,1406,2416,1736,0.934,71.25929260253906,29.839890242675178,88.81223843968473,False,c4554a3c1170517ea907f3577a548871
65e530ee2e79,2,train,1407,1467,1110,1.0,73.924560546875,37.2163853947142,63.81494106515311,False,b47f63cd10b41fa545595082ef2042df
65e6f1bd9875,0,train,1408,2588,1958,1.0,58.285552978515625,24.11808026518905,40.25596492527984,False,22c5a3076bb9e3153d28cd80c6052ca5
65f5d2a6eb7e,0,train,1409,1050,1050,1.0,80.05769348144531,42.26959656366005,119.87167331180535,False,f89005be84064916f8c093ca72895975
65f69234c8a7,0,train,1410,1050,1050,1.0,82.733154296875,45.555150305932635,126.21449250518344,False,9cf878630bb5ac0f5b2f53708dcc403f
6630f8675a97,4,val,1411,4288,2848,0.807,51.193511962890625,23.336749559964755,51.93880237988196,False,9da4020912c4dc56edba6acdddd0d8af
66366a90d1ef,0,train,1412,2588,1958,1.0,65.04435729980469,25.390334749942422,36.79745668172836,False,d07de0494898ffc4aba3a8c62c695018
66375b3c64db,4,val,1413,3388,2588,0.871,70.95211791992188,30.46875344201521,113.76240911986679,False,fb99ee94f95c9fe0ede6f6ef99e7c83b
66393d8c60ba,0,train,1414,1050,1050,1.0,73.86639404296875,42.157382939569196,118.95341821177863,False,020bc668fb19ae3305d20f21efbc7859
663a923d5398,2,train,1415,2588,1958,1.0,48.37091064453125,23.77025115232388,25.345922857290134,True,9e99677e9b61f5175721b05b00d73656
66460ecab347,0,train,1416,2048,1536,0.6,29.606338500976562,18.58437383697047,30.93701092689298,True,3a58f8705dc8bb5b6d807f21ae0e48f1
664b1f9a2087,4,train,1417,3216,2136,0.842,104.69631958007812,38.73020186184416,150.8461892819032,False,630692b141065e2df70276fda681206b
6653ad026901,0,train,1418,1050,1050,1.0,69.19038391113281,38.26107878563286,112.80741882324219,False,1a923062dc21357644724dea742c4f41
665ce639a331,1,train,1419,2416,1736,0.935,73.19038391113281,26.70209001224522,103.49477848573588,False,52f0b0382241f63dce914cb4d3b08800
6666c4f18396,2,train,1420,3216,2136,0.842,55.42369079589844,23.77174823321946,58.2585210762918,False,3fe71f031a023ed6f4020f9f968f1a2c
668a319c2d23,0,train,1421,1050,1050,1.0,80.00154113769531,43.32927390620748,137.49309969856404,False,cd781250eb3230a5631fe83c10026547
668e853258cd,2,val,1422,2588,1958,1.0,40.09178161621094,22.218534679142234,34.28412654623389,True,784e0dc4f42d9e449c81476fa6afec41
66a0bf258013,4,test,1423,2416,1736,0.934,61.515594482421875,24.71875619223233,81.05255244672298,False,d2f734586d1ef60612aa8fb5c3ad37a7
66b88a4bc474,0,val,1424,2048,1536,0.604,70.54714965820312,42.52144957696678,81.95964980777353,False,42fb097596dfdd72fde25ee4b1884dbb
66bae1ba227f,2,val,1425,4288,2848,0.809,50.49107360839844,20.57180891839611,59.59453068673611,False,fb4427772f544ec207a0eb0a0615f3a6
66bfec8d6bcd,0,train,1426,1050,1050,1.0,90.76718139648438,48.873679945306904,150.3980044722557,False,66196a5edd17b2fb9823e137f67b0314
66cd9c28e636,1,train,1427,2416,1736,0.935,77.22067260742188,27.614139858127754,94.81049814238213,False,6e71c028b884ff39c628b3c022130347
66d2ca47aa44,2,val,1428,2588,1958,1.0,48.784576416015625,26.927174058688095,14.812707151984796,True,9390ce34b709f3771841d383a227c14e
6733544ae7a6,2,train,1429,2588,1958,1.0,81.91169738769531,36.632769595534,30.276549892267212,False,0652ec8c13493c57ef0e412a28cdf7c5
6735931000ec,3,train,1430,3216,2136,0.842,76.79902648925781,28.98825887311378,105.23407937004231,False,bbace394111891f9ffe0cf4912930cb2
674057ab250c,2,train,1431,2588,1958,1.0,53.73626708984375,25.686675979616126,51.65861717960797,False,1d7e2852c00395bd36f41ef03e5445ad
675de69373f8,0,test,1432,819,614,0.61,78.4483642578125,44.47619425304399,174.72935550822876,False,11acaf55ec19849b7effa77b5523857d
6762b2b48ea5,1,train,1433,2416,1736,0.934,77.2774658203125,28.652197714331383,110.29990512109362,False,a914c662af6307d3ada5ca94c693a39d
677f087cd697,1,train,1434,2416,1736,0.934,69.10366821289062,25.958329385264793,74.2453656187281,False,a29d8fd1c41baeb5cda4e4f6ef1992a7
67844c46bc61,2,train,1435,3216,2136,0.842,87.67434692382812,32.82281085952975,147.84790855553,False,cd3c2570aab925ac6daa588ce677d90b
67c03349bb31,2,train,1436,1050,1050,1.0,70.33404541015625,38.09121098865094,103.709371923469,False,3fdcc16eaefb21aef2a9f32cba771075
67d8f94f04e0,0,val,1437,2048,1536,0.605,77.05088806152344,44.36038135504208,109.0787320099771,False,5171ba0eb08a6e1d36cb9a228288441b
67ed8cc78b97,0,test,1438,819,614,0.606,69.07461547851562,39.41502049332653,82.03084105905145,False,965c09196fa8a02318075975edb0a93f
67f5d89da548,1,val,1439,2416,1736,0.934,88.20085144042969,32.10818532821417,131.73069494124502,False,8fd5b16dc4c978845366c6e4190b38db
6810410187a0,2,train,1440,3216,2136,0.842,94.06462097167969,34.90767838581142,120.737062783679,False,8f65224942cbccb0f543f1c51ca427dd
681c3c115684,2,train,1441,2588,1958,1.0,44.152313232421875,15.799849617792386,15.47120316978544,True,06891cc0ae202b98b33fe5fa1a49aec9
682312e82ee3,0,val,1442,2588,1958,1.0,81.33683776855469,42.50459629224925,69.73680317029357,False,ab667d9026d269d7059419cdf7cbf838
683023cda6a5,0,test,1443,819,614,0.61,100.59745788574219,60.57466065271002,463.2752670047339,False,6eea1b1a38a371e31ca2dfd5f465219f
68332fdcaa70,1,train,1444,2416,1736,0.935,72.60627746582031,26.85650815529769,100.8317786147818,False,c018040a60996e17debbca55416f5adb
684dd88a0d49,0,train,1445,819,614,0.931,43.70530700683594,23.7700019835215,32.011134350439534,False,d07a457f11f1fffc74abf07d128e9449
6852f4531591,0,val,1446,1050,1050,1.0,76.63792419433594,42.32503609891005,121.20213340222836,False,0fbb496fce3e34711fd50131b5f4b87b
686ed1dbae20,2,train,1447,2144,1424,0.843,75.64071655273438,28.023976635708568,112.40540235466324,False,7f5ae8d14e38b5465e559649739d5ec3
687759336b0d,3,train,1448,2588,1958,1.0,63.10670471191406,28.141703702395144,71.67051250091754,False,0257b855c1594301cc972bf6af02bc10
6889bc64ab09,2,train,1449,2588,1958,1.0,41.45082092285156,18.07471198261008,23.61948576197028,True,46296fcd45ed1a486ae665bea12ede8c
68987fb159ab,0,test,1450,1050,1050,1.0,83.13151550292969,44.95952285660712,154.6328904365655,False,6c4554128c6bf08390378a480c289223
68ddb15a74de,0,train,1451,1050,1050,1.0,83.89453125,45.48567309504367,146.75864501460455,False,8406b9bfb0c9350569462214013341ad
691eeb59b4cb,0,train,1452,1050,1050,1.0,73.208740234375,38.76737860711358,111.9104305987712,False,a09cb1457dec0b95e3bb11c754960882
692e946b1f85,0,train,1453,1050,1050,1.0,105.03823852539062,55.91556589403994,302.2100812708959,False,a2bbaafab651d8d3332f17fe3995bd52
69591ebb198d,2,train,1454,3216,2136,0.842,82.55462646484375,30.250174135638428,122.5953820773866,False,b5058ed49490456b6c84d89d081b3180
6966abf40b8c,0,train,1455,1050,1050,1.0,94.12672424316406,51.281776447674666,157.31570571660995,False,11df16e9b1fc768172c86cb31c9c9c1b
697538183db5,3,train,1456,2896,1944,0.641,77.08273315429688,37.57492381376103,165.01547907828353,False,9178111757e4b12d6432175bac12c898
6987804eb464,2,train,1457,1844,1226,0.818,120.82345581054688,49.73582760917408,156.28869493096136,False,3f5fe1c0975a46f6c6fa6ac9777a239a
698d6e422a80,2,train,1458,640,480,1.0,92.88473510742188,21.944324195453454,69.07701181527227,False,f27775eb17ec6bc768f3ac1a56865523
69b3a00927fc,0,train,1459,1050,1050,1.0,81.47726440429688,42.276754925354304,139.1379627061542,False,6bfa7e714e27f9f611de019c32fd0979
69c4cbb630de,0,test,1460,819,614,0.61,87.20085144042969,48.50629615304557,195.45327785774134,False,17ed1452e8ca51d338bb0b51859dccb9
69df7ade0575,2,val,1461,2416,1736,0.934,88.06317138671875,32.18044675604845,140.987692235969,False,633361f2d59bb412d0bd3bc981525708
69f43381317b,0,train,1462,2048,1536,0.604,89.81436157226562,48.90855462116991,166.3843190500047,False,fc80bb2efcc0e13690f15a60cf93c22d
69fff98cb32a,4,val,1463,2416,1736,0.934,75.90887451171875,27.696884266099,98.36526875360869,False,efde031b2abe81748e97ed6e2235f894
6a244e855d0e,3,train,1464,3216,2136,0.845,138.5201416015625,49.78515079643426,276.3688595145941,False,ea95586a0124444758a79287cb8666e8
6a2642131e4a,0,test,1465,1050,1050,1.0,82.48744201660156,45.4102944663185,200.01593959680758,False,f835aaf31b7f92aee83bdf709ada8db6
6a2c3f4ef329,0,test,1466,2588,1958,1.0,59.35365295410156,33.00845422487388,46.92635828163475,False,1575a3abf76fddb9470a20e603ab9dd7
6a57a3db3eff,0,train,1467,1050,1050,1.0,76.32963562011719,41.96541477232441,122.88383312686346,False,5781d73dcbcf7c0ff59e1cf8a846dfd3
6a905a7202d2,0,train,1468,1050,1050,1.0,92.396240234375,48.71423693742326,159.5293132280931,False,f816b83d272370d4f50ffa0945dacc1a
6a91eb157f47,2,train,1469,3388,2588,0.87,74.37028503417969,30.364664787070478,130.1420606886968,False,ff699cdc64173d700f9ba1c99426d10b
6af071b0ac6e,0,test,1470,2588,1958,1.0,50.62925720214844,25.302385452124476,43.11146477400325,False,86812b0edbb1e3a7cb65d3ba48c590a7
6b07971c3bf6,1,train,1471,819,614,0.931,45.877960205078125,25.37531507346299,35.62844424485229,False,99a06910c933379cde2ef2f578af7efc
6b128e648646,3,test,1472,3216,2136,0.842,97.9932861328125,37.05371011047789,134.0504501303658,False,128d4099d8cb3341c4ad53700ca4338c
6b30767595d8,0,val,1473,2048,1536,0.605,77.32109069824219,44.34924915257632,118.38419549819082,False,8a7251f69f4115407ced523eb7b4515c
6b3860e8f64f,0,train,1474,1050,1050,1.0,88.08787536621094,46.22854478294893,143.73616118635982,False,e3520ac1042e0378354c67075daf4718
6b664ed2a938,0,train,1475,2048,1536,0.605,76.15863037109375,45.51632479378681,114.83951842412353,False,e7268f5c1c84d2cb1c7c4d6d578a9f93
6b66b0e86f7e,0,train,1476,1050,1050,1.0,85.80035400390625,45.77686622966097,136.4277382378932,False,7a7873e9092868de19aa9b56100ed668
6b7cf869622a,2,train,1477,2588,1958,1.0,45.05650329589844,23.3300485356837,17.220113349845633,True,4f7e11d32bdbf4fa22d078f8552f5c27
6b869f37cdf3,2,train,1478,2416,1736,0.934,54.052825927734375,22.280686078230882,47.047118635615334,False,aa12debe2e38508e9e83c4faba72bc49
6b91e99c9408,0,train,1479,2048,1536,0.605,72.6710205078125,41.94968037573746,114.26806087768637,False,2b1bb134c50c9a2bf6c1fec336f29e0e
6ba5ed791444,2,train,1480,3388,2588,0.865,70.55632019042969,28.764935966744574,136.30227623856626,False,ea4c045570089f47113fc2d99c545f2a
6baafa56895c,3,val,1481,2588,1958,1.0,56.145233154296875,23.79321522881351,37.62213300168514,False,ba99bb27ccbdb4e43fc823f379312d06
6bb30ec3231a,0,train,1482,1050,1050,1.0,84.21731567382812,45.329344759328016,143.10920337750576,False,8839bd2a25e2ff6174690066ae53730d
6bcce181be65,0,val,1483,2588,1958,1.0,74.67213439941406,32.48766154945079,96.19053944852203,False,5204b8d4635b7eb7c9cebde7b81210d1
6bf26b777e3a,0,train,1484,2588,1958,1.0,35.558624267578125,13.997426894955584,27.08990916237235,True,3469942502f27bb84163cf8b8012a7b4
6bf2a81a5d91,0,train,1485,819,614,0.606,76.36668395996094,43.48427450443687,112.61342588043772,False,2e8e2d092014db6b52f07e38c09162dc
6c00dd8bf708,0,train,1486,1050,1050,1.0,72.64437866210938,40.14276773325803,102.34753926633857,False,f6e34d1e2755a50984a14444ee5dbb68
6c250a30593b,4,train,1487,2416,1736,0.934,87.68144226074219,31.968437954320194,173.87754080980085,False,b9960b44c59228ea75876a9cf2067310
6c2555a9cae4,2,train,1488,2416,1736,0.935,73.70851135253906,31.11573272189729,187.40508352220058,False,b1dd6abf121ac4be1fe6f29073598b8f
6c30dd481717,0,train,1489,819,614,0.606,70.35287475585938,38.524883486125795,126.21465018182062,False,add5bc1a5ee2e461744a57e57d18f0b7
6c315ad3d07f,2,test,1490,640,480,1.0,103.33094787597656,29.59480828596257,78.90762858069502,False,a789185e2333f28932ef20197919f4e3
6c3589d7ed8d,0,train,1491,1050,1050,1.0,87.19207763671875,49.98952345788772,236.63495630561374,False,a5d29873b90d7f5ea5185470d34813be
6c3745a222da,4,train,1492,1050,1050,1.0,44.953155517578125,26.69986202688364,56.45681861578487,False,e4b6268985b346018804a921801508d1
6c4ec95dd8ba,0,train,1493,2588,1958,1.0,39.100341796875,16.401608417232666,22.418667670339346,True,2ba042652493bbe048f56f1d76960189
6c6505a0c637,0,train,1494,2048,1536,0.6,37.063720703125,21.394512315107587,42.51964753866196,True,73f92fa6491f089c72a6e2d41408484f
6c6efb6b1358,1,train,1495,4288,2848,0.812,57.01521301269531,24.244069373556716,68.51853024191223,False,a82a411d300cc0746ecbaca3febe3760
6c9c902a97de,0,train,1496,1050,1050,1.0,72.21064758300781,39.86273885174933,134.98424434661865,False,b45da7859afbb947e6af3d76462d9b09
6cb96a6fb029,0,train,1497,2048,1536,0.602,29.7587890625,20.31400570497304,28.67374595417641,True,60eca2ae3c8111626ce933cea7fa84f3
6cbc3dad809c,2,train,1498,3216,2136,0.842,82.61354064941406,31.848793690598725,125.60646516806446,False,da5de6209f5699871b25dd0991c7f1f8
6ccfdb031184,0,val,1499,819,614,0.931,73.86116027832031,56.118009978671324,62.33587369672023,False,063d9471e2a332f13edb415a022374eb
6cd606dc52e9,4,train,1500,4288,2848,0.81,76.9776611328125,28.53697865284999,110.36302645108663,False,ac3d86a46924732d836651a525a9b82a
6cdd0f985270,1,train,1501,4288,2848,0.81,60.346282958984375,25.601802528379928,54.898543536430225,False,c05b8c94399b930ad200f16cbd1d6d9d
6cee2e148520,0,train,1502,2588,1958,1.0,76.61653137207031,34.329048665882915,50.557688034838066,False,512f25c680af661a687f6f9b130e3c9c
6cfb7b44ef6f,4,val,1503,1844,1226,0.816,90.79536437988281,36.958005556009354,104.6985329752788,False,f10b380787f26e320f42c1238dd25e09
6cffc6c6851a,0,train,1504,819,614,0.61,73.19949340820312,41.61946317913695,104.8837152570486,False,afb1e07a14e6fef70ecafb4e288c3c17
6d0c0531083f,3,test,1505,2416,1736,0.934,82.84269714355469,29.838451387871878,105.55676086153835,False,afdb1bb140a6f56b17117ace5efffd89
6d10709053ae,0,train,1506,1050,1050,1.0,49.57356262207031,27.751565797526855,68.70970125473104,False,252bc00d513c215a232cc84564c7a3d9
6d259b5b4c76,4,train,1507,3388,2588,0.873,82.67221069335938,33.56455954488211,198.10911228414625,False,7ac8ee3385d5c18f20bf82eb9ba88791
6d292ca4c9ad,1,train,1508,2416,1736,0.934,59.466094970703125,22.64770537385502,68.3695193415042,False,275230b47674e33ff15f9d5a7c8327f7
6d3d1fe6c32a,2,train,1509,2416,1736,0.934,69.37016296386719,27.66077249852473,70.50248315557837,False,fee4f7e1f851065079c71267eb7d8633
6d454444f17c,2,val,1510,2416,1736,0.935,96.26155090332031,35.20171403959142,204.6304738484323,False,8b27b77100fdd9012cb55487b80dc5af
6d4f6c9a8406,0,train,1511,1050,1050,1.0,72.28715515136719,37.8702452093579,109.26668694522232,False,4a2705a558e69f38ddf641991febd2e8
6d5a8362dd1e,0,train,1512,2588,1958,1.0,41.10237121582031,17.687907266523432,28.43216023570858,True,d7d4d71ae93ff08081b4913fd85a2dc2
6d6be4cfc73f,0,val,1513,1050,1050,0.996,73.84013366699219,42.07978546443779,101.6264646591153,False,599a2ab123158fbd50dc9d398ccbc9b3
6d6fcf49e515,0,test,1514,1050,1050,1.0,77.57089233398438,41.79398804176488,120.7324853381142,False,ef1e2269e23b459f3141bf24125363da
6d7d26025122,4,train,1515,3388,2588,0.872,77.99224853515625,32.349740458573365,170.08393669780344,False,a37215fff9d3782866978b11ad82ae12
6d9effbcde78,0,train,1516,2588,1958,1.0,45.80641174316406,18.81993425387596,29.681552046677098,False,fe2ae9614e74d731a4f907f6008f4973
6daef3e5ca22,4,train,1517,1844,1226,0.813,51.11932373046875,25.28646751884735,39.64460625872016,False,3cd5611987b5d6e2a06f10fbb3ae5022
6dc0281f11e3,0,train,1518,1050,1050,1.0,77.99827575683594,41.86086201785113,130.3171385815367,False,ba4aebbf519e5c122841d806088d767f
6dc07f968794,0,test,1519,1050,1050,1.0,65.35293579101562,34.16543778745239,100.88605278357863,False,fac212c619c24853e78fe6c2df5cd3ef
6dcde47060f9,2,test,1520,3216,2136,0.842,91.00914001464844,33.73652063840205,120.5735544168856,False,12e6166bcbfee4e1c3c8f171377a89fb
6de39b94f634,0,train,1521,2048,1536,0.605,76.53877258300781,42.86426954492985,182.1261480783578,False,03f32e72a2c546729aa731c77ca79f51
6df8b7b6e837,0,train,1522,2588,1958,1.0,48.44706726074219,21.019018508081757,35.0145223652944,False,80513426d9901203c472a32a6a184d02
6dfd80748e72,2,train,1523,2416,1736,0.934,53.242218017578125,19.848475012322055,57.1787047253456,False,2c9633742d7d56108a413af6f603cdd7
6e018411ba4a,0,train,1524,2588,1958,1.0,83.73455810546875,34.711364866616265,93.71759675443172,False,37d4b28da0c80dcb44c5438645d0b0cb
6e092b306fe1,2,train,1525,2588,1958,1.0,70.31074523925781,31.20432909573965,31.278172753518447,False,9822e23089820ee6711688ced6dfa965
6e092caa065f,0,train,1526,1050,1050,1.0,77.3924560546875,41.27417024445417,118.937779415166,False,7d0b247eab0903444cd552d29eee5b78
6e0f78e188ff,0,train,1527,2588,1958,1.0,71.07719421386719,31.27520528296852,41.917238167487085,False,354a931b536615ea6d73ae78dba196e3
6e1db8711879,0,train,1528,2048,1536,0.604,56.18013000488281,31.26671685816353,90.25680642738007,False,e97e908284132d94f2b8bf16bbe1db6f
6e3526053de0,0,train,1529,819,614,0.931,42.66072082519531,24.843335764391345,48.218015130609274,True,976acc3e6f3042686bb571267275ca3d
6e44f6d04fc9,0,train,1530,1050,1050,1.0,80.98356628417969,43.2646155034854,132.23335611447692,False,5428a412af9429e9418a1abb0e22de2c
6e68e742f5bc,2,test,1531,3216,2136,0.842,89.55673217773438,32.67635517412964,117.99653174635023,False,c3e1b4d4b630af09d757a734217dd0d3
6e73acb2cf60,4,train,1532,2416,1736,0.934,71.56034851074219,29.09130726437401,72.04959314106964,False,777fdb10ed30727366c517cb9e28c618
6e861bc3bd7b,0,train,1533,819,614,0.61,79.11331176757812,44.64637471770315,139.99602315481752,False,8e4d952f5ce44ff6b4d0aef9081b01af
6e92b1c5ac8e,3,train,1534,2144,1424,0.841,50.07661437988281,21.449500928358738,49.129545455565676,False,f9f3914e7ff337cb501cbbbe3ff0a1bb
6ea07d19b4ce,1,train,1535,3216,2136,0.842,99.50364685058594,36.67860445194552,139.67384525295347,False,b4b87d8d9512bffb6cbf3f616427614e
6efa36d59ada,3,train,1536,2588,1958,1.0,55.844696044921875,29.290133942257164,38.942345866700634,False,6919a5fedba843ff5630c2fbda6481d5
6f0463c1ff18,2,train,1537,3216,2136,0.842,111.572998046875,43.58520000043732,148.74812885536812,False,23ce6133d85fe33da7f10852b4af00f1
6f0e5848d9ce,0,train,1538,1050,1050,1.0,74.51133728027344,40.57357050671461,110.44905991759151,False,778976babde9c06dd1b85326b2b72547
6f3b62e5b7f5,0,test,1539,819,614,0.931,43.131011962890625,22.06536902991034,37.90891546010971,True,1eea436aca2541eda66661eafb8bf6e9
6f460f9968c7,0,train,1540,1050,1050,1.0,72.97889709472656,39.484776098630604,113.30363924033009,False,c6c298051da41f5d080eff1c011fcce5
6f4719c6bb4b,4,test,1541,2588,1958,1.0,30.990585327148438,17.747268333807806,20.589042691281065,True,ebaef48c4499624644f7c1340ffff08f
6f4e0538d1e4,2,train,1542,2416,1736,0.934,81.18862915039062,32.460206577972336,104.85230348235928,False,023d68903001045e51e7bc93486707b9
6f689fced922,0,val,1543,1050,1050,1.0,83.02761840820312,45.19803295255413,134.03302520117722,False,64f21c52bd7b4a9857e8141a122230f1
6f923b60934b,4,train,1544,2416,1736,0.934,89.65937805175781,33.2754082901894,101.66236351407133,False,d6d0aee931cf16c280e6d4f7512b0ddd
6fb656d506b2,3,train,1545,3388,2588,0.868,67.49273681640625,29.480767279445697,111.32457606284879,False,3b75624dc1a3c101ed7e3a57734299df
6fbaaf8eb67a,0,train,1546,819,614,0.931,52.59574890136719,26.542715855940873,32.002000933280215,False,b1bff6ada656fa06bad1f3fff2b9953f
6fe4751a3b42,0,train,1547,1050,1050,1.0,79.62869262695312,42.72921526180195,136.0193380319979,False,9411c4b52dd040e0f1df484a7a2e6af3
6fe67482bfae,4,train,1548,3216,2136,0.842,109.38719177246094,40.60532539070521,167.06000330206007,False,61c922f570ec8e4690dc387a89abd4c7
6fe67fd7f5d1,0,train,1549,1050,1050,1.0,76.80288696289062,43.57584717475355,199.32199297007173,False,0cc859d5fdcb049fbf0ec28a61bce7ba
702de9dcde32,4,val,1550,2416,1736,0.935,96.83876037597656,35.30405586887198,142.39339298009872,False,b059dc059898d36312ef09347d2295cc
705f508d1e42,0,train,1551,1050,1050,1.0,77.94522094726562,43.45583712249829,126.33248376753181,False,ff3640278e2a1537eaa738f3cb391c73
709784f7fcc2,2,train,1552,1844,1226,0.816,87.09556579589844,36.008966912579865,123.49575720727444,False,263cc1f899eb251cdfbc640200cc8117
70d0392397de,0,test,1553,2588,1958,1.0,37.74266052246094,15.32385628480133,14.989880073582754,True,05cc52e89618886c8c3e76fd27c741ee
70d657f8f503,4,test,1554,1050,1050,1.0,71.1888427734375,37.97612672719388,98.4834647141397,False,a1c81946dad9855fe5f1644cf46059d2
70ed3ec68b94,2,test,1555,2416,1736,0.934,81.46408081054688,28.579323505440534,148.62353899679147,False,8eb53cde67dc585fbf215ba5d18634b9
70f5caf5f305,2,train,1556,1050,1050,1.0,69.51631164550781,37.90511976358272,109.38070839550346,False,8c9cd8353be6a7beb8f31217c76653a5
7102f29e052e,2,train,1557,3388,2588,0.864,79.84751892089844,32.95582751237478,136.2119957273826,False,3bcb96368af57f5b7a3834006c62480a
710b05a96e0f,4,train,1558,4288,2848,0.823,51.66712951660156,31.94796084262694,49.572100101970136,False,851b0e43b4ee36ce6f974243b539fb92
7116128c65ab,1,test,1559,1844,1226,0.818,84.15823364257812,35.061759544809334,95.22459853230976,False,6e98281de9086cb6690c8f54536c079e
711d1480d2e3,2,val,1560,2416,1736,0.934,61.0997314453125,25.120506729091193,70.55660026683472,False,0d3c902ceb0ac70765738d8f7c876c10
7131bf4c9e6f,0,val,1561,819,614,0.931,48.19892883300781,24.145364359819084,38.160882166586816,False,ce7772259763273f1e1cbfca37c795ee
7179f85bfd6f,0,val,1562,819,614,0.931,50.495941162109375,30.701705825668924,50.73615112528205,False,d786e87ef96e1ca1f8c13d1a4596b11e
71a39c660432,3,val,1563,3216,2136,0.842,84.8272705078125,32.00488308417191,185.63021064712666,False,551d411f5e195956ba27106f264459ca
71c1a3cdbe47,1,train,1564,2416,1736,0.934,70.7724609375,25.838836295051262,123.07270064111799,False,a8317a69910d9f044779c51f19d02b20
71c22da3d6c6,0,train,1565,2048,1536,0.605,68.95689392089844,39.38061429648951,147.44003738369793,False,173bf3a1575c2ff7521119ce311b6d44
71e4130bf5c8,2,train,1566,3216,2136,0.842,82.95429992675781,35.07711234624591,132.47754744044505,False,8f16f1a2c1ec7e77a01b4a95f10d8dfc
71e43b4f8ba6,0,test,1567,1050,1050,1.0,76.42764282226562,41.55763138231957,114.57907454576343,False,69b69c37223b5722c8ec35a9be33fda6
71f6a6e4620a,1,train,1568,2416,1736,0.934,68.42921447753906,26.953706862481084,88.5278432359919,False,642afeb3aaec370b9b327cc8d375a326
720b5f62ce80,0,train,1569,2048,1536,0.602,33.02543640136719,22.11787346243367,35.28777044056915,True,9c6daaa432a1d29e2497624ac8a28342
721214151233,0,train,1570,1050,1050,1.0,70.37590026855469,37.594558252414075,98.78892561420798,False,6c494a9d4a96cb74d0947ed00894de53
7214fc7cbe03,0,train,1571,2048,1536,0.6,30.972640991210938,20.901168025947637,46.948093130253255,True,e3bcfa3c78339fee6c222346ec8d0600
7247a2c97f71,2,test,1572,3216,2136,0.843,78.15992736816406,28.733616893200765,103.63319636671804,False,3349228d1d8ec828151caa5aca0695a1
72595230840c,3,val,1573,2588,1958,1.0,78.39323425292969,27.56554216755528,51.74468861683272,False,a162f9942ba9c1113fba00b673e21512
72606afaf3da,0,train,1574,2048,1536,0.602,34.31150817871094,23.19788699575205,62.71569167985581,True,51c3842438988260c981d2d3a6762b1e
7269a1d84a57,0,train,1575,2048,1536,0.681,25.29931640625,21.10672293831539,45.439253359800205,True,9c7bbe52370888ef5163260b5cf68e18
726dff37edc0,0,train,1576,819,614,0.931,43.89404296875,22.92159149369045,45.74326258315705,False,e82c6d026c88397048452ed6bdb57455
7270367410a1,4,train,1577,3216,2136,0.842,100.36512756347656,36.16596280452395,187.16867978102528,False,a1cec6a974c3756619f182977cedc898
72a867980067,0,test,1578,819,614,0.931,41.368377685546875,20.686375383185727,36.61582377459854,True,37bf582dac48de74b4f89724a44c118e
72c31aa48e2c,0,train,1579,1050,1050,1.0,77.43359375,41.720329477649535,120.7870675586164,False,83ac250874fc789866696cba6a4489bf
72d98188648f,4,train,1580,3388,2588,0.866,76.30215454101562,32.34900431349858,199.67499464727007,False,17406b1c7bda4304e388da8bad4ed762
731b19a460ad,2,test,1581,2416,1736,0.935,87.99761962890625,37.846305755305465,116.8913837634027,False,2688e363197253fa4da5305751e7df55
7335a2d43ada,1,train,1582,4288,2848,0.81,66.54493713378906,27.495781497990865,83.71124983485788,False,7ce747839238bca89acd6db7dc695bfc
7347bd23ba80,0,train,1583,1050,1050,1.0,96.19856262207031,50.76659961513819,171.5405648460146,False,5454c9129e7e54f64bca7b0e9f12c2d9
7347f5133a6a,1,train,1584,2416,1736,0.934,102.90464782714844,38.68620614038516,164.57956017903052,False,174674747a8adcea7f1f9a947bdbd8f3
7350c50667c5,2,train,1585,2416,1736,0.935,90.21719360351562,33.00747283161205,181.45925650908612,False,e7f8a726d2f99f2200885e84ba77ecfb
7356dd08b0ae,2,train,1586,640,480,1.0,74.33697509765625,17.170507510107363,46.61185535416007,False,af9a45640b283dc7207e358f74e47bb9
735836b1ffa6,0,test,1587,2416,1736,0.934,80.26210021972656,32.65681137949319,97.91985970363021,False,29517ed30ef8c57840a70f1dc73edcca
737ef6226677,0,train,1588,1050,1050,1.0,88.99430847167969,46.59853741181135,186.95459173619747,False,24fc4a0ef384e2304bd2758ff6e6935a
73881f55a3ec,1,train,1589,2416,1736,0.935,95.76277160644531,36.437746822020415,207.37433544523083,False,d768906d9ad6c45a8dd19bdfccae7878
73a07e2ea23e,0,test,1590,819,614,0.606,61.334381103515625,34.99399283437738,88.0876999029424,False,8c67028561275c08557926a0dd3a289f
73ba798fee25,0,train,1591,1050,1050,1.0,90.08839416503906,47.19718232434357,148.87481735553592,False,9b40bb58298b01dde6b3d869cc509814
73d40ce06a67,0,train,1592,1050,1050,1.0,76.78587341308594,42.70295565765329,115.4540027230978,False,9ab21bd8085ee4ff63b42e00d006bf7c
73e83a07a16d,2,train,1593,2588,1958,1.0,57.1573486328125,27.33680085271276,33.773020684486255,False,afc43ada80f189053666e403b5a4e561
73ef3c3dcbe4,0,test,1594,2588,1958,1.0,63.869171142578125,23.466063412960455,34.963513280963525,False,9dd0025904a4c6b0826e05c3d9a9318d
74211a2b6dcf,0,train,1595,2588,1958,1.0,48.51640319824219,25.896604021214284,58.045732874190435,False,34d8fb1e40755082c50057138b99de61
7427dedafccf,1,test,1596,4288,2848,0.808,80.58895874023438,33.81555395988686,100.68445908441208,False,95f40e23fa44c4d091e91c62bd8b14dc
7435e9a3e36e,0,val,1597,2588,1958,1.0,61.72496032714844,27.73227308548522,105.23282375559211,False,5f1074a387cac4ee874eb70510185da5
74418f620068,2,val,1598,3216,2136,0.842,64.93460083007812,24.021627122829564,84.27114359941334,False,f6bdf81cf488d6657213d0fbe443d3e7
7455e2b5fc57,2,val,1599,3388,2588,0.864,71.72706604003906,29.513685001883687,104.45235558017157,False,e352ddea3700dda89a06a2036c5fd9e1
74898f372d2b,0,test,1600,2588,1958,1.0,47.08174133300781,18.522031753385573,33.8268040639814,False,b8266c08614b9793cf46f93b9e412f34
74eee788edee,3,train,1601,2416,1736,0.935,80.3858642578125,32.57054071467678,110.82197364326566,False,038aebd42fcd0e818ca8f7ffa4ebdc0d
750e0168399d,0,train,1602,2048,1536,0.605,81.96168518066406,47.48742714840229,169.36773423082195,False,26c77360b2894cd5a0c20bc44457e115
75238d945315,0,train,1603,1050,1050,1.0,74.02043151855469,40.14183829921537,128.26612364850007,False,2cc66338f79a72af20e7191f5905fa4c
7526c59c36d3,0,train,1604,1050,1050,1.0,67.06419372558594,39.0709648908311,117.85174161102623,False,25d5bf30855d9f09da8326499f3b0a14
7526cf435753,0,val,1605,819,614,0.931,41.45875549316406,22.32374627538149,43.080528454622254,True,3259c95b4eb2ad88bb9e4f86bea5e266
75369248dba0,0,train,1606,1050,1050,1.0,82.55369567871094,44.21261984149658,141.41042512655258,False,e4ac2e9f4d450094dcff97bca9ce8a5c
753b14c27c83,4,train,1607,2416,1736,0.934,50.84114074707031,19.287572528583677,55.326323207467794,False,1ae47150dcff4f134bc1a0321694222d
7550966ef777,2,train,1608,2144,1424,0.841,74.37460327148438,28.802556700519652,75.93720816075802,False,73341fb3fe7160f070afff19b20332ed
7569ac24762e,0,test,1609,2048,1536,0.602,43.059844970703125,26.7251418044536,46.11774098104797,True,e19ff49623699effa4ffd4e7c0e7029e
756b0d6488bb,1,val,1610,2416,1736,0.934,74.06388854980469,28.878406538035566,81.36283861100674,False,7141c4fd91c7531b1706f650cc733fc8
757572337fd0,2,test,1611,3216,2136,0.842,79.60075378417969,29.02567567990405,96.31076905038208,False,1758fcfe8289375fb433aa7c5cd2e7b1
757e39293591,0,test,1612,1050,1050,1.0,67.6646728515625,37.16765999497882,105.60197994764894,False,181e61ddd0c5d54e8f7a003d7c27fbc6
75a071608ea6,0,train,1613,1050,1050,1.0,82.7208251953125,44.524459840349685,141.19049439928494,False,d1707e2c183bfd40d51bd2fe680f9c5a
75a4343b12f9,0,train,1614,2416,1736,0.934,58.40074157714844,21.753282434871164,52.5287632138934,False,7ec0217df96daf7c7b8e55a47aae49db
75a7bc945b7d,2,train,1615,2416,1736,0.934,59.41950988769531,24.38626649386474,60.37299961945973,False,7dec9b9409bbe91d196a4923135b4c4e
75c180e04f65,0,test,1616,1050,1050,1.0,87.87313842773438,46.96245118369084,166.32622921443544,False,ebd9752132fce6b2e9deb460c3c2b143
75ed83dbccce,0,train,1617,1050,1050,1.0,83.43803405761719,46.46398981132408,157.49880574643612,False,6798e75903b0a15714c8a02ddfbb93ea
76095c338728,0,train,1618,1050,1050,1.0,76.68013000488281,42.69726586002405,118.06102244160138,False,a1aac1d8c0dd198c8bed4971276cc308
760b6f4c6d82,2,train,1619,2416,1736,0.934,91.90512084960938,33.52780592528563,146.1778363173362,False,79d5bea696baa4fe463d618de6d5190d
762d6e5d5068,3,train,1620,2416,1736,0.934,68.17408752441406,26.905486329603413,150.95049631223083,False,d157a6aec2042f1f8f034662e900f6d8
7635921c5efb,0,train,1621,2048,1536,0.605,73.40017700195312,44.514100823085386,124.56919477786869,False,0b465907d2fbe70b2412bffb24fdec82
763ad1236efe,0,train,1622,1050,1050,1.0,80.74331665039062,43.49259273079838,134.27349068014883,False,620ba7cea585921a8ef3b16b159a4578
76516f828d88,0,val,1623,1050,1050,1.0,76.10646057128906,42.015843305021406,121.430476896232,False,5771de2d4b4953611b2495aba8c24a43
7663aba8d762,2,val,1624,2416,1736,0.934,97.69378662109375,36.32451992149016,208.33713229652494,False,e44a68f63f5c42abfce8ce3b2f0b0cbf
767d777ee889,0,train,1625,2048,1536,0.605,88.21257019042969,46.522381994461064,182.26683331932873,False,271e385be826530aac6143ee81e417ef
76b950c6ed5e,0,train,1626,2048,1536,0.604,53.23197937011719,30.36035712996711,78.15688307932578,False,5958783965bfcb501a019fdbd2304afc
76bc31e0d3be,0,train,1627,2048,1536,0.604,85.41848754882812,47.11832978746741,185.5533100364264,False,b87502819e7bb00aa6e8281c938c6ecc
76be29bb30b2,1,test,1628,2416,1736,0.934,75.23207092285156,27.746808786732736,105.12050356622785,False,f9be99c965df88db4e0576fa431819de
76c0c7e1b6cb,2,test,1629,2416,1736,0.934,99.5880126953125,35.02185822205913,143.26563947438262,False,4ac3df1624ea4ccc4ad9c93555f00bc2
76cab26493f1,0,train,1630,819,614,0.931,39.51914978027344,23.356536579949623,22.33646013191901,True,abaa7f67316d63b2ebebe3bb2985457b
76cb010f7aa0,0,test,1631,2048,1536,0.604,73.07522583007812,40.987912352233934,125.33607957861386,False,ceff4b2544127a0f3aa34606746fa2d0
76df141d966b,0,test,1632,2048,1536,0.605,78.31333923339844,43.75942151952029,126.59774043783545,False,a6446f66572b6d1f60017fcc31e2329b
76e589911303,1,train,1633,2416,1736,0.935,83.7164306640625,31.119585330098197,138.2504897133913,False,e1f83abb4934a96cc5c623979b0a80f2
76e5b50f95a7,0,val,1634,1050,1050,1.0,73.12966918945312,39.78947054710435,123.59538548346609,False,aeca5532b6ea87185a91967076e353b0
76e6a9238570,2,train,1635,3216,2136,0.843,100.591064453125,36.970800998285526,150.72396081592888,False,ed96affa3d9c1d00c82a9af7b5473784
76f3473df8a6,0,train,1636,2048,1536,0.605,66.36415100097656,36.68429453403214,142.77360374643467,False,ca03f11399806b42ae7c544fdcf3eb02
76fe19ff64fb,2,test,1637,3216,2136,0.842,115.67308044433594,42.40623034433985,166.07637238851748,False,c686612ad80b35fe94b427826d961de4
772af553b8b7,3,train,1638,2896,1944,0.634,58.54756164550781,30.65782075963196,76.10817045625299,False,37a1dbe84388b77fa56ee5f5d6bda0fc
7743f4e04a6d,2,test,1639,3216,2136,0.842,88.96223449707031,33.080127775962644,118.22884830995463,False,3a67fe9da8ee54e0eb9708800da8a9cf
77543f66a84a,2,test,1640,640,480,1.0,92.49853515625,23.87882281450609,32.9536653123796,False,ed2ff13c85770558602ba999d9e39347
77a1f1398fdb,0,train,1641,2588,1958,1.0,69.50721740722656,30.554264657788337,57.70176098658703,False,f3eabb90a805b553c0c89305a067b0bb
77ab222bf85c,0,val,1642,819,614,0.61,98.32783508300781,55.19177180666812,396.8917477314826,False,892b11d55617cdfd076c2e4eef19b593
77acc2cafee1,0,test,1643,1050,1050,1.0,86.03471374511719,46.960191470220465,148.53018784313463,False,9dea439baa32133c390b584a4013cecd
77b7b71ebcc3,0,train,1644,1050,1050,1.0,78.25367736816406,42.30519166902844,135.0270770629868,False,049c56fa898eeb2fa0589de38ac3ded7
77baa08a1345,2,train,1645,2588,1958,1.0,25.365798950195312,9.586815889874819,5.3064526580274105,True,341433883eda7fbef6d5a36d6bf2be80
77e15f213b04,0,test,1646,2048,1536,0.605,108.86074829101562,62.35713985146918,257.5939909806475,False,9120bb2f38385ac9ed09e12cf5770165
77e7c7a160c8,2,val,1647,1050,1050,1.0,69.69392395019531,37.48625265195638,110.18909957911819,False,91e7bc0d7b0f52300409b20cc67f17e0
77f69c7ff324,2,test,1648,2588,1958,1.0,62.898712158203125,30.10174337801967,20.175839273026213,True,1c53a12d22206c988d8184450a4e8365
780be525036d,0,train,1649,1050,1050,1.0,78.68515014648438,42.327947168662696,124.93551328405738,False,035024e32cb49a1b81fadaa129a15e37
780f9c237c56,0,train,1650,1050,1050,1.0,97.88919067382812,50.67693451897519,208.65084352320991,False,f24b530a56ca5bf11c292ed1dd096aa7
780f9daaa24b,0,test,1651,1050,1050,1.0,81.89865112304688,44.353277659574694,137.9160741334781,False,099428d283ba33cbc225cfa5ff2d953f
7828dd083cdc,0,val,1652,1050,1050,1.0,80.01622009277344,43.51076045767161,131.38920900877565,False,db777b810055897c8f6a0c189f662554
7831ce1d895e,0,train,1653,1050,1050,1.0,92.33580017089844,48.87486060949702,270.8397630415857,False,d0641dbcf9216ca3f55969e897a46d5b
784d6d302f98,0,train,1654,1050,1050,1.0,78.63648986816406,43.42935637362828,113.59043879597448,False,eeb14e409bb3d341331c4560ab35a6cf
785777558f05,4,val,1655,2588,1958,1.0,71.09307861328125,42.160073228164244,46.59790572151542,False,60805638e6d3e0a29dcb5e8a738e9aac
7877be80901c,2,train,1656,3216,2136,0.842,64.1929931640625,27.376079387537686,73.39701840188354,False,ec96fe859062b331093a609ae243341a
788ddb0b70b7,3,train,1657,2588,1958,1.0,51.95787048339844,25.913754744202897,22.555641704937443,True,ec70adcf9121c05a0cf6c162b61f9bad
78937523f7a8,0,test,1658,819,614,0.606,73.93412780761719,40.229922885834235,130.70321854180656,False,e55ca9b7a8c80a34fce56e185501387e
789434d095d1,4,train,1659,3216,2136,0.842,93.58955383300781,33.72170770716046,129.5413677385077,False,bedfb075fc09a172059638a6b2c84d04
789c60cba801,0,test,1660,819,614,0.606,70.73832702636719,38.154526694217466,117.23954330384731,False,40562ed9aae5e7a06fddc506015626f4
789f0ec1eab8,0,train,1661,1050,1050,1.0,81.20683288574219,43.26797259753825,128.39764630701393,False,0fafb1f7fac9ddd7781d971466b2ec7b
78a577c3e0bf,2,test,1662,2588,1958,1.0,69.50080871582031,33.855569472494714,49.18578387773596,False,17bc75a61575367ef94a4bb62fa57f98
78b3f819dcc5,4,train,1663,2588,1958,1.0,53.94432067871094,28.268924235377007,18.56014788802713,True,8183f0fe17e55d667b9cbdd7405a629b
78bcdffb8785,1,train,1664,1844,1226,0.818,68.10287475585938,27.967083361436607,62.65374136622995,False,cf041ce50157b4779829ef1af338680a
78d53c82a23e,2,test,1665,640,480,1.0,100.63043212890625,31.981607650933757,98.50216352846473,False,27bf17a99026864771b2ae830ebfa7ca
79059d0592c4,2,train,1666,3216,2136,0.843,95.64918518066406,35.66060305829234,230.16325543727726,False,9e2e5df5f930ab5c4d9635c8bb5bc7a9
79540be95177,2,train,1667,3216,2136,0.842,84.56521606445312,32.0873925062674,142.03932522889227,False,6872c90cffbb437527661a912967e408
799214e8b07c,0,train,1668,1050,1050,1.0,85.3048095703125,45.389043836088476,135.8852694099769,False,3d8202b76cfbfe6fff1d6ab5c137b779
799cb4c816ae,2,test,1669,2416,1736,0.935,114.72254943847656,40.57955317711217,278.678494628286,False,39df7ccf3bce91c9453dbe6fcb9fed5c
79ade634c633,0,train,1670,2048,1536,0.682,30.46710205078125,22.40641789185564,31.432093111565337,True,307c4534cad3abcf8f216374a0db79ed
79be2ff796bf,2,val,1671,3216,2136,0.843,92.25950622558594,34.58037229550935,133.0891981010791,False,21b25bf89638cd5969933fbeb39585c3
79cbae28d8b2,0,train,1672,1050,1050,1.0,83.27645874023438,44.8171045757882,127.62553102127276,False,d6ee718b2eee9cace1d8b497e472277a
79d44db3da2d,4,train,1673,4288,2848,0.815,58.21281433105469,23.79338043175177,105.03453154768795,False,f95aa132e4a4c722b62491f7628618bb
7a06ea127e02,0,train,1674,1050,1050,1.0,70.80699157714844,37.83229838179666,108.57904150988907,False,eba3fc8d995229f1492ee7a1430267b6
7a0cff4c24b2,2,train,1675,3216,2136,0.842,78.46530151367188,34.21880464635202,226.7246181925293,False,8fcda303040d5beddf94056fb8c90fdb
7a12f49e29df,0,train,1676,2588,1958,1.0,49.412078857421875,22.744084655488933,30.02064026053995,False,c6f0e2d0b54762ba7e8344e5c710fa3a
7a238a1d3cf3,4,train,1677,2416,1736,0.934,87.82139587402344,31.570391388245483,109.84810557123274,False,41e131d4b19bf7f784a6616ab12f93b3
7a39c91416e2,0,train,1678,1050,1050,1.0,86.50473022460938,47.15765698839098,158.526411768049,False,1625d80ae52ad2058c01ad61c5a4a5b1
7a3ea1779b13,1,test,1679,2416,1736,0.934,77.78996276855469,28.1605308978768,86.76705191191286,False,7466afedd7c8d829f842228478bc65ee
7a42443ed106,0,train,1680,1050,1050,1.0,72.70301818847656,42.571165006511535,120.9496287368238,False,34d1ed21da916455cb86cbece4e68546
7a46cfa69bae,0,train,1681,1050,1050,1.0,72.57528686523438,38.65996197003616,117.40651703602634,False,7b35e558455aed54fc088ea5ea5d0435
7a6495a39d87,0,test,1682,1476,1117,1.0,72.72395324707031,32.989801169052164,65.91506889089942,False,78f82d26053378e8e1faf82f2a0dc988
7a6e384a0846,3,val,1683,2588,1958,1.0,42.577606201171875,19.157899290037705,22.98454126319848,True,f6e5e3da5f97caf52a285bcedd09d202
7a77c3eb468c,0,train,1684,1050,1050,1.0,83.59503173828125,44.41563633396623,153.2933998235967,False,a802383947014574655ef64cd0e1d178
7a9f45fdf29b,0,train,1685,1050,1050,1.0,82.02165222167969,43.91760450717992,133.6192376902327,False,dca53464101deebe44968e827cad4d06
7aabd768abff,0,train,1686,2588,1958,1.0,81.76847839355469,42.960079047463395,59.68958579003811,False,be38680ba5d52ada4baac86b11b1a4a7
7ad0c4975890,0,train,1687,2416,1736,0.934,62.265625,26.023666174693275,60.69993084575981,False,bb965c0fe12d11a472824c1d4858fa06
7adfb8fc0621,0,train,1688,1050,1050,1.0,81.0811767578125,45.18128937515583,142.7291940813884,False,f5d8284a49050ba99bdbaee7f57aa38d
7ae69d22075a,1,test,1689,1050,1050,1.0,80.21769714355469,43.461726943436524,133.95333906798624,False,b628bc3cac3857c2390e10a02363c83d
7af4d8704032,0,val,1690,1050,1050,1.0,83.10787963867188,44.52033022826707,135.97296360111795,False,1d5e99234c1eff03bbcfb3990e25600e
7b20210d9120,1,train,1691,2416,1736,0.934,91.22055053710938,32.5122061857404,131.59458620822988,False,2e04d5fe499552e22b2b2078f1e5df73
7b211d8bd249,4,train,1692,3388,2588,0.876,62.20408630371094,26.821649258057178,85.70103514846414,False,19382436cdb6aa582c512e834d780580
7b29e3783919,3,test,1693,2588,1958,0.994,76.56753540039062,40.94350264024948,90.94527615513653,False,73a696f8de8478c8b8784178d834793d
7b49041cbf17,3,train,1694,2588,1958,1.0,92.55059814453125,41.18694618170951,109.39362604822963,False,bff2d7cce5560999c253e738d7ec9edc
7b691d9ced34,0,test,1695,2416,1736,0.934,65.03004455566406,26.153695832495615,77.21207126392983,False,6207f33919babcb3e65625538a4118e1
7b87b0015282,0,train,1696,1050,1050,1.0,84.64346313476562,45.474918228186105,141.63900363072753,False,51f3101537c6e47a209b11da4aa0a78f
7b8c78b41c0d,2,train,1697,2588,1958,1.0,66.95542907714844,40.48063494495972,124.84449109225534,False,5665309ef5b73f486845b738ce2fccde
7b9d519cbd66,0,train,1698,2588,1958,1.0,61.23316955566406,31.632584321699742,31.42362006660551,False,ca42bef2235077e8a6736913677cac52
7ba6b23c4b46,0,train,1699,819,614,0.931,49.887054443359375,30.667262964198446,59.94376127771102,False,5daa6dab9a9f77470828a8f6c2269f74
7bc00e58d419,0,train,1700,1050,1050,1.0,71.39057922363281,39.83139769917535,114.73575537558645,False,3c87b26c018b300eefc5bfdf49f78a3a
7bc2e0fa3f72,2,train,1701,2588,1958,1.0,42.911865234375,17.189649605275577,30.16032610833645,True,b4a921eaacad1842811a0567da5e839c
7bc4dd99eee5,4,train,1702,4288,2848,0.808,71.91534423828125,27.19237741637078,120.15450934227556,False,fd88c9652121c32fa416248fd7f118d1
7bda86d95c5b,2,val,1703,3216,2136,0.843,100.96830749511719,37.71078843072072,182.92070184554905,False,88715358dc08ead89e5c41bf9a2e4a3b
7be1b9aa78aa,0,val,1704,1050,1050,1.0,83.03021240234375,43.89145765668216,133.9012510755565,False,8549f7dbef7321bb51b203243f6fdafa
7c2e852171c0,0,train,1705,1050,1050,1.0,82.70671081542969,46.13309061499694,130.55198933160864,False,56698fbaffc64cab397922dfa9daa686
7c2f820a6425,2,train,1706,2416,1736,0.934,79.63874816894531,30.851293038521728,105.17442116863094,False,8ede29daf1e365d542912e47d37ca34a
7c3747c0b2c3,0,train,1707,2048,1536,0.604,80.75692749023438,45.14693652855307,110.18090564664453,False,f1f7ee9c856c71bda24e9c91ce1721c2
7c52fe73e748,2,train,1708,1504,1000,0.838,88.14317321777344,34.574451024725725,132.4801725745201,False,921fcd6831c1d642cbdad255ef97dcd6
7c629b491d1a,4,train,1709,3216,2136,0.842,78.54931640625,28.59891053622273,88.30092464364134,False,dd0d1150a2851057b6693b9f83690364
7c6594b50690,0,val,1710,1050,1050,1.0,88.63308715820312,46.453481924143006,150.57968523330055,False,16798d0a7fc06e06f4cd2240b529f576
7c90ab025331,4,train,1711,3216,2136,0.843,93.49156188964844,35.54691520724996,127.5358873938676,False,bbaa0df770f56d25cbd9473e33184ff0
7cc4b7aabe04,4,train,1712,2416,1736,0.934,70.96853637695312,26.23724378543677,91.92552366480231,False,e6892caa64ce260769d85bb8575e5016
7ccb267fd394,1,train,1713,2416,1736,0.935,75.99253845214844,27.437398603957558,86.01274997345172,False,9b75a01d429308c31d4be0e0e1503f81
7ccf9d25dc48,0,val,1714,1050,1050,1.0,77.95942687988281,43.190760111085,127.42708466947079,False,a5ae395c971e0a0e0cd5c99447c9a014
7ce671f952be,0,train,1715,1050,1050,1.0,81.15339660644531,42.87691729807559,134.0496124678757,False,45cf3db1e5578effb8d2519cf2cfcda6
7d0a871c45db,0,test,1716,1050,1050,1.0,83.19357299804688,44.31279860345766,146.57228642865084,False,76fbc81929e83ac8c37e790d5ba583cd
7d11dbc1e738,0,train,1717,2048,1536,0.605,85.51651000976562,47.9174750346768,215.8971254916396,False,1f4332101837deb69200a396a46b3f09
7d1b40fdbd86,2,train,1718,1050,1050,1.0,69.20564270019531,38.54951395469641,107.90469220187515,False,77c204d7a135ab3114e62227430f1ec4
7d1da90d3ca9,2,train,1719,2588,1958,1.0,93.49417114257812,42.83300749382219,87.18004813417792,False,fba0f795387e54e58803d83168aafa66
7d261f986bef,2,train,1720,2144,1424,0.843,72.88652038574219,27.855929447077266,86.19881841517054,False,3dff539fe2c5e2dfcb8dac73b0424f16
7d37a2939f12,2,val,1721,3216,2136,0.842,96.63307189941406,35.255170181628706,145.83757309964858,False,d9199e6981ec9f7cd8f708cf31009d6d
7d3835e4e63a,3,train,1722,3216,2136,0.842,71.76789855957031,26.740588236222518,81.48274796828628,False,1c8e22c2b948527300805ece355d35ca
7d48f8cdfb69,0,val,1723,2048,1536,0.628,77.73771667480469,48.064249051921095,227.22163854702376,False,c3a0174f31a8b653c2ccdc73b073330c
7d626a7ffe76,4,train,1724,2416,1736,0.935,70.35490417480469,27.50897244757486,124.2760911276564,False,7f3986231cabdfebd2fe56bee78bbfcd
7d8f67cadc29,2,train,1725,3216,2136,0.843,107.18463134765625,39.02974524391013,175.33719446416944,False,2db5e68db5c084e862ab64264d77568d
7d94a000c2d0,0,train,1726,1050,1050,1.0,88.64460754394531,46.51588046606486,147.94202102627605,False,f23ed074985342657134e5bf76194280
7da558d92100,0,test,1727,819,614,0.606,62.33001708984375,36.59364917257273,68.76833077892661,False,6ff7e5d7c92500ad8df8875f7040bb24
7ddcfcea7369,0,train,1728,2048,1536,0.605,76.94850158691406,43.515648001434364,145.5293216125574,False,68dd506870f04a8e2effb80338193fd6
7dee6bf8b9c1,2,train,1729,2416,1736,0.934,89.16188049316406,31.947931273405935,121.48341284110211,False,63e3f81a7e80fed35e020cb406ecae39
7e0598cc88a0,4,train,1730,2416,1736,0.934,80.23928833007812,31.869083464090746,94.90647102799267,False,c03ce025c98bc746a6a590806817790d
7e160c8b611e,3,train,1731,3216,2136,0.842,75.36753845214844,31.600103320496835,198.89159558876418,False,165540476389b5d13f68c4468bcb4ed4
7e4019ac7f5a,4,val,1732,3216,2136,0.845,100.17910766601562,36.52223419521306,140.8602526448667,False,5d1a8e5a3bf4a8fa248ecd7e31a1448b
7e5a76c4e103,0,train,1733,2048,1536,0.605,80.7117919921875,44.02042752699998,142.02354458882473,False,0de9b03a235e0f2e8a5c2674da45878c
7e6e90a93aa5,2,train,1734,3216,2136,0.842,67.61106872558594,26.962730832090127,99.30362907703966,False,c03c3a0525701ca17434615c714bc177
7e70344b0c25,0,val,1735,2048,1536,0.605,85.77334594726562,48.91965753229572,212.19668262824416,False,4e1e48672d926bbf06620438c4a92466
7e77b61e1639,0,train,1736,1050,1050,1.0,69.84477233886719,37.709622014594245,105.44660949707031,False,a26e67d23627830b3c63662bf863e34f
7e9081e95bf6,0,train,1737,1050,1050,1.0,86.10372924804688,45.95847915413508,140.7498108111322,False,0c13d371fde2de389e7bf473f55b686b
7e9458de5707,2,val,1738,2416,1736,0.934,60.54270935058594,23.77977884089588,70.14003430213779,False,6511da1d31ee3d1468953086f5d48001
7e980424868e,0,train,1739,1050,1050,1.0,84.17556762695312,45.142854563022595,140.63386478438042,False,dfdf2b88ca1c1c2d0169ae5f05c8f63e
7ea756985353,1,train,1740,2416,1736,0.934,62.64295959472656,24.372223716202733,59.71581946313381,False,afbe12764bcaa620e1a02bd9a4a7ad2a
7ec0e61a7e29,0,train,1741,1050,1050,1.0,89.77391052246094,46.92960638236187,167.47061376995407,False,30a6539c16a23c4603a6628f7f02a8ea
7ec1ffe8220b,2,test,1742,3216,2136,0.842,77.7276611328125,29.29950282378707,90.56883708736859,False,7f1aba98bc56e70476bd036bf5fea9ae
7ed4128b2a4e,0,train,1743,1050,1050,1.0,80.03520202636719,44.18563071156576,130.98693751706742,False,01c087edf75a4653ef72617e425e761a
7ee6de71c140,0,train,1744,1050,1050,1.0,84.07611083984375,44.26971761063769,138.78506469726562,False,73ed713b9ab5c45f797e5109705614c6
7eeb191ad06b,0,train,1745,1050,1050,1.0,74.14726257324219,41.247221469384854,132.61978885880671,False,a2b286a83f0b724bc17bcc4156d8acea
7eee3d1f1268,0,train,1746,2588,1958,1.0,28.051193237304688,13.503199019826962,9.80300498008728,True,3160722c9aec6d1af7e26a1da448156d
7ef5ff774a48,1,train,1747,819,614,0.931,38.08564758300781,20.37732379420776,23.42857678886503,True,8f8aaf2c0f32eaa85d50b5113fe842a0
7efc91af4ae6,4,train,1748,474,358,1.0,67.11705017089844,36.24742740487054,24.50848388671875,True,f772adc2d12bbe75a1830431f17a0290
7f0ffeb0a333,0,train,1749,2588,1958,1.0,81.51260375976562,30.18219000242536,98.51585080847144,False,46f539301f64c872c25f0a4ff815e592
7f1f3269f546,0,train,1750,1050,1050,1.0,82.810791015625,44.18090284313405,136.2898527381476,False,1f6290b0fb520d5ca399dc637a00b75f
7f2123bc89a3,0,test,1751,819,614,0.606,66.19456481933594,38.0635803979314,90.33629830158316,False,408b36dd237a96275fddf33fadda1446
7f2cce721e19,0,train,1752,1050,1050,1.0,77.68115234375,43.57361264835341,122.76723240222782,False,54a76df112fb274a2f63cd6c802cc18c
7f39c36469b5,0,val,1753,1050,1050,1.0,73.81867980957031,39.72418533405516,118.56885427399538,False,a700d14ffbb807ffd62ed773a4fee67b
7f43becd3e83,0,test,1754,819,614,0.931,47.62591552734375,31.016533889653445,63.18657638854347,False,2efb962e94779c95a22b74640afd5ba2
7f60f2a083d3,1,val,1755,2416,1736,0.935,71.42308044433594,26.30711160929214,90.87753693363629,False,4309420c88285bd80a63c2f55e891e1b
7f6690fa390a,0,train,1756,2048,1536,0.602,32.57771301269531,22.674945212175437,38.89010569616221,True,03b9ee9599f08e737bb24f3d5257b3a8
7f6ce40f306b,2,val,1757,1504,1000,0.838,63.1080322265625,27.152960260587133,52.2950622998178,False,e7440b2f698cd9e00f00ab3296a14430
7f84284598f5,2,train,1758,2588,1958,1.0,43.1162109375,23.091000177719856,20.971799846738577,True,2f51d46882167ac7e8dcb59919c108d1
7fc3a8bb40de,0,test,1759,1050,1050,1.0,78.15888977050781,42.842722225236315,130.78899012855254,False,37dad5c2dcd514564c45b201403e8aa8
7fdb177b8f7d,0,train,1760,1050,1050,1.0,71.90953063964844,39.77436218463159,122.32423627004027,False,639a1ced3f01634decf5dcb87e45accc
7fe7309d0b4f,0,train,1761,1050,1050,1.0,78.46488952636719,44.38717496568495,124.75787884905003,False,d07857cd9dfd3aaecd7affa8b7309663
8000a6b97a84,2,train,1762,4288,2848,0.81,63.06623840332031,28.174945739610223,89.02524290885776,False,a1635aa1d24c6048b0e05482eaf74f7c
8010c931321f,0,train,1763,1050,1050,1.0,78.95854187011719,44.874951776804586,132.32659459766,False,3a70e525395dc3c864ed0fd1d2f327a1
803120c5d287,2,train,1764,3388,2588,0.869,83.77294921875,34.604205111796695,188.4178099296987,False,f43b45fa1a1da4a02680c0a50d731e90
807135cbc438,2,train,1765,2588,1958,1.0,33.427825927734375,14.92107666008929,14.108034279197454,True,c082fdc8f5c96c0398a03115c9210754
80a02014b418,1,train,1766,2896,1944,0.64,62.278167724609375,30.232154059451464,139.90346284746192,False,3ed87b009b749af59af8fff4a85b63f0
80b5697f2a5e,0,val,1767,1050,1050,1.0,89.34376525878906,47.259232895588426,159.8992067684885,False,df0e9b7066a2201016b8fe64385ebcb8
80b5a9519aec,2,train,1768,2588,1958,1.0,33.75067138671875,14.953888255677931,22.087582763284445,True,9cb8d134ab3a66781434d33b373aaebf
80c67efc8101,0,train,1769,1050,1050,1.0,83.40727233886719,44.962938177346075,133.37928482680582,False,9ec4eb21df6be18854f5422954a4da96
80ca40196225,3,test,1770,2588,1958,0.995,63.373992919921875,28.57379486226855,53.04535232274793,False,b3814384203c24392f021627ec456c61
80d24897669f,1,train,1771,2416,1736,0.934,90.741455078125,32.34407674928451,149.26171196601354,False,70f1921d018abf3eb649fe94cdda57d7
80dbeb0fdc75,0,train,1772,1050,1050,1.0,84.00862121582031,45.075151570216136,139.01664881198667,False,bc88cf29ccc16d09f3b504718fb6e871
80e6e425f966,0,val,1773,1050,1050,1.0,68.9837646484375,37.04841101027163,113.16959918825887,False,6d890c5ddc57411991d90bc425188a32
80e7cc0a0649,3,train,1774,2588,1958,0.995,63.4117431640625,37.229670466909326,105.53696320950985,False,1e22812d577a545fb0f48d0bb3a284d3
80ed04a84a16,0,train,1775,2048,1536,0.602,39.5028076171875,23.17386342884691,36.22139014466666,True,7cc4992bb605ebc724eff4eb727cb059
80f6b30ece8c,0,train,1776,2048,1536,0.625,64.5277099609375,46.47953028829115,82.60738220228814,False,8c330f96514e4f15bf8cf02374c5d5c4
80feb1f7ca5e,2,train,1777,3216,2136,0.842,73.79560852050781,26.80250407124905,69.01826951256953,False,6bce9101e760604a547a99d783f05209
810d3779abd9,3,train,1778,640,480,1.0,93.01181030273438,19.12523889682164,36.5600266372785,False,a4c7b0422296040786710d4070655a2c
810ed108f5b7,0,test,1779,2048,1536,0.605,75.888671875,40.95781412245054,138.30719035491347,False,95e9f7fc8172b3fd7aa8483b77200805
8114d6a160df,1,test,1780,4288,2848,0.81,70.9654541015625,29.497325139238704,89.2347921167966,False,147b11ce6578cc31bf5b9c41cff51e0f
812d5adafaf2,2,test,1781,2416,1736,0.935,82.20878601074219,31.504156457520974,119.57053009211086,False,6beb6078115302cf704d9aa04eb61031
81371b0c01ad,0,train,1782,819,614,0.606,67.20307922363281,38.325869288950685,103.65290817245841,False,16a7dd2ab603d240f3b6284cb91cfb60
81704925f759,0,train,1783,2048,1536,0.71,67.03024291992188,49.98970750670611,169.0147923445329,False,b01aa0c58a55e9dd7d693283460927f1
8185ce1cdcef,0,train,1784,1050,1050,1.0,84.82029724121094,45.44754066664139,138.65618241741322,False,5b0ca21777908595e7e7ff273cf6db0e
81914ceb4e74,0,test,1785,1050,1050,1.0,78.26300048828125,41.98118295551861,130.71619224455208,False,77f7be8dce65a6b598e89de82e74c34c
8191ae701985,0,val,1786,2588,1958,1.0,50.1268310546875,18.335856686996298,20.763552612625062,True,44f96377624f2e5d9f3835e186a1089f
81bc03e2ff2b,2,train,1787,3216,2136,0.842,61.7781982421875,26.08409366192019,82.98049539327621,False,18d7bb5b5ea161ee69bfe21c44d7c0f8
81d79d53ed7b,0,train,1788,2588,1958,1.0,65.52496337890625,25.188055871146442,58.425450667738914,False,c557377a4b87c3c3627889a95b22b62f
8201cab8322d,3,test,1789,640,480,1.0,83.09420776367188,28.65226902290525,38.594455189071596,False,7941d75cdeff70197923f2c1f5014ea4
82088c6734e6,0,train,1790,1050,1050,1.0,82.82817077636719,44.29930583868324,151.53159676492214,False,1d7a19a22d1983567dd0229174114291
821789e9053f,1,train,1791,1050,1050,1.0,80.07563781738281,42.80643063718543,148.4717942615971,False,a6d66d571e97d979a395c7e483eb0551
8241e43408a8,0,train,1792,1050,1050,1.0,85.47822570800781,45.657559572266365,137.36214761598967,False,68e21c456e134d2e0ef6f793c061b079
8273fdb4405e,1,test,1793,2416,1736,0.935,86.37382507324219,31.67334165488505,152.30172363272868,False,1f5367b539eb154d9113b33eb65cac5d
82910bba4753,2,train,1794,2588,1958,1.0,119.27882385253906,43.28985771026148,135.0148711046204,False,ef66d335f9eb9ae98b5fd9f615df82bf
82ac8463fadd,1,train,1795,1050,1050,1.0,74.77076721191406,42.94938861306518,109.33188188727945,False,805803b129ab8af1b14743bab2516a06
82bb8a01935f,4,val,1796,4288,2848,0.812,73.87287902832031,30.54528647243898,110.79318645223975,False,d0ac52533e2ea5ca2055f5e474233929
82d364726a58,0,train,1797,2588,1958,1.0,66.15501403808594,29.512280565359635,46.39061292167753,False,a816358bca0ab3618707f9b4d18b9919
82deb07a6618,2,train,1798,3216,2136,0.843,85.48042297363281,31.263860911030445,134.57326605077833,False,1d6c17badf84a0744f12733c7586035b
82e5bc01f8a4,0,test,1799,1050,1050,1.0,79.68069458007812,43.77172629737962,145.50381739041768,False,eafd9829acd4d1b0341c7e9bbd059545
82f2784ead76,2,test,1800,3216,2136,0.842,99.43638610839844,38.00238848632245,143.13929329812527,False,afc91357d2beede1ec342f25be25326b
83038ca49b6d,0,test,1801,1050,1050,1.0,89.62940979003906,50.51328797351549,145.53782310709357,False,7ac84dc94f774c903c346ba765059065
830e297965a1,0,test,1802,2048,1536,0.605,85.37220764160156,50.83152645465992,198.49237815942615,False,2e1afaff20f10c7178a3c09d17df4e13
8329e80c10ac,0,train,1803,1050,1050,1.0,83.03887939453125,44.968637843676426,161.98539584502578,False,6bd142cc8f536efa633f4e506334a439
8344c783da65,0,test,1804,1050,1050,1.0,75.03742980957031,39.531418521263575,118.71205703821033,False,8465903d07c5b8d50e69572c9d6d0b17
83517eaeccb9,0,train,1805,1050,1050,0.996,54.58213806152344,31.509779087507685,84.36493914481252,False,66b019af4c30b56b83cd167bf6265e74
835b9f6e12ba,0,train,1806,1050,1050,1.0,101.12841796875,52.73053939094562,168.5694957440719,False,252e4e78312c9cfe3c18145f0d5e9463
837acf120946,0,val,1807,819,614,0.931,50.104827880859375,33.63482359887597,66.72879326995462,False,759102489ac1f69020930d17d2170513
838b3e4d0bb4,0,train,1808,2588,1958,1.0,65.32615661621094,35.335246882917644,99.52515568956733,False,a12d94a56c5607132bcb08d72dea5f13
838c87c63422,4,val,1809,2416,1736,0.935,81.38401794433594,31.51709354254918,145.7646831551101,False,ac5dcf5a68f046ae0368469161fc2e6c
83a63c4a3e4a,0,train,1810,1050,1050,1.0,80.59011840820312,44.20586194149892,128.69423785433173,False,1f3bd1c5e1142a39d484d9064038e89c
83b61051737f,2,train,1811,3216,2136,0.843,108.69184875488281,40.832337845490756,188.06071376428008,False,45ce6144592380b69fab1becc8345e3f
83d6e40c869f,2,train,1812,1844,1226,0.818,87.8531494140625,35.94133189276272,76.03281583543867,False,25e2f2d9212aacf34ce72a541119235e
83d81ba5959c,0,train,1813,2048,1536,0.604,71.98785400390625,41.96237101540551,114.50889845844358,False,90bedc9fd49fb450c8a27a6d06ddcd90
83df53d58f28,0,train,1814,1050,1050,1.0,94.40579223632812,49.41274182419717,168.46907316800207,False,902c73d72c0b437c577f75d3b7806e10
83e529e95b0e,1,train,1815,2416,1736,0.934,74.03219604492188,28.023402669978424,95.03980724420398,False,2f7970e9982036f5ea5e1a751838f079
83fda7c0500b,0,train,1816,2588,1958,1.0,69.78326416015625,31.76498215408841,73.01569620496593,False,e42aa6efe4eb8e3f2ae9a6465162653a
840527bc6628,2,train,1817,3216,2136,0.842,97.44966125488281,35.997001084874974,131.00504178460687,False,3f22b0fbc171e5b46a06a54783e662cf
840a06a9c690,0,train,1818,1050,1050,1.0,78.84434509277344,43.26451496400213,128.72829682729207,False,0240cd8080117b6c067c637d35714f02
8421107255ae,2,train,1819,3216,2136,0.843,109.81271362304688,39.699160374717486,176.87216189852916,False,cee92f21d6ecfd994dad1df120461c92
842d697884f6,2,train,1820,1050,1050,1.0,76.74041748046875,41.037318292597725,124.4329610010609,False,ef3a9768072de49a6a23e0dad271eccd
8433a032b96c,0,train,1821,2048,1536,0.605,87.66233825683594,53.94176124309591,257.19204276800156,False,aafa07f365fc0eb8fec0ea6b157ad7e4
8448af27ba07,0,test,1822,1050,1050,1.0,66.56271362304688,38.81256530992291,114.56562973721884,False,9432874160c8c1352e20fc616183a118
847b04287c9c,0,train,1823,1050,1050,1.0,91.60285949707031,48.70323976618692,144.1675464771688,False,476e47750d85dec8c1f61dee946c9031
848e66b9e199,0,train,1824,2588,1958,1.0,59.26289367675781,30.401683400586972,47.892133232206106,False,66b3060874ab150154081df9f331a09c
849a91e9ab28,1,train,1825,2416,1736,0.934,73.78118896484375,26.594525802110045,132.58353508915752,False,e2b7269f2c1b3af505b3fdb497ccea83
84a72e15b23c,1,train,1826,2416,1736,0.934,78.17716979980469,29.49044900749724,105.54512973851524,False,ea14c1f17deaa7077f8b1630be51fde3
84b472c49cfa,0,train,1827,819,614,0.931,41.09693908691406,24.122506963276248,28.54993364866823,True,927334aed390d3e21aef30ba06b18f31
84b4da14bc23,0,test,1828,1050,1050,1.0,74.26129150390625,39.376581000526215,97.52840805053711,False,2d0f2cfeb1c3879d5ca22d36ab1cbf69
84b79243e430,0,test,1829,1050,1050,1.0,86.17213439941406,46.12745575639425,145.91229950543493,False,2ed503de87e5feac0e0527fdc71a141d
84b88e8d3bca,0,test,1830,819,614,0.931,47.75050354003906,28.55185665991585,38.23927739984356,False,7055a904a0bd8d0bb22c428aaab29442
84c663f39632,4,test,1831,3388,2588,0.865,50.187103271484375,21.050392991585095,47.31297882995568,False,8772272d4661185cb6999d0df9decfb9
84e8c62165b5,2,val,1832,3216,2136,0.843,98.41558837890625,36.252351047419445,149.84826396312565,False,b1fa4fb83d9c105979098f1736e0cde7
851e40a21f81,0,train,1833,1050,1050,1.0,85.75224304199219,45.17994724668668,143.31924368976615,False,dadc1973979fcc2e29d7f392889209c7
8543a801dce0,2,train,1834,3388,2588,0.869,63.34843444824219,26.75288175925233,110.88150821230374,False,2c6c58a5dcc3061dab74052d4e948d11
855f0a5442b6,2,train,1835,3388,2588,0.87,73.84407043457031,30.98811495344765,134.54026756226085,False,2786cbd1f21b799f4afe740e1845ad74
8564b7aa3c1a,0,train,1836,1050,1050,1.0,85.16154479980469,45.47931053618768,136.72403561300598,False,11058963be83fb761d9caa8dbf6a6a7e
857230f64a2e,4,train,1837,1844,1226,0.816,75.67576599121094,32.77654776835497,84.60967514570802,False,8dfe30196af4aa1059c4a84e22aa05ca
8596a24a14bd,4,train,1838,2416,1736,0.934,70.46681213378906,30.30053319087758,106.21210298594087,False,21df3f6681222a9170aba4eee2c90b23
85cbb84ac8e0,4,val,1839,2416,1736,0.934,80.32200622558594,31.681800393526473,112.80376354954205,False,717259cc6a51660f3104c1d83300dd19
85cc6d636898,2,train,1840,2416,1736,0.934,78.14044189453125,29.36492341215953,108.45618152525276,False,fd286541126388ff33752385c4e65ef2
85f99e7e4052,0,train,1841,2588,1958,1.0,67.62422180175781,32.58796658673906,36.32903900370002,False,f110f750542bbc3cacfe2110cbb904da
85fce24084da,2,train,1842,3216,2136,0.843,101.13272094726562,36.75778999924604,148.4419098997023,False,4ebe5904e4adf6a8dd736aafac8397f7
86410aa13b3e,0,train,1843,1050,1050,1.0,92.44573974609375,48.36132004786585,166.88088463246822,False,c30430aadb1186b77d2bcd833ec1366f
8650d32f4a9e,0,test,1844,819,614,0.606,66.94670104980469,41.89365781191177,141.85274330433458,False,1f9d7793594b8030549adfcfe71f7764
8660e1864665,0,train,1845,1050,1050,1.0,83.24818420410156,44.49388548325189,141.32715739216655,False,fd7e9feda04337c2615b9d729f77b720
86722fcd802c,2,train,1846,2416,1736,0.935,80.60533142089844,33.11204209657634,161.51430242857896,False,67c1e3092f6b5f5489bcab763c7c8a23
8676427e4625,1,train,1847,2588,1958,0.998,76.90739440917969,37.3861906161822,27.297939397161826,True,42e2712357b31c821138938aa220bcbf
8693ab1fd2be,0,train,1849,819,614,0.931,40.6510009765625,20.04795417311559,34.28211146011017,True,e52f6d269f4deaaed731edc7f91bb6d2
869bbd3170cc,2,train,1850,3216,2136,0.842,74.38825988769531,27.994566724641892,98.58459761366248,False,27273259f83a5edb92f4f4efcb570784
86d58f850a0c,0,train,1851,819,614,0.931,56.89581298828125,33.790336096635976,105.68187322840095,False,75d5bb9889f48421b5c42c6336835b22
86d6808f0609,3,train,1852,2416,1736,0.934,60.67811584472656,25.877103078024422,101.15082127950154,False,72a906aa40300b89fb15145619b0c384
86e7f98f73f1,2,train,1853,3216,2136,0.851,110.04183959960938,43.03584308712203,208.4100484214723,False,e0ee1b72ae0b532a120e5d782d360e1d
86fbac86ed3e,2,train,1854,2416,1736,0.934,77.000244140625,34.01273242092247,84.50001121219248,False,af8160c05e463b690480e87856d04f54
870f433e8f37,0,train,1855,1050,1050,1.0,74.69955444335938,41.66614269777375,116.05742318904959,False,3162ddd126718dfa0677dc1fdf9324fd
870fbe6eaa68,0,train,1856,1050,1050,1.0,92.35232543945312,49.250813093973655,149.93017340800725,False,8fe51dddf4bc2a5fe68bb5b2da23a5b8
8714d17bb6da,1,val,1857,1844,1226,0.816,54.18312072753906,25.435611999524536,38.633907987736166,False,61cb745d0d0e94c72fc6ea8092d81467
87295c5fa1cc,0,train,1858,1050,1050,1.0,78.50506591796875,44.63657061480572,132.69873517658561,False,3e64d3821a2d206afd069bdb5e701aff
873dcc0b468f,4,test,1859,2416,1736,0.934,62.66932678222656,23.103521149920095,86.12957646674477,False,2b3fc8d01784100f09cd9e905dfd4574
873fe0404d6e,2,test,1860,4288,2848,0.81,59.57160949707031,25.199874809992693,67.08395385742188,False,16d21f44a62353cb4d398d5f319368de
874f8c1929f6,0,train,1861,1050,1050,1.0,89.93965148925781,48.79160670683832,135.55806776043028,False,9ce8b6740d416f5e3e02122df3cbdb69
875a2fc5fe23,4,train,1862,2896,1944,0.64,77.75820922851562,34.05350247230126,129.6068393511232,False,5088e6085d96ec1b735fce0a5d5307c5
875d2ffcbf47,0,train,1863,1050,1050,1.0,79.36041259765625,43.28485556084845,126.40351784881204,False,ceb98d2dea79cbfd78b6b0f14fb345ad
876deb29f000,0,val,1864,2048,1536,0.602,63.31211853027344,36.29073357450355,100.51058622426353,False,1c318b255de19bcb1fdd9d3830ec5436
876e1dd12d38,2,train,1865,3216,2136,0.843,97.80894470214844,36.7230027450428,158.5879533952102,False,9a98c9097be679e8af98f25014957cdb
87774aafe068,4,train,1866,2416,1736,0.934,72.81190490722656,27.43019937746428,86.02198508917354,False,838d56e6f3568fb747e0639a513446d6
8785b71238d8,4,train,1867,2588,1958,1.0,42.14666748046875,16.567635476760042,27.238944879733026,True,ed98948730b7192a1a029951db7b9d97
878e356c8fc9,0,train,1868,1050,1050,1.0,84.46226501464844,46.82942978294194,144.27156242355704,False,57dd0f4873ab8fbd20d7f0c4df4e2a23
879744b9dc65,2,train,1869,3216,2136,0.842,83.11917114257812,31.142335841841444,117.14926300174557,False,f38bd714ec4b2a4814ca1a0245e70a80
87a9f4d20f07,0,test,1870,1050,1050,1.0,81.26498413085938,43.83638518932684,130.90094542852603,False,6950e4dee8335af8d2b3c251ed1bb48e
87b1938994b5,2,train,1871,3216,2136,0.842,105.94349670410156,39.14382740304515,158.43319606781006,False,3045d2c3ae286fc6629a36ae51eca943
87b671c6d4c5,0,train,1872,1050,1050,1.0,94.93258666992188,50.67548513652172,150.6748665338382,False,4d97b4fa1fca8f4c80072e53dcf650d3
87d46b1cc4e9,0,train,1873,2048,1536,0.6,27.74188232421875,17.523610642585886,26.589659120887518,True,35f3e5b12fd0e930909e517af90a9e05
880edb2cdb69,0,train,1874,1050,1050,1.0,81.26045227050781,42.719172795211875,141.2526452334132,False,ac16bf3023ff21aae72db078134762ac
881ec6186e68,0,train,1875,1050,1050,1.0,84.81178283691406,47.51296970042623,192.0338619016111,False,a8b8f0b13c69d8b8b287eda64663b84b
882a71de424e,2,train,1876,2416,1736,0.935,91.21122741699219,32.70404485455015,122.3603359402623,False,5105479b25c805117348b2b4df45a714
883c6a184f16,0,train,1877,1050,1050,1.0,73.81845092773438,40.023994864760304,113.1711487879511,False,eb8c294af5b36ffca2c5927c4540287b
883ddb650967,0,train,1878,1050,1050,1.0,84.09275817871094,44.684043846325295,148.43459419882856,False,615ffc898c5ff2636d25bc57e9b3d684
8846b09384a4,0,val,1879,2588,1958,1.0,39.977386474609375,21.64131756801423,31.480428566923365,True,31d651c3786246fec6c35a1f25d242c4
885fa5fc5da8,0,train,1880,1050,1050,1.0,73.67526245117188,40.1133447632174,111.21077725640498,False,3b01c8e1ce71da456079aad93e9ab13d
8860c7b11530,2,train,1881,3216,2136,0.842,92.77546691894531,33.73693888702413,150.52210933319293,False,4827b1112cd6a35c00c8e2b45898ba26
8871e6a26596,2,val,1882,3216,2136,0.842,53.314971923828125,23.011862423942354,47.51989202108234,False,4989f8e7d072cae96f1bd916792a9713
887c26fc0e1f,4,train,1883,3216,2136,0.842,88.48007202148438,35.75385908605663,101.83721188362688,False,e05a022f6954d50d28f915efe802caae
88e4399d207c,0,train,1884,1050,1050,1.0,83.52413940429688,45.734023978560884,141.4052125774324,False,2336d22b9aec45e30318e97cb1eb42b9
88e5051f65bd,0,train,1885,2048,1536,0.626,54.70518493652344,35.73775179062155,71.96521460800432,False,07abde761d2229c03bf28d2482ea785a
8906c9ed54a2,0,train,1886,2048,1536,0.605,85.20606994628906,46.81667563305362,125.61765934131108,False,3233bb41a8a8f876cfbb566f3a777077
891329021e12,0,train,1887,1050,1050,1.0,89.20323181152344,48.4631242320567,149.20536781451665,False,8b32199f45f38f49f64cbc8ecf511ef7
891392c9683c,2,train,1888,2588,1958,1.0,38.14671325683594,15.152252791218194,19.80440328246914,True,61c233362022fd5ed45e8119efdf262b
894a37fc3738,0,train,1889,2048,1536,0.682,32.47966003417969,25.701344830197353,33.20163391530514,True,fc1240c1929cb9bc8c9db319e8ed2b5a
8958a4d17b7e,3,train,1890,2416,1736,0.934,82.71371459960938,31.745902862115155,143.57971856649965,False,44663c4f5b883474a43b0f7cbb6135e1
895fe2bfc5b6,0,test,1891,2048,1536,0.605,93.02825927734375,51.54542355486424,223.54374969168566,False,301b87acf2c4c6d6dae7fb96681a9c44
896ad584a841,0,val,1892,1050,1050,1.0,81.51130676269531,43.43305388766348,185.7977444527205,False,8b75d87d6562a6d7649ded21fab4bbd1
898f0bc8acfa,0,val,1893,2048,1536,0.605,71.34568786621094,40.52446873111594,115.10775075852871,False,2863ac1d0dbd27525c93475ad3e8686a
89b044cbaf85,2,test,1894,2416,1736,0.935,96.75007629394531,36.0755702617233,200.0602144598961,False,5583cc1bb918aea89a5278913d87c82e
89b725411cee,2,train,1895,2416,1736,0.935,71.97628784179688,29.220881949112076,120.4661500453949,False,afc777260c77a4e315d9e67d6d7bd4d3
89d2a7403a06,2,train,1896,2588,1958,1.0,41.623626708984375,17.856505904200507,43.13895650859922,True,9e175f7ae5079eb748fa1d9ac60f4497
89d9c071a56f,1,train,1897,2416,1736,0.935,84.82315063476562,32.23371897713539,199.03345718211494,False,f3a1cde062c927a0e121ce1ed77e6f1f
89ed6a0dd53f,1,train,1898,2416,1736,0.934,82.46488952636719,29.690673455694604,127.26011766470037,False,26266bd47876fdb7ecd8a1b806b34eca
89ee1fa16f90,2,train,1899,2416,1736,0.934,138.74661254882812,48.23666217219463,273.06249617016874,False,3f1812d1140beda28b4e5918c897722f
89fc080f7e83,2,val,1900,3216,2136,0.842,81.78683471679688,32.2590385796527,116.64513742551208,False,8bd50da12df98ce164986ca95175afc8
8a01daa423f7,1,train,1901,2416,1736,0.934,60.65675354003906,24.600670481556765,56.8196486197412,False,d3371106dfcf1049f212f871a22a7847
8a234d68b27e,3,train,1902,2588,1958,0.997,56.82283020019531,34.23332752630352,71.3655542244669,False,8307142ea13e9a2940531fd2557bc4d8
8a25a080f28f,1,train,1903,1844,1226,0.818,104.88249206542969,43.15774665179031,127.76262740581296,False,f52cdc9fdde9571b31b49d62e6f37bea
8a3eb86ae4bd,0,train,1904,2048,1536,0.605,100.02720642089844,54.81946083554562,200.25720768771134,False,ea3f37b7d6e3de2663e7930a301920aa
8a482c024fc2,0,train,1905,1050,1050,1.0,77.83378601074219,41.84049936303176,123.35452589020133,False,6a6348a818b02edaeba1e7786fcd8641
8a67f1efa315,2,train,1906,2416,1736,0.934,88.768310546875,34.52546261495431,193.39652173942886,False,e1dfe8ddf7c3b276bda340327a826f99
8a7765e785fb,0,train,1907,2048,1536,0.605,84.94807434082031,46.80540574259397,176.44081575027667,False,96b0e3d515bee416561e42cbb50c2e6a
8a81f62320d6,0,train,1908,1050,1050,1.0,85.23707580566406,46.58098081775656,178.88453651126474,False,c26b5fdd4f61e81a91e377bfd948be30
8a87dd2a784e,0,train,1909,819,614,0.606,65.7623291015625,39.4996724249062,81.61003620084375,False,b567bf9fb95c2fb6d3702e5b1309dd55
8a8a251770cd,0,val,1910,1050,1050,1.0,85.84580993652344,45.790100351971944,148.34222816652618,False,6651894dd3a5f19fe2bfde8161532202
8a9bef2fbd4e,3,train,1911,2416,1736,0.934,54.82368469238281,23.00754711110088,69.5512107303366,False,3001277e3fbc0eb5671f40b4631f4252
8aa3c4681542,0,train,1912,1050,1050,1.0,81.8072509765625,43.65297402270382,150.05544684804045,False,d4e1dc4834ced3019ce6bcf7f99a5f7e
8aab201c0691,2,val,1913,1844,1226,0.818,96.90145874023438,39.98623871036328,110.41759312804788,False,ebe0fb0cda26c829816443f7087a55c9
8ab3faa3701f,0,train,1914,2048,1536,0.605,81.42581176757812,50.1884770541638,161.19982922729105,False,efc2d14fa34934dc1548fd670e9ed175
8ab8d9b3ce3f,2,train,1915,3216,2136,0.843,111.13043212890625,42.27420976711875,203.43202409497462,False,5f913539ce053fa2fa0cdfc946167763
8ac0c44bbf24,4,train,1916,2416,1736,0.934,72.25675964355469,29.26630970815562,74.097247838974,False,598bbd1f97e471820b8fd49cc57b6b5f
8acdf12f412a,0,train,1917,1050,1050,1.0,81.816162109375,44.135888006520396,144.7088822571095,False,4d6164376359b03f46a5f8204d942937
8ae049175db6,4,test,1918,2588,1958,1.0,50.05677795410156,21.308813132332233,10.247613820945844,True,21d8f02f54aceff663bdc512acd81faf
8af50c9d0a86,0,train,1919,1476,1117,1.0,72.30923461914062,34.75200203842709,63.570849891752005,False,da6f0ce388bdc11fbce307d846d6d90b
8af6a4e5396f,4,train,1920,2416,1736,0.934,79.58634948730469,30.778644239585663,80.13395535573363,False,20c2984cdf8dc8776a186177481e5395
8b079e79035f,0,train,1921,1050,1050,1.0,75.749267578125,39.31941760792062,112.4016664007213,False,42a97b476b570b82bb731be832229e2a
8b26d3cd61e8,2,train,1922,2144,1424,0.843,78.86248779296875,33.58260278807799,95.58861561026424,False,1cfbf8b5587db193f79a92ef0b3d0d59
8b568d47a1fd,0,train,1923,1050,1050,1.0,77.02201843261719,41.01887993546758,120.79850290319882,False,ce7dca812d1037317f598e4bc4d5bcba
8b58f9a338e8,0,train,1924,819,614,0.606,74.842041015625,43.25312058472402,146.75466599850915,False,2155f8ce93d0dac6adeec735a239909c
8b76c3c5cb3e,3,train,1925,2588,1958,1.0,82.6895751953125,34.314575514487466,52.41827059327625,False,aae0ea1502bcb70f774507f19382a9dc
8b8fe3fc8950,0,train,1926,819,614,0.931,53.559326171875,27.27944876436752,60.42043623118661,False,94a31da419bfe284946802449911a16a
8bad12d70368,4,train,1927,2588,1958,1.0,62.00941467285156,27.42537904716244,38.83942692633718,False,f7a7aae4ca087a4dbe6c572257f0f6f7
8bbd7835e9aa,1,train,1928,2416,1736,0.935,86.18310546875,36.90786793559574,125.74966263002716,False,c029606e5689caea904dea31db9aaf39
8bc6716c2238,1,train,1929,2588,1958,1.0,63.75914001464844,31.78418699967252,37.40660670027137,False,5c0826721fffb80abe92f6cd1117d123
8bdb891661a8,2,val,1930,2588,1958,1.0,68.51643371582031,40.20064694864045,30.29584414116107,False,c2d69ae5a1954fdf4acff9192d7625cb
8be6629a6039,0,train,1931,2588,1958,1.0,87.2618408203125,38.44904965172932,135.04367755260319,False,e6cb409642516ef378e087b97a34a6e5
8bed09514c3b,4,val,1932,2416,1736,0.935,99.16737365722656,35.78861931958301,204.9733489714563,False,c33804fc444c08672093e58f1f9d61c2
8bf05909e1e1,0,train,1933,1050,1050,1.0,77.26730346679688,43.39476831394196,122.73431705287658,False,6668fc375f552bb1906e168286f7756d
8bf2d925dc0c,0,train,1934,1050,1050,1.0,95.97035217285156,50.524482064405795,165.30382880195975,False,9fe7afa9859f7fdcc024c3731b702ea3
8c0d05233238,3,train,1935,2588,1958,1.0,45.90028381347656,18.97402678785932,12.51490297820419,True,94daab06bb6ae628db05a50461e85389
8c29a76fa08c,0,train,1936,1050,1050,1.0,76.35482788085938,40.91306799270076,137.75003105937503,False,bea6244c2b4bdc19115af179a1714957
8c2f0f04e1ed,1,train,1937,2416,1736,0.934,71.93923950195312,27.749843301883068,82.90461837104522,False,6a9b0ea4929ea13780a6c82bebb815b4
8c4ceddeb1c6,0,train,1938,2048,1536,0.626,55.87022399902344,34.86923755472119,107.52348240441643,False,3c8b1e7328bc2971d7b828d3dfc0424d
8c7c26c52a6c,4,train,1939,2416,1736,0.935,90.7845458984375,35.156706114247356,197.26598830125295,False,bd2636023e6ab247c48ec1c9fee7e452
8c84e96d9b01,0,train,1940,819,614,0.931,75.17320251464844,53.85750754019936,144.59119601151906,False,a20b036a825f24e666982369d64e6a2b
8c87bd748996,2,train,1941,3216,2136,0.842,79.01875305175781,30.887208559458895,121.50680719316006,False,287aedd0a6a1252f7c51b4c81649dc06
8cb6b5b2f19c,2,train,1942,3216,2136,0.842,69.95582580566406,26.389342288300963,65.76442724629305,False,2694319c811276b8bfe76ca9bb0d19c1
8ceff4c4c860,0,train,1943,1050,1050,1.0,78.14248657226562,41.61683028601818,142.33091175346635,False,526550338ffec09e9a302cd88f7338b1
8d13c46e7d75,0,test,1944,1050,1050,1.0,77.906005859375,41.57354268322993,119.44684899947606,False,7f4408707e0e8baa7fd0e78324d5ceb4
8d3d67661620,2,train,1945,2416,1736,0.935,91.10893249511719,33.96252964616138,162.4996099472046,False,28acc171dd4e590fbcb2454a6c1caf8e
8d4d14a4ab07,0,train,1946,1050,1050,1.0,77.12690734863281,41.27610766630651,124.30588829144835,False,ca4de6277bf12fe6754490fbe86e87bd
8d4ff745a409,0,train,1947,1050,1050,1.0,90.67616271972656,48.342453086362056,161.58556192740798,False,9021a668283cbabdf9dda5dd4467507e
8d62ba9cb22a,2,train,1948,2588,1958,1.0,52.42576599121094,27.911982164388508,28.99582016095519,False,4ae257b08736e22ff7dfaf3a47a7bc9a
8d8aca52c07b,4,val,1949,2588,1958,1.0,101.7366943359375,44.49736690617042,166.68037543795072,False,dff111ecf1d7d99e310ac4b831bea15e
8d9516ea3587,0,val,1950,1050,1050,1.0,81.00770568847656,44.257827171470446,169.68532937765121,False,10a025e8f10fce9cd01e024770d7871d
8dafa62f9322,0,val,1951,1050,1050,1.0,80.95462036132812,44.61492499149794,129.29837610945106,False,c3e513d0497536fd069ddfa92187353b
8db2ce991101,4,train,1952,2588,1958,1.0,51.494659423828125,19.57195606979967,19.18129321350716,True,8c6746d28d28d494aaf92ba5f57d6fb1
8dba09a4e5ed,2,val,1953,3388,2588,0.865,70.83888244628906,30.152646562495196,79.20503377146088,False,53a714f6458b21e6e365e1066a1cdb0b
8dc22e65c06f,1,test,1954,2588,1958,1.0,39.939361572265625,16.0478444124365,18.31761288549751,True,52ce79ea21506b54110112ec2fc95c2f
8dfa629ca74e,2,val,1955,1050,1050,1.0,65.25050354003906,35.539503116812206,84.38386672735214,False,01e9c0f8833e086198824046d86f92a2
8dfff47b06b7,2,train,1956,3216,2136,0.842,118.97142028808594,43.15150896887486,217.40592188178562,False,8bba0cfafd99ad2f653f62f0aa760a91
8e20b8fac7c3,2,train,1957,3216,2136,0.842,96.21852111816406,35.94897056221263,137.37570932134986,False,a39173688427ef8ffee206c61d2694f8
8e2a3978c244,0,test,1958,1050,1050,1.0,86.65293884277344,48.10723962908184,165.27908756956458,False,75d5ab99fe06d913c8bcdbea3f92aa52
8e3b79e1f1f7,2,train,1959,2588,1958,1.0,67.30377197265625,39.52802846842159,68.42963021597825,False,4ef3d0b6142e4343a20dc64f82075db9
8e4a354e3da2,0,test,1960,2048,1536,0.605,77.79165649414062,44.88839127062169,180.73826440330595,False,36633163bef0dca42d72292dfaebc54d
8e63fc4ab532,2,train,1961,3216,2136,0.842,102.122802734375,38.50407480917189,145.1121225634124,False,31092184aceefebe3a4c38b5c4ed9c99
8e67f2d7e0ee,0,train,1962,1050,1050,1.0,71.26837158203125,39.26311878796219,119.59376298543066,False,c1d4213a8afaf284597862c529eb5c49
8e6df9eedcd8,0,test,1963,2588,1958,1.0,73.08311462402344,34.12046258955884,116.77174382819794,False,3e32a81b3f4558085a773269011be7f5
8e76054f0831,0,val,1964,1050,1050,1.0,84.94569396972656,46.014404317962345,140.1389115320053,False,0d2501e8774021cb724e128ced3abd4b
8e7981855125,0,val,1965,2588,1958,1.0,45.87437438964844,20.191394810234918,26.418739563785493,True,8b715e0045e013a0c3e39a2ce37221c6
8ead17dfb6a6,0,train,1966,2048,1536,0.71,61.834136962890625,47.9840047043856,185.2826796041336,False,96418e90df21653d6190dc84527fa58d
8ead8f37423c,0,train,1967,1050,1050,1.0,95.43748474121094,50.135273230248934,175.89381609018892,False,4c6fd9f0713ecfb97d6e27f6af923aa8
8eb3337a54e9,2,val,1968,3216,2136,0.842,110.96334838867188,39.63533264852696,198.0306929415092,False,45415fa572fc6a153eb83a96cc2889e7
8ed586c43023,0,train,1969,1050,1050,1.0,78.15428161621094,42.11683228020172,121.73538095667027,False,66325e1cb0ff68d3afa1eea0569cf315
8ee50c26fc13,0,train,1970,819,614,0.606,62.17359924316406,39.20429459254511,85.86556334700435,False,171b63cd5bd30431bc18fb5f1528c2f3
8eeac97f02f0,4,train,1971,4288,2848,0.815,78.62519836425781,30.88700275026662,133.11045288667083,False,c812a3e7cf1be8e13e37858a3b5a6a7a
8f06ca4642bd,0,train,1972,819,614,0.606,79.260498046875,45.41696148224023,146.04300008621067,False,0bde166b5d8c7431e0f3524869011e35
8f10e41a2f02,0,train,1973,1050,1050,1.0,103.13099670410156,53.869069264586805,187.629181381315,False,27711e353abeb7bf7f20b00408e549a3
8f14bca04b47,0,train,1974,2048,1536,0.605,75.63534545898438,42.11916548366463,182.74732180661522,False,bf08c64554b98a4baeafc3c29ed42b70
8f1e7433a95d,2,train,1975,3388,2588,0.871,77.12554931640625,31.103368629515437,123.10971336974762,False,bc331b082f3d242e12d1886f866c4004
8f2996b8d855,1,train,1976,2416,1736,0.934,88.00741577148438,32.79981488336918,138.15792118012905,False,2b76c4907253149e13df26cf6d182cc1
8f318a978844,4,test,1977,1844,1226,0.813,35.260894775390625,15.893266982625619,23.494636615505442,True,1dcf97ac261f8659e36e90d4d363d848
8f9819752ca0,0,train,1978,1050,1050,1.0,74.99812316894531,41.93875138743959,118.45690887328237,False,53213d7b147cec80824e226fccbd96ae
8fbb2ca39911,0,train,1979,1050,1050,1.0,46.14903259277344,27.994013936265556,66.474454279989,False,7b79fb06fb0b423c9537a7590dfc624d
8fc09fecd22f,1,val,1980,2416,1736,0.934,82.67021179199219,30.62184127709784,153.4921065045055,False,9a0aac8db3b1c536864cc6bafd8905a6
8fd7ad26e691,4,train,1981,3216,2136,0.842,88.20817565917969,33.81132189028059,98.05962569429539,False,f8ff5469a7d1eaab9b965fc2564eca5f
8ff2733f6aef,2,test,1982,3388,2588,0.871,65.93051147460938,26.47568232542444,107.3950787873473,False,06ebf493de8827ac7b79665723c6a263
8ff863f8874f,1,train,1983,2588,1958,1.0,47.51069641113281,22.403965279498895,8.749475236982107,True,910d75a782e6e50c446db7d28d8cdb4a
8ffa608170d3,0,val,1984,819,614,0.931,53.385528564453125,30.926162704108485,43.33473246451467,False,2784559b83a0f6e5309079cf35a15854
901a3552fe26,0,test,1985,1050,1050,1.0,73.44570922851562,39.60650199790659,142.97270823060535,False,bcb1c23b1b0adc6affc7eb1671808b51
902dc5a91a3f,0,train,1986,1050,1050,1.0,89.48129272460938,48.73692750047221,169.41034077107906,False,7a0967286247763e50f013dd663bccd3
9033f1493da1,2,train,1987,3216,2136,0.843,108.4195556640625,39.122996103557455,169.88443010835908,False,e65442581155a0e669b1805135bbf734
9039cbfcbb2f,0,train,1988,819,614,0.931,40.46734619140625,19.204980347674546,28.926868855953217,True,bc4b21e0615aae57f6d7f18781024ac7
9041eb43456e,2,train,1989,3216,2136,0.843,116.44720458984375,41.99283671879695,218.72387012070976,False,989da820a250b2ce669d12fec7d2845f
904b03ad5594,0,test,1990,2588,1958,1.0,37.187896728515625,14.713450644835387,13.065010895719752,True,cff0ec635e3b45af01c007e59821bec7
905cc86bf100,4,train,1991,3216,2136,0.845,106.09614562988281,39.38227068645452,169.30897846422158,False,ee66220f17f4ca6f8ade1466b8b85618
906d02fb822d,0,train,1992,2416,1736,0.934,85.98152160644531,35.49688505506431,262.5536893585231,False,46c634487f3586097900e0fbb564a63c
907aaff827e5,2,val,1993,3216,2136,0.842,79.957275390625,30.177724798629473,169.79037079866976,False,bfc4842422cf04c8f9513a3176b29047
9095d43fb132,0,train,1994,2588,1958,1.0,72.21446228027344,26.305299688407686,60.94592469930649,False,73f21c49d2521f07ca28e65bcad82204
90960ddf4d14,0,train,1995,2048,1536,0.604,50.193115234375,29.34452633445225,58.59067128947936,False,8b160d62bcb3e140d56bed02b761be40
90a786abe58e,0,train,1996,1050,1050,1.0,77.65574645996094,42.81701338690257,132.3133005106356,False,9c01e1212014dff229069baba3b9b553
90a9a41eec6d,0,test,1997,819,614,0.931,41.278076171875,22.457741735913928,35.82640082179569,True,5468968f2855d1c2025c1ae537b4b9cb
90b8bf342032,3,test,1998,2416,1736,0.935,84.952392578125,32.68529039777523,185.81672179303132,False,b56818b19a9842e14cbe94f2a0acb644
90bde2ff8953,0,val,1999,1050,1050,1.0,80.07595825195312,42.057098065343794,125.60194923332892,False,0768a7890bc6e73caffb37ac926782a2
90c982cc2d96,1,train,2000,2416,1736,0.934,70.60551452636719,28.54302738566851,86.63413552101701,False,32fc65076a8479eab3893c5eaaa9db5e
910bfd38e2f5,3,test,2001,3216,2136,0.842,83.66911315917969,31.108969784954134,113.12298909481615,False,0444d6020c5d2be6d615b5624eafe207
9122b31414d3,0,train,2002,1050,1050,1.0,85.37684631347656,45.29290996697957,154.01828311383724,False,90de6a7c9764ae14bec45383c8f06caa
912fbe06407e,0,train,2003,1050,1050,1.0,82.61988830566406,43.53285187611757,135.94702364411205,False,55241e6bec00abdea0a9912e0613dc05
913490237ad4,3,val,2004,2588,1958,1.0,79.26152038574219,41.30864431921195,207.42381358123384,False,1fa2aca6b9eaf8292862b6bf8c419932
913b1890ed1e,2,val,2005,3216,2136,0.843,107.15618896484375,41.90907167720554,151.92406264110468,False,15f1f69deca4a11ca1c070d2a107160a
916915f01e17,0,train,2006,1050,1050,1.0,83.16983032226562,45.03864134609596,152.5459197142627,False,83824865db8dede333450ca1a0484684
916ec976ff30,3,train,2007,2416,1736,0.934,64.87908935546875,25.709808064505175,90.96729648765177,False,1c4365a126dfb58e408aa2ddb3263f73
917f76f360b6,2,train,2008,2588,1958,1.0,59.03788757324219,30.7924142302373,24.488463159650564,True,089eea854155d3e8bd26fd58372b1e73
91a88d3b0358,2,train,2009,2416,1736,0.935,75.41755676269531,27.397373357352233,136.6846923751291,False,064ad7cdc1fff681d163edcdcbecce89
91b7a4179ecf,0,train,2010,819,614,0.931,42.30049133300781,24.16486047831285,50.04600157961249,True,12a3e67f6881d467ff09a32cd9df978a
91cf56d3d1af,3,test,2011,2416,1736,0.934,78.73419189453125,30.686997698382296,101.47194754867814,False,52bdeb7adcd72842bb6e96021a8190ae
91e2c2890c9f,2,train,2012,2588,1958,1.0,60.12971496582031,32.54755157616065,44.25421899557114,False,bad6eb4c141a441b30f1b55dce9f43e9
91e82fe4e434,0,train,2013,1050,1050,1.0,97.82980346679688,52.12652331393576,224.330640014261,False,8dad29a39c1ca3ccf2d3443bf6f2bb62
91e8af9ceee9,2,train,2014,3216,2136,0.843,102.49479675292969,37.5253686622626,159.8167046904564,False,8906489f715593c43c14d944264f6f31
91f3c4c1e72b,0,train,2015,2588,1958,1.0,72.80046081542969,42.20802481515142,97.69090034719557,False,917626d09da717d37c44a9ef462e696f
921433215353,2,val,2016,3216,2136,0.843,108.04562377929688,38.796548478464636,174.86885576602072,False,a6930e49754b6c089a1bf27749448d46
922586d86cd8,0,train,2017,1050,1050,1.0,75.61305236816406,41.82822721518074,122.75083661056124,False,12abbc3b9440206fa743b914950608aa
9232dc06cfdc,0,train,2018,1050,1050,1.0,88.55477905273438,48.6287864396519,151.57768988609314,False,9be9ba2ce042c350c513193137b4865e
92587e494d51,0,train,2019,2048,1536,0.605,69.68763732910156,38.16852196625115,156.7571846691426,False,dce18b78726d50269ed7acb879289f6d
9274e75dc4d5,0,test,2020,1050,1050,1.0,86.01667785644531,45.66299767041711,150.95161947235465,False,e74320a7f710a8c42255ea75aa8c3aa9
9287e57326d0,0,test,2021,2048,1536,0.605,85.58029174804688,49.89046833148397,122.58497348055243,False,6ed7ee210905a65daa6d257e04b5fefe
92889b863ae6,0,train,2022,2588,1958,1.0,111.9425048828125,37.184220853651624,62.608004327863455,False,e3dbb47588750f1a2a027ca99122bcc4
929cd3867815,2,train,2023,2588,1958,1.0,78.74079895019531,46.25835841381507,77.81269778474234,False,a9a87f597eb98229e90c123c4ae2f1ee
92d8a7c8e718,2,test,2024,2588,1958,1.0,85.34330749511719,35.15880870130345,70.91485211602412,False,ac843e48e8d510314284e3ee610592e0
92d9e9f08709,1,val,2025,2896,1944,0.639,70.46247863769531,31.427617724989496,132.10197927593254,False,102892594c7b73a41b39222f813a9fee
92e3d608fd3c,0,train,2026,1050,1050,1.0,77.16960144042969,41.955473754373735,131.1486181130167,False,4c512b4122a31b694c80d2e7380c9ab9
92f313287a29,2,train,2027,2416,1736,0.934,64.97892761230469,23.830587058712492,90.33131546131335,False,97defab956e3d71543498fac55ff449f
92fcf50b3562,0,test,2028,2048,1536,0.605,86.1314697265625,51.87131764874734,286.3687388561666,False,941edc23f2cd168a7ea4003315783203
930fee99213a,0,test,2029,1050,1050,1.0,84.67437744140625,46.05363807093285,188.2350627311971,False,735d6cead8b7449899f91123b16b8e06
932181b93b2f,2,train,2030,2416,1736,0.934,68.05503845214844,27.323046424408584,68.02807504101656,False,250eb1aceb5e99c92294cf14d1d282ef
934104859e68,0,train,2031,1050,1050,1.0,78.63479614257812,42.88761502040674,116.84268771111965,False,d54625f8d093b5a6320f1ab5fd9cb112
93421787f520,0,train,2032,1050,1050,1.0,75.1025390625,42.034082106007354,125.70566834858619,False,96e0bb6973f71aaa5bd6d7e21700182a
936299166bea,0,train,2033,819,614,0.61,77.60968017578125,44.710980435778545,159.88064193725586,False,3b10a0dbd58d746ca6a12d0e4b5aff61
937bc1b924b1,0,train,2034,1050,1050,1.0,93.49021911621094,49.4646322466786,182.4065991928801,False,6ba68f012d94d2aa0effc327252cc7ad
93802d1e3c41,0,train,2035,1050,1050,1.0,85.23722839355469,45.52725020940449,140.60396867152303,False,eeec5f5d3d8d34ffba4c33bda32ea043
93a1b984de84,0,test,2036,1050,1050,1.0,79.93966674804688,42.386046363219094,132.1866334786173,False,5154752b637bb63d244a4b40874e1a0f
93be637084a2,1,test,2037,2416,1736,0.934,87.01907348632812,32.10737908138185,154.87716416176409,False,b54618ebe582e8fc2942ac3c253de1f8
93d6d20a5ee3,0,val,2038,1050,1050,1.0,76.57319641113281,42.98838771369423,117.92659231647849,False,958b83b1efa72051a4c0b667881525ca
94076a9fb9b5,0,train,2039,1050,1050,1.0,79.67283630371094,43.25082666269687,128.28102469444275,False,eb973aeeca094d640a5a592887253330
94111ed3d276,1,train,2040,1844,1226,0.818,72.4302978515625,31.21630497900326,71.9708932673093,False,4d1f8c5b0ff8054a82e82066cc347b20
94145d1f42cf,0,train,2041,2048,1536,0.605,77.55517578125,47.66524416989534,211.97290001041256,False,f24cd7ba02d21587cda932d0ca58e0b3
941d874c8afb,0,train,2042,1050,1050,1.0,90.73674011230469,50.05473154621996,153.99498423561454,False,265480ea0db150eb26491341e150b2dd
942f544c4e15,0,train,2043,1050,1050,1.0,85.48722839355469,45.284736461829155,148.28071859106421,False,88806958bd3eb9a6d87ba0ed2612f8be
944a233fbf8e,1,train,2044,2416,1736,0.934,79.4295654296875,29.74196301393835,115.66618159040809,False,dc6395ebcc9f103720bfe481a16a515b
946545473380,0,val,2045,1050,1050,1.0,74.43345642089844,40.046061850758996,120.5264961940702,False,47250811139cc5ceb34af48c2dd03561
949710bead24,0,train,2046,1050,1050,1.0,80.63215637207031,42.86827410888127,139.25698918825947,False,9e98a18edeb80ad4727f5e51d0adaec5
94a67ec0714f,2,train,2047,2416,1736,0.934,76.40303039550781,31.446948171299272,125.40352438390255,False,1900ff775b4929d525a29d944f5be8bc
94b9ccc73bb9,0,train,2048,819,614,0.61,72.44779968261719,40.111141185426,174.87947750091553,False,35de25b38ed579db540793d119f8a6f3
94dcb491143f,2,val,2049,3388,2588,0.868,50.05155944824219,21.30862661139208,52.51389453466982,False,15cfb1cf6a926aa0d51d3cca53babfbb
94ef1d14597f,4,test,2050,3388,2588,0.873,77.31730651855469,32.1738689970039,135.92016052361578,False,0299c2088a357f0057bd6423523c1831
94f9ecf4b8d2,0,test,2051,819,614,0.931,52.05696105957031,27.645593585074113,36.64984284993261,False,89d6f688ccd03d47d922b60f5284a226
9519a590985d,0,val,2052,1050,1050,1.0,77.35061645507812,41.13539312875577,142.92161460127681,False,cb7d543830135fd6cc1fb2187bb1f4ab
956765d5f46d,0,train,2053,819,614,0.931,62.07643127441406,28.850144071102616,67.79732874198817,False,3bbb263c926e326f3a8d719453621924
9568eb7e9c08,2,train,2054,2588,1958,1.0,46.82771301269531,19.296701711814578,15.573873735032976,True,0fa71d95dda098a01a7ede223457bf34
958c1fa044ba,0,val,2055,1050,1050,1.0,82.24531555175781,43.70668738097354,142.88280236627907,False,e718f3103f19f70e4be9a93fce428e4e
959bb2d01091,0,test,2056,819,614,0.61,82.00346374511719,45.40706663107189,182.829688295722,False,c34f74cc43eeb1ef7bd54f883fbec80d
959dc602febc,2,train,2057,3216,2136,0.842,90.74232482910156,32.752317306277845,135.46612775488757,False,e3f9fea7e96e77727380a47769f30e6e
95a4cc805c7b,1,val,2058,2588,1958,1.0,41.64483642578125,24.767513733136298,30.514288514619693,True,88b923d024898842d91c5c4b91a78c3a
95e732e043a1,4,train,2059,1504,1000,0.838,56.644073486328125,22.941014709826476,53.28801570832729,False,60b5506f2fdfae4dbe0cc4a49c7c1152
962c0fc85e13,0,val,2060,2048,1536,0.605,85.13035583496094,46.287011981564405,142.37490682210773,False,e68be2de9effcadfa8a12460d72affab
962cf85e4f6d,2,train,2061,2416,1736,0.935,103.25419616699219,37.13561908059587,166.86390801891685,False,f9fced8174fdc2280f84e813a662d741
966c07831334,0,test,2062,1050,1050,1.0,76.20484924316406,42.27781545311643,133.6854352762457,False,b801cce57669255154ad26289b8aeabb
96793edb1003,0,train,2063,819,614,0.931,54.49079895019531,34.08354568890099,94.06982220616192,False,98cab1fbaff51c2b2678dc941c53c237
9688c6ef5dc5,0,test,2064,1050,1050,1.0,79.997802734375,43.09327971842911,133.05330928321928,False,98fd6bfac2f68cacf56aacd6f38b597d
969f92a390db,0,test,2065,1050,1050,1.0,95.52999877929688,50.763922978787676,252.13341954885982,False,78e66300f3f9b4e0ccefb5bf94d4026f
96a9706b8534,1,train,2066,3388,2588,0.875,72.328857421875,29.20472760137795,122.71101075760089,False,892097e2f68d1a7ec57b1f257869004f
96b5474ae604,0,test,2067,1050,1050,1.0,91.40594482421875,47.47384377048705,154.50080728693865,False,1ad1ccc540235b9fef05b70f09ead434
96c3e3db68bc,2,train,2068,3388,2588,0.867,76.47242736816406,32.32902701593181,99.43026343523525,False,5ee79ad13460db46a834e57db00ef8ec
96c699221180,0,train,2069,1050,1050,1.0,73.71559143066406,41.536924533247856,116.66982381395064,False,7579906b859bf65c9429583c622341ad
96ce10a1dbd7,0,train,2070,1050,1050,1.0,59.14375305175781,32.3345012210701,80.17224788665771,False,ede4060cb73cf3a69ac0e8909eb66e4a
96d48b073f18,2,test,2071,1844,1226,0.818,107.59141540527344,44.20661140988724,136.97160899429582,False,f25b8dd160c0ccda44c48ad01f741c6d
96ea316ed0ab,0,train,2072,819,614,0.606,60.803863525390625,37.932227254245205,88.8996693675872,False,e5f32fbe67e904197b882b1d6654cfbb
971bb98ab935,0,val,2073,819,614,0.61,79.28004455566406,46.33037603587893,164.94270268734545,False,15980700d19e8ec45b3a20f551abfb11
973b0facfa9b,0,train,2074,1050,1050,1.0,75.43060302734375,41.78051271118864,119.98108592419885,False,1f79bc9625f878ec08a58ab60a5baa34
974c7d7b9c64,0,train,2075,1050,1050,1.0,89.64788818359375,47.582296722211126,149.11367588862777,False,f1e872dbeb8f6f7a8a6a4b9b94b2d32d
975252e325e3,2,train,2076,3388,2588,0.872,67.2412109375,28.632234533703535,111.9320578193292,False,2e703ac2821ca079ebbba93191002718
976082127e2a,0,test,2077,1050,1050,1.0,84.03521728515625,44.47562396061674,149.98163824900985,False,a1ee22a8f7152a4217b25379f29db779
977e1ca77653,1,val,2078,2416,1736,0.934,84.73532104492188,31.03893489987547,162.63876831135713,False,72861c3d8c7d3fda5324b0b20cfebe32
9782c0489eca,1,train,2079,2416,1736,0.934,85.29338073730469,30.53857488152871,136.88154637231492,False,5dfa5cda0583ba3678bc735db5fcc415
9785805af1b8,2,test,2080,640,480,1.0,77.89411926269531,25.584440048487735,71.34834522008896,False,1b23ddf398acb2770946b78921ec1729
97a235367f9d,0,train,2081,819,614,0.931,50.2381591796875,26.60221434003232,58.86546820309013,False,9acdb0456cda8fce776aa5c048d8425b
97a5ad7548b7,2,test,2082,3388,2588,0.873,50.10322570800781,21.51556070354144,53.01141768321395,False,d5cfd865302a2835880e27ae9e9d1368
97bf61736b86,2,train,2083,3216,2136,0.845,100.00564575195312,36.70865343049473,155.4731797070708,False,aa64ce71bf11df5765353d2321da32d6
97c6cb55866d,0,train,2084,2588,1958,1.0,78.552490234375,30.99260289534295,59.048364447196946,False,1544c99ff9d17275da19b81be803589e
97d02a9b94f7,0,train,2085,1050,1050,1.0,78.63031005859375,41.82878220500177,129.28062894567847,False,c62fca5ac2e12ea48b4917637ec6b3cc
97da093947e8,4,train,2086,3216,2136,0.841,62.75733947753906,23.07351412293304,74.75936038699001,False,999d8f969910e98a7879193f8d6175d0
97f290d31813,0,train,2087,2588,1958,1.0,74.39460754394531,36.64754191906332,58.87661641067825,False,755b2b12a0b0fe57a5eb034ea6ff5af0
97fdee242fea,0,train,2088,819,614,0.931,59.274139404296875,32.39779763247292,61.534527061274275,False,0c2bf319d478d4d06aafe3be00f04121
98277aeb96a7,0,train,2089,2048,1536,0.604,75.83473205566406,52.67935309295956,154.17717419727705,False,01fb86c04bb338153e176b75ec8a0dd2
9837048b85dc,2,train,2090,1504,1000,0.838,81.30455017089844,33.507505227068734,94.4037079566624,False,1856eda9eabd7be77ddc236c7c59b10c
983c98354e9c,0,train,2091,1050,1050,1.0,74.58921813964844,40.91818006761093,125.97922944184393,False,d31f71056cde3482b14cacbf45745a03
98441214557f,0,train,2092,1050,1050,1.0,78.59416198730469,42.48893807929405,114.83810774888843,False,65bbc63d01393790b66b7583d9072ae8
9858cc2ae073,0,train,2093,2048,1536,0.605,71.93135070800781,42.93986496221141,96.47805308154784,False,8e52a79677b67bdcdf6aec6b51082ccd
9859e2a6cc24,4,test,2094,1050,1050,1.0,70.35736083984375,37.93799483585938,109.56717212847434,False,f9fe222d22810c5b1514be3f1d738c2a
9870ce41cac4,0,test,2095,2048,1536,0.625,63.86590576171875,41.13588982357203,68.86188158183359,False,4f34fc4d758a208eac2be121be0a9e18
9878db94d9f3,3,train,2096,2896,1944,0.636,73.06544494628906,33.824356184990755,214.94880089885555,False,6371fb35e3933e15f8cf9d335e33ece4
98d41bce73a8,0,test,2097,2048,1536,0.604,83.63401794433594,48.78512214503743,219.60323695628904,False,677f5b41f68789b70e95cd6825f3decc
98e44127872f,0,train,2098,1050,1050,1.0,77.18388366699219,42.04576796381689,107.54586886777543,False,60052e6d530cd97c6f022eb8040e01e7
98f48850ebce,2,train,2099,3388,2588,0.872,74.86003112792969,31.183835489699472,149.8465868809726,False,e1cb1150c031d56eb790fc3ade41d87a
98fbe56dcc2c,1,train,2100,2416,1736,0.934,57.69677734375,23.50949565811359,56.312759816646576,False,03c2dce77121deb70be472d0fc0dc65c
9904939ab83d,2,train,2101,3388,2588,0.873,49.9669189453125,22.051073708296897,64.0059181319084,False,bf17837f3989646bf8e6cdf4a707894c
9910c827e2fe,0,train,2102,1050,1050,1.0,87.00361633300781,44.657140812747926,155.1161034607794,False,a9cd9bef5f401ac64f0c8bf381b58558
99132193eaa0,1,train,2103,2416,1736,0.935,73.465087890625,27.159626774953576,94.79307834710926,False,5beb5aa8d81072862516fe6c3cf44f3f
991a0b7a8c87,0,train,2104,819,614,0.606,64.77513122558594,39.02572783038799,93.63107001408935,False,07fb8026e44b9898d7bf054e687308aa
99240ee00485,0,train,2105,1050,1050,1.0,95.9716796875,53.3318461995612,185.74394004023634,False,78bed8caf22a331141fe02e02160c354
992599744a23,0,val,2106,2588,1958,1.0,54.900726318359375,26.88024003166567,51.90786372125149,False,dd87acade766cf7425d41671aa712dda
992b9a07b25f,0,val,2107,2588,1958,1.0,51.95310974121094,18.66010878382381,18.931785073131323,True,45fb5f7c78f0d323f57e6ed655a3321a
996f57c86ba5,3,train,2108,2144,1424,0.843,73.24745178222656,27.91846094148205,120.35046492516994,False,a5860fb93abb41508aa95dc5fe0fbb54
996f9bba4ef0,0,train,2109,1050,1050,1.0,82.57948303222656,44.99233943124558,130.95606226078235,False,75a2ae37bce274708088b259884b9c9d
9985375d709f,0,train,2110,1050,1050,1.0,83.22331237792969,47.330798433332454,130.11154315597378,False,abcdff253c3aec51acecc2b97c3af121
999115d9386b,2,train,2111,3216,2136,0.842,83.60769653320312,31.4349749792332,120.77352623990737,False,b2465a5bf01c45bc723921130231d390
999ad827ed35,0,train,2112,1050,1050,1.0,83.63630676269531,44.66892000170574,140.27114592655562,False,3b72e93f639878a352c015b643ef53be
99c626e58464,0,train,2113,2048,1536,0.605,81.62150573730469,47.02224082656946,134.0800270808395,False,fbcc013c99febabd5f3ac59acb9aa8fa
99c6a123ed6a,0,train,2114,1050,1050,1.0,93.90106201171875,48.956856007027596,157.40970486029983,False,6e3a38d995c78dd058e33672126f4802
99e8bf998285,2,train,2115,3216,2136,0.842,72.49508666992188,26.034102865126734,71.8130049770698,False,4cc3257bc5076439151066e6fdd2c120
99ecdb41d5e7,1,train,2116,3388,2588,0.865,64.09623718261719,25.661405884216215,79.24214654788375,False,2eb6e0fbcb308f51e65abc303c767af5
9a1029536d78,0,val,2117,1050,1050,1.0,77.86105346679688,43.727840152559395,123.69025701284409,False,b9f44de517c565b93ca689743f07756d
9a159d4674cd,0,train,2118,819,614,0.61,74.42573547363281,41.583189633229104,170.55235358700156,False,d02812830afb9b2095dbf5dd338e24fa
9a28d4e8aef0,2,train,2119,3216,2136,0.842,117.29273986816406,43.85002217058503,218.47421322669834,False,dbc1e11e578bcbe6870a5ef4388d2e16
9a3109657ac1,1,train,2120,2416,1736,0.935,74.54234313964844,27.905900189890563,91.90291607170366,False,3b1ced873d9ca5f98ca123050bb1630c
9a326446c431,0,train,2121,2588,1958,1.0,55.18611145019531,20.293778556478713,32.91125697246753,False,c4a3bcceaf7fde7813e7188f79e2026c
9a496b1e20f9,4,val,2122,2588,1958,1.0,42.83599853515625,16.409897898138844,19.853002212010324,True,4fb7a2ea0667654e276d10288e8e2757
9a4f370d341b,2,train,2123,2416,1736,0.934,101.44113159179688,35.64817701511187,188.85998959071003,False,adf132b0caff25c70eb7870062e55f02
9a56cfb980ec,0,train,2124,2048,1536,0.605,79.29522705078125,44.52067547607413,136.6492186614778,False,6aca0f9bec00fe6b7d7fe67c1a7162fa
9a78c6a7b1c2,2,train,2125,2416,1736,0.934,70.10325622558594,27.09588615051666,78.4793227976188,False,9a6ca7fdc8c3aafe03cb6c5db8a9d6e2
9a7bd084395e,2,train,2126,2588,1958,1.0,68.65068054199219,36.45373404459668,42.36925121769309,False,89116f071b0559bc9854d7f7510056b1
9a94e0316ee3,3,train,605,2416,1736,0.935,103.9608154296875,38.04716523527795,155.04879089607857,False,b9495ba1c5cb8c2db3bab1ce0c63ae3a
9a9b21215c55,2,train,2128,2588,1958,1.0,38.730804443359375,19.98323609714889,33.301570042967796,True,4bc5a5bb1d38c8823f8a7f0e7a2abbe7
9ab18a4a957f,0,train,2129,2048,1536,0.604,53.96476745605469,31.591820879544596,97.46111120446585,False,32fb98c3df223e01d3550a37df20785d
9ac2e3e9fca5,0,test,2130,1050,1050,1.0,89.68038940429688,46.712841167877144,166.27930620964617,False,bbc28e5334dee0a7bf0f78f0208251ba
9ac41b9a809e,0,train,2131,1050,1050,1.0,88.426025390625,46.955455915763054,149.25339201255701,False,f3dbb8023616c2c406ae850096fca03a
9ad92f1c1542,2,train,2132,2416,1736,0.934,80.73014831542969,32.515316373099445,149.99519677623175,False,8142020470e9b4d4e6fdb82bcba5d389
9ae54843c69a,0,train,2133,2588,1958,1.0,44.721527099609375,21.76059784599753,27.97767263278365,True,57bb980ac85186d0581ab197ac4d30d4
9b093fe95d6b,3,train,2134,2896,1944,0.636,57.451568603515625,27.65410376303929,88.62126372754574,False,9d031feff0f0abfb1f0909629c78af7d
9b0eb9f41da4,2,train,2135,2588,1958,1.0,46.54206848144531,24.93703191169981,65.43167304620147,False,19647430fe4dab22ace791f4285bc4ce
9b32e8ef0ca0,2,train,2136,2416,1736,0.935,69.36039733886719,29.99395507316414,83.75770991086029,False,711902fa983501707939c072ff430530
9b418ce42c13,2,train,2137,1504,1000,0.838,74.6146240234375,30.487390367833598,93.440077038249,False,502eeb59021479778423eb06ff749d11
9b4fc15df3c8,0,test,2138,819,614,0.606,52.065765380859375,31.51658376721828,55.46281316783279,False,f0f9dca8c609cd17f24cecc953203398
9b57e43b44e7,0,test,2139,2588,1958,1.0,58.6715087890625,22.363205254104955,40.64938368066214,False,f1f46d3d9fa25fedf8958afa9ec00404
9b70f84400af,0,train,2140,819,614,0.931,54.730987548828125,33.56091039104458,63.34138911962509,False,97616a5524a428dca186faf27a605e10
9b7b6e4db1d5,2,val,2141,1504,1000,0.838,76.76042175292969,33.33251292013772,98.51561337872408,False,bff7a72c5c20fb6d8e505a59e13eb440
9b95d6203406,2,train,2142,640,480,1.0,78.09999084472656,30.49886976805571,25.856580765685067,True,3df5ac3f67c64dc995e6e30a97ea6ccc
9ba469af2980,0,val,2143,2588,1958,1.0,61.87255859375,28.187790587929886,27.904586925171316,True,c683735ad66dbd1162f3eba50b117535
9bafbbd152d2,3,train,2144,2588,1958,1.0,49.33085632324219,21.18433711381522,32.62442200537771,False,75ec6200edee9bb5737c03424c76a189
9bbb6c455913,0,train,2145,1050,1050,1.0,76.36958312988281,40.907208520862014,114.30525476392359,False,8673c22b6b818beb3b60411a919c16cb
9bd008aab548,0,val,2146,1050,1050,1.0,78.19546508789062,41.67018915835595,124.93201480712742,False,bae9e5b01fd1541e89435709ee06ef50
9be0683649ff,0,train,2147,2048,1536,0.605,66.08891296386719,37.411580514191286,121.47939656674862,False,dcfe27e65f17ddfcdf6cdb270d1adba4
9be71d6d7e59,0,val,2148,1050,1050,1.0,67.92807006835938,37.95166654529683,96.82022781460546,False,08b8a86b8d255079088eaf595421ac27
9c088d2d1559,2,val,2149,2588,1958,1.0,42.22639465332031,17.650343826242615,10.645139005035162,True,5489480112528ac1962f57392d7772c3
9c14ce27cbfc,0,train,2150,2048,1536,0.626,69.11428833007812,43.24426301696831,134.24968921765685,False,ebe0ced8474e947ea2682aff8f9eca39
9c514d2d5b3f,0,train,2151,1050,1050,1.0,80.39678955078125,43.294021321349724,138.35361028066836,False,573ce99a6990309da1bfa1ec8c16f4dd
9c5dd3612f0c,2,test,2152,1504,1000,0.838,82.36038208007812,33.73773026752118,101.77437126263976,False,5e85c7ff25e879de224c15aacb11d553
9c6512166557,0,test,2153,819,614,0.606,72.6905517578125,43.53377517676219,125.6436288356781,False,d4eff290dbe65a1e4cb397739f759cf3
9c72ed6befa0,4,train,2154,2588,1958,1.0,55.05987548828125,24.71373243133505,16.912421419285238,True,b3ee961ce59288093a77e051f90f5299
9c893e16c055,0,val,2155,1050,1050,1.0,81.77813720703125,42.736454851658145,154.39293946232647,False,3b093cedc1a21cda229826485119f5f6
9cc6b1f9bcbd,4,train,2156,2588,1958,1.0,63.601654052734375,30.031888869512525,71.37386237084866,False,57394db5e56b62a29a95b79e00e84de9
9ce46d400cd6,0,val,2157,1050,1050,1.0,88.21504211425781,46.214479803258364,157.0710997970309,False,843cc85d9fb0cd9e52b86bdbf0ead8c6
9cedf5c7016b,2,train,2158,2588,1958,1.0,51.56044006347656,23.56877966358798,27.188799375435337,True,ce684980e6e8c15baca29d26c957aeae
9cf7c1349673,0,test,2159,1050,1050,1.0,61.60292053222656,35.4715762831938,102.9640864096582,False,68fba5fb2a056b6c1e939e7664fedab3
9d1feed37610,0,train,2160,1050,1050,1.0,89.32649230957031,47.122616661624306,164.070308763301,False,bb3195f0cee8a91a97fdfc36835de7c2
9d62478042b6,0,train,2161,2588,1958,1.0,89.39002990722656,39.99310156379443,97.62910664617084,False,4087f6b929aacaff675288cb2e0cf0f6
9d74428188bb,2,train,2162,3388,2588,0.871,77.457763671875,32.36632597557281,154.48913033213466,False,613f0488a541d5a37e6e7aee2b20cf73
9d75de31f1b8,0,train,2163,1050,1050,1.0,84.58984375,44.91061900420456,144.72797387838364,False,4c2caaea8c1ea9a77584eaea3ff7f2b9
9d98a0b585f2,2,test,2164,1050,1050,1.0,72.77508544921875,39.72286747648289,101.14201716240495,False,86c5f5d71d68cdf4fb9ac1742f938e7e
9d9bfefa809c,2,train,2165,3216,2136,0.843,122.97393798828125,46.4330325515538,190.6436337211635,False,82dcd530494e8d2b32831377adcbab19
9da74370835a,2,train,2166,2416,1736,0.935,75.21018981933594,28.37784824551558,115.24983638874255,False,9cef4d6a7213032513f7038d5001fae9
9dab2e6ba44b,2,train,2167,2588,1958,1.0,53.741455078125,26.994508316144675,42.526378747075796,False,d387d6826940390da52a8cd6686bb92e
9de9421f17e3,0,test,2168,1050,1050,1.0,89.29759216308594,46.18538941719921,155.07803684077226,False,df575b1b7cbb44a12abd4c8f5b0cd629
9df31421cdd2,2,train,2169,2588,1958,1.0,59.20268249511719,34.6686909626396,125.27836945815943,False,e1596c7a7cfec59d6bf89da5339a531a
9e2058917304,0,val,2170,1050,1050,1.0,78.91365051269531,42.66452571612008,123.16090470459312,False,292dcab4fe504810069063b0d54cdef7
9e2a8135f471,0,train,2171,1050,1050,1.0,83.00276184082031,44.63497351743931,134.73943196237087,False,8378773a0a81aa84b9d144e1bd7e05f0
9e2ba2b979f1,0,train,2172,2048,1536,0.604,47.41053771972656,29.62405110255805,67.74263777560554,False,8aa0a8cb4eeab932879150c7e1daa840
9e5737f771c3,0,train,2173,2048,1536,0.605,63.17066955566406,38.29055731502929,112.41146368323825,False,b4d89e5d8e52bf91ef62bdea72686834
9e5ec293267c,2,train,2174,3388,2588,0.87,64.54936218261719,26.778540760461404,89.23290448798798,False,1e1c17288139edcc127642e8580130c6
9e7a63b2fc6a,0,test,2175,2588,1958,1.0,74.81161499023438,32.972468179021895,83.42360878712498,False,45b4d2734ebe4d7bd64c13ff853c4eb7
9e99ae6ee7af,0,val,2176,2048,1536,0.604,66.69020080566406,36.983918927020156,118.14526269747876,False,7ceacbb80ce6317aee905349a518712f
9eaac43744f5,2,test,2177,3216,2136,0.843,104.16592407226562,37.90174726854797,171.69967269687913,False,213e10c5e662dac1b605a02fe3e7045f
9eaf735cf01f,1,train,2178,2416,1736,0.935,74.81364440917969,28.612629055912198,69.49320727214217,False,22a1e3ccd0503f406ac51dcc76676d98
9ed666e982cd,1,val,2179,2416,1736,0.935,92.43307495117188,34.877661045889816,164.329536780715,False,4fa990df0cef4480cb0a14e095aa9b06
9ed6c2b25767,0,train,2180,819,614,0.926,42.724884033203125,23.781569420771408,37.75399826467037,True,41a4dcf8ca82b947143b1a5feb0d6684
9f1b14dfa14c,0,train,2181,819,614,0.606,52.76356506347656,29.330677229123662,61.63483511446975,False,5425df8125957cc50e0dea983524e455
9f1efb799b7b,2,train,2182,1504,1000,0.838,73.33833312988281,31.550730502928438,63.18756703194231,False,985d2ef214d747b029d0390eacbb90cd
9f285b3e57ed,0,train,2183,1050,1050,1.0,79.67851257324219,42.503250461171795,149.8943356871605,False,9ab255271d94b32222a14c483fabedd9
9f37c98b8187,3,train,2184,2588,1958,1.0,51.808349609375,23.358622764034287,47.83633974357508,False,8ba5246afd01f4b531b5375a9be27f6d
9f436886e056,2,train,2185,1050,1050,1.0,62.0443115234375,33.52371863760908,71.78477794583887,False,f4e368013366d0c496d95a78706654a1
9f5a8665cf2e,2,train,2186,2416,1736,0.934,54.928070068359375,20.657434444128093,67.43424087553285,False,5b5f107d4b0e031bbfb30bfa0b42753c
9f8112c710be,0,test,2187,1050,1050,1.0,49.33404541015625,28.675121973706098,63.028877165168524,False,18c5ad62989b6aed64ac33dba6f2dfec
9f935fb38440,0,train,2188,819,614,0.606,59.1578369140625,32.849892973462396,71.24724925099872,False,62d91ea96c351d4fd81f1cc17e81f708
9fa02dfb5553,0,train,2189,1050,1050,1.0,76.70016479492188,42.18350896888405,128.3989699743688,False,edf69310ba8b9745e279266bc53665df
9faad91b6578,2,val,2190,2416,1736,0.934,47.83534240722656,18.87542690978289,57.975972309475765,False,76529980200e2a9a3d3bad932c849be4
9fab29e69a6b,4,train,2191,1844,1226,0.818,78.58369445800781,40.89505174468654,178.62402717000805,False,75731f5e9ab01ba3686b113a34539623
9fefe2b44795,3,train,2192,3388,2588,0.872,70.48625183105469,30.640966026301456,111.92547344323248,False,02178257a91e4c2404e4edeb11bf9331
a00b4cb250a7,1,test,2193,2416,1736,0.934,60.65608215332031,23.040700786997476,56.90802473179065,False,4d0809695852a3d21fe555e897e533b4
a01024054596,1,test,2194,2416,1736,0.934,74.94309997558594,27.424221103511616,88.5749257421121,False,201898c3217efe2e9aac470ecf36b950
a015ce4f51ad,2,train,2195,3216,2136,0.842,82.27908325195312,30.004221191297262,93.8054779486265,False,faf5c854dfc033970c9797975e417369
a01c590c444f,2,train,2196,2416,1736,0.934,102.19853210449219,36.799710011125086,164.29082249011844,False,88491d64590e5e987d95d72748044750
a0267206d51e,2,test,2197,2416,1736,0.934,93.49339294433594,33.17009734622652,181.80925456341356,False,ab04cc8949c82709ac6eb6d3e19cfc0c
a02dfd67a925,0,train,2198,819,614,0.931,49.86773681640625,23.578377242584466,48.19886353239417,False,5edeba32014074be217679da738ab4d1
a0445785e2f7,0,train,2199,2048,1536,0.604,82.39242553710938,45.42402755209288,184.8138708472252,False,30d148a65ed3445afd9ff575a7097998
a04fb36db784,2,train,2200,2416,1736,0.934,67.83941650390625,27.19884316264379,75.1672390550375,False,24695be3548ee74e615e0190061b0f56
a06a63d866b2,0,train,2201,1050,1050,1.0,82.45703125,42.96441437643438,164.87846177443862,False,6868e2aaff4ca4a8b7639e8acacdcf96
a06b353e7bed,0,test,2202,2048,1536,0.605,67.68702697753906,37.63802350211818,149.77283707167953,False,a0bdb084561846eb3deaa35763065ae1
a06e41bd2634,2,train,2203,2416,1736,0.934,84.39019775390625,31.314523198421643,143.80708448495716,False,5f7249c0887085107548a0a9ff748081
a06e5ac695ce,0,train,2204,2048,1536,0.602,41.12504577636719,27.734923588836825,46.424199571600184,True,01a972cdc6e80eecbf28c428c3815172
a07d571bf7ba,0,train,2205,819,614,0.931,46.67759704589844,31.0224387755106,83.75894969701767,False,78cac87d65a7dd2b396e09cc86294e3c
a07d9a5045cb,0,test,2206,1050,1050,1.0,82.21888732910156,44.15569727828,137.54240139178,False,acb90f25b3479a4ac1994e9cf67b5015
a07efb1ecfc0,0,train,2207,2048,1536,0.605,65.10733032226562,37.455468154915316,161.0997276864946,False,9042c8ae41d9c672f0ce65f869236bb7
a08a0133754a,0,train,2208,1050,1050,1.0,85.72743225097656,45.63817402012846,136.3037353521213,False,3e3b307173b6490ea3ba60ef75f6a382
a0a0cd8af5a6,2,train,2209,1844,1226,0.816,84.11837768554688,45.675676457268075,89.66920161969028,False,e587ef3074166db62214949b4a017832
a0adbe677508,0,train,2210,1050,1050,1.0,82.88621520996094,46.299857408674036,124.7018917761743,False,c4a3643e0cb45cd2dc91f62e6fb33cd0
a0b7ad98df57,0,test,2211,1050,1050,1.0,75.949462890625,40.42885503013227,120.70762571599334,False,1ebdb4258557ff7fe09b7def71c94b12
a0cd7bffdaa0,4,train,2212,1050,1050,1.0,79.61871337890625,43.863514568573926,132.29600769933313,False,5346925ccbff2807398a5fc719e1a922
a0d04a19cf40,2,train,2213,3216,2136,0.843,99.67723083496094,36.49333934133625,160.60503319557756,False,769d3d954a8ddc595647434512991b3f
a0e635689259,0,train,2214,819,614,0.606,61.96879577636719,34.57468086528169,75.20059041655622,False,5eaabda746ae4eb9de2ea312612e4d77
a0fd94e2ad76,0,train,2215,1050,1050,1.0,83.35325622558594,44.3008301194513,139.1279905193951,False,9a85613b9dc3b4e33d30d7d06e3785d7
a11bf2edd470,4,train,2216,2588,1958,1.0,80.31620788574219,40.98196390758267,69.787255164003,False,7aa3856c38c62d71b2e5c1d3bbeea8b7
a11c62cb3f86,0,train,2217,2588,1958,1.0,59.02824401855469,31.1956868639105,64.55511794774793,False,085efa05dabae788da27030ccf7dc71b
a125377fb985,2,train,2218,3216,2136,0.843,116.6556396484375,43.397637339957335,171.72086786851287,False,5c5b7132824bff7accd7aa548b4c0d86
a12ca80bb8c7,0,train,2219,2048,1536,0.605,64.07231140136719,39.53091578961617,92.20802768669091,False,194e1e2fac8d04620634854014524648
a14bbd9a583e,3,train,2220,2416,1736,0.935,87.78204345703125,35.11167980062959,105.7132318308577,False,fa765a92e0d763a9e47af1635cd82f19
a14fcf84bfe1,3,val,2221,3216,2136,0.842,107.27853393554688,40.45923015620882,194.1154191493988,False,e446c936b8d45684386db7267361d6cd
a150ff5dfe07,2,train,2222,3388,2588,0.871,73.73959350585938,33.174328482936126,201.0893215984106,False,3a5a591a331271e706d3af3beff49ed0
a15470303941,2,train,2223,2416,1736,0.934,65.48873901367188,26.49134532439674,92.34068119875155,False,599b66a5a5623a8e49a1db76071ef32a
a15590a7d774,2,train,2224,3388,2588,0.871,84.914794921875,35.65552467775272,182.81119312136434,False,951755f3a609c0d6ea606075e54dda1f
a1822dd8d05d,0,test,2225,1050,1050,1.0,91.52613830566406,48.19986744859797,158.27228345628828,False,aa4a948d04f06888cc66bd2f95105a14
a182b5b191de,4,test,2226,3216,2136,0.845,108.38438415527344,39.47506660494355,206.95971033140086,False,b5e8b730b5e66262e1258f8ef603f9a9
a1872f9c0cba,0,train,2227,2048,1536,0.605,77.31640625,44.40110694261453,138.70522778388113,False,32b7144bc665656addd9a62c16c26a9e
a188c60b93fb,0,train,2228,2588,1958,1.0,121.45639038085938,46.483689491352365,159.1369768192526,False,5614c374e164160d1efb54fcb3a8717d
a19ecd0a706e,1,test,2229,2416,1736,0.934,110.17521667480469,38.95112657730562,199.45740035083145,False,be6bf228f9816722893e4b684d867fd4
a1b28bcbce00,0,train,2230,819,614,0.931,42.10157775878906,24.896840015840347,40.12982177734375,True,399b2a5c1ba7e58e2be7aad806f3530e
a1e236fbc863,0,train,2231,819,614,0.931,39.38835144042969,24.519056442641244,34.86886706738733,True,4c9da6759f00a903a01d51c290f35281
a1eb88562239,0,test,2232,1050,1050,1.0,72.41905212402344,38.194403755041044,115.65635346528143,False,201f388a2f0a0ab8ea6c0989421a5fe3
a1edf0e66592,0,train,2233,1050,1050,1.0,76.23985290527344,42.071367709640825,121.65546540822834,False,51815a73bd66e56333a5b2b1ec61737a
a1faeb4d5f10,0,train,2234,1050,1050,1.0,75.91242980957031,42.44818123463879,124.78856035973877,False,220a96bee052ca132e04d895f03e0458
a2163f0c2af5,0,train,2235,1050,1050,1.0,86.11433410644531,45.14748108632023,143.2558166102972,False,71c7f99c3ce44c4d937c0ad14df357ef
a21b37719f9b,2,train,2236,2416,1736,0.935,73.90235900878906,27.340394379840863,84.07393878698349,False,66ec51adea38aafc0e065760a4a949d6
a247961a5cd9,0,train,2237,1050,1050,1.0,76.68452453613281,42.54979320879927,124.22345267771743,False,513304a907b97fc50a277e691d2a6a5a
a2696f444ecb,1,train,2238,2416,1736,0.934,53.08221435546875,19.804633963905673,56.446511750807986,False,08cd8e11be79ff0d9f8702be21513b99
a26f50218b84,0,train,2239,819,614,0.931,38.434600830078125,21.807329656727052,31.331470215460286,True,d2a20fadec91d38314697f2c58be08ee
a2811f512c1c,0,test,2240,1050,1050,1.0,69.83238220214844,37.26112879848542,106.27752080536447,False,891a0f9b38b08ab3cad807d0fd62f7d2
a28bfb772f50,1,val,2241,1844,1226,0.818,95.31736755371094,38.04130519265416,114.05530121549964,False,26b56003d90fb12eaa9bafd16671b5bf
a2ad3da4c7d6,2,train,2242,2416,1736,0.935,76.42794799804688,28.662297172629753,92.90325367078185,False,a2ff5271b5c752cc222f731a10c8040c
a2b97d98f130,0,train,2243,2588,1958,1.0,52.205780029296875,26.001341814636678,35.45090079307556,False,18ec3a3467c9f848e5ee3693dea4effc
a2b995b81692,0,train,2244,1050,1050,1.0,80.63856506347656,42.63913126811281,127.83478864189237,False,38522a8b6091c0b6758d4d50ef61d3da
a2d349f567a6,2,val,2245,1050,1050,1.0,77.77909851074219,41.489601948459494,120.9713610028848,False,ebdf35491fc2601c95e68b91b1408d11
a2ddabee14e9,4,val,2246,2416,1736,0.935,70.53770446777344,26.551932879781216,81.73911437368952,False,a38d6dcd47e3b374ed9491a962f1e961
a2dff8dbc9f8,0,train,2247,2048,1536,0.605,77.66130065917969,43.40077993698228,141.96384040242992,False,97cab2f0eb64a15b78f576079e75ed2a
a30a143a53a3,0,val,2248,1050,1050,1.0,70.95208740234375,38.64112365463952,127.87148089613765,False,d828dd39bb0738d4085b5c08cc6c3422
a3132c8828e4,0,train,2249,2048,1536,0.605,72.37803649902344,40.14581180181433,158.94235338177532,False,13db7fe3616c2fd67e32681cab003f24
a32886cb31ab,1,train,2250,2416,1736,0.934,89.23812866210938,32.54829779751427,118.96182089205831,False,13f4661fe2fe62e472761286b5643a94
a32b5ce3d48a,4,train,2251,2416,1736,0.935,80.31399536132812,29.639569810701623,102.32697194977663,False,6d5ebdf8dbce738c38fa8c5d6498e685
a3475dc3ac80,2,train,2252,2416,1736,0.934,73.00717163085938,27.45643150412591,84.8817197047174,False,529dd5cfc9af1ee0c708cc142c5dcdfc
a34fc5376669,0,train,2253,1050,1050,1.0,87.87489318847656,46.23264349969922,148.55956207192503,False,eddcb5976547928713ca0e7d4761d699
a3706ce27869,2,train,2254,1050,1050,1.0,76.72158813476562,42.9524933908784,113.92646849807352,False,5e90fe53ba4eeaa9bdbe1783d4200256
a3802934bad7,2,train,2255,640,480,1.0,90.10005187988281,16.900404488423007,26.9476319195237,True,aca34e1110d46e0fb9009999d0c7ccbb
a384e688e228,0,test,2256,1050,1050,1.0,73.44340515136719,40.162359717620696,112.19000866170973,False,c29b84dc13182b351e10c04adc5727e4
a386ec9aabde,2,test,2257,2416,1736,0.934,68.9947509765625,26.60856477749346,70.88037183508277,False,235e4aa59907338464ee4d64142c8129
a3957df90a78,2,train,2258,3216,2136,0.842,109.33686828613281,40.81166138120723,171.7128774188459,False,4ca7af5276bb1017f3ddfa72d24d46f0
a3ad6c2db6f1,1,train,2259,2416,1736,0.934,69.34765625,26.17983292027278,86.63896940555423,False,7481cbfdec8506b4e095430a006f7609
a3bd2e034614,0,val,2260,2588,1958,1.0,40.22137451171875,18.811498387875584,14.490033254027367,True,19bc526acca4b7cb5f929abe84c22887
a3d2a0c4cd17,1,test,2261,2416,1736,0.935,78.3900146484375,30.75320274622102,117.81002879794687,False,f8bec8cd970d0d62b66ac9a1c3fa0899
a3fcf42ff56d,4,test,2262,3388,2588,0.866,69.72430419921875,29.240279900029552,108.02575525548309,False,24ec307e7d055b2c24559a681b48bb46
a419fcb2dfb5,0,train,2263,819,614,0.606,55.74946594238281,33.839160720055276,78.33777125529014,False,9ed6f1f102e0b6e641aeb372b9118ded
a4359815f152,2,test,2264,2588,1958,1.0,50.10643005371094,23.806308099621344,42.54432088788599,False,2478829b2e72f64ab36498b91eb7569a
a44345b27804,0,train,2265,1050,1050,1.0,73.56355285644531,41.07744621145697,103.9508928656578,False,919882f5d9410d4b415c5ef5b1d387b7
a443c4fd489c,1,train,2266,1050,1050,1.0,83.29931640625,44.196151229131324,138.86713500972837,False,3ee8d21ecc60ff8564fbaaef88cc16c1
a45c30da0c72,0,test,2267,819,614,0.931,47.91810607910156,27.206067843261827,48.68104404211044,False,3821fe0804eb44020fb0d5d60ded607e
a45d77edf8d9,2,train,2268,3388,2588,0.87,78.13829040527344,35.571122326427385,138.0512078513857,False,4690eebc00ca6c6f33bbe7e98fbe9afc
a476fd984005,2,train,2269,3388,2588,0.873,55.057037353515625,23.46214225203566,65.00933416909538,False,df8f0a3720d51467856cbb0956b0e0fc
a47878630dc2,2,train,2270,2588,1958,1.0,46.97990417480469,27.75161890584249,17.18944107159041,True,ede2b63bc44579c79a7153f40595db1f
a484bdf85b4c,0,val,2271,1050,1050,1.0,72.72303771972656,39.11039912045294,107.73998384340666,False,6f947536f5ea6b7f462a507b2113b91c
a49b0b4484ea,2,val,2272,2588,1958,1.0,51.90879821777344,23.59508218990549,24.64026104635559,True,ba41b05357dcb4be5717ac2bc9c0504a
a4b8de38eac1,3,train,2273,2896,1944,0.64,70.89640808105469,34.33733459243118,115.31932043656707,False,b10eef4c4b20476040f7abffe779a87e
a4d41c495666,2,train,2274,2588,1958,1.0,50.66255187988281,23.702021057879083,41.33311455301009,False,c9c34568fac2f4aea05774b7f1b27956
a4d4b69f7404,3,train,2275,2416,1736,0.932,63.687164306640625,24.205614583886273,70.52474319562316,False,ee425c6e007519d2364f651654aae301
a4ee03ecff60,0,train,2276,1050,1050,1.0,90.36674499511719,46.98748812161248,152.26178286969662,False,e9b8976c14907fe3b0f07d2052c7e7ef
a505981d1cab,2,train,2277,2144,1424,0.841,62.12681579589844,23.90793914896452,51.72406385629438,False,2a1eb3b532c97ebd35b34812ed2bbffc
a528be013a04,0,test,2278,1050,1050,1.0,64.98591613769531,37.80942410667758,113.33196428022347,False,4c695cffa82de4c1d4be77a77e5e7264
a53d6d2472a6,0,test,2279,1050,1050,1.0,74.7724609375,41.50104253677369,124.0850972533226,False,da4134e952253726d2a923468b6e7f34
a56729de89e9,2,val,2280,1050,1050,1.0,88.02796936035156,44.53692461996596,167.08019944932312,False,cf4cb4d44863ae308d4c74b079b13c0a
a5a2a7003d60,1,train,2281,2416,1736,0.934,86.89045715332031,31.971728374952352,162.53566831257194,False,1b9fe8efacffb1bb96efe17f9ea42f99
a5bb85afc6e8,0,train,2282,1050,1050,1.0,91.47705078125,49.12355835087793,197.97707364615053,False,c26e5de1f66596117bd93f59e26d6fd7
a5c9a8c726b2,4,train,2283,1050,1050,1.0,72.56602478027344,40.51798749506526,97.70096158585511,False,67e96a74984cf42db96ac6a476415162
a61723fc38c2,0,train,2284,1050,1050,1.0,79.05377197265625,42.76354418041001,136.06856288551353,False,5aae3bd77a050b2ddbb9a21aeafb8e68
a627eb8c08c5,0,train,2285,819,614,0.606,79.11027526855469,43.35208483910978,146.60731964930892,False,45bbdc6b98010112f187e4e241776323
a62e995f167c,0,train,2286,2048,1536,0.605,63.77030944824219,35.16902403954349,107.45468240021728,False,2923d6814fc02664b5efd98ac7b2452e
a62ea0043aa7,2,train,2287,2416,1736,0.935,80.57279968261719,29.890651206554768,129.9131183028221,False,8d813e43dc9ce4a30aadebbada737551
a6356a3c5d11,0,val,2288,2588,1958,1.0,66.79241943359375,26.691919915495912,50.27135156095028,False,072cff548ada4a558b6bdd1d6155de04
a64273801bde,2,train,2289,2588,1958,1.0,87.05064392089844,30.881631835559872,54.8643507452216,False,00e973bf2afe952a2d281edba2411b71
a646c084928c,0,test,2290,1050,1050,1.0,72.97811889648438,38.9983110546315,108.31022784020752,False,31965ba0980d07727a0ad74c6c4ce625
a654b25124c3,0,train,2291,1050,1050,1.0,77.43333435058594,42.490493741268,129.72021923749708,False,d044e54e66bb21c7ed392f6f6434dfad
a664d2055886,2,train,2292,2416,1736,0.934,94.42276000976562,34.35209841945389,203.82403196184896,False,b380a009ac4396711e5de7d180422849
a66c3165876f,2,train,2293,2416,1736,0.935,61.97419738769531,24.031460603791135,73.04322841390967,False,d8a98689b508ba7f548ea487c5779302
a673193cd5a9,0,train,2294,1050,1050,1.0,83.63633728027344,44.98704915948198,209.37115804757923,False,dcdf286761041c5402e057d101b5997a
a6731dd737af,0,val,2295,1050,1050,1.0,48.30549621582031,30.417011024020123,89.49426755285822,False,ccf7243dacd74d625a515f96d47f3adb
a688f20f8895,2,train,2296,3216,2136,0.842,89.48562622070312,32.933566752315706,106.27890533208847,False,9862d53cdeeae8b60cb114811b648ed9
a6b6d27c1b32,0,train,2297,2048,1536,0.605,89.6114501953125,49.027320247100775,135.67692160233855,False,76514040dcbbe9afa2e2d1f5ce7610c9
a6c9e96a10d7,2,test,2298,640,480,1.0,83.7579345703125,24.069401491637485,33.321926805889234,False,c0c7f13fef9a0c2fba9f0672922331b2
a6d45de20e4d,4,train,2299,3216,2136,0.842,82.87081909179688,31.52785274280906,118.03590585640632,False,8bbc3adf64e8b09e573a8ad562b3c5f8
a70d0f12a641,0,test,2300,1050,1050,1.0,85.78286743164062,46.6022782916581,166.99337717494927,False,c6574b4d8c744491fb8e7aec3d98baca
a721efb1e049,2,train,2301,3216,2136,0.842,90.3392333984375,33.995584574395835,132.19970752089284,False,cf3c1c6ed1ff997f80d10c0c7ac92c37
a73c3d516c59,0,train,2302,819,614,0.931,56.18138122558594,29.247386045166984,78.70517193432897,False,b9d7a26a4693f638551dafc227ecf018
a73d012c4c38,0,val,2303,1050,1050,1.0,87.87629699707031,47.532454819477806,130.0370403965935,False,8656c5d6dd775a6aa3e1060c318652af
a76132e79688,0,train,2304,1050,1050,1.0,80.88362121582031,43.17999235516456,134.82140581216663,False,ab7148223018f2285297fe42e9648e24
a763661f98a5,3,val,2305,3216,2136,0.843,95.95149230957031,36.72352794588308,158.03106008470058,False,71c3e0e7dbb471d5707d223a06bea15e
a7673ac44509,0,train,2306,2588,1958,1.0,45.06706237792969,23.915874626616127,31.048925817012787,False,7f61b9db04b8317acd076b4001580911
a76b69e443ce,4,train,2307,2588,1958,1.0,47.29981994628906,24.648362543800502,14.563930842792615,True,84966f9b4cc97c4c26d8aa970356fe0d
a77dbec966d4,1,train,2308,2588,1958,0.997,74.96754455566406,30.90027401682761,62.82110592140816,False,fd8b3a945eae1631c05f0a112d0960c4
a77eb914b383,0,train,2309,819,614,0.931,70.39918518066406,55.22762096210483,182.6142632625997,False,30a2c9878fcfaf0cf95fb18ecfce3957
a790a3b36390,2,train,2310,2416,1736,0.934,58.245880126953125,23.05413282423832,54.84605305059813,False,956dc1e9d7f15ada09fbbe8e580488e2
a7b03e58a6e1,0,val,2311,1050,1050,1.0,68.62197875976562,38.07982861700569,105.96666565327905,False,16f4b97a76e32802a5ff2eff7ea22654
a7b7dc8788b9,2,val,2312,3216,2136,0.843,95.78111267089844,36.02156248959297,137.24199615395628,False,f2af48dca8f5541564089bac16c5b984
a7c10ca6c117,0,test,2313,1050,1050,1.0,75.37516784667969,43.18173188054213,102.73974441713654,False,a7053e09ee2ea68f9b96d4d9d9912ebc
a7ec056502e7,1,train,2314,4288,2848,0.81,77.42727661132812,30.614734757269396,102.30337701644748,False,a525167e627330319c85bee52988ce31
a804cef3e51f,2,val,2315,3216,2136,0.842,81.30720520019531,30.637138368351188,102.01369941211306,False,ed87d208fb86e6fb54d7ea3b9ccee057
a80dab8eddf4,3,train,2316,2416,1736,0.934,93.18434143066406,34.567255331624835,210.52078939881176,False,645acb0155de1527d196598949e436d3
a81b06f50612,4,train,2317,4288,2848,0.822,56.981842041015625,31.39246442043273,43.00634403130971,False,85639d52a566bb5a1a068caa25a1d728
a821b6ecef33,0,train,2318,819,614,0.606,65.64031982421875,38.99660919686211,95.61444282159209,False,f120e7d45439708391735fe088ed0f60
a8263d248523,0,test,2319,2588,1958,1.0,38.70549011230469,24.663714394820822,50.08556957519613,True,d07513b85f8765649aa40e592a4615f7
a82a12ad3fb1,0,train,2320,819,614,0.931,45.01713562011719,25.085521980528178,36.714404460042715,False,ab88c8260eb730efc17b2f319e8eee05
a85cda5f725d,0,test,2321,1050,1050,1.0,74.95527648925781,39.51326981079388,109.77938169147819,False,d22fa74c0d9d146bf1542bc02f558b1b
a86128b601a7,0,val,2322,1050,1050,1.0,86.64152526855469,46.68874182473207,164.33669286873192,False,0fbf22a955219c57a5a9f6ba961a08d3
a8652b2de23f,2,train,2323,2416,1736,0.935,86.37413024902344,37.584012276861465,213.23546338733286,False,d3cab8fe54bfac6fa1a7e1b88a35c83e
a86c6283fd78,2,val,2324,2416,1736,0.935,90.53216552734375,36.14255109366989,217.4603304916527,False,0f708fb4550d8909c28c6e38897c9dff
a879c3569552,2,train,2325,3216,2136,0.842,91.45411682128906,35.185202928013275,115.58019078429788,False,4453d8fea8986e2092ac0165809bf1e9
a87f53bc984a,2,train,2326,3216,2136,0.843,118.14024353027344,44.32624206037096,185.65271946578287,False,e54ccae625dc7eb98dc1587b06ccc7c9
a88365134c3c,0,val,2327,1050,1050,1.0,80.99761962890625,45.49160347542691,133.95124930050224,False,90bd96de1a7fb8200f6a380f5a9a1eb1
a8854768549f,0,train,2328,2048,1536,0.604,77.30665588378906,46.16697608725319,96.21839046478271,False,fd61c343a550e10e92172d4221cd3fa9
a88f68b0b114,2,train,2329,3388,2588,0.868,81.8211669921875,32.50160379464476,149.80796747561544,False,a80b7d8de06e9d1f3567549f817d8f0d
a8a6588c8eb7,0,train,2330,2048,1536,0.605,88.94508361816406,52.49128016486433,215.79145568609238,False,d386ad11ba2889254358d11c45fdb1d8
a8aed92940fb,0,train,2331,819,614,0.606,68.35491943359375,38.83704283553692,105.00303119956516,False,5dd968252c260c7822d6a387d564c64f
a8b3c0961d42,0,val,2332,819,614,0.931,40.09074401855469,21.56461059690038,38.085828243754804,True,ce82f4aeaf10487bf37dee6ae470feaf
a8b637abd96b,0,train,2333,2416,1736,0.934,80.03166198730469,30.94181070558476,115.15387759706937,False,6c6d0a03f7ddbc2958802f8de44d34c2
a8c54e2a4b79,1,train,2334,3216,2136,0.842,106.14067077636719,39.78579350943071,150.8838574530091,False,170cfbfcd857032e43a4c0d5e1efb21d
a8c950a99107,1,train,2335,2416,1736,0.934,57.67643737792969,21.674719255681417,47.04170816298574,False,b8f083c9c9454094a7870211bfb6fae0
a8c9fcdbc0be,0,train,2336,2588,1958,1.0,54.58198547363281,22.697333942103835,35.04562218277715,False,b8d38a7634f0a3a48b7bcde9cdf2c16f
a8dea22ef903,0,train,2337,1050,1050,1.0,80.78285217285156,45.74956887785547,149.2660298103001,False,fbe9804eef55ac57c00b851ea38dbc5a
a8e08e7fe016,2,val,2338,2416,1736,0.934,67.78524780273438,29.778288802965694,94.85961458436213,False,4b8d39c5bdab7f3e9a1a51d91e714a18
a8eb35b3bcd2,2,train,2339,2416,1736,0.935,95.63499450683594,35.36446883352916,138.28757522045635,False,10eb063d684e8743fee1b5b978b4c2f5
a93f1ea3ff4a,2,train,2340,3216,2136,0.843,119.08503723144531,43.32115169940456,241.56548786815256,False,ce3a5ae7cf46125dc97a4857ae588e1a
a94da3d3b5c0,0,val,2341,2048,1536,0.602,47.806060791015625,28.048609101774655,64.4014756528195,False,326e366c4c22e4ad4314a6aad541e648
a95858e052d6,1,train,2342,3216,2136,0.843,104.45216369628906,38.388305352165446,156.1400198189076,False,d5bb5401fd6df35d4ea9c4e35dc7e00f
a95d9d61ddd4,0,train,2343,1050,1050,1.0,67.89350891113281,37.03860682268929,161.26875140867196,False,399a4e1c4aeed55208dad2f8ba4d20f4
a963ac561580,0,train,2344,1050,1050,1.0,66.0067138671875,38.378908644620324,89.48284956719726,False,e846a5123a0a6c3de8cbab1c760462ff
a96ff96bbae5,0,train,2345,1050,1050,1.0,83.18655395507812,43.40091183163272,137.02142344415188,False,a5e9ad191a2a1dfb3e5c8f842b2d31a2
a987aa7aac37,0,test,2346,1050,1050,1.0,83.30528259277344,44.540080540839256,129.0087327377405,False,dc62d64c2ae0daaa9b7007847496f72f
a9a28c37c8c4,2,train,2347,3216,2136,0.842,87.08111572265625,34.39580531357313,88.40829471475445,False,8d74f63dedd51a0e6a64080ad8e1d38a
a9a3225cf4b5,0,train,2348,1050,1050,1.0,87.38426208496094,47.950680847093984,143.8669101537671,False,ddfba25e3ed557a32f3ff1d7e76370d9
a9b3177f01c0,0,train,2349,819,614,0.606,74.55070495605469,46.70698690282466,87.70106284110807,False,f5b76fb5ae3dd9060b2fdc75c257a102
a9bc2f892cb3,0,train,2350,819,614,0.931,50.22599792480469,25.91448401849475,62.83969813003205,False,dae2e8f6a205ddfb67195c00b21617e2
a9c7b83caf81,2,train,2351,2588,1958,1.0,54.072509765625,26.072929050967396,37.86999326851219,False,c3792078ff77096f22e70ce9e7771746
a9d0c900b6a9,2,val,2352,2588,1958,1.0,57.44010925292969,27.479028349559876,20.535638596862555,True,ed86d0040ce56488b157705895c173ac
a9dc80cba9a4,0,train,2353,2588,1958,1.0,43.684844970703125,20.500152880596314,23.576486397301778,True,462449908b5ce523695ef9152be76f98
a9e3d186cd1b,0,test,2354,819,614,0.606,65.02099609375,37.881535457233525,103.10843230015598,False,99fb0e38e485a76b81d80c955e3f7fce
aa0afc41ed19,2,train,2355,2416,1736,0.935,71.74539184570312,26.061919093501213,99.36381136532873,False,c8ee56249cf2960513b13dc5cfad878d
aa10a4b2e709,0,train,2356,1050,1050,1.0,78.34782409667969,43.348927223406925,119.18247669842094,False,5a6d2ef288ceca6932b3ff1b329008c5
aa31bc6b8f4d,2,train,2357,3216,2136,0.843,102.13282775878906,37.76007001029001,153.84921968635172,False,3cc5d4b2019da888cf2c4871ed8886ed
aa4407aab872,0,train,2358,1050,1050,1.0,84.8258056640625,45.47038552777252,150.5329022759106,False,ad0508f78907e33d7ede9b017f71dbb6
aa5ce75edcf5,2,train,2359,2416,1736,0.935,53.90464782714844,21.705803225886527,71.79410046245903,False,3ff0b7f0b6bd1e68bb194e58170ab513
aa60813e1a8d,0,train,2360,2588,1958,1.0,51.931182861328125,24.45918755801795,48.11124781309627,False,6347765381af5666030b6e881328a14e
aa6242f9e08c,0,train,2361,2048,1536,0.605,111.83798217773438,63.52960448465913,210.57337222155184,False,8477ba5d1a01706dc1d04f8227b273b5
aa6673241154,4,train,2362,2416,1736,0.934,77.26266479492188,28.5837153905125,100.55971283442341,False,077432c187d0c5987567204dab14f4f8
aa841de1ee82,2,train,2363,2588,1958,1.0,76.86112976074219,34.83720316288209,58.266085013747215,False,a0d9e3d16997e091991ee8e5d58655eb
aa8a1e814811,0,train,2364,1050,1050,1.0,84.58171081542969,46.418515983139926,134.33450700133108,False,36a39962f6f54d38a6f1f217d2510c73
aa94cc4bfd84,0,train,2365,1050,1050,1.0,73.86619567871094,40.20335645753295,105.40455674286932,False,43ea326d1158df7f7dfafe277aa968a8
aa9b8f05f4bf,2,train,2366,2416,1736,0.934,81.35784912109375,29.612017455681652,105.99273786600679,False,e8019ffc3523bff07cb3b8a3b5d4c37d
aa9cfe639ef1,2,test,2367,3388,2588,0.873,73.71080017089844,31.134836576406045,150.91120038903318,False,05eb15784d0fa219fc78474302873dd0
aaaadb174012,0,train,2368,1050,1050,1.0,91.18646240234375,47.00688696046483,171.5855407565832,False,5b0796e2b0432b65e9c12b1c9cd591dc
aabd867043cf,0,train,2369,1050,1050,1.0,86.14839172363281,44.659374325284155,143.8027872890234,False,379759495eccdf87b7dffd431bdb04f8
aad0c0ee9268,2,train,2370,1050,1050,1.0,87.65284729003906,48.05387825750162,144.65858516003937,False,9132ed2e577b2a6d8c4fef78b84689cb
aae8f9f3ef8c,3,val,2371,3216,2136,0.842,102.58990478515625,38.32414733794331,168.48375847539864,False,103204ee1aa38d1ead4c4fd3780c74e8
aafb0c944f14,0,val,2372,1050,1050,1.0,81.17413330078125,44.00429527658489,155.40105722821318,False,28a838dc5a05d45e82b9a2f10d7c882c
aafe980edd0c,0,train,2373,1050,1050,1.0,74.62388610839844,40.326538133925055,118.62843299261294,False,3a71c9c016a1d9f44918a7c33ed0197d
ab03d50bba2f,0,train,2374,2048,1536,0.605,66.45353698730469,40.346687243325405,87.52715059719048,False,1c20165f8bd94661fce6266003dd50e0
ab1c20a94f3f,4,test,2375,1050,1050,1.0,93.17916870117188,51.297861101665994,153.3413980563637,False,708c323e81cb6abc201e1249ab4c36ff
ab32db41c409,0,test,2376,2588,1958,1.0,81.08700561523438,36.21362287229199,84.96542077884078,False,136128fc43c031cf6e1b989af0d9a049
ab3c505b624f,0,test,2377,819,614,0.61,81.50032043457031,46.29888740558436,111.09184733196162,False,997ac61b1111222f6bb5911bbf8134db
ab653b8554c0,0,train,2378,1050,1050,1.0,92.08218383789062,48.333702002171925,160.9594122970011,False,82f56a1d71132b2e578440fb83c57234
ab686895533e,0,val,2379,1050,1050,1.0,88.78910827636719,47.551921257007706,183.97903662151657,False,a97d0bcfe7e0f1c4b09e7d21ecb2f214
ab724603ee93,0,train,2380,2048,1536,0.604,55.33784484863281,34.33834755327209,74.24756982550025,False,15b46b54d94e6521c0dc3eb952bd444c
ab78a66dee6a,0,train,2381,1050,1050,1.0,89.02571105957031,46.38953324962619,168.38668637629598,False,358ee8dbb27c8f9407f8fe92b2dc5b71
ab7991df166b,0,train,2382,819,614,0.931,43.640472412109375,24.014858990131284,34.58385078026913,False,110f96d0ef924adb57a27236b38170ce
ab88081e5654,0,train,2383,2048,1536,0.604,45.527374267578125,27.47853079591791,66.19999767071567,False,ccd9c011f4a04a4a1beb008a87896403
aba3063c5413,3,val,2384,2416,1736,0.935,69.69277954101562,29.307729349487047,93.95864793448709,False,1fcc40936f6a1220f03281af434502db
ababe19ed448,1,train,2385,2588,1958,1.0,73.99955749511719,31.43380782050087,53.441045235609636,False,740b4b709c71e37ab547921c308b6407
abbb8791785e,0,val,2386,1050,1050,1.0,81.16593933105469,45.35289087635441,125.09051742311567,False,84c48077faba369dbc11c740fd4e33b6
abdb365cacbc,1,test,2387,2416,1736,0.934,81.4046630859375,29.346456049243166,100.96943404315971,False,61d4261984ef9ef07647ef4b35bba61b
abe940882578,0,train,2388,1050,1050,1.0,81.4564208984375,42.93908413747354,123.59241342451423,False,2f99f90525401b90841e0e189c3ad5a6
abf09c44d5f4,2,val,2389,3216,2136,0.842,81.30499267578125,31.717669462428603,99.28980198292993,False,ecfdb68ebc72697f618b3fe0c463940b
abf0f56c6f12,2,train,2390,3216,2136,0.842,96.57485961914062,35.74281350602502,119.31915442436002,False,7cd8b87e27097d46a8a5cdcb73834006
ac0a48ccbf70,0,train,2391,819,614,0.931,49.054046630859375,25.5560908235286,45.770667657256126,False,2f0e9e7d490359152b65aa0dd0d784bd
ac1667fac512,0,val,2392,1050,1050,1.0,73.0390625,39.689132056132706,111.14427486713976,False,75724b6d2aa67b6fe9a1678c996afb69
ac17cc18a994,0,val,2393,1050,1050,1.0,84.16250610351562,44.142630158756134,141.5476025713142,False,29bd0ee28dc87f49aa4ec8f81f342be2
ac2c814949f9,2,train,2394,3216,2136,0.842,95.40278625488281,34.7192630324025,169.92217287770472,False,a43170958dd1847682aea0859e0cd3e2
ac5b5dddf91b,2,test,2395,2416,1736,0.934,69.98123168945312,29.99079878910083,76.05568642076105,False,7e56375c84abf00da097b0707d17f638
ac720570dd0f,2,val,2396,2588,1958,1.0,43.22918701171875,26.536542237066172,19.03877037554048,True,3f73944a150d9209fddbae3ad7c47e8f
ac81fc200162,0,train,2397,2588,1958,1.0,50.83735656738281,26.005264742090386,46.177122296532616,False,a59354a2b59f4a0c3208d101d857f77c
aca88f566228,2,val,2398,3216,2136,0.842,67.742431640625,26.491520585553033,68.49397995974869,False,3b0291e1bd8aee40226b1808c916eb8a
acc9f29538c4,2,test,2399,3216,2136,0.842,93.93907165527344,34.5632010060789,116.82441112003289,False,50e3984d6a5342deae627833d5cf18a8
ace2281f00c4,0,train,2400,2048,1536,0.605,76.95588684082031,43.85582476614521,129.65171433403157,False,780e775a4f6c48a09cb672c7f2bc74e7
ace287a5c991,0,train,2401,819,614,0.931,59.38423156738281,35.382320800901404,101.9507731795311,False,beac5bee39285d12a6a69c3f192b04a1
acf976efd7ce,0,test,2402,1050,1050,1.0,81.68736267089844,44.38330436671937,134.30293558328412,False,60819d27f69c29c06494e375bfb8a932
ad029ba7fa8b,0,train,2403,819,614,0.61,99.70973205566406,55.598249640170906,328.35191287263297,False,126d23a5137e8f9d363309e1260b252d
ad12cde115ab,0,train,2404,2048,1536,0.604,58.247222900390625,34.72455845563893,79.86424283846281,False,41805c7c51a54e19f022a04ebdd54d7f
ad1aa75d5630,0,train,2405,2048,1536,0.604,87.63316345214844,47.32269376969164,133.23605557437986,False,0735b7859f70404d21e3f4f21ad38d0d
ad1f7445b1a8,1,val,2406,2416,1736,0.934,85.53732299804688,32.07638129335398,114.37405201420188,False,7f82c37bab4fa22328629427bd4917d9
ad20080452de,0,test,2407,1050,1050,1.0,76.17500305175781,41.2988568773545,105.2328641449567,False,5eb354c799cc2fcee852ee72a76e2d7d
ad2f0b9d059c,3,val,2408,640,480,1.0,95.97785949707031,19.452241317988197,37.64210733398795,False,b02fdefda9d59112df112070e2f87f14
ad312ca98202,0,train,2409,1050,1050,1.0,80.33023071289062,43.48890371697577,125.97764282580465,False,45295dd099fd3852720c4423590a5629
ad3fc5076852,1,train,2410,2416,1736,0.934,70.17770385742188,25.958945641898815,89.42758096917532,False,ed940a183a253ed93949ed5c7c7715dc
ad570b850a4f,2,val,2411,2588,1958,1.0,56.79963684082031,25.492197685026124,32.18024337454699,False,9448ebc1735efa5d8f653594840eaa55
ad6b07d5c338,0,train,2412,2048,1536,0.605,80.07562255859375,45.6686560748585,128.4825102740433,False,f5d6ade4838e58f3f6553123f597b8ab
ad93d88c87ea,0,train,2413,1050,1050,1.0,79.90191650390625,42.51109752846966,138.101522362791,False,98d651c84d2e70743744d32be9a63c11
ad944bd56bb6,0,val,2414,2048,1536,0.605,76.44790649414062,45.4994007369217,189.58828932768665,False,84f1d84c55c8977e61d8e06ab0331f70
adb56cecafaf,3,train,2415,2416,1736,0.935,73.61216735839844,30.230797959867857,88.78253456111997,False,6e12e80152650ad7500a1ce5c0c45489
add1d681d712,2,val,2416,640,480,1.0,90.92646789550781,22.568780048947552,48.44832742563449,False,ae50810079abe56a6b3b03bbd0ba2b2b
addf66a50f42,0,train,2417,1050,1050,1.0,91.95458984375,48.37823883323172,156.48088842257857,False,48818cca260aea8228bc95567b3241c2
ae1344610ebe,2,train,2418,1844,1226,0.816,75.5731201171875,33.63923601378367,88.61685742600821,False,513ee4f5f0e9f5f8b21614a13dc706ce
ae20112e7a1e,0,train,2419,819,614,0.931,49.52272033691406,27.05359957380111,62.22440861072391,False,a83ce852fef919a2102c0e064935b0bb
ae2c3f6312ef,0,train,2420,1050,1050,1.0,89.62973022460938,47.94893139451038,146.60497558279894,False,96d36ce0e18ef6465e233dedaf761a17
ae2e888905ba,0,train,2421,2048,1536,0.628,77.69566345214844,45.76286010226278,205.50813235994428,False,12d0b1f3d4f8f2f1f4e6b656896559e9
ae49cc60f251,0,val,2422,1050,1050,1.0,80.00187683105469,43.44428952410055,123.9985029862728,False,fd6cbc15319acc384706aa176c4056e8
ae57c8630249,0,test,2423,1050,1050,1.0,87.9874267578125,48.85209156187912,136.31860588653944,False,23a7756778506e2a92a2946cf12774c0
ae58ccb5905e,0,train,2424,1050,1050,1.0,75.71774291992188,41.99636585471707,115.67159341275692,False,eed9a353dc9fc8bcfdc91fcd9f60a7a1
ae5d31979f19,0,val,2425,2416,1736,0.934,69.89047241210938,27.971791311538144,86.3454902023077,False,8c73e9306f8c2ee23a204a9fafdbf3e3
ae61e19fb766,0,train,2426,2048,1536,0.605,86.33346557617188,52.50031018022708,223.0278046594467,False,ec6bbc44e873fc34df6a600a09ee4289
ae8424cdb029,2,train,2427,2588,1958,1.0,75.56442260742188,28.56509514709883,32.82974824286066,False,731920d7fbce980d03ac62a1db04aabb
ae8472f8d310,1,val,2428,2416,1736,0.935,104.31179809570312,39.05353270464966,260.3044107221067,False,257504c6360ff5fa80b499e4b8a55a57
ae94ce412de9,0,train,2429,2588,1958,1.0,81.47479248046875,37.8934616281099,78.83715312904678,False,27a09272e6885c2ea067f4dee21eb4ea
ae975c43bd8b,0,val,2430,1050,1050,1.0,83.888427734375,45.35406098165831,137.13431467837654,False,b8630e809e9c7953232e2c51605ee9a7
aea59ebec445,3,test,2431,3216,2136,0.842,74.7142333984375,29.71510182816838,70.74460807070136,False,bf4c35896ef4cbf266336408b2cf6a2e
aeab0a63bcaf,0,test,2432,2048,1536,0.605,86.17037963867188,46.211750366132776,197.49692188110203,False,e52cda10dcf832ac1e1eae9b7cb0a31c
aeb6f4fd2eed,0,train,2433,2048,1536,0.604,75.68919372558594,47.01135898851563,177.98250876716338,False,f3167d937c3838675e920920bd951461
aebe87a423c8,0,train,2434,819,614,0.61,85.65603637695312,49.49333228808852,160.41088187298737,False,877f11638f7ff4d7e3d85f566deba3e0
aec51513cf45,0,train,2435,819,614,0.606,64.86558532714844,37.2299400317932,95.06263622548431,False,c9b534546018e68425e0a87946d4ad02
aeccef0bdc26,0,train,2436,1050,1050,1.0,71.80429077148438,39.69624346843534,131.2448886053171,False,d306cefc2948eb65ad5c622e73a531d2
aed4e743c230,2,test,2437,2416,1736,0.932,59.652923583984375,24.600953854262862,49.598018175922334,False,68df4eb00ab505ff9da755c54b1b5a4d
aeed1f251ceb,4,train,2438,3216,2136,0.842,74.74162292480469,28.33355345124767,123.76964476611465,False,b22bb5d93f07a39b8479ca6e3ad8ae5c
aef9016557ca,2,test,2439,640,480,1.0,95.1170654296875,16.085699345056376,38.14070944394916,False,667091b3b904537864b9526eb65f1dd3
af133a85ea0c,1,train,2440,2416,1736,0.935,70.91600036621094,27.423009175156235,124.93505341908894,False,14be75457092f0c340ed3f21e9ea14ca
af345c68e836,0,test,2441,1050,1050,1.0,82.71781921386719,43.31781979533735,143.30743195768446,False,88c60fd123caeabc8756a689e67b429d
af3b0115aad1,3,val,2442,2416,1736,0.934,84.70976257324219,32.274413431667185,160.53779437742196,False,0b5ee166e09f04c319883c6309ffa888
af5a0bc4e1fa,0,train,2443,819,614,0.931,52.27497863769531,27.4180184504248,74.92452012654394,False,926855d1a5496fc4672cc0da847ff3d1
af6166d57f13,0,train,2444,2048,1536,0.684,66.79856872558594,46.93277850313889,108.9645034885034,False,5aa2d6e02d9a79ee67057d3839f109d9
af6a1508cd95,0,val,2445,2588,1958,1.0,85.16188049316406,36.96046017848462,45.10965238488279,False,821b49790f287e8c315db051039ba9b9
af7a36454670,0,train,2446,1050,1050,1.0,87.01217651367188,45.49404168709829,155.1178888694849,False,6ad4afeef0c29cd26787d50abae4567e
af828dab3ffc,2,test,2447,3216,2136,0.842,89.85856628417969,32.5131138212963,123.5822741126176,False,699eb5645d30c3772b16906377be3bc1
af831c158744,2,val,2448,3216,2136,0.841,86.46556091308594,34.00638930277931,92.68542232713662,False,ca1bc47aed48b5a301513fc4b79f723f
af87d48ffe01,0,train,2449,2048,1536,0.604,82.65953063964844,46.87502182733256,123.57422035722993,False,43aca4698f191be7f6b9a09df0f2759b
af8aa32beee4,2,train,2450,2416,1736,0.934,100.27117919921875,36.47298081481266,199.865059701493,False,1379b7b6d7ce89d01f21216d9cb96bfb
afc345cc9145,0,train,2451,2588,1958,1.0,70.86740112304688,32.292373549518764,64.96769809699617,False,232b4628b88c86a4184ceef018dfdbba
afc744fad65e,0,train,2452,1050,1050,1.0,88.03224182128906,47.51054199054635,165.25476546934806,False,3307c3c88dfd4a85350bbb8dc036742a
b019a49787c1,3,test,2453,2896,1944,0.64,59.402618408203125,32.73377565798868,112.44839876517653,False,04601b7be1e047810153a436dec370b4
b033ab4fb723,2,val,2454,1844,1226,0.816,82.12513732910156,36.5021471930965,87.12912042601965,False,b51944129e1af813c8eb257510f2a060
b05922e7abd3,0,train,2455,1050,1050,1.0,84.2684326171875,44.68481876609265,129.21658783778548,False,6c5daac78a9a7673d2328115e736d26e
b0619ca93a5f,0,train,2456,1050,1050,1.0,82.6192626953125,44.361111355847626,131.94071058090776,False,7014d9d152a914df70e34b4cf1604155
b06dabab4f09,2,train,2457,1504,1000,0.811,48.03338623046875,23.41630583093367,47.285262695513666,False,4a705364c825e1b27d8a1c1a167a64ce
b07bc463b718,1,train,2458,2588,1958,0.997,52.97721862792969,23.872624619610075,28.728136222576723,False,898e7556ebb552e91c0d06f4c69fbb68
b085caa513a8,0,train,2459,819,614,0.926,49.88093566894531,24.75029405855363,30.701536988606676,False,ccaf4f2b46926d612cf8615ffa51310d
b086c7cd3868,0,train,2460,1050,1050,1.0,77.3985595703125,42.07473710629496,126.71273287176155,False,78fcf2bf85950f3a1440e769922b0f6e
b09101adb478,0,train,2461,1050,1050,1.0,73.19645690917969,41.34912768573616,121.1119494875893,False,532d0825b0be0bfa211cc53a2590f88b
b0acd3593310,0,train,2462,2588,1958,1.0,58.75962829589844,30.371465387734577,83.7679903244134,False,d87e8fb09aa98708897a0f3b68d8f25d
b0b3b16fc305,0,test,2463,1050,1050,1.0,65.02816772460938,35.750389257567136,93.45388788892888,False,96883f9c80592db13562fae25ec64837
b0c9a492e068,0,train,2464,2588,1958,1.0,41.96624755859375,18.77297962745956,26.586699738167226,True,8228e4aefa7e214cd257b4592fbecc49
b0cc9f8d06e4,2,train,2465,3388,2588,0.871,52.922943115234375,22.209509489140657,57.6725907176733,False,c1590ea3c3df572614be8b407ae96364
b0d35981708b,2,train,2466,3216,2136,0.843,100.53407287597656,36.92635086373129,171.92462205514312,False,341485a55958bfc2e6717c91ddc03649
b0d6417bad3e,2,test,2467,2416,1736,0.935,68.30131530761719,28.002884015089304,87.45500349625945,False,543ce567ae5f333ca45ed1b0dc2792b9
b0eeae01b8ab,2,train,2468,640,480,1.0,84.96269226074219,19.82811106438571,28.856445655226707,False,436c16d7086b8deafc2c4239f1bb0385
b0f0fa677d5f,0,train,2469,1050,1050,1.0,83.3232421875,45.65019077248628,145.31401461712085,False,56914304426a7c660fd97dc95d4a8fa9
b0f8613305a3,0,test,2470,2416,1736,0.934,62.30274963378906,22.413738501014457,64.29143691062927,False,2e0bd2dba1bc448596b77772911b3a99
b10fca20c885,0,train,2471,1050,1050,1.0,75.4139404296875,39.85458006611601,125.55052254255861,False,da0a9d394d649173521efecbae55022c
b1197f2cc9b3,1,val,2472,2416,1736,0.934,64.39752197265625,25.171550615965533,63.44706434663385,False,4a2d79dbcff7c652a9e0a7e2b710148f
b11dcdcbc8c8,0,val,2473,2588,1958,1.0,73.55592346191406,27.435069898043785,53.563358320854604,False,605a7208a85b7f9ba6141560a9ca266c
b13d72ceea26,2,train,2474,1504,1000,0.811,92.85433959960938,36.97301128284246,126.54732654988766,False,2a8b966c339427f048e994ba0e0e4e6b
b16dd4483ca5,0,train,2475,2048,1536,0.604,86.48519897460938,50.03323962921931,160.17781375884078,False,85ff8dce05d13c0b7d97a0b50f1a6070
b17f0b81dab3,1,train,2476,2416,1736,0.934,61.68415832519531,22.673608447651933,63.0053244640585,False,0e23361bf23ab85233097cbd33a6f66b
b191ba0a2b12,3,train,2477,2588,1958,1.0,39.203948974609375,14.897028160967086,13.756317600607872,True,13da0ba4fe5ec94893450fe08110dc62
b1b3e7d0a5f3,4,train,2478,2416,1736,0.934,68.3515625,26.85915684902683,70.85739515139721,False,bf53e1b74c9878e832b4b083195c67b7
b1c6f0997e27,0,train,2479,1050,1050,1.0,80.98683166503906,43.311737562150185,119.25776436715387,False,1b2c6c88a2890f08b1508bd07c357b67
b1f4122fd36a,2,val,2480,2416,1736,0.934,77.99632263183594,27.978600120878703,92.09609239711426,False,2ab6ef83f263aedcb37b181e92e53edb
b200c23b299b,0,val,2481,1050,1050,1.0,74.54214477539062,39.857247559840644,124.91855641361326,False,87cc9f5d70cd0db0c83ad6c126aa4a8c
b21abe5d9722,0,train,2482,819,614,0.61,83.570068359375,45.769829167868586,234.03879708703607,False,e35e0d12849183deb0607936be011bb5
b22354b5f94b,1,train,2483,2416,1736,0.934,102.41590881347656,36.884855048431916,162.97645490407012,False,73847600cf478501b700931510084e4e
b22cc1bf0b8a,0,test,2484,1050,1050,1.0,87.76313781738281,48.96826828937845,146.0978484877851,False,42f40a9a58b52caf5456f7b694c15e91
b2748ac28fc1,2,train,2485,4288,2848,0.815,84.88970947265625,35.47397160509423,124.31821579276584,False,8b15ca45e4e475bb67cf36c12fc5af27
b294927b14b0,0,train,2486,1050,1050,1.0,84.38119506835938,44.852752013353886,156.52056789398193,False,6613fccecee0824896695764b3e3cdec
b2aaa81cc8f0,2,test,2487,1504,1000,0.838,67.34992980957031,29.825293412325447,83.67814521654509,False,4183a68caec2537b50da356d5f107b8b
b2b79b37d314,0,val,2488,1050,1050,1.0,82.0926513671875,43.14571786028408,136.42895850515924,False,e91a5c3252de408a35910d83be7a7eea
b2b7ccd34cbd,0,train,2489,1050,1050,1.0,73.81605529785156,39.1731163378536,115.48674310650676,False,0556b0df6e4510ca7339648709634836
b2ffa3e18559,3,test,2490,2416,1736,0.934,60.910491943359375,24.882901094371,60.13187313079834,False,6e931bdc3107da994083f857ddc9c302
b310bd564329,3,test,2491,2416,1736,0.934,92.97798156738281,34.93506183392255,157.0189504623413,False,b83b889f57c0a308b4dedf67445e807e
b351ae99413a,0,train,2492,1050,1050,1.0,73.66957092285156,39.86967706498984,116.16321149095893,False,6b5d2c14ccdb986588e9069473e53edf
b35cad8fe2d7,0,train,2493,2588,1958,1.0,82.13749694824219,26.876610716346157,53.92589124944061,False,45483435fce216d20a72f01cac7931f5
b37aae3c8fe1,4,train,2494,2416,1736,0.934,77.31423950195312,28.443582623351578,70.18047912209295,False,bf88aee98ecff8e2f87bd29d873c18dd
b3819a805dca,4,train,2495,2588,1958,1.0,99.37913513183594,41.16808469370061,40.49299398716539,False,b9cd00fcb08398c67c5efdba4781afa9
b3a994760537,0,val,2496,1050,1050,1.0,79.62564086914062,42.08540733454507,130.94378223922104,False,30c639bf048a1674d23b08f4b12e2e03
b3c0c3330278,2,val,2497,3216,2136,0.842,72.30523681640625,30.385062363142882,73.59681927016936,False,5d35b3debd8d17fd0b795df3627803e9
b3d12069e1c5,2,train,2498,2588,1958,1.0,49.692901611328125,24.99500723393768,47.04208353138529,False,94c46c719603b4f67fd275d6cef228fd
b3d135bd3bb5,3,train,2499,2416,1736,0.934,94.02774047851562,35.87564385510853,194.90702605247498,False,d71feb73c824c725f1e15e7467234f18
b3f31c371e59,0,train,2500,1050,1050,1.0,77.38481140136719,41.948901462155916,101.3633536696434,False,885c1cd309438b7b95875fb400b50db0
b402b18d99a5,2,test,2501,2416,1736,0.934,96.57987976074219,33.68129758438597,135.0798491453752,False,5874e463b2a042bca65e3b0b5ecc65f2
b402daa0864c,2,train,2502,3216,2136,0.842,68.93800354003906,25.557911388443664,86.30287891253829,False,4673fa20e24c013bba4635c817b9f24d
b43440c6ebe4,0,val,2503,2588,1958,1.0,59.24143981933594,24.659566468417864,42.562546636909246,False,61223769877b09e5a01e347748ae9dba
b460ca9fa26f,0,val,2504,1050,1050,1.0,83.89729309082031,43.940745193176085,152.52816806733608,False,0758e75b13eef4d510373c1a154de473
b468ebf5cb11,2,train,2505,3216,2136,0.842,96.4859619140625,36.02537851868548,138.30888721509837,False,fba2f497209a49e713f79f17f4d330b6
b46b09a45f39,0,train,2506,1050,1050,1.0,84.60385131835938,46.57674304821932,132.82192319538444,False,78244612bf14b162d386d61bec0a5b55
b498b84d383f,2,train,2507,3388,2588,0.869,75.5093994140625,31.952833273892008,202.33471316262148,False,d69f74cef2cf3084a68a2bee53d9e2c4
b49b2fac2514,4,train,2508,3388,2588,0.866,72.24269104003906,30.955417445861737,118.96946426853538,False,2a60be575c321b826149a4fedeb12961
b4b04d81acbb,0,train,2509,1050,1050,0.996,53.13963317871094,29.55103018958616,70.20295214443468,False,8a6da415b04974d00fd2dcf4ec216819
b4e15102cd7a,0,val,2510,2588,1958,1.0,60.005157470703125,20.968451009933105,26.001200426137075,True,c08c0d06d291379868a962dc0ee8ff05
b4f41b5bf0ef,1,test,2511,2416,1736,0.934,66.26081848144531,25.067215193410384,90.95551430783235,False,52cdc4bca101237436819dcb489ad883
b50b30aa6e6c,1,train,2512,3216,2136,0.843,105.20671081542969,38.69156157066396,156.82054290082306,False,b54a661170868a2a55c567cef21890fe
b5204c0decc7,0,train,2513,1050,1050,1.0,82.00543212890625,45.583014256998126,122.07397566735744,False,6b9d89098f4e47c1812fc22229913305
b532dedd928c,0,train,2514,2048,1536,0.605,84.63813781738281,46.48877563176173,182.02565125282854,False,58e97ff56cc3f4f50b947cf6f9a11c13
b549af91bd30,0,train,2515,1050,1050,1.0,79.31826782226562,41.36111439754243,138.64150624512695,False,6ac8c1997700dfdb0dc275db41749180
b553e7909535,0,val,2516,1050,1050,1.0,91.21949768066406,49.96764021293028,276.28858643677086,False,94d22d1d5a9fa9c47fdedaf1df844178
b55d2ddb3e75,4,test,2517,3216,2136,0.842,87.49229431152344,32.0895220970231,131.31724224984646,False,9028bac426ab30f0ae14bacfa1f58c4c
b56340f472d2,1,train,2518,2416,1736,0.934,63.81837463378906,25.57368716550361,141.18795912317,False,085ba3e5ae80647a22422f83b9faf8be
b574d229ec4c,2,val,2519,3216,2136,0.843,115.10324096679688,44.923805914957896,164.61764573678374,False,84bc08974e78ef478691318247e53e44
b576c5269ad1,1,train,2520,2416,1736,0.934,67.18096923828125,25.63167063305544,86.7804762981832,False,aa6b1c883760169608082b35fc0e480d
b5834ee64541,3,train,2521,2416,1736,0.934,90.01718139648438,33.47302404672781,114.89159535407089,False,15567733fe2737b12d86ded6aeb1b93f
b598bc9753c2,0,train,2522,1050,1050,1.0,93.81260681152344,49.157304717198585,174.74497051443905,False,0922e0968704e01a6e76a3833786f032
b5a3ca5c0a80,0,val,2523,1050,1050,1.0,85.53167724609375,46.66370644294649,151.36070925649256,False,bdf8c9854a56b9437f8e1c33cf95408d
b5b913358b32,0,val,2524,1050,1050,1.0,79.26437377929688,42.9063825540894,125.85104617103934,False,8ada3b70f180ebbb351a48820be4457c
b5bf7b84fc66,0,train,2525,1050,1050,1.0,79.71011352539062,41.546108275077884,153.25193457957357,False,6ad743b386f5cf5ba5cb8ec8696aa484
b5c80d0ed0ff,2,train,2526,1050,1050,1.0,76.76606750488281,41.24647101472783,144.30203031003475,False,9b755b320c0f4f164c70c6687c041b00
b5e6ae31493c,0,train,2527,1050,1050,1.0,87.69480895996094,46.231364171000806,154.19330351031385,False,66c508cf969a575c805566ddfec2f0dd
b60dbf9f0744,2,train,2528,2416,1736,0.934,68.15409851074219,25.12321830517218,69.20073699578643,False,7abf6ecea6b6c81420d6c122cfff7c0b
b6304c545f95,2,val,2529,2588,1958,1.0,27.186492919921875,12.022866831007134,10.346913959831,True,5fd36435f7b3decd490a514e78ea3b9a
b640e3bdff75,1,test,2530,2416,1736,0.934,70.24058532714844,26.77823345165213,115.07279166369699,False,64af0669eaab9fc4043756aedd15786f
b64e1eef3d63,0,train,2531,2048,1536,0.605,65.20817565917969,36.205219440378755,91.15743468492292,False,da24ab3a198390946adeadf6806cb599
b65ff67743b2,2,train,2532,3216,2136,0.842,92.22171020507812,33.366776511385474,122.6712516171392,False,4d094e91d90156aacfd005443ff02559
b665041e1633,2,test,2533,2588,1958,1.0,32.626983642578125,15.042640220809668,13.19569359626621,True,68c7a3d37aaf795c8bcb37ce70310b83
b66f23ffa730,0,train,2534,1050,1050,1.0,76.48666381835938,42.68048732350241,122.98591504991055,False,f5582c64f5dfd64fa2f4d5a8a2e47bbd
b67ae80f7eba,0,train,2535,819,614,0.931,44.161376953125,24.945481716433893,42.34859468694776,False,aa1a70515e1eed694f9497ce51adb197
b69c224edd6e,0,train,2536,2588,1958,1.0,71.43629455566406,39.51107903696367,92.60969041939825,False,956ad2c8f3f50901418e637790214b6c
b6a0e348a01e,1,test,2537,2588,1958,1.0,78.4603271484375,42.432227970004625,58.157559064915404,False,632c849cdba62614cd350f6f72a51ba8
b6bf847fbcb2,0,train,2538,1050,1050,1.0,86.29373168945312,45.63409611825952,162.06561476644129,False,c6ec634bb1030a3310cefd3bebbc7418
b6bfe9db60e5,3,val,2539,2416,1736,0.935,79.53160095214844,30.029272562090792,134.09786694473587,False,f0fb22165fd043456e0c991730adbcfc
b6d9974443ce,0,val,2540,2048,1536,0.605,81.31187438964844,48.784290730570305,186.06358240544796,False,21e3a225666886c98e270fb1e16393e2
b6fd109b1bc9,0,train,2541,2588,1958,1.0,41.80485534667969,20.323259355595212,34.509594317525625,True,f508d78017230474f3b769e1f25ca1ef
b70cb31b9abb,4,train,2542,3216,2136,0.842,84.88670349121094,32.031531480618746,93.10865749022923,False,10028a69d19b1995deff96a44d04edde
b70e7c26f51e,0,val,2543,1050,1050,1.0,82.2327880859375,46.341897356238945,150.32641706219874,False,4f5b4e1984d390da7e01aa1399e496c9
b71428739d4e,1,train,2544,1050,1050,1.0,75.00906372070312,39.9625470518635,122.72167796245776,False,7402aaae7df8b987b2b27a87bb14fca0
b7278b4f2448,1,train,2545,4288,2848,0.81,61.491973876953125,24.930058957693685,74.89840876101516,False,5bbdbcdfb784ae46fbade440efb1159f
b72a86d61959,0,train,2546,1050,1050,1.0,87.11235046386719,47.75435243329621,167.31417926377617,False,498e24471fd34386b534c762b695af02
b72f59b85f7c,0,val,2547,2048,1536,0.604,71.10836791992188,40.84413598525758,108.18888666853309,False,b08aec2ea0874875b37ad6e6c019a606
b73d0bcd3d33,0,train,2548,819,614,0.606,44.35020446777344,25.56504856297051,48.05105613148771,False,7e81ea8bd8cbc8bf0b725cc2f36e3c66
b746a6681ba9,2,train,2549,3216,2136,0.842,80.9063720703125,31.13357450325685,109.09078183677047,False,8deae1816c155db949e37d36afe1c5e1
b74de20d73de,0,train,2550,2048,1536,0.605,89.18417358398438,50.53673056543435,202.42163730761968,False,1d46059febc45d6e22b87086d1406d62
b759cbef90c5,0,val,2551,1050,1050,1.0,82.02285766601562,43.3511136835633,139.00735643855296,False,598527acddba069eb42742f815dc8cb4
b762c29cf2f3,2,train,2552,2416,1736,0.934,83.00556945800781,30.7027202002845,120.95370466914028,False,94e3f510f1c1af55fbd8af9fb437d629
b77b88926843,0,train,2553,1050,1050,1.0,79.103271484375,42.87496317578283,139.77210385887884,False,d9deb230594d5a9a17a889df4dc88991
b77b8a1f09f1,4,test,2554,2416,1736,0.935,100.722412109375,36.59885139561901,159.8805008267518,False,bfb1c5105586fa60245bb33805c145c4
b7983cb3f270,0,train,2555,1050,1050,1.0,78.09182739257812,40.86270775850427,132.9276062862482,False,f023926a66e05a64cde7898c3b43903c
b7a1bb106051,0,train,2556,1050,1050,1.0,75.49974060058594,41.28310328248024,127.28486156091094,False,26e671bc7458ecbf5e57294319f19a91
b7aca95b97b9,0,train,2557,819,614,0.931,47.84379577636719,28.367536579911015,76.35123198083602,False,1161409731fa844943146413d717f44a
b7bd4a6627b6,0,train,2558,1050,1050,1.0,86.64749145507812,48.25194080740002,159.40904294606298,False,acbf7f2e5bf745a82608532e85342c0e
b7ce561a7328,0,train,2559,1050,1050,1.0,78.76930236816406,43.406580982855814,124.08276794850826,False,4a3dd59e061dd928187772250f7d5739
b7e0f95353f2,3,train,2560,3216,2136,0.842,88.33042907714844,32.07649376102306,142.5611498914659,False,d8a825503375a78cb01cda75aba639ac
b7f0bc7d399e,0,train,2561,2588,1958,1.0,70.70671081542969,27.256182240838786,61.60204754746519,False,86ebefa15882719b8b918c63052a2743
b8297a2291f5,0,train,2562,1050,1050,1.0,79.34701538085938,42.87584063558707,129.43242930225097,False,4d6d1162d6b66787e4708fb53f19b89f
b82d5f1f1145,2,train,2563,1844,1226,0.816,68.071044921875,28.69016500219981,83.14936937927268,False,1fa77108a8de34425c3aeb395fa305ec
b82dfa63a75f,0,val,2564,2048,1536,0.605,94.31141662597656,52.61606655062939,325.9679035337176,False,66c3bef86f0742d159c05d186cd7f978
b835b6e31a59,0,train,2565,1050,1050,1.0,79.22035217285156,41.75059077488312,137.7241599522531,False,29663cf2b03cc4283f993ea6aa6d3ad4
b83a6eca125f,2,train,2566,3216,2136,0.842,79.92340087890625,30.24565092552369,119.35656367964111,False,199016d90d51f6780910654d56373d92
b842b43cb7fb,0,train,2567,2048,1536,0.605,72.01329040527344,41.11206285755087,144.7496646286454,False,18158c919a472e9dce8e053d6063d11f
b86fb2d5be1a,0,val,2568,2588,1958,1.0,72.91862487792969,28.650971876899312,73.33414677507244,False,20a3c146d6e8c684e875090df1457cf2
b87f9c59748b,4,test,2569,2588,1958,1.0,87.32778930664062,32.120764410562984,58.242217141902074,False,a317368225df7b4efda0c28ea50d63e6
b89938407ee6,2,train,2570,2588,1958,1.0,76.48048400878906,40.265772988366884,66.4169199296739,False,7c14685609c87d0f6563f16ee72c31d5
b8ac328009e0,2,train,2571,1504,1000,0.84,95.25627136230469,36.99897000141518,165.50316524505615,False,6de1e04f816fb915da5832eba82b0a1a
b8dab47a260e,0,val,2572,1050,1050,1.0,81.84622192382812,44.424368071183544,142.54972684732638,False,5f17f3e32eaab5e3dcea4593ce68783e
b8e20c076b03,0,train,2573,2588,1958,1.0,93.97740173339844,36.53434569976515,88.36806236207485,False,6444ba6f1e6f626c024a6625a989869d
b8e9a8f4617d,0,test,2574,1050,1050,1.0,85.37872314453125,46.915678978505376,122.22310923389159,False,6459834515d1b4a2073ba2d6a145b819
b8f1b30877db,2,train,2575,2416,1736,0.934,58.82246398925781,21.68517152222431,67.07590661942959,False,8e87c9e17febf31bf4a9a4fddc388f80
b8fb9f55cd6d,2,train,2576,3216,2136,0.842,92.55009460449219,34.26563781140514,145.1547330468893,False,53a727f3b935db533049f50207fdc0be
b90bc89ce8d8,4,train,2577,3388,2588,0.865,57.8868408203125,24.29348248381567,99.52130983769894,False,57765b4f727ef32b300c2847677b577b
b927a9238434,2,test,2578,3216,2136,0.842,93.012451171875,33.6783581707845,142.26353868003935,False,f0beea9c985d60bf3565b612ce069793
b92eacd1392a,0,train,2579,1050,1050,1.0,88.99772644042969,46.92186730282018,139.6387268267572,False,c2033f9570ae96376bd589050fb0d9c1
b94c58d063bf,1,train,2580,2588,1958,0.995,53.6800537109375,23.724759590437756,37.00121723650955,False,ab8ab0d771fb64a807d83c39f97acbd1
b9519abce0c1,0,train,2581,819,614,0.61,96.70137023925781,55.97661790670132,315.83837430155836,False,372d55fb253350fd4461656f4fb2af5e
b95d4dd8e5e2,2,val,2582,3216,2136,0.843,104.83360290527344,39.900114551596204,206.8155915401876,False,1bcf64314348f0c91e88f0f0b6ee7763
b960142a8de7,3,train,2583,2896,1944,0.64,61.85658264160156,32.03553158794845,86.26214764919132,False,dffa10e87626226b85dddb79f802b8d4
b963a11638f2,0,test,2584,819,614,0.931,38.29118347167969,18.154175041536597,27.10012566833757,True,1834995cead9264c58afe4d925fb6bce
b96b518596b3,4,test,2585,4288,2848,0.808,79.04501342773438,31.231534390626503,138.20848191692494,False,654553bcb8923c5f67364150a88cfb68
b98f77098b9d,2,train,2586,2588,1958,1.0,58.504730224609375,21.607840737471033,36.867346968501806,False,6e00deb581028b683788e7a0a9263722
b99794a0beed,2,train,2587,3216,2136,0.847,120.57608032226562,45.309119395631726,163.63279889523983,False,32cf28a6eeb8df7ba767947eb523eb77
b99afe7137fb,4,train,2588,2588,1958,1.0,63.85882568359375,26.79410513632668,28.348481805762276,True,525dc2244cf803104f1b475590cef34b
b99c825b93c5,2,val,2589,3216,2136,0.842,72.41363525390625,30.19756044943745,98.34304927941412,False,7204e87cf5c777e29fda5b86c436f58b
b9b6ee2b9453,2,test,2590,1467,1110,1.0,76.70953369140625,30.34250103115307,68.92047309782356,False,8c375cccd72af752fa2458233a809ca5
b9b99dad668d,1,train,2591,2416,1736,0.934,78.25360107421875,28.177503930527998,97.87213113694452,False,eec6d5e45d17159b6c17f381ffaff4c6
b9bc81fcb075,0,train,2592,1050,1050,1.0,78.75543212890625,42.32547786439046,123.0165942532476,False,72f7e71cf84bb09d9e81ef1e21703b00
b9c7c5182075,0,train,2593,1050,1050,1.0,81.47410583496094,45.20306728684129,145.91869953181595,False,51561a4e371ca8b422dc101aa05e1566
b9d0b83d70c3,0,train,2594,819,614,0.606,68.21182250976562,37.47812706010455,101.055416935822,False,bd551430ea0d5ac7f4fd8218b9762245
b9fe7da14a32,0,train,2595,819,614,0.931,50.67706298828125,27.371202558687987,57.98032134771347,False,54626091ea23d2dcfc969a46cc9e5ffa
ba0107fb1bfd,0,train,2596,1050,1050,1.0,85.800048828125,46.166500096918625,169.48685812950134,False,8437c9026701b0d925b6fde98d0658f3
ba08cee68c71,4,train,2597,2416,1736,0.934,65.94155883789062,26.482413209268348,67.8046669876203,False,6c6f58a2f95afd571b14817727278f3b
ba25f947f4ec,2,val,2598,3216,2136,0.846,115.88731384277344,42.560419342715846,241.05552996485494,False,704a36fce0f034d087b3678215c218d8
ba2ea9182090,0,test,2599,1050,1050,1.0,73.01347351074219,39.40036174451064,136.18889729841612,False,742c138ed78ce847b26a2a9ac4e8223e
ba4d2c4b3039,4,val,2600,3388,2588,0.865,59.69435119628906,25.835773473836763,80.9560686191544,False,7a2686f924a7910fb682438639e265f9
ba4e62c11cc0,0,train,2601,1050,1050,1.0,81.80857849121094,44.5386657094928,115.34188403910957,False,78de294dd47a335c106351f9df74eb58
ba735b286d62,4,train,2602,2416,1736,0.934,70.38807678222656,25.76439998698625,108.3869113100227,False,6c9d26bab272c4b6d0d4333de16f61d4
baaca2f7e1f0,0,train,2603,1050,1050,1.0,81.25155639648438,42.32146172399483,125.30490105971694,False,f29f84cf43dc6388f4e067f02bdad885
bab776139279,0,train,2604,2048,1536,0.605,74.73548889160156,40.11677893915008,119.07450479269028,False,6f1f4c38cc6a8c77386bddc7e48c35c0
bac1744955c2,0,train,2605,1050,1050,1.0,66.94300842285156,37.73837124131669,114.27040506061167,False,7969aad1bd34bea6ccaf8142eb7fc59c
bacfa2b8e706,0,val,2606,1050,1050,1.0,67.3333740234375,36.87868932739599,100.63410284160636,False,b4bfdc05e1195dcf17f7c4a2f5fb46c8
bb08949dd70a,0,train,2607,819,614,0.931,42.522674560546875,24.464549767714104,62.989993538474664,True,a55ae60fb0c1b76d97156df3450b0bf1
bb11db08584a,1,train,2608,2416,1736,0.934,78.79335021972656,32.6891665421865,154.29159100702964,False,571527fcad3ad9c9f29dc96ee9f4ae83
bb2f89488ecd,0,train,2609,1050,1050,1.0,78.911865234375,43.394170465153394,108.96095160301775,False,82ae63bbfcac1ab8bdb01af23af8982c
bb45257258cc,1,train,2610,2416,1736,0.935,87.72125244140625,32.658269375269114,152.33625923097134,False,8e5c57cfe46f182d7438d940908cfbe4
bb733062f494,2,train,2612,3216,2136,0.842,109.86953735351562,40.107589708220445,171.90945197246037,False,3a6d5bc326a1dab66b5f86644c150647
bb752b179751,0,train,2613,1050,1050,1.0,82.34324645996094,45.127243818191616,152.87478880491108,False,5f109e12630cd752a1d15d97b1f0a865
bb783d8e496f,1,train,2614,2416,1736,0.934,108.26138305664062,38.63616337769696,185.08114394708537,False,eb42e4ccc1fd1ddad49ef1e82637c42f
bb7e0a2544cd,3,train,2615,1504,1000,0.838,58.586212158203125,25.563118074605057,57.1645358717069,False,4504e9549c404aea6f9424817dbafd5b
bb85097857fa,0,train,2616,2048,1536,0.605,91.08090209960938,52.00678136433385,157.15901982411742,False,808c74e072d8c068036ffb6a435e565f
bb9a3d835a94,1,train,2617,2416,1736,0.934,64.74935913085938,27.368267739428816,134.06408042437397,False,ff39484b425acfa384fefdabc38543db
bba38f2294a3,4,train,2618,2416,1736,0.934,87.56144714355469,35.01570312324666,118.20085445954464,False,83bcd3ac564ce98ddbfb7396d03441c7
bc23f74e14dd,2,train,2619,2588,1958,1.0,32.70860290527344,16.25079634358168,12.993268116377294,True,5efc6438e653eb01ec09ca2ea024118e
bc34ed91c9bc,4,test,2620,3388,2588,0.865,72.23342895507812,30.021673639559083,93.21778178121895,False,c6563b55ad4d36f7129735521779ac7c
bc34f52c37c7,0,train,2621,2048,1536,0.605,93.433349609375,50.83769622323553,208.42896009027027,False,ad777cbadb9c9fb6036f581315d0af14
bc73ce76ec43,1,train,2622,1050,1050,1.0,75.65377807617188,40.866294045607304,125.33186800009571,False,93edc7cc33baf598cb191d7895d5ee8f
bc7bf19b84e3,0,test,2623,1050,1050,1.0,82.53955078125,43.350239304384715,133.2155728728976,False,4e3cdb2e43221f107a03b4031afbbd3f
bc8c6a778cde,0,train,2624,819,614,0.606,75.30110168457031,42.3423113225057,120.04166215658188,False,1aa168b6268ba18218b678be6c6eaf20
bc92a61a1f9c,0,train,2625,1050,1050,1.0,95.6134033203125,50.14526067100573,166.10176938190125,False,335011f9842c10ec48d6b9248fdc2e2e
bca2bdc15fc5,2,train,2626,2588,1958,1.0,55.30023193359375,25.311334921005574,18.51038063969463,True,bffbfcec270cdf0c5e2c5d7437d6221f
bcb0498ed2c1,0,train,2627,2588,1958,1.0,42.636627197265625,18.103734932521913,25.31239104270935,True,7f4f3ac3834860befde7b831cee0485d
bcc762618e7d,2,train,2628,1844,1226,0.818,109.89520263671875,45.576087171436214,144.55709960288368,False,2ccf858a20cfa98b39f361fd80a49bdd
bcd503c726ba,4,train,2629,2416,1736,0.934,79.73890686035156,31.220774770524876,190.43624943401664,False,c019473ce53f1e2064de3b16dca2d2e2
bcdc8db5423b,2,train,2630,3216,2136,0.842,74.06829833984375,28.21277976425272,74.59320927318186,False,c7660cb49b8811ccef8d04f6c962a321
bd06028eb7dd,0,val,2631,1050,1050,1.0,76.97015380859375,41.08200833709991,126.5381989122834,False,f44fb81e5aed1016ed365abcc1eea886
bd269a1f0e4d,1,train,2632,2416,1736,0.934,65.58085632324219,27.078527777571196,117.38868664205074,False,65af527160a5a0d9da339110aebc9666
bd34a0639575,0,train,2633,1050,1050,1.0,80.18150329589844,43.317324066059385,123.4884392907843,False,185e7cf623cabeb105d15ad48a4be188
bd375ba756b1,0,train,2634,2048,1536,0.604,70.94442749023438,40.16118525213511,85.03074317774735,False,b2cb48b7ff1904e45962148dfb86a425
bd500a73beae,0,train,2635,1050,1050,1.0,85.52711486816406,44.893179662545755,145.0523370464798,False,b64114ebe87de6a4cb83c4e397158111
bd9904495ccd,4,train,2636,3216,2136,0.842,100.69816589355469,36.66446586190487,201.25941575854085,False,1aa207c46ae7930ff802a508860ec8e0
bda7ff3b1562,2,test,2637,3388,2588,0.871,65.92169189453125,27.202628615315938,103.8205828142818,False,11b817b14afaa92ba1d71dc1a5d9b364
bda8c973b09d,2,train,2638,3216,2136,0.842,94.71693420410156,34.47085575291394,142.25997716095299,False,6735d78cb90df26bc23517a302ee318f
bda91b76095b,0,train,2639,1476,1117,1.0,86.62709045410156,42.10428088817367,111.78501838073134,False,fe38b77518bf50d7341f976e8ae9897d
bdb98063fe84,2,train,2640,2588,1958,1.0,61.09950256347656,28.032571143556783,23.27242661244236,True,f99ee8ea5fdff2865591f5d3937354ae
bdc6c60e9133,0,test,2641,2048,1536,0.604,85.11653137207031,46.73441533092195,154.01939057465643,False,cebdd8337289e5f6f4eb7e27d7917387
bde1063a5dd7,0,test,2642,2588,1958,1.0,80.33802795410156,28.960199514600863,37.98290243651718,False,1485b004f63695e5f5c322d12c56e86c
bdf47b9f10c4,0,train,2643,1050,1050,1.0,84.70509338378906,45.80034520378593,142.74721109494567,False,d4b1d60602c2fc8f4c0e08148589addf
bdff5d8bddf8,4,train,2644,3216,2136,0.843,83.91793823242188,30.481675111044773,119.21466615702957,False,aa7865a86e0ee7301acc51939bec1612
be197b663520,0,train,2645,1050,1050,1.0,72.60354614257812,41.6713765246371,105.04840525891632,False,3894ce327e0c2f4b37b346a0e66e1f95
be21d8b60e2a,2,train,2646,1050,1050,1.0,67.53567504882812,36.84292761415026,103.59834456071258,False,cf8d9e06d890a1db97609abca3a33fca
be3a7d9e981e,0,train,2647,2048,1536,0.703,48.34004211425781,36.364346265867745,59.93784771859646,False,29db0aed24318f9515a02e11fa57ba41
be521870a0ea,0,train,2648,819,614,0.931,45.68214416503906,25.874706836488716,31.19698870833963,False,9e75e9940fa19d70efcfe0d2751fb61e
be68322c7223,2,test,2649,3216,2136,0.842,101.14804077148438,41.14328231180593,136.7189740538597,False,5630b46c34009454110dbc20ce8d3792
be6cbf6e5b10,0,test,2650,2048,1536,0.604,80.53610229492188,43.49237249425454,111.03299936256371,False,bf70ff6980c572f36d350ab109f977b0
be7bc89f5fec,2,train,2651,640,480,1.0,81.16950988769531,17.785424320995446,23.693026966415346,True,62fb1956bc67aad7e9ccd62aafbbbdea
be7f791a7877,0,train,2652,2048,1536,0.605,78.43861389160156,42.67782211290055,146.9193212070968,False,7c9d8b71393e6350bae0310e64f8acb3
be8697eb2078,0,train,2653,1050,1050,1.0,86.920166015625,47.732070561926065,142.32351922616363,False,8893839644e5669216fd5223d8c83b94
beb00fa6e7c9,0,train,2654,2588,1958,1.0,60.69145202636719,20.95170702529853,21.63327039941214,True,89eeb26d731bd92da8c41a51e98a14c4
beb2ad14fd2d,0,train,2655,2588,1958,1.0,47.47161865234375,17.610988901671828,12.26659270748496,True,56a9b479f7c5cdda5edccf084e1e84d3
bebb3f167654,1,val,2656,2416,1736,0.934,82.8726806640625,30.618080484100194,97.18341422080994,False,93378fb8ad0de6a992c820f54f6e109d
bebfbd907cac,0,test,2657,1050,1050,1.0,92.92672729492188,49.853105163967435,156.45063228695653,False,96e79ea2f04fc660261f913ed44561a1
bec0acd539b2,3,val,2658,3216,2136,0.842,61.40370178222656,23.501429173274904,57.94362782104872,False,a3943d99c1f7588ece81f14e7f006feb
bed8296c8dfe,0,train,2659,2048,1536,0.605,72.84243774414062,43.909047364899074,97.02117881085724,False,7992c2441a90c5e173ecf0f1d16a8391
beeca5f14618,0,train,2660,819,614,0.931,45.8099365234375,25.912288484006822,55.597175853094086,False,9e454f35a67213275950fb7212ce7154
bf18ff30a8f6,1,train,2661,2416,1736,0.934,72.09347534179688,26.984601007976654,76.21185860945843,False,e55882d6823438a303fb1beebb83bcea
bf1b7e21e774,2,train,2662,1844,1226,0.818,84.86909484863281,35.326035320059894,98.2818221913185,False,3cf83db932e210662ca89f8092d7d56c
bf6cbccacf39,0,train,2663,819,614,0.606,50.52357482910156,37.080667674338045,118.66417316137813,False,dcca28857e81b6f1a032091079f35bdc
bf7047dc683c,2,train,2664,2416,1736,0.934,65.60533142089844,25.835300496168387,86.77912722527981,False,4f7d0bece36e14b78c75071c62b82482
bf7221a016b5,0,train,2665,2588,1958,1.0,94.98907470703125,33.92734802654838,85.98838696535677,False,d56d3872831185d962b780fb0b5d6081
bf7b4eae7ad0,0,train,2666,1050,1050,1.0,76.57122802734375,40.944321858910904,117.6453964074608,False,0b14bec22d96655c77a03acf8e9c999a
bf8092e4001d,3,train,2667,2896,1944,0.637,86.15022277832031,41.52913039686955,184.72190171387047,False,cea83d1d06e401157afc06eeca3bcf05
bf811911acf9,0,train,2668,1050,1050,1.0,82.89840698242188,43.651780371380056,148.93012584908865,False,5ead1d7942f5b6cc916da7ec6557c18c
bf87aedf2489,0,train,2669,1050,1050,1.0,82.03810119628906,45.676244408923594,134.51865409105085,False,440d72bed9e794e4c32062e03eb9793b
bf9cba745efc,2,train,2670,1050,1050,1.0,77.22225952148438,41.08825388176974,128.62514885887504,False,04efc1b63bf8927199343a7017f76b05
bfa30ebf63a8,0,train,2671,1050,1050,1.0,91.40982055664062,49.25240649847124,199.63259878358804,False,0a778c39fb66ef647f658eeea0213dfc
bfaa0080ab61,2,train,2672,2416,1736,0.934,75.33934020996094,27.060408771038414,110.92601746483706,False,5692caa64a0cca5dac75749684fd2fd6
bfb578c0e8d8,0,val,2673,2588,1958,1.0,60.44651794433594,26.478844758558612,39.93924484751187,False,f1e890392faa1ffd24280566ce6f4143
bfd5c0e55420,2,train,2674,3216,2136,0.843,101.74496459960938,36.992685231752034,152.38534870720468,False,48ef58807584a7bb6a2c0791b7fcff1b
bfda2fd0533a,2,train,2675,2416,1736,0.935,67.44450378417969,25.748760944743747,92.46505623683333,False,5a8c86cde2030a5d6be9eb37ec3d4862
bfdee9be1f1d,4,train,2676,2588,1958,1.0,47.156036376953125,23.635268587510378,20.27052092552185,True,806d9304390a1734b1577eeeda4fc5d5
bfe467b7e997,2,val,2677,3216,2136,0.842,87.56594848632812,31.62586002206172,116.68578710779548,False,fea0e1e3cb2f9a9f1da22edca487839e
bff51afc76d4,0,train,2679,2588,1958,1.0,67.84127807617188,35.44734843003122,166.75585622992367,False,809eb05de42f775d7f1d7f6f247510ac
bffca6eeb2bf,0,train,2680,1050,1050,1.0,77.186279296875,41.180420777289896,143.40554085280746,False,7cdb8c215d712567c706561c0010fff0
c013e869acce,0,test,2681,2048,1536,0.605,92.87721252441406,50.986692439559846,203.12814161903225,False,deaab0056dd550596145683591e25471
c01eae4b4939,4,train,2682,4288,2848,0.814,68.71647644042969,28.41775607972925,99.98358409758657,False,ada66c7acaa012ef164a0c79057931ad
c0202976c670,2,val,2683,3388,2588,0.869,73.05465698242188,29.721123080151642,103.62030713981949,False,6c2c4371f3bce294ec626b11e807ef1e
c06024f05a16,0,train,2684,1050,1050,1.0,89.550048828125,49.76113074533432,137.30423027812503,False,e46697e2db8e36224ca11c361ceb91be
c096131ad065,0,train,2685,1050,1050,1.0,70.42324829101562,37.95771001143097,96.50694723334163,False,c42e8a559246b39db75fd07b079b0dd0
c0968d41eb93,1,test,2686,2416,1736,0.934,85.70033264160156,31.410067066495916,90.05260077281855,False,19f00b75368cb888f923249b6d66a43a
c0a0828e01b4,3,test,2687,3216,2136,0.841,77.44581604003906,28.860077035939423,96.51200352213345,False,05980a732cb2f861cb2a3f3546e2b84f
c0a117de7d0a,0,train,2688,2048,1536,0.604,77.60581970214844,49.23764055580991,157.1704744696617,False,f15ab0a4a085d2d90df2e8c5868a92fe
c0e15e8e2b46,1,train,2689,2588,1958,1.0,65.67300415039062,27.253594251805993,25.15936690173112,True,08b69f9d4e9215572f7f57c334edf111
c0f15fe3b4b7,1,train,2690,4288,2848,0.81,76.31147766113281,31.592370323355933,97.64477586373687,False,ab8803465b287701e72bcbba2a5e336f
c102db7634d8,1,train,2691,4288,2848,0.808,87.21113586425781,34.89736615340298,133.1490240097046,False,8f4643a09a1d1aa7f221867fdbfae721
c12e9ca420a5,0,train,2692,2048,1536,0.628,70.28303527832031,43.72576459363321,108.27916925773025,False,2d325426c3dc356158e7bab975ba015e
c1437a7a52c9,0,test,2693,2588,1958,1.0,85.81416320800781,52.77039361562385,109.99537666048855,False,a1acaff4a92daa450d9fa27b3a44d559
c1799a6f5c65,4,train,2694,2416,1736,0.935,104.12039184570312,38.68087176525737,165.25949380453676,False,e0af41ddd900af8a41c1ca54cb28b43c
c1819db0aece,0,train,2695,1050,1050,1.0,73.38815307617188,39.39670047829104,98.60905094980262,False,e440f9cba868a72d78e74b10329dfda4
c1896142a20a,4,train,2696,2588,1958,1.0,65.67152404785156,20.678802007133473,47.57802323042415,False,a67146e849aef345dc03d02a3657be64
c18a006f7f1d,0,train,2697,1050,1050,1.0,80.71453857421875,44.38752016989668,128.13764661550522,False,7d9947a55a2563de311c86b506ef8d86
c1e6fa1ad314,1,train,2698,2416,1736,0.934,56.69744873046875,22.561012456044722,75.77905343472958,False,058f5289a374da1061ee8c06debd5e05
c1ebe785503a,1,train,2699,2416,1736,0.935,74.75192260742188,27.218964360160978,118.81499881204218,False,2876c05116d097c345578b385709f6ec
c21eb81de9fc,0,train,2700,819,614,0.606,63.01707458496094,36.636346593050014,101.33698715921491,False,a2057498499acb4d368817b9003afea1
c23ff6dcf15e,0,train,2701,2048,1536,0.605,75.88497924804688,43.7457672641297,135.2873243689537,False,e411f42e537c9799c53618f9cc6d2c8d
c24bcf7a1bc4,0,train,2702,1050,1050,1.0,80.18763732910156,43.29195624714142,117.95459776720963,False,2030aa17f3f1e70be1272307a930d6ae
c252da9b41d8,2,train,2703,3216,2136,0.843,95.08657836914062,37.13103823983418,176.72512477636337,False,c4f9d74d5f6007f06995363c1f0365b4
c25e02b39c01,0,train,2704,1050,1050,1.0,74.89089965820312,41.51261286113871,194.88657602271996,False,a2a2a14083d3d350e78c11f5c0db93b3
c261b1aaa828,2,train,2705,2416,1736,0.934,85.48916625976562,30.873935031341983,113.43903249502182,False,b7b64420f7deb4cc71daf8d70114a5df
c26f98f58350,0,train,2706,2048,1536,0.604,77.00961303710938,46.55629021219302,138.20477184280753,False,4461840840cac11439a6aefed538dcc9
c280730cc211,2,train,2707,2416,1736,0.935,63.43089294433594,23.53836013402042,113.26547822146676,False,401c1a37aedd80ff8cef2d70ad5d0f34
c2a58b2cfd0b,0,train,2708,1050,1050,1.0,82.12310791015625,43.228422882195346,125.26447889115661,False,8a8c1176dc9b57e455cd2db385d668d1
c2f3281cf528,0,val,2709,1050,1050,1.0,88.31794738769531,46.33296736561337,158.42978427466005,False,5c1df4db45000cef08f61274053dfe3b
c31651ea04c6,3,val,2710,2588,1958,1.0,54.473358154296875,23.44645385065814,19.168582690646872,True,8f69c9cf1270c9f4181cbda52064e5cb
c334f8688b77,0,train,2711,1050,1050,1.0,74.40939331054688,41.70167750682105,113.14149991585873,False,36ee4f1ee68c43abba8cff3678f87b6a
c365c598ad4e,0,train,2712,1050,1050,1.0,77.1083984375,40.67316141926198,116.9800439083483,False,8701a913f0b937a29dbed9e3a6904378
c373b73a80c8,0,train,2713,2048,1536,0.684,67.95404052734375,47.41814035729016,127.99253567960113,False,09c1ed8ef7c11cc69deb26ebb8acb16e
c3789c1dab96,0,val,2714,819,614,0.606,72.61116027832031,40.15394269981205,84.04986948426813,False,d99508ae9c8d23dcefab2ff07568c3d0
c38dec54a9f7,0,train,2715,1050,1050,1.0,83.51686096191406,46.25004278539991,139.98175071179867,False,07aa9942f4692f7b022b4447467ca730
c3a82acb7d7a,3,train,2716,3216,2136,0.842,74.4224853515625,29.226534888298577,81.45143025740981,False,5a90e9daf9b6985eb2093150b5e00728
c3aa424eff9a,0,val,2717,2048,1536,0.626,61.791534423828125,36.6167486887516,124.07033819612116,False,73181517fd39d33b4c851eb49542bbc1
c3acf47700ea,2,train,2718,3388,2588,0.871,68.784423828125,31.41058504067878,160.7343953512609,False,2e309070faff04d94cee94778c92d84c
c3b15bf9b4bc,0,train,2719,2048,1536,0.605,87.18040466308594,49.23650133690195,335.3975353091955,False,b7be7c14c7542c038f194be0babd52d6
c3c8fdda50c0,0,val,2720,1050,1050,1.0,87.44729614257812,46.16900007587925,152.55704297777265,False,9c47ec447098f10ddadf0c8c85fe278e
c3cd0200df79,3,train,2721,2588,1958,1.0,96.87460327148438,52.3564708029277,171.8719407597091,False,4ea3688404711998724fbc677a643466
c3d12a23f451,4,train,2722,2588,1958,1.0,58.038330078125,20.59720462048571,29.97802277817391,False,fe3e6b512ea59fbfce62a25a895d16f6
c3e02d4a1798,2,test,2723,3216,2136,0.842,92.17762756347656,35.826870999730225,130.960764039075,False,402c5106741c7823cca620307b4a0585
c406325360b1,2,val,2724,1050,1050,1.0,74.82917785644531,40.264611030783726,104.45489190868102,False,d1f531d761fd394d2668bfcd30a655a9
c40976189f22,1,train,2725,2416,1736,0.934,86.58882141113281,32.62045945662356,183.97583011328243,False,5ee92ff5becf3899614de89841af0900
c446985355f1,0,val,2726,1050,1050,1.0,54.437774658203125,30.545859519230376,72.4537814706564,False,86c2ee692968912b1f1c89de8337901c
c48ae5da188e,2,train,2727,3388,2588,0.871,80.5189208984375,34.918614950707514,214.95053401216865,False,380c8960c86497ec19b9a864d3536a62
c4a8f2fcf6e8,1,train,2728,2416,1736,0.935,91.70036315917969,33.86938363143317,158.9950322508812,False,8f8c8743ca5bc1e162e4910697e51a2a
c4aef0d88d1b,0,train,2729,1050,1050,1.0,77.641845703125,41.93682859014078,174.64950774773024,False,fe4ed4859f04fc5cd7e751d452687b30
c4e8b1ec8893,2,train,2730,1050,1050,1.0,80.30621337890625,44.154490512730916,99.26291940710507,False,40f29022ac4445fe9b2ad1b618e59ac2
c52bb7343387,2,train,2731,3216,2136,0.842,93.57310485839844,35.67565352669285,187.77886912878603,False,62113a252edd6d4564f794e5da6f7272
c5431b81cbc9,2,train,2732,2588,1958,1.0,76.90594482421875,36.70520283750873,66.4711530469358,False,f65dac92605a16a04fdece42faf789af
c561bcd519e9,2,val,2733,2416,1736,0.934,59.787567138671875,28.466553590219146,56.67642748146318,False,3f648414a06b92ae1cf71287851748ac
c56293f53191,0,train,2734,1050,1050,1.0,81.32330322265625,43.651415826847234,127.58052679314278,False,de7d9b0abc84669e6772f358c34c7eb8
c568e5245ea5,2,train,2735,2416,1736,0.934,69.54248046875,26.59872866421162,79.93862431286834,False,b3e2b88020d1a2789ec3178101a045df
c56e65f74187,1,train,2736,2588,1958,0.998,42.43351745605469,21.280954711678028,13.42863895650953,True,d89eccf054456311ab0bc805399a71d6
c57c164bca05,0,train,2737,2588,1958,1.0,55.07325744628906,19.47168702570059,31.316572604468092,False,735e0b463a6b52a5049c53199b1f90a8
c58971bcebb2,0,train,2738,2588,1958,1.0,44.66120910644531,22.263165580242536,24.658635895466432,True,e5feb5169d95fb17953ae4a40ee2d1ca
c58e5c0c5b33,0,train,2739,1050,1050,1.0,83.35389709472656,45.14615227318806,144.10177611350082,False,ed860f21195f570e9a671b1a9e245924
c597ef460944,0,train,2740,2588,1958,1.0,78.53749084472656,30.42535318061365,41.89362500025891,False,8ca6b8ffb3f7ff618838ad4afea66bce
c5a0e84e955d,0,train,2741,2048,1536,0.602,39.89280700683594,23.008908733839974,44.99305049236864,True,98103173c907b9c68d51661595ebec36
c5a6f432a1ec,0,train,2742,819,614,0.61,74.67398071289062,43.52536994508,108.97357680625282,False,1962ff9b23c1b26d4d1332d3985f0f5f
c5a9ebef1517,3,val,2743,2588,1958,1.0,61.759552001953125,28.82233835798797,65.91101199015975,False,049df470d990de39b1c404bac20c7d6b
c5ad60521f8c,2,train,2744,1504,1000,0.838,60.724365234375,26.137561733760382,52.83016753196716,False,93957dc14618096aa51e05be5797027b
c5b58cc992af,0,train,2745,819,614,0.606,70.77247619628906,38.30942410144238,108.93412297125906,False,9d484e87854f2e2547b351f8884998b5
c5ba9e455d5e,3,test,2746,3216,2136,0.841,44.425537109375,19.309849280937673,31.540529168210924,False,d1ca8f3cb22e78bcfd85d8d967a4323b
c5bec7f1e5f3,0,test,2747,1050,1050,1.0,77.82160949707031,42.28981939440593,124.5490184687078,False,43f5958e2952bcc557360d690fd7134d
c5e238aa18be,4,train,2748,2416,1736,0.934,76.01934814453125,30.70794766378191,159.7451578041073,False,3b54e0db0cdd04ea24f315996d4d96a8
c613db1cab27,2,train,2749,3216,2136,0.842,81.28623962402344,29.682679355450027,101.15230909525417,False,1a9374ca0607efd847775d96f2da1e5c
c6229222bf22,0,train,2750,1050,1050,1.0,84.15107727050781,44.58958028419904,136.1512048309669,False,dc39c867306d179ee5c987e57b8d5028
c62cef02efa2,0,train,2752,1050,1050,1.0,78.57168579101562,43.046672813895675,123.21140246628784,False,29e5eb2d4df9d3914fd17a7a83a3b4e3
c639d837f5e4,0,train,2753,2048,1536,0.605,87.28933715820312,47.62068658775261,160.388589322567,False,725d614bd3e6eda49a5349c47c0e200c
c64c0966b4cf,0,train,2754,1050,1050,1.0,83.89114379882812,43.684428648356224,181.96079248166643,False,01298f0e163a86e2e9b48dfc4c8ebd1b
c67117c6ab3b,3,train,2755,2416,1736,0.935,118.41151428222656,42.99710585525659,191.12689257017337,False,e5b1ab23deddfd33b618edadf8b2d3d9
c6916bc42016,0,train,2756,1050,1050,1.0,76.95164489746094,43.35367427380223,137.18986534699798,False,9aa127523cb35ae02f99b00ce82a00e4
c6a145742708,4,train,2757,3388,2588,0.871,82.78092956542969,34.59941920102153,171.6041481345892,False,baa3038be8d0ecfe273e73a0a1525288
c6a2975228af,2,train,2758,2588,1958,1.0,52.52864074707031,18.73305966557972,19.351147718494758,True,9c67afceeaab7359e93410a037daafaf
c6a8f8f998a2,0,test,2759,1050,1050,1.0,84.86579895019531,45.14737773419981,137.07920616772026,False,002ba0f539b4e60744b7f0b0ace761cb
c6c2bad91f23,2,train,2760,3216,2136,0.842,117.42405700683594,43.106932291315275,183.47912826761603,False,f61b97fcda688f101644fcd041b82f36
c6d4e4a3bd4c,0,train,2761,1050,1050,1.0,76.26957702636719,41.37117920400366,120.51525947079062,False,a3fc961438f44adad9579128e336d2d7
c6e1e9fbf39b,2,val,2762,2416,1736,0.934,78.98173522949219,29.905955381038247,90.68942305352539,False,d4d25df30bf2369d9d7fa683b07e495e
c6f5b5b5be41,0,val,2763,1050,1050,1.0,72.20278930664062,40.44863703900934,101.15366699150763,False,b49fc6e03cefe6accdd45d6cc0f0b89c
c704bd669f36,0,train,2764,1050,1050,1.0,71.67718505859375,39.49704828501047,102.25695502921008,False,7297e7a29e64362f8fe30bf0a90b145a
c70d09370109,2,train,2765,1050,1050,1.0,79.73130798339844,42.89811836905084,123.43290149024688,False,747e0e3908bb642a60d2a57980ef7dee
c739ff9580d3,1,train,2766,2416,1736,0.935,78.56565856933594,28.371662355966112,109.2278267359361,False,edf1a5147c3aab47463f1d63530c0f84
c73c5f6ef664,2,train,2767,3216,2136,0.842,74.17446899414062,27.341980166362124,70.25441467389464,False,8ee6a1d949f483e65f6ab03f0fee6922
c755a0c4edcc,0,train,2768,2048,1536,0.604,86.30191040039062,50.02878877029731,156.39012734568678,False,bea6c35d65a534596a269abc593f86ab
c76664770c07,3,train,2769,2588,1958,1.0,65.36239624023438,27.22089394936478,26.02704867348075,True,b58eea3e41251e24c4604d8508b59085
c7b622ec8104,1,train,2770,2416,1736,0.934,71.78727722167969,26.63055087880179,75.42165737203322,False,f131d037948020f61702040a1fb25c36
c7c0470bcf87,2,test,2771,2588,1958,1.0,49.27130126953125,35.04100691882045,18.516912083839998,True,7f3bb0f9da2c903eef4e7d967400cb76
c7c3d363bc86,0,val,2772,2588,1958,1.0,89.13810729980469,30.181300564931473,75.76015641330741,False,d1a16f0994071ef87a064138ec928ade
c7d0deb71576,0,train,2773,1050,1050,1.0,59.43572998046875,32.82499885057684,77.45531489606947,False,50d122eda1c11832c98fc0eff4953d44
c7e827fc7f41,2,train,2774,2416,1736,0.935,96.952880859375,37.9373319761964,195.36028312682174,False,a6e3228f565fc37413cb4c8fcc9e269c
c80b0f27541a,0,train,2775,2588,1958,1.0,47.571746826171875,27.713514559834678,45.676229811273515,False,481f4847e02a81334a031609e11157e6
c80f79579fed,2,test,2776,3216,2136,0.842,95.56495666503906,35.89646550781752,118.95030160900205,False,17ce17d1865e8fde3d16079f987197c2
c81c6911f5e0,0,val,2777,1050,1050,1.0,85.99256896972656,45.67484123834426,151.65575985517353,False,2bd824862bb454eec8b410adf1d06724
c85b79d70079,0,val,2778,2588,1958,1.0,58.71711730957031,19.068025837549705,24.046445157378912,True,31b3bd72863ecc3c8d2e0b15ee667e06
c87493ed320c,2,val,2779,3216,2136,0.841,68.31158447265625,26.137390248887694,66.12553096166812,False,1b7814f1ac71327f9cd4fd3a5032b6c7
c8823cdaf7fa,2,train,2780,3216,2136,0.842,74.32579040527344,28.36967547340512,75.92794770910405,False,df54dcdb84dba05b43d619b5bc2f5f87
c8905b8d5cf1,2,train,2781,2588,1958,1.0,42.68104553222656,18.486252040569184,34.396222410490736,True,31316d9c3278e18a98ab2e689dd2ab20
c8a3eb9a5b52,2,train,2782,3216,2136,0.843,86.55906677246094,33.43536777493703,103.89306872873567,False,427febe2459b1bcb8349c5de5b531048
c8fc0df22999,1,train,2783,2416,1736,0.934,82.49436950683594,30.25266321545303,130.74302549567074,False,88ca339101874e2f75393e34cb7e592e
c90c6b94cf40,0,val,2784,819,614,0.606,71.99978637695312,42.29393222242671,79.25581953581423,False,ec1ce70fb80843d695a4e8bb87335110
c947bb6cf9f6,0,train,2785,2048,1536,0.605,87.24514770507812,47.479585690987776,165.3035789055284,False,b0c2f34a42c5e30d1bcb3ef79f39d486
c9485c38fdd5,1,train,2786,2416,1736,0.934,63.7781982421875,25.498372310868564,76.37772324308753,False,8516c5b13d646f6102f6102e3e2428f8
c94f37085d0f,0,val,2787,1050,1050,1.0,88.99407958984375,47.29325827410462,189.32049482967705,False,ae9debcf9ad10d52fffc16bd06000c20
c96f743915b5,1,train,2788,2416,1736,0.935,78.98646545410156,28.165913436831875,105.9319936723914,False,2d38603466d05e0f2a0954ccaec1f44d
c97472ef2c66,0,train,2789,819,614,0.606,57.10179138183594,32.697438688541816,76.06160454987548,False,da7680eab0517cf38e26428dcafcfdd1
c98f623d08d1,0,test,2790,1050,1050,1.0,82.18423461914062,44.839428341274576,125.89315957366489,False,53d66c0a14419965c960ee2456e59189
c9c563864ab1,0,train,2791,2048,1536,0.605,89.74630737304688,53.74036297748109,236.6251727787312,False,a1d2c86dbb8332a2d3f8a756069d78a1
c9d42d7534e0,2,train,2792,2416,1736,0.935,75.31100463867188,28.53814369400172,108.94186919159256,False,3bf6eeb814ec23e4237829d5e820327f
c9e697117f3f,0,train,2793,1050,1050,1.0,75.18058776855469,40.22661479769659,121.89109878963791,False,0d7ab378328480f25dfa2c6be0dbfe43
c9ea9d5eab65,3,train,2794,2416,1736,0.934,74.57420349121094,27.8200632569939,112.04122872557491,False,67e3f743bdffe1f16b06fcf42963d144
ca05f7e7801b,0,train,2795,1050,1050,1.0,86.09571838378906,46.17356743913594,165.55015912442468,False,740968cd572e9239b1f8ab35e52f8b4b
ca0f1a17c8e5,2,train,2796,1504,1000,0.838,65.22161865234375,27.407233006299727,70.15246217302047,False,523b5e9da719b5d87b7d28b22fba31ce
ca1036496659,1,train,2797,1844,1226,0.816,53.184173583984375,22.864622011091786,41.286583884619176,False,a994811a26ce7e8414110edbf5ec12bd
ca2b54b95ade,0,train,2798,1050,1050,1.0,98.38597106933594,52.278804430348664,179.71068074158393,False,e9c99fc41be9af7fbb887ab0ac0064de
ca30a97e9d13,1,train,2799,2588,1958,0.997,50.17964172363281,22.34103529112853,14.0753477178514,True,8c334ad99972350aa3cfc86e30a30d83
ca360bec5851,2,train,2800,3216,2136,0.842,95.92390441894531,37.32473968421977,108.68671875819564,False,8ad0a646ed303717ed8d8003bd338dae
ca63fe4f4b52,1,train,2801,2416,1736,0.934,90.56190490722656,32.83359832569269,143.0113974136766,False,a6ad42a852de8c827063b315315986a5
ca7140ecf389,1,train,2802,2416,1736,0.934,81.03759765625,33.62114647761106,98.49730086326599,False,189190736f698d83ed9f436b7355998a
ca7570c5925c,2,train,2803,2416,1736,0.934,68.12467956542969,25.36990087026548,86.64045145153068,False,5b3aec42f5b938eb737c696ced315573
ca7f5caddf96,2,test,2804,2588,1958,1.0,47.20152282714844,24.844077818205534,21.751790907233953,True,27ef4823f2a3cd838feb0d57eead9c91
ca891d37a43c,2,val,2805,1504,1000,0.838,71.15444946289062,30.554021468260835,65.6651274075266,False,217c348de53e4f70b11c66a925b26863
ca9c912ebad7,2,val,2806,3216,2136,0.843,80.67146301269531,29.118672945502727,94.12307524681091,False,abce39767181c87bfa48c14adbd32872
cab3dfa7962d,1,train,2807,2416,1736,0.934,69.5667724609375,26.19753400647648,78.16254267818294,False,0cbb2a598638f0c20d2e8372cb51b24f
cac80797770f,2,train,2808,2588,1958,0.997,58.717254638671875,28.2057885711084,52.42798247560859,False,04d7dbc280702fae8fa07ce545b15f92
cad5b1a82e60,0,train,2809,2048,1536,0.604,64.64279174804688,37.54774462123777,86.56862968206406,False,99eb393c1e9d01c382db562efb4731de
cadde4030858,0,test,2810,1050,1050,1.0,85.12452697753906,45.49317843019192,166.51791727519594,False,d6e8a444ec84488d04fdd0bbfbb03824
cae33655ca00,0,test,2811,1050,1050,1.0,90.26821899414062,50.324628421951715,166.36723560094833,False,c8187ae2b8fd9938099ba07bb9b93fc0
cae51154e1ce,1,test,2812,2588,1958,0.994,35.868804931640625,12.799016333454622,8.765759318135679,True,d58d69362ea3b53cf6104731900daa6c
caec68f11c86,2,val,2813,1050,1050,1.0,74.69241333007812,40.19700359126134,113.6267525171861,False,e14164dc015af573bc12400b561b4823
cb02bb47fdc5,0,test,2814,2416,1736,0.934,89.72750854492188,34.64692337614265,210.63383173174225,False,729a0db2ca8293b4b8b2bff2669e628b
cb0cc98d7e35,0,test,2815,2416,1736,0.934,66.24624633789062,23.111722221627474,83.00391304283403,False,3e768f69c195fb029b90169d701b867b
cb2201c226d6,0,train,2816,1050,1050,1.0,72.63154602050781,38.38789472942961,106.30680014914833,False,dccae381bb1dbd4e01bd63327b2e0b4a
cb28adab4e8a,0,val,2817,819,614,0.61,76.96882629394531,43.39984093423665,119.93941488768905,False,222258747729f7e4d9b366a41aa42823
cb2f3c5d71a7,1,train,2818,1050,1050,1.0,81.80842590332031,43.777483657314725,135.05378149356693,False,1f8758be5a485cd85ec35e98617141f3
cb39761f0712,0,train,2819,1050,1050,1.0,82.05171203613281,44.14529181426141,133.33326232037507,False,2ffbcb7234e488f40d4c7835712a2bd1
cb547e723a16,4,train,2820,2416,1736,0.934,62.44970703125,24.13730390104568,71.45183792337775,False,e4036b1a5d9f30c89d2cf1e8771f1f5d
cb602182cde3,2,train,2821,640,480,1.0,81.99559020996094,18.45112617408048,43.89601625665091,False,4a15adf384eb368af61670043fe9a425
cb68fce07789,0,val,2822,1050,1050,1.0,82.33151245117188,44.72392759031896,128.4195203250274,False,d4e6e2ef7a77c4c7c8830d8ced5c5bef
cb75210abebe,2,train,2823,3216,2136,0.843,116.58442687988281,42.596955208667424,199.31015641777776,False,531ffad7c3400edbf9ff9c14051fde34
cbc23af521f3,0,test,2824,2048,1536,0.605,77.28688049316406,42.868792712992935,156.88508550426923,False,846000c4405cb81b0bad94ed5592bcc5
cbc2e57447c2,2,train,2825,3216,2136,0.842,79.75637817382812,29.669871496629636,107.53909432515502,False,62481b5c6e7213c39797d932e566e090
cbd0870aa933,4,train,2826,2416,1736,0.934,72.93101501464844,28.051191976827287,89.50217970367521,False,80950e4e2ef707af597777ff66eb5ee1
cbe633765ea7,0,train,2827,1050,1050,1.0,90.52891540527344,46.47527307247432,154.28025768860243,False,80b947cd741f4e1950789fd43f9fa79b
cbf0394039f8,2,train,2828,2416,1736,0.935,72.75607299804688,27.502404286917855,79.09878951101564,False,dc0d452b8d6b22f3cd27a791e9220976
cc1eebed9276,2,train,2829,2416,1736,0.935,88.16061401367188,32.34306861093757,204.60807413584553,False,7bf17405254ca590e0260e283d19f872
cc3d2e961768,4,train,2830,3216,2136,0.842,59.5516357421875,25.06982231641643,61.29241260862909,False,81e4ace796e6aec61350c34c44f7e476
cc671a73e1cb,0,train,2831,1050,1050,1.0,86.23646545410156,46.60889383585189,143.6153798168525,False,31024db98c30e1f24b3123424086d47a
cc839823755b,2,val,2832,3388,2588,0.869,65.44786071777344,27.37849796610498,88.26672159135342,False,714345499fe9208da9ae6a030c49dbce
cc9270f06b65,1,val,2833,2588,1958,0.998,66.68919372558594,29.43338150714485,47.886760055786,False,8d29d2748f8c85b30a5b4c5fc40091fa
cc964bf04dbc,0,train,2834,1050,1050,1.0,76.29319763183594,42.47702647826021,123.45599947869778,False,8422f09b839efcad7710a338fca82f2b
cca626a0e19a,2,train,2835,1844,1226,0.816,78.84205627441406,35.074055418099725,70.23696874617599,False,3031b54c2e3484edf60a95bc69bad860
ccd34029493d,2,train,2836,3216,2136,0.841,73.682373046875,26.979376447566537,84.29039655532688,False,7bb44c28eda1a2ddfdb7a0a349556c07
ccd6dcb2f568,0,train,2837,2048,1536,0.602,27.733139038085938,20.20024868222384,46.119800958549604,True,0b946698acd3d7bab6a819953b5bac33
ccea49708830,0,train,2838,2048,1536,0.605,91.78096008300781,52.88247702569503,235.27435037097894,False,f7a7494d34f03da17a3b83692c388f20
cd01672507c9,0,train,2839,2588,1958,1.0,62.407501220703125,35.6566063178029,66.06662403396331,False,e95620b180b5ae6b6969ec05d84805f4
cd01f4f83336,0,train,2840,2048,1536,0.604,79.29304504394531,46.896980372246105,155.9977556904778,False,38079fb30f3eb707a4e819023d9ec5a6
cd1c98ec48b1,0,train,2841,1050,1050,1.0,81.99903869628906,43.74190161853709,129.75605463958345,False,2f37d7ac0c89973db3ca7163c3cff767
cd29c88c9e36,2,train,2842,3216,2136,0.843,126.58869934082031,45.230768556094475,229.71564382966608,False,e4202c6db20265c642ebd744d2db7ff7
cd314653a4d8,0,train,2843,2048,1536,0.604,86.74168395996094,50.25924308643446,130.22445878013968,False,68957e37b01bce4acb893c949739d5f2
cd3fd04d72f5,2,train,2844,1504,1000,0.838,57.69952392578125,24.705649672694623,52.46365464385599,False,5481e6578b7ddedb9ee4108cc7f85d28
cd45bfa07d41,1,train,2845,3216,2136,0.842,94.67196655273438,34.88907023608302,137.1260328553617,False,426410dccd5f174d7ca0c3c800f1e75f
cd48cfab4e44,0,val,2846,2588,1958,1.0,59.503692626953125,26.60452876335108,59.84456028952263,False,7f614c48fe026507bc299145a5cc583f
cd54d022e37d,4,val,2847,3216,2136,0.842,87.88221740722656,33.24026549511367,123.00217626895756,False,deceed957fbbd45e7c6c68d6cc4ea7de
cd563556cb57,0,train,2848,819,614,0.926,43.94270324707031,24.65051430270305,53.09600160061382,False,3d6b1c4acb97239e0d3320e71314ba5d
cd5714db652d,1,val,2849,2416,1736,0.934,84.54454040527344,31.235123408835584,103.71203312440775,False,e623d3fbc9c57c71eadccb17cad8767e
cd66754e1b3b,0,train,2850,819,614,0.606,69.59359741210938,38.502623604587725,139.15129267796874,False,b42c74bf615502921a5c24a664defffc
cd8da43e3069,0,train,2851,1050,1050,1.0,70.40621948242188,40.00933607343151,95.24538241117261,False,64a0ba40b20eff56dc4b622a41f93021
cd941e5bc659,0,val,2853,1050,1050,1.0,70.74305725097656,38.26886365721033,94.7363303208258,False,88cd0c0af6cc4464b0cd518691bccf81
cd972e5639e0,4,val,2854,2588,1958,1.0,67.926513671875,33.41466393329736,25.220765589736402,True,93ee7009f66b90d462e690c210d5d071
cd9e2190c73f,2,train,2855,2416,1736,0.934,83.40415954589844,31.48830039747796,130.1344316219911,False,2b2a9ab01528c7461979cf8107e3bf6f
ce207b69ff37,3,val,2856,3216,2136,0.842,86.08172607421875,33.095927200560624,127.15119468327612,False,7e89f3416787b741839d654eca6e8727
ce6f33a81ad5,0,train,2857,1050,1050,1.0,77.16213989257812,41.927672661682,115.79666805267334,False,82fa0e2ff01e20153ce6069197090402
ce754234d760,0,train,2858,1050,1050,1.0,50.75798034667969,29.181125070814858,69.3416173523292,False,6d3a334812b233e73a67db87ad57b222
ce887b196c23,2,train,2859,1504,1000,0.84,72.017578125,29.48876060129583,120.29710629559122,False,760a5f40f35dd1ca462fbd81d190ab92
ce8d2efd9d4f,0,train,2860,1050,1050,1.0,74.97666931152344,40.49890989129308,114.93562226719223,False,8d818d65fdf78cc87ecf7f84e3c1759f
ceaa5803d780,2,train,2861,3216,2136,0.842,80.42335510253906,30.32425900821954,88.38259113184176,False,d6033c3ba2c7b585b1b97d537717bbb5
ceb32a193eff,0,val,2862,1476,1117,1.0,87.79942321777344,31.43249943197877,56.956597313284874,False,eb5828730bc308e11177de3988ada8cd
ceb601fe8dba,2,val,2863,3216,2136,0.846,56.96221923828125,26.54681995114181,138.44853678136133,False,4f8c7367580d290031e9e75dcfd5243b
cec299c2a2d5,0,test,2864,2588,1958,1.0,54.01202392578125,23.55189741882321,25.540507454192266,True,57a56c9c8916ca983c4d94e6a9102347
cf0575534cec,1,val,2865,2416,1736,0.934,70.06427001953125,26.67496792497009,82.55499282083474,False,a932ac088b683e23dba838e8a41c31cc
cf0824f53dd9,2,train,2866,2416,1736,0.934,89.75559997558594,33.46155641209279,148.99524193792604,False,5caf87192bfad26cd79412c80bca48cc
cf1b9d26d38d,4,train,2867,3388,2588,0.879,77.38418579101562,33.950977881067224,133.74964820942841,False,8ebb1419e887c95e84efccd9ed9ed52d
cf603a9ef2d5,1,train,2868,2416,1736,0.935,70.06285095214844,28.05922270111597,134.90042348927818,False,d3f45a4312dde3fc79a8d88732f1d09a
cf6551521a35,0,train,2869,2048,1536,0.605,74.94447326660156,40.49881939299236,166.4913390725851,False,e6c31d112c8eaa6c66ac54622ec7e83e
cf8ae5501bd6,0,test,2870,1050,1050,1.0,76.80120849609375,41.19324600715442,131.69629175565206,False,03d4e64eb4fcf0e01736bc56ea50dc78
cf8f1bc7a215,0,val,2871,819,614,0.606,61.2030029296875,35.25975718609328,128.34123780485243,False,865eff807b12874b7cf03d9ff33919ac
cfb17a7cc8d4,0,val,2872,1050,1050,1.0,63.99516296386719,34.335184120241074,98.13915855786763,False,51c33f1f0eed960b342995d0a82973ee
cfd1bd0fcbb4,1,train,2873,819,614,0.931,38.41517639160156,24.511660690158116,34.16856484836899,True,00db9140e66ba5debc9e6044f6c1564f
cfdbaef73a8b,0,train,2874,819,614,0.931,49.54145812988281,30.987799762234264,62.46291120513342,False,8a992d471910dd5df4cc0ecd2a30bf57
cfed7c1172ec,0,train,2875,1050,1050,1.0,85.00222778320312,44.774252971633615,125.47265706956387,False,878020c2b5801d3ac38d5fee4fb3f6a6
cff262ed8f4c,0,train,2876,2588,1958,1.0,88.72817993164062,38.762120040473505,131.38738985266536,False,e6f8f2c7334308f92337f8e33b70966a
cffc50047828,0,test,2877,819,614,0.61,86.19532775878906,49.282267517052325,253.59189895144664,False,e1c71faf499173d114d24d5a4fb9e1f8
d02b79fc3200,0,train,2878,1050,1050,1.0,77.59735107421875,42.556011118743974,128.2009778758511,False,a56e385902ea2139314c16af6c3ac331
d06ccd0cf4b8,1,train,2880,2588,1958,1.0,43.925811767578125,17.721891814231086,13.618611838668585,True,b412baf375256a50ec2893497efdd266
d0926ed2c8e5,0,val,2881,1050,1050,1.0,85.64447021484375,46.14460253594967,143.29014356341213,False,a285087588b711105e8dcb733cabfb08
d0b132d2c7ec,4,train,2882,1050,1050,1.0,80.65043640136719,43.100532087244545,128.7378748646006,False,6a85f11ce80af3f479fc3df592e45e9d
d0d59ed675b5,1,train,2883,2416,1736,0.935,70.66839599609375,25.52742581452807,87.53192895650864,False,ac5d7b005086da00e904f00644eb4764
d0ffa0425ef1,3,test,2884,2416,1736,0.934,75.07878112792969,29.022622131946743,100.03928137547337,False,0f9a6f7dec9d281f2aa729de6bb33ce3
d10d315f123f,2,train,2885,2416,1736,0.934,78.30044555664062,31.466853119758635,131.17327499389648,False,716d0e52dac3839507cb022f50202bd6
d10ef306996b,4,test,2886,3216,2136,0.843,98.98475646972656,37.389195790343656,149.39819969143718,False,7edd0ccfabb42dc775f2cf7513f4df69
d141728fa392,2,train,2887,3388,2588,0.865,75.76313781738281,30.927279963492342,138.65782646439038,False,5265eb25048e543059052f237940e30a
d15ca3469b87,2,train,2888,2588,1958,1.0,53.291839599609375,21.909225553745543,16.546510443091393,True,2babf9e466e326e313c7332f0f4c86ae
d160ebef4117,0,train,2889,819,614,0.931,47.9661865234375,27.26288295145222,37.26903702854179,False,fe82e62f9b8bc67c8217d62e67a69116
d16398c971e9,3,train,2890,4288,2848,0.823,61.41294860839844,29.19821339505935,92.22127424087375,False,c51074bb0afceadfca493efe19851582
d16e39b9d6f0,0,train,2891,2048,1536,0.605,55.89414978027344,32.53902046371125,74.90081691741943,False,55b28e5c71bdd02d293d0a237630ee47
d16e59a2b33a,0,train,2892,1050,1050,1.0,79.16514587402344,42.74750205900491,118.41293349280022,False,ae951821d4b9bc902b503da3d45b32b6
d18aea8238a0,2,test,2893,2588,1958,1.0,82.48516845703125,30.98169526747087,59.20847813691944,False,bec2e5bccb3a27b5d059136992eb3915
d18b1d8ac4de,2,test,2894,2416,1736,0.935,87.24339294433594,33.12070345420528,199.05916401161812,False,d0ea13e0d0984eafa891afe95e151eb2
d18e5b68f6d2,2,test,2895,2588,1958,1.0,76.86140441894531,29.69563625563892,28.383649780415,True,8cecdf29b99f072bedd98e308de17def
d18f6431ebce,0,train,2896,1050,1050,1.0,76.80709838867188,41.56886650491571,143.77721256553195,False,c09375ef99637147aa352611f186de49
d1a24527a15d,4,val,2897,2416,1736,0.934,64.35826110839844,24.907304771593516,64.16835958673619,False,daffbe0fcc98ac3c045b7fc31406d87c
d1a60c3b9fe5,0,train,2898,1050,1050,1.0,97.04042053222656,50.49207567432987,158.98114067106508,False,8a3a449eef0bb57a113ed019c30e374f
d1afdb8cf70d,0,test,2899,1050,1050,1.0,77.61167907714844,41.89969403300122,212.0162815542426,False,362c4bba8983a18b0cb09392b0a5bf09
d1b279cc02ae,0,train,2900,1050,1050,1.0,81.77900695800781,44.441836350485346,138.41743783070706,False,e9191f1508e1e6838f50b6a3182247c8
d1ca85af57c9,0,train,2901,1050,1050,1.0,88.08218383789062,46.92880332753318,164.066887130728,False,9be511d6e97d8463bf215fb43a422f34
d1cf31577a59,0,train,2902,2588,1958,1.0,59.930816650390625,29.707816938444353,63.27181934355758,False,557183da7e2a2de1a5adc535780b3fb6
d1f1ea894da1,2,val,2903,1844,1226,0.818,104.95036315917969,45.045142276416314,119.6348603926599,False,a9bb38acd15306aca2550ad66754777b
d1f7ea924a01,0,train,2904,2048,1536,0.71,69.19801330566406,50.997967755286645,139.64551184303127,False,bd7e1277ca4037cd9dd6dfca18f05284
d1fa0f744620,0,train,2905,2048,1536,0.605,87.27531433105469,48.86859565060049,227.79286570451222,False,6c43645936f5498aefd98c0b01c4b1ec
d1fb4efb117c,2,train,2906,2416,1736,0.935,84.09771728515625,30.427983599826696,137.39167109294794,False,22f071ce298b5bfa5d3c67cb0dfb6f57
d25b8a8ad3c4,2,train,2907,2588,1958,1.0,33.160247802734375,11.52543486236935,14.000375416129827,True,a7af567138a745c2e9828afde38a70e8
d264396d8d1a,2,val,2908,2416,1736,0.934,71.70635986328125,32.298664414800086,88.79861341579817,False,b686f12429c043b4f0dcf004a31f993b
d26bb2ed6e71,0,train,2909,2048,1536,0.628,76.45343017578125,45.71051921169825,145.8380679488182,False,d9e47fd3f7e0a1ce7a5adbc606677b1d
d26bc6e1230d,0,train,2910,1050,1050,1.0,85.99815368652344,45.32781038093494,141.63607842265628,False,045455f6e7db4b8be663f6e9b04c475c
d271d3a2b552,4,val,2911,2416,1736,0.935,94.72737121582031,36.34878947334935,179.99801759398542,False,c26e45cab6a0dc58d0238e1d4f90fbfc
d27ac9e54901,0,val,2912,1050,1050,1.0,77.87786865234375,44.04135104094838,112.22533761500381,False,cf9a39ddbce948e4336d217480b1b0ef
d28bd830c171,2,val,2913,3216,2136,0.842,80.68179321289062,29.712623547959325,97.94767359248362,False,d55aa25d769d844084c79e8c243067be
d2901144070c,4,train,2914,2416,1736,0.934,76.75546264648438,29.088711257553395,123.07263947930187,False,9c052ab328911c20a2923bb171b3c2e0
d29096bd94aa,2,val,2915,2416,1736,0.934,78.03373718261719,31.750279320418258,118.34491878654808,False,578d35c7ae5416702e0d1ba78943f391
d29b37d110f3,0,train,2916,819,614,0.61,82.84432983398438,46.65551280607524,157.91586013673805,False,80d473b0bab777fd25a4df25253a549b
d2afca74cbc3,0,train,2917,819,614,0.606,73.24810791015625,40.686779153489645,103.47586505278014,False,651f95282471a0f4da6639ef200650a0
d2c2f02bb313,4,train,2918,2416,1736,0.934,72.22789001464844,29.451997000177258,92.8784144660458,False,5e8608c7cff81f60916a99cb992ee410
d2c5fb82fe5f,0,val,2919,2048,1536,0.605,96.77082824707031,52.75946322624897,272.44371177162975,False,93bf67e97f6a854d4fbede14cdb91b54
d2c6b99ef62c,2,val,2920,3388,2588,0.864,70.32830810546875,29.437045957863766,122.08411948918365,False,39a5bd9e562c220de128e018b8de643d
d2cd47ed2c1d,0,val,2921,819,614,0.606,72.74533081054688,40.58239607444348,102.02314168866724,False,ac92097d0bedc545a45a049a97140a6d
d2d523e9f669,0,train,2922,2048,1536,0.605,83.80693054199219,47.89454544199702,182.0589063167572,False,bbfcec67ad5a55d0e8f8e01b3355c34f
d2dc86021c67,0,train,2923,1050,1050,1.0,79.09014892578125,42.58926807315569,182.14853276475333,False,44bd49a3704681921c02cc6a3b832520
d2fb715b0c41,0,train,2924,1050,1050,1.0,71.20269775390625,40.21350060800301,124.9731752788648,False,8e0049c573c6928f1df4bd6584b710a2
d2ffe9287dc7,3,val,2925,3216,2136,0.842,82.62466430664062,31.47841558553247,99.05435408558697,False,0a6040ca4ff6e5b197e37a87848abf7f
d30d079e6f9a,0,test,2926,1050,1050,1.0,82.50146484375,44.61837075784706,170.89537906553596,False,9f33b9ad03409195d28d426669da20e7
d332d7b8a26e,0,train,2927,1050,1050,1.0,92.80349731445312,49.63476273345811,150.94258913747035,False,2210fbd1a917f87f57c8c12f7ca5ef86
d364423ec6f9,2,train,2928,3216,2136,0.842,100.53584289550781,37.9156959995282,150.87688579317182,False,89fe01d36a7fa7ce98ce91e3b9a58da8
d38cf0f4a9af,0,train,2929,1050,1050,1.0,84.01594543457031,44.535814311217365,144.9344875663519,False,5e26fe54101fdc59928d7a0659b1eebb
d39752cb6e57,0,train,2930,1050,1050,1.0,78.33964538574219,42.12399061373235,121.49063777714036,False,b55dcdf0f9bc28605a0aca62983da809
d3be5346684b,2,train,2931,2588,1958,1.0,53.93048095703125,22.019520949485987,19.380501536419615,True,79e7d37bf843a23ab1a6229a08fb8ef4
d3d578fe433f,2,train,2932,3216,2136,0.842,93.40853881835938,35.50995158695266,140.65205167233944,False,5d66506734d92fda68e4ca7254da1d73
d3de0d313d61,1,test,2933,2588,1958,1.0,56.375213623046875,24.09710551153302,29.614999724319205,False,dc027ad2c0486d9ee0d67cd2e237ed0b
d3dfd0a2dee6,0,train,2934,2048,1536,0.625,71.3150634765625,45.160059205099365,76.55635716672987,False,5ec1d634efb2ae07fd6da10349d819fc
d3e56584a481,0,train,2935,819,614,0.606,57.488861083984375,32.00173846972546,71.1124039196875,False,1623c8d5b14bcc1cbee604b2210e98f9
d3e884109b45,3,train,2936,2588,1958,1.0,66.10748291015625,31.007847657800063,91.65585872158408,False,feaa7f4569a3bc7a82834b529d5876ac
d41b33fcb94f,2,train,2937,640,480,1.0,103.20753479003906,21.92242777032469,30.35910316929221,False,4f3a114ff98cff0f922036287e0192d0
d436c06f0490,0,train,2938,1050,1050,1.0,74.70986938476562,40.67259296340385,121.62923011090606,False,5440db566099abe52aa5898b4d4b251f
d4583e9525dc,0,test,2939,2048,1536,0.598,25.120681762695312,15.891855271298898,31.537812646245584,True,b10ee51b529c08fcd6654b7c3565ca23
d473f6fafba0,2,test,2940,2588,1958,0.998,56.50628662109375,22.5349823707297,15.984104400267825,True,bca38ee89693b223666534915975d9bd
d48178e4a49b,4,train,2941,3388,2588,0.869,81.43986511230469,35.301883906251206,150.56084769126028,False,3bae7d9e436349aa93a898d0b15b9e44
d4bc001f7224,0,train,2942,2048,1536,0.602,36.44950866699219,22.4134766651895,32.02431520796381,True,ec9f02715b09b774fb6c6145c5f5df13
d4be0403e6ab,2,train,2943,1050,1050,1.0,59.57725524902344,34.09687889709237,88.48585691675544,False,db62695e849b00f66359fc46eae0e598
d4f32b9c07df,1,train,2944,2416,1736,0.934,80.9676513671875,30.467711676242743,107.8826803357806,False,06be500d15db0ce31094bc4c095ef29d
d516f77d4516,0,train,2945,2048,1536,0.604,63.03181457519531,36.369417616447514,72.40829045977443,False,ab9cbba7babf22bddd9f4888d94bfa5e
d51b3fe0fa1b,4,train,2946,1504,1000,0.808,45.83741760253906,21.052803387316676,48.321304738521576,False,7f5c9c9b1e466fbba278b5acddc6f335
d51e5d7484ea,0,train,2947,1050,1050,1.0,75.46669006347656,40.529094518736485,119.03652572631836,False,848304fd8e3e383e5e77750d97f4922c
d56d32a1d62d,0,test,2948,2048,1536,0.605,78.99000549316406,43.51063362966518,149.88209246098995,False,1ea865f27b2dc1f365ce1e2f50c4e1b2
d57d1be1bbd1,0,val,2949,2588,1958,1.0,78.96354675292969,32.87979611140815,42.80242879851721,False,b7c4d4cc81cf5209c88619307495e3fd
d5a39339ff3d,2,train,2950,3216,2136,0.842,80.88595581054688,30.344503692155563,141.37633129558526,False,b6db9b70d73e72af2714ef4d8cca6e48
d5ad3362424c,0,train,2951,2588,1958,1.0,61.770477294921875,28.129069670694605,54.15259615238756,False,4bf27ca1d14992e57c8eee242b4fbf15
d5b4705ac2ee,1,train,2952,1050,1050,1.0,83.41468811035156,44.916803555650255,194.6695157380309,False,e79945e4f65e9b5349d143e539af432a
d5c63a8d9e94,0,train,2953,1050,1050,1.0,82.58811950683594,43.93412307370262,126.91219114488922,False,1cd9715cdd98a10c76bdff70000cc6ff
d6130f2ec903,0,val,2954,819,614,0.931,41.159881591796875,22.31458117122765,41.57239912985824,True,9424a81a793df0b0c10267561ea82f1a
d6228d951958,2,train,2955,3388,2588,0.865,67.55906677246094,27.473114563363644,131.38612466212362,False,bc94d4af2f7643deb9f4da150558a79f
d6283ded6aea,2,train,2956,3216,2136,0.842,85.43122863769531,30.782032738964713,131.5738424649462,False,9e4bec9e932d78c89a4933e700d7fa29
d659d7fd5ccf,4,train,2957,3216,2136,0.842,83.337890625,30.302606348424362,105.45009688823484,False,6951b600af63003d1b3018b1d32f520b
d667af5742f6,0,train,2958,1050,1050,1.0,92.36647033691406,49.189661152639566,154.49462640634738,False,012d51596152f7440de29357aa25d62d
d66b6f333dc7,1,train,2959,3216,2136,0.846,83.92495727539062,31.767183940712734,100.78354123583995,False,3edfeab5fe3150e220ed2bcf6091a314
d66ccb75ada1,1,test,2960,2588,1958,0.994,61.197509765625,32.5043588933887,94.39576433389448,False,ba7d3724cac1125dae6d3c28dd1fa661
d67374d3fa2a,2,train,2961,1050,1050,1.0,70.74835205078125,38.33074324104891,186.74170595314354,False,38164c8ce1f262f7f71015cb1b78e76b
d6803e467592,0,val,2962,1050,1050,1.0,78.1025390625,42.50658427453242,121.2847147656139,False,36fc4d47c7a2b170b050599a9ea273a0
d69698f838db,0,val,2963,1050,1050,1.0,77.25338745117188,41.3983914727143,143.02096807863563,False,cf90773ea705f932700cb0e134618e8c
d6b109c82067,0,train,2964,1050,1050,1.0,81.79611206054688,43.39310970358322,130.02498138486408,False,9851cdf2a6c417546107b3a170466a35
d6dbb0820ea5,0,train,2965,1050,1050,1.0,78.87420654296875,41.98163620323879,155.11574235465378,False,26feceb2f18c5ea0eecc9424dcffef57
d6df4fe492ec,0,train,2966,1050,1050,1.0,67.62266540527344,36.92115918324718,119.00966738164425,False,c680397e4d715e197b7970a10a0365ec
d6e26fe51dce,1,train,2967,3216,2136,0.842,100.45988464355469,35.95202503188023,144.71651495224796,False,cefde571e1322f4c11e95b115dcd488b
d6f36ec5564a,0,train,2968,2048,1536,0.684,69.81166076660156,54.80369134552761,189.78064177837223,False,342afea85b31467b54df88eb00c5f851
d6f6bdfd8011,0,test,2969,1050,1050,1.0,84.32557678222656,44.07428196178982,139.70971817872487,False,b3ce3a3ed7e4dc1a8d44a7c2892e9e35
d7078e8b0349,0,test,2970,2048,1536,0.604,76.87185668945312,41.89593398956954,120.11627820786089,False,d792be1e359f3370d8fb7a281a7148af
d74ccc796517,0,train,2971,1050,1050,1.0,86.61634826660156,45.606143571771796,149.3897905589547,False,065096fb0639e9d79396033fcd6a0797
d774692d9919,0,train,2972,1050,1050,1.0,75.61933898925781,40.9731243064549,125.6344026690349,False,e3a72c3d2ef6461be72a4cd49d5e98b0
d78b7401096f,0,train,2973,2588,1958,1.0,55.77067565917969,25.32217771824846,100.25097700580955,False,be121513d2e3d4d45b8e69a3900a71a4
d7a01fca9838,0,test,2974,819,614,0.606,64.73733520507812,38.125150984312214,84.1659939957317,False,b953b0ad96f1b8d09d4b8b4f75ce6f03
d7ab5c040294,0,test,2975,819,614,0.606,81.71072387695312,45.18038051180869,203.0262077441439,False,3348978903c211dd4f79f8f0f76c50fc
d7ac4a0c9760,0,val,2976,1050,1050,1.0,86.78317260742188,45.85005909203559,151.72889659903012,False,3f6daaa0e4f9bcba536e36c08d7fa3ff
d7bc00091cfc,0,test,2977,1050,1050,1.0,80.6302490234375,45.80549802376965,118.65750354528427,False,590c70ea3c7b73d4b7827cb80f71ae4e
d7bc62d60e8c,0,test,2978,2588,1958,1.0,79.28890991210938,30.51743100707642,57.41302924021147,False,d0b5f116a9ae942d328ae90e7d65bc96
d7e5fe5245e0,0,test,2979,2416,1736,0.934,78.20213317871094,28.08826521935017,84.09743485390209,False,ebf3d08e5c6e576c8e8e391fca833acb
d803598dabda,4,train,2980,1504,1000,0.84,78.24845886230469,31.375585383536073,91.26671102270484,False,5cb435811332e091adf13b602216b9a6
d807c53c1399,0,train,2981,1050,1050,1.0,82.30401611328125,45.41782727260082,140.24746154039167,False,1f7871c85e948cc8e9fb60f560ec6a13
d81338217fc5,2,train,2982,2588,1958,1.0,38.8037109375,16.084188669154514,16.751811131602153,True,c1345fb451671b70b75dbc22a2fc4056
d838d5b9f571,0,train,2983,1050,1050,1.0,89.60685729980469,47.61976986151826,159.79407569672912,False,ae4ae49d75a4c1629a6565a12d595e5b
d83c3efade75,2,train,2984,3216,2136,0.842,95.18119812011719,35.028955149382874,137.0652851013001,False,a582db0c8134aee63e61fa2431343db3
d83d0695e215,2,train,2985,3216,2136,0.843,97.87632751464844,37.309612860899996,135.20072394236922,False,28977235c6c72c9d5a5745082d558f27
d8404680bba6,2,train,2986,2588,1958,1.0,61.16270446777344,41.396658692031714,38.239419009536505,False,94a6c99d3952c5e58424313859e2c1b9
d844a7252f4e,0,train,2987,3216,2136,0.843,123.91928100585938,45.198557068828435,196.46724491356872,False,a45b3e4bfda25c0b64ec035a21fee5b3
d85588ff2ebd,1,train,2988,2416,1736,0.934,79.64317321777344,29.242724071086148,117.9028243755456,False,946ca88b9a7aa4b747ecae298f9cb912
d85a842d20bd,2,test,2989,3388,2588,0.872,62.3974609375,29.038446378290978,152.15121220052242,False,8be276892298a3dfa10082024e046458
d85d052900b4,1,val,2990,2416,1736,0.934,63.57344055175781,25.443014020402316,72.44188439263962,False,a001b0a244c9970c440f880922544ef9
d865997a6280,0,train,2991,2048,1536,0.604,72.83821105957031,46.47415321434186,80.0582624708768,False,a2f5d5db0606f829100505b2daee9ea7
d866c26d76f0,0,train,2992,2048,1536,0.605,96.59971618652344,57.15482282802089,325.8754420632031,False,69c1c7419a334db79dc80ffeb2931a13
d868acdccb5b,3,train,2993,2416,1736,0.935,113.24522399902344,40.643467107704154,248.1704026607331,False,b7ef4748e4333e51e8f7bb599080c191
d871895742b1,0,train,2994,2588,1958,1.0,58.761260986328125,27.202241168363106,26.705772887682542,True,04047a7bc76968a46eb90e8cc06fa54c
d881c04f01fe,0,train,2995,1050,1050,1.0,63.0745849609375,35.492580751503,104.99228392331861,False,3445d10a8a9dda455df18883228dc8cb
d88806d9ece9,2,val,2996,2144,1424,0.843,80.71560668945312,30.13977890669614,93.64066188014112,False,d9fc6a7d81645b35f459540d0c3af1e1
d88c4843aec3,0,val,2997,1050,1050,1.0,81.16438293457031,43.67799112029459,131.6501816639211,False,5cb65cb0a8addbaf55b1f90a80eaa89a
d8cdb7d7283a,2,train,2998,2416,1736,0.935,79.562744140625,29.125421217095006,122.9134362374898,False,394ac10dd6da7b76256cfdc9dadf0e4b
d8da9de62743,0,train,2999,1050,1050,1.0,81.19139099121094,43.46280814531176,163.63621283974499,False,bdde1b02397d9d0d3608c57e85674ad0
d911dd40c63b,0,train,3000,1050,1050,1.0,75.70149230957031,42.403829987133236,109.16396922222339,False,ebd8f0bf7831c33f579dbe82c32aa7ed
d91273efb92a,2,train,3001,3216,2136,0.842,99.60908508300781,37.36578156467232,155.34605342126451,False,617fa58bf4497531a5f4bfaff971d172
d91635f380b4,0,train,3002,2048,1536,0.602,29.853042602539062,16.447695814025572,32.3370339514222,True,167330906ef0e2dd92493011dcef7da5
d9311f7497cb,2,val,3003,3388,2588,0.871,65.12127685546875,27.235226072841414,113.81941236532293,False,461f550a7dcfb4f007e4a6615cc27a0d
d93b61dc8f64,0,train,3004,2588,1958,1.0,60.49285888671875,38.104343040209805,100.84887077263556,False,c5c5aa52e200ee8628d811d26fb9060b
d94e10f42861,2,test,3005,3216,2136,0.842,89.13070678710938,33.17457098623235,148.7728284818586,False,6795385883a1d64ca3a3723b8ab262d2
d952dbfb0fe4,2,test,3006,2416,1736,0.934,70.86648559570312,30.343032843892914,112.47051237430423,False,2d461b7e993fa0b522757985ddecf661
d95959798b57,2,train,3007,2416,1736,0.935,84.54888916015625,36.31431133520791,157.53572722501121,False,faf47573e28290bb625c3c81b32db630
d968a983d4d2,2,train,3008,2588,1958,1.0,67.75254821777344,37.28564551523204,55.744629754684865,False,36549f2206878e2574fae2b778e0b690
d97911a32918,0,val,3009,1050,1050,1.0,89.40486145019531,46.06198965567112,156.95099001913331,False,aed728608ea87b83b6f67ae4270c914c
d990a3f0cbdb,2,train,3010,2416,1736,0.935,62.893096923828125,28.839960158726196,81.42893170937896,False,664d7e69f848236697f56b88699976b0
d99b0f7dd9b9,0,test,3011,1050,1050,1.0,83.72662353515625,44.2325267344556,142.13428458198905,False,77b5c059d0c48f131b4d20419599b073
d99dd99be001,0,test,3012,1050,1050,1.0,78.64837646484375,43.186772021506435,153.64447641279548,False,35cb1c2430f06973ab13c824730f0164
d9a475dfe59a,2,test,3013,2416,1736,0.934,109.12037658691406,38.931636921010565,181.4465575432405,False,17393b6ad7de787a5d7f4d564d5b51a0
d9ad2a0ec026,0,train,3014,1050,1050,1.0,81.72151184082031,42.568521765470614,127.65676627960056,False,974af13502a1a1e1e858bbc06f8fccf3
d9ba044671e1,4,train,3015,3216,2136,0.842,84.97752380371094,31.962154872032087,96.9615377576556,False,138d51d2afab81ac671fec27148ad924
d9bbdc33db83,2,train,3016,640,480,1.0,108.06607055664062,32.85255830333649,129.22538875765167,False,155e030859f363b41fd2c1db8b02168c
d9c9b9786da3,0,train,3017,1050,1050,1.0,76.06178283691406,41.809073650896664,122.60169124603271,False,15ad24c782207fa312dc358671b64e15
d9d2631f043c,0,train,3018,2588,1958,1.0,60.332427978515625,27.735609491688265,48.4216679984238,False,72c8510e754b1678b73b159a362cc97c
d9e58e4d8689,0,train,3019,2416,1736,0.934,81.41249084472656,30.12338623156345,110.0885112574324,False,c51848d09696f66e5873dd9a0042cfea
da0a83f074f3,0,test,3020,819,614,0.61,63.59391784667969,39.42300906878729,151.61299732490443,False,05c8c3ab1784377563318be9eed135b6
da1fb35f5df9,1,train,3021,2416,1736,0.934,78.90980529785156,28.486321592473217,112.45311995968223,False,ac711a707097fed68d80fe1e0f7a18d9
da2bdf4236ac,0,train,3022,819,614,0.61,81.36831665039062,52.399317457790524,233.84903878625482,False,24e4ba7b8d72e7309b0b587f12435d61
da3a2275c850,0,val,3023,1050,1050,1.0,85.86961364746094,45.63189074152135,184.36535309255123,False,6d3c97a9d3ea116247aac670dd8cd3c4
da44f80b422b,2,train,3024,3216,2136,0.842,86.99244689941406,34.26108282860258,117.87032263330184,False,e8b65bbf27abac19c3260eb4774536b7
da6389d129aa,0,val,3025,2416,1736,0.934,60.06201171875,24.20900950305492,90.39717745571397,False,8b8a21d60890da77a4f291b1ee0a17a6
da6bbb76d562,0,train,3026,2588,1958,1.0,65.93812561035156,25.97236282409344,47.80946398433298,False,f2aa062f25fea8f6a2ff803b20fd318e
da8900ac7f29,2,train,3027,3216,2136,0.842,93.37333679199219,35.17188293239164,133.8487783037126,False,554cc9b8f80e2cd4099359b08187aef3
da9262d9f5d9,0,train,3028,1050,1050,1.0,81.17753601074219,42.47441342771394,148.66936626820825,False,18616858e8b1d5890fea2ec50ae20382
da949aa67a4f,0,val,3029,2048,1536,0.605,92.45022583007812,49.65612795053417,174.92874531052075,False,3ca8f93b827ee8f6d06e0aad99118361
da9574d35b82,0,train,3030,2588,1958,1.0,74.33749389648438,32.595110724363366,42.92619267757982,False,b7e9eb5c4b477def4824361e3e1cc10a
da9fe02dead3,0,test,3031,1050,1050,0.996,48.18299865722656,27.32162394339947,66.0811065286398,False,e7a5d541ebb3b98e818ef8f1fa6cdbeb
daad7b617f21,0,val,3032,819,614,0.931,51.926910400390625,25.93195591539383,41.29656598321162,False,3b82392242d13aabd062f39e75bd5348
dad71ba27a9b,4,train,3033,2416,1736,0.934,56.536468505859375,22.959556793916565,59.334963019704446,False,574e1f32b8206c8340a5d28980e5ffd9
daeaa5d8cf70,2,test,3034,640,480,1.0,104.31365966796875,33.82257018387512,47.46186465746723,False,2434d5e2b8fafd03ae12df399bf5343f
daff5427c9b2,0,train,3035,2048,1536,0.684,79.30134582519531,56.0654494407339,247.9290926521644,False,ef9a1c9310e0e3531ae8cfaa2920946b
db3cd58aa315,0,train,3036,2048,1536,0.605,73.92494201660156,42.50860074066201,182.83265685662627,False,dea2e0eb45e03515dd50eb236db86e13
db49cdf1ea64,2,val,3037,2416,1736,0.934,63.82420349121094,24.89426175480988,83.213517553173,False,ebe4fc40612d24e11ffe8504a556868f
db4ed1e07aa3,1,train,3038,2588,1958,0.989,66.20321655273438,33.912843532364896,22.774556591175497,True,fde3b4c6c203ba3b2bc83cb0e5a491ce
db52626d450c,0,train,3039,1050,1050,1.0,79.50350952148438,42.617559718673064,136.87542171753012,False,a11d2c4089bce1e97e5fdc7d086d0952
db6207e62c7b,0,test,3040,2048,1536,0.605,80.93363952636719,45.91567202995448,178.460822946392,False,c7f4a7c42bb75d6afed749d4599755b8
db690e2d02f8,1,val,3041,1050,1050,1.0,77.80206298828125,41.57365524513505,122.7014597505331,False,8a01951cdf2dd70bd059a429d9a54a2b
dbb2c63f6f08,3,train,3042,640,480,1.0,96.66120910644531,30.131094497514354,55.94487391412258,False,2c4a90812efc1f196e90f4f37c1ff613
dbd062558b81,1,test,3043,3388,2588,0.87,79.71147155761719,32.424014710945826,137.21268344460987,False,6e5191b3037386c07f871f53ad89b83c
dbee04ae6426,2,val,3044,2588,1958,1.0,53.31285095214844,26.563434214077198,86.6539290396031,False,17f34d7e54e73a67f3ded94dc8f79aa5
dbfd238b3468,3,val,3045,2588,1958,1.0,46.55711364746094,21.899024274024644,96.58562186150812,False,099b8e403bf223ac60a17577bfb855bd
dc0eea0b68a7,0,val,3046,1476,1117,1.0,77.58546447753906,33.22519609115551,82.68738606199622,False,0d34deb49c74464f00ae11959909265c
dc0f6e5b489b,0,train,3047,2048,1536,0.605,67.72621154785156,38.789925251176605,92.57858156319708,False,99f6c698477ea620b29c7c1cd51881fc
dc6fa1b38b83,2,train,3048,2588,1958,1.0,74.60531616210938,29.966579668547247,66.95985491177998,False,c72bae37fba48607716ce95e0ec78ec2
dcc6c0ad5cad,0,train,3049,2588,1958,1.0,40.444915771484375,15.896900429543846,12.91953282407485,True,3cf62b86c2f47e7023267efeb73ebb5e
dccdf750c962,0,train,3050,1050,1050,1.0,77.10496520996094,41.202567823131325,121.89621437876485,False,d55e8a92f211a5f0089855053f1b7156
dce73d90c00c,0,test,3051,1050,1050,1.0,84.26371765136719,45.06706448197861,139.33461993932724,False,b9256adb208c3e0fc1aba855cd6ce283
dcf109df1a2b,0,test,3052,2048,1536,0.605,79.43252563476562,43.36886045393996,192.48305554292165,False,e682dbdf93f6229d942f32c60740e3b5
dd02d60bef14,0,train,3053,2048,1536,0.605,81.43832397460938,48.522634153242905,160.14937496185303,False,8289b6c444dabb729688ae7abee04cde
dd110d2b8c21,2,train,3054,3216,2136,0.848,110.54095458984375,41.59181812189101,182.4845622384455,False,469ee8babac299a4415465590e32101b
dd19428c3d29,1,val,3055,2416,1736,0.934,67.40191650390625,24.318639618598702,78.39880863483995,False,81e8dd79693766ad2a1dfb7900c583e8
dd285d9e97fe,0,train,3056,1050,1050,1.0,89.24064636230469,49.54589038458347,233.7763460127171,False,158cb4dad294decc927f813add39fb27
dd3176bacfe2,0,val,3057,819,614,0.931,47.88092041015625,28.245758738289776,34.68039431772195,False,44f0a57354fbdc8ccf50d9e9f161d9b1
dd3dad6ca78f,3,train,3058,2416,1736,0.932,55.6246337890625,20.775627760678244,37.122922792099416,False,2d46c80c2d1baa69dc147805f78da26f
dd90c321d7bc,0,train,3059,2048,1536,0.604,70.47840881347656,38.092329481337906,131.67885095532984,False,f5a504ebf1b928ba933eb759a2468c62
ddb222ff7c1d,0,train,3060,2048,1536,0.605,73.72712707519531,43.25519212434027,101.38029955234379,False,16c5dca468c60bc60c6e38bc4f9bed66
dde43aa22ae6,2,train,3061,2416,1736,0.935,87.10346984863281,31.13583427416763,141.91678152885288,False,ff1ffe35f5ce242dcf4b06c03aa6e067
de16416220de,4,train,3062,3388,2588,0.866,66.88142395019531,30.283002406702643,79.61310106678866,False,85df4b383728711df101e9a0a4e531d6
de18071c36e6,0,train,3063,819,614,0.606,67.92131042480469,39.38191190532679,85.29183899518102,False,24752f05573dc63a15c2b62fa477ce64
de2eb5c8aa83,0,val,3064,2048,1536,0.602,34.482452392578125,20.804365455670943,34.58942548837513,True,113cfffd7f9233fbee5446cccfd42e0f
de38adaae009,0,train,3065,2588,1958,1.0,59.30656433105469,21.032956309064375,32.170259459875524,False,37facd90e51a52502b65460a7e9f3f4d
de4cdabbce6d,0,test,3066,2048,1536,0.605,85.14976501464844,47.43540804126147,125.72246651514433,False,68b0b2ebf773ca1529481eda2d5de378
de50dfa745f8,2,train,3067,2588,1958,1.0,41.739715576171875,23.087377700786863,23.591434683650732,True,5bb3fd7a2ff767a37ea51b8c9f3c529f
de55ed25e0e8,0,train,3068,1050,1050,1.0,76.12115478515625,42.525547029183706,118.132137052482,False,4b98f82711df8b28bb90125a5a577c3f
de57c9e9fa93,0,train,3069,1476,1117,1.0,81.91580200195312,44.24070709329919,33.79517344292253,False,01e185e9f95f99a3b0b3581940f9cfe3
de6210f88536,0,val,3070,1050,1050,1.0,82.67605590820312,44.51821092459311,130.157540227985,False,5f6ebecedb25d21decc4a2506afbf085
de730033c683,0,train,3071,2588,1958,1.0,54.12705993652344,23.00613486426279,18.654923676513135,True,36c55e93d9d1417f7aef5ac6e5c3cb8e
de778495a1cd,2,train,3072,3216,2136,0.843,117.947265625,42.856501422804925,197.30636596679688,False,adadd9dd0ea47f29999f127e585c2887
dea7538bb91a,0,val,3073,819,614,0.931,49.78001403808594,25.0512753776465,46.848885068437085,False,77e5eb7de0b59682f8d9b31be8a9d064
dec5595e6154,0,train,3074,1050,1050,1.0,75.16946411132812,40.46462936225584,120.89648104365915,False,55896e64271cd30e397188ca28710340
dee1031a76ae,0,train,3075,819,614,0.931,58.00294494628906,36.14409503572215,58.71157240867615,False,489104f2622f6dd650de9db8032f9395
dee31065f8fe,0,train,3076,1050,1050,1.0,76.02854919433594,41.36532831642618,132.91940075811,False,6ba8d3199cf046b6854dda8b295e2d9f
dee687c6e88a,2,test,3077,3216,2136,0.842,93.54878234863281,36.99765832921,138.56234024465084,False,286e54f9df932e794bcf24e95e6328a6
df0886f1e76b,0,train,3078,2048,1536,0.605,84.11312866210938,47.03567080812873,205.95138744241558,False,0fe0dfdff3d73ede1659e3169cd115b6
df3adfd6ba36,2,test,3079,2588,1958,1.0,40.03858947753906,21.759864905166356,33.93878382071853,True,e73705a09cf3df991b7cd3b2a5d43f5c
df4aec4a0eaf,4,train,3080,3388,2588,0.864,75.75102233886719,30.596755956965065,137.72707935026847,False,2bd268b0c320db79983d21b799f7576e
df5ce3ea7820,2,train,3081,3216,2136,0.842,89.51266479492188,33.328095123542646,122.43219789490104,False,5a69a2a5e26d521f41e2bd8cba52cdfb
df6d13d04da1,0,train,3082,1050,1050,1.0,87.24409484863281,46.87025239868871,173.34269215818495,False,e1759001e08e3107260bf312d4a2415d
df8365d6ac33,2,test,3083,3216,2136,0.842,88.20698547363281,33.01331667357995,122.67254424095154,False,a302ce86e87c77ac388422788e0f0806
df841a0440d8,2,val,3084,2416,1736,0.934,64.82505798339844,24.368607463091553,84.75914267241023,False,aecc155f7f8ee79402a25c0f75b606cb
df84e7113003,4,val,3085,3216,2136,0.842,88.00527954101562,32.67014044007912,106.78255053400062,False,66eb6b701602c7f215a9238a93019b83
df9cb3729eb1,0,val,3086,2048,1536,0.604,67.03179931640625,37.20727787201414,101.6442883675918,False,4ba8e55abcc49c8fc10887202d4a26db
dfc7ec7db0e0,0,train,3087,1050,1050,1.0,77.86518859863281,43.33689238719842,125.24266573390923,False,426a199e570dace144d7bf02fa924c3d
dfea19863428,0,train,3088,819,614,0.931,42.697601318359375,23.01603771923398,37.902879684232175,True,88e1efdb1ed49313eacce02074146fc3
e019b3e0f33d,4,train,3089,1504,1000,0.838,94.80128479003906,37.723093942393156,115.81389178126119,False,880c7ed1845c474160479d212340bd3b
e01b7bac822b,0,train,3090,1050,1050,1.0,50.692047119140625,29.419457842386684,71.33494871016592,False,f6cfe141093180e4797232c2591c6a96
e0313be77035,0,train,3091,2048,1536,0.604,85.4298095703125,52.10465406897286,192.73830312490463,False,87dca64608c0fcf2a7af19f64e50e5ff
e03a74e7d74f,0,train,3092,2048,1536,0.681,27.920120239257812,22.426610599870813,44.08821174129844,True,00fb42a1e3dfa1315b1db5adbc4a3678
e03e70bc8bba,2,train,3093,2416,1736,0.934,69.65447998046875,26.567493798925536,86.95346809830517,False,a7b4f9e03eef02174f1e37578e4c3102
e04f3c6619a3,0,test,3094,1050,1050,1.0,80.254638671875,43.28964420196953,138.57796311285347,False,7fadcdd15a533f29418f4f569e1a9d5b
e067b06fd655,0,train,3095,1050,1050,1.0,73.34461975097656,40.171527402056185,108.41621877159923,False,dbee2249546f38aa3c89b0490708c36e
e06cccc08c59,0,val,3096,1050,1050,1.0,81.6746826171875,46.0618106757789,138.60056119784713,False,5fc68b7bec4fd7e31917233d8deef4a1
e06d3d4733f0,2,train,3097,3216,2136,0.843,111.39448547363281,41.85195559638004,187.8487155472394,False,374c858941e9ab95ee0a9698b4191269
e07045d7c5f7,1,train,3098,2416,1736,0.934,78.55873107910156,29.54905525777676,82.17588633275591,False,054c66d0603aa0c7f7108ff057ca7212
e0863b353093,2,train,3099,3216,2136,0.842,93.99005126953125,34.079037411806986,130.91571814473718,False,7d38fc43e5d8b414540d858d4bfb56de
e087bd4b88f2,0,train,3100,2048,1536,0.604,80.32164001464844,44.94896994527691,108.19835808034986,False,9aa37345ac44dcc348cae3d6e6d3b975
e0b5a982a018,3,test,3101,2416,1736,0.934,83.90670776367188,29.870477338530897,116.47884671553038,False,d827598e741e30246d6a8d490122b23b
e0d229db881a,0,train,3102,1050,1050,1.0,77.69783020019531,41.87928811625145,126.63172686262988,False,80c76adb4ccb27b3baccb4af325b1181
e10190a9d52f,2,train,3103,3388,2588,0.871,68.5419921875,29.93631149513134,187.5740241294261,False,0a3a0bd79b81a58dec284172830c7fb6
e12b67835e03,2,train,3104,1050,1050,1.0,79.7943115234375,43.992950450281484,108.84552236623131,False,265a7c1801d250c0bfc2cf854254f915
e12df54e0d1e,0,test,3105,1050,1050,1.0,76.164306640625,40.08555280106424,136.059871773934,False,d73934e86ca37172b30fc19dd7d05c30
e12f9f19d1be,0,train,3106,819,614,0.61,73.54502868652344,40.377235586029585,154.31154915853404,False,1ca5236a6c5b27060ccc1264af388c29
e13412678eff,3,train,3107,2416,1736,0.934,60.44685363769531,23.956681541967292,78.60422921087593,False,36708c4e314fe40394ad97f1bcc2d3f7
e135d7ba9a0e,0,test,3108,1050,1050,1.0,89.26376342773438,47.410570719656654,148.19346518721431,False,c0defbffc1d6eeed5446989375c8ff10
e1418d28d668,2,train,3109,2588,1958,1.0,29.288803100585938,10.846473074002835,8.755795497214422,True,921de9b0a9b4e6e8edc3d2af5ff88e44
e150935f66a6,2,train,3110,1050,1050,1.0,73.59092712402344,40.13458920089407,111.19853281602263,False,9ddf0a4b0f6414b3d5ab5ed9fe5b6b65
e160a3b19911,0,test,3111,819,614,0.61,66.44905090332031,39.55479626244301,142.98527884483337,False,fdf4b10795a2098ce678f0b39ecc00e5
e16af45285e5,0,train,3112,1050,1050,1.0,77.30271911621094,40.98617234108124,116.01785614714026,False,3c499a6d84c0ff5af96fe15bcd31f5f5
e16fc934069f,2,train,3113,3216,2136,0.842,89.59991455078125,35.221570341577376,95.5885079333093,False,0129de1004bc4f9883336aa0bbc6273c
e17507a4a1f5,2,val,3114,2416,1736,0.935,91.16484069824219,33.151347548294865,130.80089963204227,False,8a3d772a9af35b2b927418f017203681
e1900014dabf,3,train,3115,2416,1736,0.934,85.6785888671875,34.805099560003434,174.08526173140854,False,1aa1e32a89c3dde72c89e1268fded8b2
e19936582c61,3,train,3116,3216,2136,0.843,88.39253234863281,34.37738563839407,197.10224601253867,False,1756736360eff7ba96a53bcfc1c659d7
e1ab92228e60,0,train,3117,2416,1736,0.934,79.63053894042969,28.396394366239534,107.72446011914872,False,9cfabe3b90694dda3cd5f4e5e2f0c53b
e1b8acb1cea1,0,train,3118,1050,1050,1.0,78.41705322265625,44.56728173260402,123.45929280575365,False,82d619a2555705cbcf780a072e3e4521
e1c02f6c3362,0,val,3119,2048,1536,0.604,71.71748352050781,41.23387509750908,122.10240615066141,False,458f0a60e06b11edc72b01add7ac00ac
e1dc02a3dc2a,0,train,3120,1050,1050,1.0,80.74151611328125,43.69702381377786,140.88953757286072,False,821a5fe804a832b799774c0b2423c040
e1e490773462,2,val,3121,3388,2588,0.867,69.37553405761719,27.726707437925754,112.66225031670183,False,b18c51a411409336e134d36fc9d6e616
e1fb532f55df,3,test,2453,2896,1944,0.64,59.402435302734375,32.73276775106976,112.09277040418237,False,55611bfcf60071557f60c7af0ecd46ae
e2161692a0b4,2,train,3123,2588,1958,1.0,41.66233825683594,20.62496037641403,38.22023542388342,True,fe646ed11b97b7d1411dfbbaeee1970f
e2265c383348,0,test,3124,819,614,0.606,62.58015441894531,36.795418825029806,88.21156916674227,False,d689e388c7f076483a7529dfdd76ad48
e229aca862c7,2,train,3125,3216,2136,0.842,90.90347290039062,34.33353442101983,130.5444392429199,False,2c179e30704458ac980adac760ab6680
e23add229074,4,test,3126,3216,2136,0.843,110.94621276855469,41.1341066614446,179.20242309570312,False,00ead0679040464e1a4a8cc1f4d476a4
e246cd89e1cc,0,train,3127,1050,1050,1.0,68.60394287109375,36.44305868340108,106.49424597411416,False,f102ccde04e0530830079fd2e4a774d4
e251bdf05b85,0,train,3128,819,614,0.931,41.199188232421875,25.31575795150903,30.074675812385976,True,69d86aa1ec8de32c74a7d1f772c395ba
e25ccfe38e44,1,train,3129,819,614,0.931,41.89717102050781,24.6862465179168,40.066862638806924,True,40a446c36f55c8d44f64df78b5b1bcfb
e265c870f9b3,2,train,3130,3388,2588,0.87,82.11251831054688,32.58947276182086,183.6025884365663,False,3aae9d96f03129a1ce1eaccab08bdb79
e26bcae6c67b,0,train,3131,2588,1958,1.0,45.85992431640625,20.449086341957543,27.484593054046854,True,adad157f6d5bab0ff6e2f080f95052cc
e26d8718ca58,1,train,3132,819,614,0.926,40.802276611328125,24.766167155789876,45.21311106905341,True,cdb739531900cc1a351e5314cd5b7671
e2856afe62c5,2,train,3133,2416,1736,0.934,96.61412048339844,34.07323970888899,136.1475039308425,False,fcc8b4e3936efa1d64def9c66bf2cc9c
e29e54ff921e,0,train,3134,1050,1050,1.0,75.36775207519531,40.32658952530259,112.38313001929782,False,4c5f0f3f0e9c11b891282dffe66becfd
e2a233493b90,1,train,3135,2416,1736,0.934,62.10118103027344,25.72218318560233,143.71486569102854,False,ab26591bd627688580f71921abbb7ee7
e2a47a74e6e1,2,train,3136,2416,1736,0.934,62.59559631347656,25.33703391508921,106.60941606387496,False,037ec6ac5295502de2071b2645d196ac
e2c39ed0c941,0,val,3137,1050,1050,1.0,84.22897338867188,44.52868722500364,136.19994049123488,False,dfc956348d87b76cd7f5f0fbf4c8158a
e2ec22b3d07e,0,test,3138,819,614,0.931,40.7252197265625,24.605122325025224,46.236405313014984,True,48231391c959f9ec4bcc4817d1fcc173
e30a890600e1,0,train,3139,819,614,0.931,44.522918701171875,24.050086710406234,46.50731649901718,False,c2939d7b217550d48a3d39031c461fd8
e31c42a8652b,2,val,3140,640,480,1.0,84.91903686523438,26.862390417559983,51.06169009930454,False,f85a5911edb97b018d49de2f1cd8f9fe
e322acd46152,0,train,3141,2048,1536,0.602,38.04173278808594,23.473936800969753,47.80875751003623,True,260c0fb258972d1d0e0de6294351aedf
e32a359be36d,3,train,3142,2588,1958,1.0,45.410369873046875,25.97281091114108,39.28853940125555,False,91ea7cc488a97c85ba177190f974c070
e32dc722eca5,4,train,3143,3216,2136,0.843,94.97048950195312,36.579643192938505,134.18171374406666,False,76b5e34a84f2e54aff3fdd88680d4e26
e33766353db2,0,val,3144,819,614,0.606,75.12138366699219,44.578267974430254,164.34051370527595,False,c4a808217b3a2cedd952bdbbd1317c98
e34fa07bd64d,2,train,3145,1844,1226,0.816,86.29718017578125,39.592610426671804,81.46782472333871,False,395248bce05d9ac22ef87b6f021f9dfb
e387311a840e,2,train,3146,2416,1736,0.935,62.254180908203125,22.83594012413359,86.94699512422085,False,eacecf5dd00c96f81eac44993dac9d0b
e38f3a65b02b,1,train,3147,4288,2848,0.809,67.61668395996094,31.78701516109266,84.37684588483535,False,b5d085885001b2d734a9daef91d0808d
e3a7671f787b,2,val,3148,3388,2588,0.873,100.83207702636719,41.205748156627216,282.10474213189445,False,caa565130e9b3e2821a7f874a7f45c10
e3ab63dc9a60,4,val,3149,2416,1736,0.934,94.2159423828125,34.126636056972266,173.34676757804118,False,c44c20f5ad4a876e600894654e1594ce
e3b47ed5b511,0,train,3150,1050,1050,1.0,84.78997802734375,45.010485848606905,138.9346945581492,False,95b09e683adf5341d3d9264c2643f985
e3cd96cb094c,0,val,3151,2048,1536,0.605,71.84661865234375,41.06358695220062,127.84432747005485,False,28c6cb403e90517321935fc8992301b4
e3e490babc0c,2,train,3152,2416,1736,0.934,99.22125244140625,35.84394961997248,139.65350454091094,False,3aa881c1f71ac7eba401af7d4a82e169
e3ec668f6fad,4,train,3153,3388,2588,0.865,74.39332580566406,34.62932953260836,72.16015997505747,False,d7d30ffdd29997072c133e6cecef39a7
e4210e7fe587,3,train,3154,2588,1958,1.0,58.499664306640625,20.881044891862615,21.76780643663369,True,eafe6ea3ec122fcc3ac0539dac15a566
e42d9a94a66d,0,train,3155,2588,1958,1.0,61.33518981933594,22.34758281061727,42.03254340495914,False,37fe34fad6ca51daddb2a8a75dd6d1cc
e4730ddde408,4,train,3156,3216,2136,0.842,105.56620788574219,40.178557064866,157.0510129891336,False,83ae9fba38520921e46670f8c5c411f2
e47452069ea1,0,train,3157,2048,1536,0.604,64.04661560058594,37.86749749020065,101.73912976472639,False,f4193a69f450b5cd849602056dd30ee3
e47770a2e5d1,0,val,3158,2588,1958,1.0,48.419189453125,23.288169466215123,38.08183344989084,False,0be273bfd7fae5238a8bf622d113ad73
e499434242cc,2,test,3159,3216,2136,0.842,81.76568603515625,30.701346231760613,103.95136364898644,False,6b60facb533311f6c5263826045c518c
e4a44f9158dc,0,train,3160,1050,1050,1.0,77.26506042480469,41.28099285413276,127.91221462842077,False,65303d1706429ffd7ecf9b51cf0b35aa
e4ae1ee6aada,0,train,3161,1050,1050,1.0,95.21852111816406,49.52568968307653,177.17100225389004,False,1a0ca2cbc1fafd060a5215e11cef14b4
e4b0df29b96f,0,val,3162,1050,1050,1.0,84.96148681640625,43.955014344461304,141.28351996839046,False,f9584d2aad767b87588eea432f113818
e4c799738a19,0,test,3163,1050,1050,1.0,84.4144287109375,43.95885348951997,141.1461609667167,False,2c1edfce3189f0816d0c0125af4c5aa1
e4d3d437b0a8,0,test,3164,1050,1050,1.0,80.43232727050781,43.28768388259253,135.69024898763746,False,f97f9982b3e007e42bac7659e6b4386c
e4dcca36ceb4,0,train,3165,1050,1050,1.0,77.65426635742188,41.57649779834906,129.08178508933634,False,e6a00b913351e0e77b46a805994450b2
e4f12411fd85,4,test,3166,2896,1944,0.639,56.94779968261719,25.390548804787784,87.83107979502529,False,9908982fd8c3d7f1106a999189c07ca3
e50b0174690d,0,train,3167,1050,1050,1.0,78.23683166503906,41.14590120275468,117.97079277760349,False,deb6743d1f72f3172a0a21426930cc3f
e5197d77ec68,0,val,3168,819,614,0.931,52.09565734863281,35.04397465134392,49.588500022888184,False,aaba2c74fbfc4973ad812805cae9705f
e529c5757d64,0,train,3169,819,614,0.606,61.1651611328125,34.853135624569866,64.46417281939648,False,032c3262488bdb780eab6c918d9ddd8f
e52ed5c29c5e,3,train,3170,3216,2136,0.842,94.59735107421875,34.88549885113537,114.84992694482207,False,a4683d55588bf7de6312c36c126af603
e540d2e35d15,2,train,3171,2416,1736,0.935,64.81576538085938,27.03228399372887,80.24661629996262,False,c0ce05df7be7e7e78fe0f22eacb56c9f
e55188915f9d,1,train,3172,2416,1736,0.935,85.40597534179688,32.48403553121051,139.54013107717037,False,18dc627bc759d5ff6adf054d81131992
e580676516b0,1,train,3173,2588,1958,1.0,72.05538940429688,39.62768217068623,103.2958061164245,False,b0e75455670c5f9e61d08c8449353cba
e582e56e7942,0,train,3174,1050,1050,1.0,80.78910827636719,44.67965202774695,158.83532106503844,False,b399c5f0d0543f6756ac767d75a93d34
e594c19e2e1d,0,train,3175,1050,1050,1.0,70.92691040039062,38.245504656315994,99.65751737356186,False,af41cf0a1cc256155d2e5581e07ac3d8
e599151ca14b,2,train,3176,2416,1736,0.935,80.81983947753906,34.00736063655142,93.85869815107435,False,aa91c269401ecf68b0f99d8f9cd4a29a
e59c5f345bb0,0,test,3177,1050,1050,1.0,77.14190673828125,42.3953499362591,125.59401885326952,False,0633ccc10c37bc0f05ede7fac1290254
e5d56f4f359b,2,val,3178,3216,2136,0.843,99.30862426757812,37.71038877704337,135.1492206712719,False,f8496403ab9f69cf8c4f8e024b31b1e9
e5de79795c1d,0,train,3179,819,614,0.926,43.151123046875,25.80938370184077,52.0934092849493,True,ad038a4ec99549b182d6c11543017cc5
e5f332efcbc7,0,train,3180,2048,1536,0.6,35.056365966796875,27.5579195700997,32.457024320960045,True,a01d71f4570a2f5093dfc5a12a57e404
e5f73f2855c0,0,val,3181,1050,1050,1.0,83.26054382324219,44.554386501669995,118.60495197679847,False,c2c75b9f901d0a0fc8dbeee607c84fc1
e60e4edb3ca9,0,train,3182,1050,1050,1.0,81.32710266113281,43.937920367904375,120.57450138032436,False,9e9ca0853cf1ffa94f9746e508445cb3
e62490b7d0e9,4,train,3183,3216,2136,0.841,69.66114807128906,26.38080612281863,67.48655799007975,False,4f152916b17adaf2452319e04d47c9da
e632e38fd2d4,0,val,3184,2588,1958,1.0,63.67585754394531,32.817584065255275,46.28776781167835,False,3f4bf1d45e7c8ca969baf9cd23961def
e6552b7432b3,0,train,3185,1050,1050,1.0,80.71830749511719,43.239433395715274,179.76645136531442,False,bff30b137038abb97b63242340a7aeee
e65a2ff90494,2,train,3186,2416,1736,0.934,50.59123229980469,17.6370689343001,54.20981046347879,False,49ae496d0b34e9161bca6eda9f0c749e
e65f94ad9be3,2,test,3187,2588,1958,1.0,55.532073974609375,21.683044004141657,32.27768872096203,False,044c6fb6fae466b5b5d073d6e6864f03
e663c6627a95,2,val,3188,2416,1736,0.934,82.39958190917969,33.178949642961285,130.94777584075928,False,5067e0054b3772492f3124b5bb9aade4
e66855a5c583,0,val,3189,1050,1050,1.0,78.29591369628906,42.05567917105192,132.40778313577175,False,7b1646a9a3b9f854a26bef3e5d4c444e
e66ad813a508,0,val,3190,1050,1050,1.0,68.46099853515625,38.34366728901784,107.68446439108811,False,0320dd037f6c80013d482c2109fc80c8
e68746d426b2,0,train,3191,819,614,0.931,47.07096862792969,29.242352110172245,61.200569638749585,False,3547fce58d4cf086b13a94faaf482ec0
e68bdd36e589,0,train,3192,2588,1958,1.0,61.28416442871094,26.825998604692778,63.22877280204557,False,1ea88e015129b51c4ab2621d4256a7a4
e69b48516577,0,train,3193,2588,1958,1.0,43.1527099609375,17.80676206183524,26.365579343400896,True,53118d4a23f50f5312be1d5f72b95f86
e6a58edc5b42,2,train,3194,3216,2136,0.843,110.98405456542969,40.739828764007534,174.36034344043583,False,a5da68df4db49a33b840ba5385dec1ca
e6a5e4718873,0,train,3195,1050,1050,1.0,83.77383422851562,45.27620377032954,139.38148901215754,False,d497214441c67c91b13fa67ffd4b483f
e6a6acf7fca1,2,val,3196,3216,2136,0.842,99.21574401855469,35.957071054118394,140.32792276795954,False,b7c6959331afee448f12c668698bbf1f
e6f0ce5bf282,2,train,3197,3216,2136,0.842,102.90634155273438,38.004630183059476,179.91631390876137,False,988b47d427156343a219e01a29e7b38b
e724866f5084,2,train,3198,3216,2136,0.842,81.49983215332031,31.007345989989552,99.35397619730793,False,d9a6e0785af36b4573ab4252a127ab42
e7291472109b,0,train,3199,1050,1050,1.0,47.84764099121094,30.323446521212322,77.17835766053759,False,7a15e57736627c577d898c2af01b467d
e756495c11cb,2,test,3200,2416,1736,0.935,71.84379577636719,27.73352164657751,91.07449675258249,False,76e2dd1bc5fa2d56be0bbd5267d6031a
e7578d8dba72,0,train,3201,819,614,0.606,76.31317138671875,47.31929779125987,156.54624611674808,False,fd40f1b84de60df67f9955b7c7c8c5c3
e77a93c3d9a9,0,train,3202,2588,1958,1.0,64.722412109375,32.76531440813226,62.13202141225338,False,4846f33ff653d01105136a3afda84870
e79e10907295,0,train,3203,1050,1050,1.0,97.97282409667969,51.29654460962523,166.47097159340046,False,f474b663ba6465b68fd19fd81a35fccd
e7a372a1c3a4,2,train,3204,2416,1736,0.934,82.48907470703125,29.448641324394192,146.62758662900887,False,978b3ef08663da4843e654b12b1eb084
e7b5dd5bab1f,0,train,3205,1050,1050,1.0,73.64665222167969,41.84128710207536,104.07357102050446,False,2b4c835d1100e3be13a59efdd352aaab
e7d2c2c3b30f,4,train,3206,2416,1736,0.935,76.92759704589844,30.932704964970856,174.35399109846912,False,68df6a189a0e96c8acd5a4bf93732508
e7defafeb957,2,val,3207,3388,2588,0.879,77.33360290527344,33.354503596237166,128.47528177662753,False,eadee44654d7b44dee1f3d0689d96472
e7fc93ac5b6d,2,train,3208,2588,1958,1.0,57.110992431640625,22.59509480710864,42.272930634906515,False,7fe2c423d14753b6e15b6eb141946d1e
e811f39a1243,2,val,3209,2896,1944,0.639,83.002685546875,36.459332011668245,139.12127981497906,False,9b1a33eacf9431b67bd11d39eb099928
e81f4a2fbbdc,0,test,3210,2588,1958,1.0,89.64732360839844,36.3451059923107,130.04797380953096,False,73044ad9b6adee2172b4df0c755c54e6
e821c1b6417a,4,test,3211,2588,1958,1.0,28.827102661132812,12.877496807031072,5.7602116202469915,True,8112e8f9df07e9b4b8574af45fc0cffa
e82232a3c28b,0,train,3212,1050,1050,1.0,77.37736511230469,42.14223381407979,138.7902524471283,False,8956f773d1e616ac2e8b870866a733d9
e83d315d8f98,2,train,3213,2588,1958,1.0,42.97666931152344,19.888725992917646,34.76034628972411,True,844dcc319c1dfe744de79cac9e0d5dbd
e85d410d6836,2,train,3214,640,480,1.0,90.00857543945312,27.09261267521573,48.272642120718956,False,55c9b2300c21b74ec794065c88250b75
e868c3da340b,2,train,3215,3216,2136,0.843,101.5032958984375,37.66027178181302,169.68142144288868,False,af3889f52b0c9bb896751539e3e3f201
e893e86dde94,0,train,3216,1050,1050,1.0,77.80079650878906,41.89086292914699,116.56003641709685,False,51c50fbacbffa0b6bd186ea61889a1fe
e8ddfc9709ce,0,test,3217,1050,1050,1.0,78.13626098632812,42.453534239427164,126.84290751046501,False,0e588e04a36859ccc0d59647a3f8adad
e8e44b3160e3,0,train,3218,1050,1050,1.0,83.44320678710938,45.274535654495544,145.0515792435035,False,5cfbfd8b7174a2cd2aae45d339037ebb
e907d23cce3d,0,train,3219,2048,1536,0.626,69.07180786132812,42.04647473307016,82.8600409841165,False,681d5a4820cd7e31c358deeed19cba63
e9129ce55fd7,2,val,3220,2588,1958,1.0,54.56401062011719,29.530207662720606,29.5821117721498,False,ed667a36269cd260daf0469a8eabe54d
e9286ddf6ffe,1,train,3221,4288,2848,0.81,80.69486999511719,31.417575430778786,135.53010098426603,False,3a78ebd7f77017ca83e6bad4f96b8f26
e933923aab15,0,train,3222,1050,1050,1.0,83.33494567871094,44.86188021719336,139.79687963426113,False,3d5cdf4f9e1ad0fe3bbb26bdf62ae08e
e93394175a19,3,train,3223,3216,2136,0.842,96.84870910644531,36.73877631884802,135.91259689535946,False,61f4fc74af346898df7fd7201e57a1fb
e96099b961b4,2,train,3224,2416,1736,0.934,66.17359924316406,25.22563399590099,62.9771025441587,False,9e171a3f3bd94ef9d58e263d44f2ffde
e966850247f4,0,train,3225,1050,1050,1.0,80.98405456542969,42.854836278385406,135.89060330297798,False,37a3480a5ff46eb75d30ad1d1e02fb5d
e9678824215d,0,train,3226,1050,1050,1.0,86.039306640625,45.43024853649396,139.17352652549744,False,45edf5573113eb5a90d903de07e4998e
e96bd80a8a53,1,train,3227,2416,1736,0.934,92.04171752929688,32.53920223003155,152.61609689053148,False,d72f9d790af9e4d4600dba0e483b2d48
e97ecf4355cb,0,train,3228,2048,1536,0.604,79.75544738769531,44.17502247199939,118.11644081003033,False,f93a7839925687cd4dc2eac1913392d9
e9ab8413e771,4,train,3229,2588,1958,1.0,51.90736389160156,25.089922083535175,34.09007738530636,False,88235be31bd0af2ffc5d02a5a43b2434
e9ce5bf645ab,0,train,3230,1050,1050,1.0,85.04960632324219,44.8676843197811,146.8079832457006,False,9c41d0688f2f5d5af063565f04504d9f
e9f3c85a2a02,0,train,3231,1050,1050,1.0,78.49221801757812,41.886791066597176,134.62402570410632,False,e6879449a983d1ab08a78b1aa4ff603f
e9f82b5bbaf4,2,train,3232,2416,1736,0.935,84.21096801757812,32.74835600620038,104.50174134969711,False,0ec93f2bb049653bf5e2a584b72d2da5
e9faf0296643,0,train,3233,2588,1958,1.0,92.88946533203125,47.45224285181107,138.57848286256194,False,45c4b1ec35c0587bd6eb344ec983447b
e9ff9352ccb3,1,train,3234,4288,2848,0.809,78.78855895996094,31.04667031475157,109.00806307699531,False,26cf5a38e8ac56cd864f2b3f2836c0cd
ea1d045f9fea,2,train,3235,3388,2588,0.871,67.904541015625,28.910470238959636,104.7946395277977,False,ed3cf428939027352baa0847cbb1d72f
ea4ce9516144,0,val,3236,2048,1536,0.605,94.33767700195312,54.988157239943,214.94496242608875,False,3bf26530e4e8827f976be4c516651af7
ea4dcb055139,2,train,3237,2588,1958,1.0,37.44500732421875,16.66285642977699,8.879805117612705,True,886c6337364ac868d973235f1f08583c
ea588d1e5d96,2,train,3238,3216,2136,0.842,91.28727722167969,33.462612510551274,129.5920304423198,False,1c0d383f509f77b6126d2bc87e87c70c
ea5c42a78979,0,val,3239,1050,1050,1.0,87.14239501953125,46.4105317445589,199.30867083906196,False,748bc77e58b954673fadb89e63f764a4
ea68b58a6e8f,0,val,3240,1050,1050,1.0,79.47517395019531,43.01883969809025,133.81962654646486,False,49ce448bb78d398038452887da7cfd6f
ea6a53e54d0f,0,train,3241,819,614,0.926,44.38462829589844,26.805246413124618,64.1704635748174,False,9a77f149e137815826ef3d13d2a74e5f
ea7e21bab610,0,train,3242,1050,1050,1.0,83.21408081054688,46.15774001828955,133.52430053032003,False,b17cc7869a7cfec3f6de73b325e109ca
ea9c41e1ced0,0,train,3243,1050,1050,1.0,80.29466247558594,44.06759804923786,131.48759617563337,False,9a423b3d379502b386e1b86703f549c5
eaa0dfbd5024,4,val,3244,2416,1736,0.934,73.89207458496094,26.39092439754502,81.10919101443142,False,14f5a5aa4377d1436df1f27a7d3566ef
eabc7c716255,0,train,3245,819,614,0.931,45.49851989746094,23.6097491595666,31.937461874447763,False,1d350ec09c2fc6bcacab569f079aae02
eabf421f94d0,0,val,3246,1050,1050,1.0,82.03358459472656,44.067682589494034,123.50007306039333,False,2af5904e32235e1bd3566390aa3af89d
ead23cc922ed,1,val,3247,2416,1736,0.934,78.46694946289062,28.42506070563488,131.01865984406322,False,f434c9e4fdeb60b16ef4ededa451d559
eadfc8809ec8,2,val,3248,3216,2136,0.841,81.77130126953125,30.554187170156617,114.56908435910009,False,0a1c15c62ad02d79660ec62ef9b01243
eae70f527755,0,train,3249,1050,1050,1.0,86.43727111816406,45.19431754684303,270.701649453491,False,be0dfdd574b83e1fe8886210ec6e3074
eae901557a84,2,test,3250,2588,1958,0.998,50.617767333984375,22.703351184901493,23.499096592655405,True,5446cc2a3fe61c2af4b093f8ef9c1a75
eb050765b323,0,test,3251,1050,1050,1.0,77.12423706054688,42.11842950793971,145.89992608781904,False,d3d46f5a691b49aa8e2dfc3bc69cb80a
eb175669d789,0,train,3252,819,614,0.931,42.79646301269531,24.224929283558946,42.08599435701035,True,4f7b872cf0c645d5d985a027786798d9
eb1ad14dd281,2,train,3253,3388,2588,0.865,63.29145812988281,26.466903995642934,73.09195810533129,False,dcb96e5fb1e7f2a8ddb91a98eba95836
eb1d37b71fd1,4,train,3254,2416,1736,0.934,93.32789611816406,34.73161319963658,126.28892940282822,False,4b3c456cd0da40dc554ed19d70216f85
eb32a815f78c,2,train,3255,2588,1958,1.0,71.95553588867188,28.487094682858544,58.59526045410894,False,d6a69a98bd45f84583860eb836f5460b
eb6b1f1c09db,0,val,3256,3216,2136,0.842,94.87654113769531,35.62889620585789,120.06393095082603,False,91e2ddbc9da88049010bcf9c34b9091e
eba3acc42197,1,test,3257,3216,2136,0.842,94.22047424316406,33.97420226870124,149.99287336110137,False,aff9c061c23c04af70398b80f16071a5
ebd96d853918,0,val,3258,1050,1050,1.0,79.13871765136719,43.3626613897134,112.84419558104128,False,7d36fd7ada811272420a443f2aceb0be
ebe0175e530c,4,val,3259,2416,1736,0.934,88.59445190429688,34.04459583181223,138.05549890454859,False,e08c856f684490e167e6ad8689fabd72
ebf4b22240f4,0,train,3260,1050,1050,1.0,86.48512268066406,46.80388216636633,140.34899151674472,False,265a25ceef502975fac12d6ad3524363
ec01f0862669,0,test,3261,1050,1050,1.0,82.010986328125,43.55706343187528,125.98501804098487,False,cbaa072f0344fe1941cb116d1b18b669
ec0c9f817b03,0,train,3262,1050,1050,1.0,75.36550903320312,39.20985305050696,125.15257937368006,False,de59ac5b4019c2880a656941e53506f6
ec363f48867b,0,test,3263,2588,1958,1.0,76.55987548828125,29.163374228151575,43.958073016256094,False,893da6d0ae1fea8543fda39c7b9fc50d
ec4649213ccf,1,train,3264,2416,1736,0.934,91.1751708984375,32.81267648717556,160.70698282658122,False,598100f0161a66b6faeceaf9245d861d
ec57cc20d776,0,train,3265,819,614,0.61,88.07527160644531,49.677391194381364,236.59360821451992,False,2e59851e090edb21f69d7dd0fbdcf747
ec6659926105,0,test,3266,1050,1050,1.0,82.54936218261719,44.733192452343964,141.8857683232054,False,e33ee52a12d39e1744e50b3cf7860557
ec6f1797a25a,0,train,3267,1050,1050,1.0,80.86199951171875,43.57505968407505,127.43624561442994,False,1d637494248dd983eb1a602e13dc2268
ecad6845f630,0,train,3268,2588,1958,1.0,94.33598327636719,47.86524564955761,146.14783926284872,False,2526a1692ddc8ab9a9d37b7dbdcde49e
ecb4500285ed,0,train,3269,819,614,0.606,56.73783874511719,32.192592609371516,80.22163063264452,False,2e4e83596af1aceecf8ffdee8327490c
ed246ae1ed08,4,train,3270,2416,1736,0.935,97.83787536621094,36.01544418206499,177.38476813375019,False,99d02a49d8b20a8de21e11651e679357
ed2c06fcc573,2,train,3271,2416,1736,0.934,82.04203796386719,30.019170913533923,111.66340890433639,False,001ad1efefcb3c7fa54e6c007d000423
ed2c52c14493,0,train,3272,1050,1050,1.0,74.77662658691406,41.88423570256072,110.74839355400763,False,146171bb5d6b15b34dab96b8d4e642c6
ed2ef440d22c,0,val,3273,819,614,0.931,43.197509765625,21.608083976029413,30.877867055824026,True,82d610d61a3a7f69f3d6cf9f617cbf28
ed3ce1674761,0,train,3274,1050,1050,1.0,80.56106567382812,44.882701264408325,234.98523498233408,False,ae256ba112ae384cb9b964e6872c81b4
ed648b9bcd95,0,train,3275,819,614,0.931,43.36744689941406,20.18648581255988,34.44333727634512,False,5e8a5ce3cf7e926c80cf7a656aa32462
ed6704e3b72e,3,train,3276,2416,1736,0.934,79.99697875976562,29.62371421677416,152.6541159634944,False,9c160507e86fe5bb38af3d78e15d1849
ed6bd9293a89,0,val,3277,1050,1050,1.0,77.8887939453125,44.0995850299633,131.033987428993,False,f78edb006eaba1a57459ea6d75caed8c
ed88faaa325a,2,train,3278,3216,2136,0.843,87.56130981445312,31.873570945189964,116.12884849309921,False,eb7dd98320905fba8c578026e5446448
eda1d75cbcf0,0,train,3279,1050,1050,1.0,84.0352783203125,45.32982232819086,133.63693456701003,False,6d1a63a96d45ac715ef77f6ce6956412
eda29a9d78f3,0,train,3280,1050,1050,1.0,69.0474853515625,38.46927045145473,127.81973013933748,False,094a666e47ca76afa62c13885599805c
edceb0657d77,0,train,3281,819,614,0.606,77.54606628417969,46.36666670639496,185.9751616930589,False,fba978d6497dbf5950d5c508db2164c7
ee02294cc3d9,2,test,3282,3216,2136,0.842,97.41012573242188,36.52894774622047,140.643284461461,False,47043d81383d727ddaf7699875f0f2cd
ee059945b08a,2,train,3283,2588,1958,1.0,58.04689025878906,22.564190291383806,45.79128888901323,False,babe1bf3ac2402058ecad82cc614644d
ee1ec90b980f,4,train,3284,2416,1736,0.934,81.76170349121094,30.92488929856324,103.12153520225547,False,0364647a1034dcb854d6e81388ba34aa
ee36ca728641,0,train,3285,2048,1536,0.605,64.86308288574219,38.712153984641326,93.00651770434342,False,c354fbd0c2bae3f5aba86ea041bddd35
ee3f5cf52188,0,train,3286,2048,1536,0.605,82.00312805175781,45.868358554773216,241.97005457966588,False,de3f10528e87121fe9e05151f1caa4ee
ee3fe7809e6a,0,train,3287,819,614,0.61,75.01434326171875,42.25461395483356,123.02962398529053,False,0885ecf5ee0b73fb7aa3cb9a445acc3a
ee6e39319b39,2,train,3288,3388,2588,0.873,71.97821044921875,32.52249233058886,127.7613408358302,False,9f0ad0232e369f00c666c6a85fae454b
ee74c3b177e0,2,train,3289,2588,1958,1.0,62.23454284667969,22.28783974103405,32.40702514327131,False,bf1c4f8e8366266bb339d1be88b8666f
ee77763a6afb,0,train,3290,2048,1536,0.605,65.72903442382812,36.99260249925988,134.98045513685793,False,47b7e2935b1c4782e68262ed12e530ae
ee78ce914066,1,train,3291,2416,1736,0.934,59.14591979980469,26.64815451265959,67.07769172545522,False,59c91479100f8c24d80ab8a7afc66ec7
eeaea2c5ff34,0,train,3292,2048,1536,0.605,67.17857360839844,40.03812520874363,143.11865204479545,False,271aa358b764bcd2ca5e99c418153a02
eeb231c3ef1f,1,train,3293,2416,1736,0.935,91.72128295898438,33.02050351312448,123.94386658049189,False,c5d2a1149e17617522494e5d44d6c71c
eebd1e195952,0,train,3294,819,614,0.606,76.94598388671875,44.92950084439725,148.623240288347,False,dd1d5191365b817010d3f1f25c7419d0
eed4afc8ec83,1,train,3295,1050,1050,1.0,79.73355102539062,44.094072739922076,121.88730497448705,False,3a7bb1e17e91711d8b6bf4f3f239e4d7
eedae6b28f96,0,test,3296,2588,1958,1.0,71.24258422851562,34.03247480523034,37.98189207701944,False,b6c3cdf5e7aa835640cf5f56883d5cdb
ef247f28004f,0,train,3297,2048,1536,0.605,80.75923156738281,44.847374008838166,116.04488866007887,False,1c8f7b670369d99f041d992bdadfe4b4
ef26625121b3,4,test,3298,2416,1736,0.934,78.15057373046875,28.839955159237835,113.52254210412502,False,f3457500e609f39b3add0bdf216c88e8
ef4121e9bb67,0,train,3299,1050,1050,1.0,80.50587463378906,42.845398894811034,134.14361939928494,False,44c711bedf4e2d977975dd10b15e4f7b
ef476be214d4,0,train,3300,819,614,0.61,69.75674438476562,44.1519285200283,136.9174629242625,False,02957f9c41bc892cedc1278841d77b1f
ef48780f5d5f,0,train,3301,1050,1050,1.0,81.67581176757812,45.52042145210718,141.4104959552642,False,078b5c09c72b9c75b3d3ff128d7cd5ef
ef5155990874,0,train,3302,1050,1050,1.0,93.53492736816406,50.76481285227603,159.85347085352987,False,5cfa35805cfb879fce93bbaccb5e3314
ef7a4ed8d5d1,2,test,3303,2588,1958,1.0,65.18049621582031,27.801333100516587,137.0300167275127,False,230fd4f726562bbec9b70651287eb252
ef7eb85b75fc,0,train,3304,1050,1050,1.0,76.97555541992188,41.310520389427644,118.9001877522096,False,3249fa60a287041113708f70c87475e2
ef8109305128,1,train,3305,2416,1736,0.934,74.28138732910156,29.00497286976673,100.06161885685287,False,d351f22ef6dc187c0fdf83560524ae0a
ef81cd8854cb,0,train,3306,1050,1050,1.0,76.59866333007812,42.000213266995196,120.23440228402615,False,cdfea2be5c1f78aea3903bca709d90dc
ef8c39eb9157,0,train,3307,2048,1536,0.625,62.07487487792969,37.62228993922631,71.34346164669842,False,4820ebf8f64d50c92273c53284899f8d
ef99c499d665,0,train,3308,1050,1050,1.0,83.54072570800781,45.70596266949875,122.50278643867932,False,e82687be6e4b26c14ea126c7995e18e6
efff2f1a35f5,2,val,3309,2416,1736,0.934,76.71232604980469,28.554792632708995,83.04941691434942,False,cd54fc42a4e0d2e241fc3d05752b27b7
f002ce614c59,0,val,3310,2588,1958,1.0,61.379364013671875,35.862034438908715,75.52843462582678,False,72b0925b8e9e622885891dc45bb9bc1e
f0098e9d4aee,4,test,3311,2416,1736,0.934,74.31166076660156,27.176820630873916,107.257020897232,False,29f1d3590a06871c4c8ee7eefc32d52c
f00ce9b9d6f4,0,train,3312,1050,1050,1.0,87.86338806152344,46.34996717026994,153.39204121287912,False,e15603e309963b31e9a7ceed1ddf37ff
f02057c41256,0,val,3313,2588,1958,1.0,67.12506103515625,29.72387189073689,60.506282802671194,False,fed78d551dd6f119eed33233e7130229
f025f33b2c9b,4,train,3314,3216,2136,0.843,114.83961486816406,42.634642319435095,216.80129584297538,False,2b26406f82e83c7e15296e2eedd44b0b
f0267c42907c,0,val,3315,2048,1536,0.604,86.40913391113281,48.79248932315288,188.9578911503777,False,930999ed8b1a0aae010c70e0703d6a29
f02956bd7c50,0,val,3316,2048,1536,0.604,61.96797180175781,36.11295860219829,81.86649632989429,False,9fa2c7870dce869b9f4b41405fa335fe
f02babb3a023,0,val,3317,1050,1050,1.0,81.5784912109375,43.393763503019386,140.50815523322672,False,209303a740f8bdd6f3dd9d74a02d6673
f0546a45ef10,0,test,3318,1050,1050,1.0,84.71675109863281,44.50323732591408,144.42446559667587,False,b3b25b62ef25ee6de9294894c89e3044
f06e7a9df795,0,test,3319,2588,1958,1.0,51.871429443359375,19.956358278133973,32.25415459438227,False,d5d3de6e5f051ac60047ae237b808458
f0800723bc63,2,train,3320,2416,1736,0.934,72.41748046875,28.789837838942187,72.27909551165067,False,29810ebedb02901be505a9de0ed64d87
f080a22008be,3,train,3321,2416,1736,0.934,85.01130676269531,33.147447026121036,116.52878827205859,False,d4977345ab002b95365835c5bec1c939
f0860c21533b,0,train,3322,2588,1958,1.0,61.0928955078125,29.08189259016339,40.068919479614124,False,3ef3e731fc40a89fa250896e0b84b62e
f092febbf5c0,3,train,3323,2416,1736,0.934,86.63951110839844,31.737747940215435,135.19149350747466,False,dadea7422b87fa429f0d5c3b17988ec8
f09cfc6a4dbd,0,train,3324,1050,1050,1.0,81.64231872558594,43.293473742255465,133.85978024825454,False,478bed928c966b81992f6c62cfa6441e
f09fd9433dff,0,test,3325,1050,1050,1.0,77.69078063964844,41.5459069963327,123.25048490590416,False,22bd0963288ec51d583a9f150f7d6f23
f0a2dc580009,0,train,3326,819,614,0.61,74.77961730957031,42.45491814452403,159.2965726321563,False,65e071f176aff271c6779961b87ec4fc
f0c0f7b5e820,2,test,3327,2416,1736,0.934,72.40713500976562,30.31062957937175,118.13499157037586,False,f58e02af4341c7712ccbc724e06b2bea
f0c13be90519,1,test,3328,2588,1958,1.0,60.82916259765625,21.626393286987195,23.981785671552643,True,e465ab9e228e7bcbacb7b1d6d0e95f06
f0e1201b5c1f,0,val,3329,819,614,0.61,67.61868286132812,39.50904392760902,77.09897542349063,False,9a2d84613258b7f4ce3e5d2792dcbeff
f18abfa690ab,2,train,3330,640,480,1.0,78.63290405273438,22.53444236310902,31.1851608119905,False,2c70ecb172e367e5ad47fc96146c3b03
f1979147aad4,0,train,3331,2588,1958,1.0,53.677337646484375,32.45639845433744,59.47167789726518,False,a84a487492b9c70b4e69a4d91e18d802
f1a761c68559,2,test,3332,1504,1000,0.838,61.43397521972656,25.420534160165783,54.92194151878357,False,eb7a7a5fa1307384791b6916edc3c81e
f1d719c97838,0,train,3333,1050,1050,1.0,74.79721069335938,41.73351523043919,115.48256055917591,False,cbcebf6d959d34e6995445a08b347259
f1dc26c4bfa3,4,val,3334,3216,2136,0.842,86.93182373046875,33.14710057173446,95.71552736661397,False,b6cc4a8a42b74d36fd6bd39f11133935
f2094a20b275,2,test,3335,3216,2136,0.842,80.75994873046875,30.116066652251256,88.38746455847286,False,d7f135ebfa5c7c95f3fff8446958db96
f233638e0e90,0,test,3336,819,614,0.931,41.38737487792969,24.56350099156751,36.557407847605646,True,6f6b10f58e7184a0d1bf842d1c55248f
f252046c0fe6,0,train,3337,1050,1050,1.0,96.11721801757812,52.15770188236102,153.70990370213985,False,e5ba4513cd1dc55cbf0b743145419995
f26b02ead915,0,train,3338,2048,1536,0.604,83.00927734375,48.822734758632194,164.42825908004306,False,e446ca2b108266b43d78ddff4847b674
f298b7d05958,0,train,3339,1050,1050,1.0,74.320556640625,41.52816951556134,114.57940458669327,False,e07fbb11aa422e06fce6ac032dfd6893
f2c0b41acd05,0,train,3340,2048,1536,0.605,58.871490478515625,36.1891089506329,102.67353509343229,False,0734f870f7c6a2c13cff0e32be817805
f2d2a0c92034,4,train,3341,3216,2136,0.842,80.41127014160156,29.793124711725028,100.17654321133159,False,6bd85e46e5de9bf2e79b246f0692c790
f2ee81781411,2,train,3342,3216,2136,0.845,116.72952270507812,43.613849169127285,174.1342224990949,False,d611f89aeeb7330cb7364beed6afd4af
f2f569a64949,0,test,3343,2048,1536,0.605,83.84060668945312,46.08873035721988,189.0508111321833,False,ed41620ec6f5b3a58f8afeaa154bb44d
f30f203ef51e,2,val,3344,3216,2136,0.845,118.18704223632812,43.526838636704774,243.85331510356627,False,8177429823c8eb07d69ff79b27938043
f35d80bb1a22,0,test,3345,1050,1050,1.0,89.880859375,47.43709273534157,237.23696564789861,False,f543213ce37c301956e00902ff1f8d9a
f361060eda3e,0,train,3346,1050,1050,1.0,81.86245727539062,43.30997294572526,119.72692498192191,False,0ee58beafc49d10bfd51732532079a99
f366fb1cc475,0,val,3347,1050,1050,1.0,85.05722045898438,45.164551272423665,151.49212646484375,False,4953faed2b45914ab58d40d47a950e5c
f36cb007a1ef,0,test,3348,1050,1050,1.0,71.72323608398438,37.91492577224528,105.64728522091173,False,d4ac0150860fb4bf3089ce50dcb3eb9b
f3a268d2726d,2,train,3349,2588,1958,1.0,53.7822265625,19.196893511239587,22.274961625924334,True,29af1f1b35906ae83707096d280365c2
f3a4751af42e,0,val,3350,1050,1050,1.0,71.80036926269531,40.17170088796103,104.08899820386432,False,e28d91fb6fe6ba91511e4344d2cf4841
f3a88d3026dc,2,test,3351,1050,1050,1.0,78.40011596679688,42.783768044575275,110.80806551873684,False,2d58f7a257513bf193872c2cb32370db
f3b27ac2d371,0,test,3352,1050,1050,1.0,82.17753601074219,44.84294447646566,125.31063248566352,False,0150567c3500c6b5e618105f2396e5a4
f3b6b7ca1eb1,2,train,3353,2416,1736,0.934,78.76243591308594,28.322571667630843,100.81373066431843,False,9d5fd4256114c35d3b03f2dfa7e3a04e
f3bb996b45ce,0,train,3354,1050,1050,1.0,84.34107971191406,43.97388981326114,213.535042013973,False,b91dc0bc2a45e1feb9d4f90b3ff18ad5
f3cd489acbee,2,train,3355,3216,2136,0.843,104.72685241699219,39.29879145913871,185.66715853568166,False,03dc391a37bfce7b7600781c2452f4e9
f42b693a9414,0,train,3356,2048,1536,0.605,59.410064697265625,34.97827780541974,123.21247916086577,False,bc5f23ae6b22d77aac519d4045623ac6
f431f2e119d7,0,train,3357,2048,1536,0.605,81.02342224121094,47.06712110661569,120.33514178521,False,fa64cf8ca6b90ded92fc276a45c75f60
f451eee2b66b,0,train,3358,1050,1050,1.0,77.97587585449219,41.39920762261624,118.35659558232874,False,a9b0bfba9c5325c3c7a0d4a09e548246
f45f1485c940,2,train,3359,2416,1736,0.934,71.41104125976562,26.185844968673347,76.00418276246637,False,73644ef8060ce06935b83ac955ede7b1
f460608cf4cc,2,train,3360,3216,2136,0.842,92.45654296875,36.965141626548785,113.48659652471542,False,e4b8e03308cc001ea41ed39effc5cfd2
f47a2a4a0411,1,train,3361,3216,2136,0.842,80.7200927734375,30.47980152682166,97.4618927796837,False,cdc45a87ac8660b971c5c53bc8c4d007
f481f76a6b75,1,train,3362,2416,1736,0.934,72.90632629394531,27.60442208983104,80.88396682962775,False,f6b6275b7f6f59422fd8b4233b063230
f48241b0c995,0,train,3363,2048,1536,0.604,83.22740173339844,45.00274243487451,120.080075427657,False,1509acd11caaf53db3069e331b07d061
f4874247ede6,0,test,3364,819,614,0.606,78.65240478515625,45.24865750693493,150.5927306106314,False,986c347cd2064a0af9bbea7344356c3f
f4c7ae514c54,0,train,3365,2048,1536,0.605,90.48344421386719,48.977837052004084,173.40321680880152,False,336fbccd634a433b70cfa24b39da2669
f4d3169b468a,0,train,3366,1050,1050,1.0,84.16607666015625,45.890585169670985,137.3921349933371,False,5527e077a7f91c2d8c80606876de7747
f4de9620e3f2,0,train,3367,2588,1958,1.0,62.62214660644531,24.16733207918645,21.98981954320334,True,7861948e24c1c87c595236ce56046855
f4df3d86688d,0,train,3368,1050,1050,1.0,86.51065063476562,46.26508816221719,153.18456626101397,False,7809d29e58c694292bd4d96ea58a2922
f4e68b61f480,0,val,3369,2588,1958,1.0,57.18341064453125,21.60180669365421,29.146903038024902,False,efa9ee6bd3fd1913f1583d704d1c949d
f4ea2a2cfbb9,0,train,3370,1050,1050,1.0,72.9884033203125,39.98727962155772,114.72633271641098,False,b95bc6088ddc40a73c2de0be63cbfbfc
f531232ecb55,0,train,3371,1050,1050,1.0,83.85508728027344,46.15478691227941,146.4372156278696,False,a4cef18e865b8f7f4b96dd46b23ea171
f549294e12e1,4,train,3372,3388,2588,0.869,88.58555603027344,35.85023676100314,193.6938664817717,False,310078c0ea2fa63b681bcbe3dd0bd040
f55e1d2a19e4,1,train,3373,2416,1736,0.935,85.71568298339844,32.23655226818983,125.46645865496248,False,a121255f2e75bf83fd9941d4b0127603
f5650eb52640,1,val,3374,2416,1736,0.934,78.75912475585938,29.584080643235005,154.97166942059994,False,212c871897f22d8667b359b4c2722adc
f56ff0440ed1,0,train,3375,2588,1958,1.0,70.29090881347656,33.05370995905541,44.282874922966585,False,5260b9fdaf5d5dabd170c1f559b46676
f5733f77273d,0,train,3376,1050,1050,0.996,55.87762451171875,32.0036267486975,74.35389850195497,False,b13fc2a368671eb7a319481c8cd76d19
f576e45d1da2,3,val,3377,3388,2588,0.872,80.41763305664062,33.258136271960545,153.56108342017978,False,d512299104fe7a8bfe22ad8b8580b108
f57cf3b6f48e,0,val,3378,2048,1536,0.604,72.66294860839844,40.67916496384012,102.92438597953878,False,d389377bf8b129c439d5e578be6897eb
f580566e27f5,0,train,3379,819,614,0.931,47.993072509765625,29.207161820677715,46.71167773916386,False,d1c172b74291264f752ef48c2dfa2cf9
f583a722434c,2,test,3380,2588,1958,1.0,35.46739196777344,21.378944547572676,17.950976505642757,True,ffd1a18a930722dbf3a33c0633f67785
f58cdfa968be,0,train,3381,2048,1536,0.605,71.71360778808594,41.79061571571321,86.62864104821347,False,ef4631ecba9a7c7d74a7251243e0aace
f58d37d48e42,4,test,3382,3388,2588,0.875,64.6583251953125,29.678503781305796,95.86541094235145,False,9bee89a50731ccb5fb3fabf1ab283aa5
f58f0b2fd718,0,test,3383,1050,1050,1.0,90.40408325195312,48.50644933034782,153.9771754592657,False,15d22de4302bbd6ceacf9eb997391a11
f5a8c6426a71,3,val,3384,2416,1736,0.935,94.15010070800781,34.10811266097931,181.92896481766365,False,96ff50aed6f83c9de8638777c6ff99a0
f5c953bee7cd,0,train,3385,1050,1050,1.0,95.42216491699219,50.85090849797075,165.0086974464357,False,d511ea5e3957206c61873fbe2f51393a
f5e6226bd2e0,4,train,3386,2416,1736,0.934,74.49368286132812,28.069484430382918,95.86420303746127,False,d3165ad2b987055e9c3047391becf1af
f5e9a307288c,2,val,3387,3216,2136,0.842,92.63795471191406,33.91924900938613,120.2556539317593,False,070af041391295c25ef95c06bf4bdc45
f61bf44c677c,2,train,3388,3388,2588,0.866,75.75889587402344,30.896306844627095,142.7078420482576,False,8ed0c78015bfde2810ca86505221b542
f62b8a076833,0,train,3389,2048,1536,0.625,62.28729248046875,38.99224754107031,74.91944451979361,False,f23237f072dccedc51ecf8caecb11de4
f633c474e8b8,0,train,3390,1050,1050,1.0,87.37432861328125,46.58853793171309,143.60937192826532,False,57bb392d88057b08193a911c25a3c619
f64214bed40e,3,train,3391,2588,1958,1.0,41.970458984375,21.257941275434035,28.415326103568077,True,72030c6eac23fe35f9f938eb7295454b
f64b6e85f1c9,0,train,3392,1050,1050,1.0,77.24844360351562,42.728613935764116,138.30949985887855,False,4897b19be63d5bbdd8a779b54108dcf9
f66c4ee86629,0,train,3393,2588,1958,1.0,45.63555908203125,20.899216433028673,51.275260671041906,False,802265573577afca84696e8fd0df2100
f68690db78d3,0,train,3394,2048,1536,0.605,93.37930297851562,50.10330046886668,179.32295059785247,False,c10c6ca532ae94fa6391728518de32c0
f69400b316a7,2,train,3395,2416,1736,0.934,67.05906677246094,25.662431084147457,116.80617216136307,False,a8895e5f86856ca04242f00885d76389
f69835dc7c50,4,val,3396,2416,1736,0.935,60.60169982910156,24.29088682571154,61.22969491942786,False,90126f6db918c26792a1ad12ba9bb4d4
f6d760566a51,0,train,3397,1050,1050,1.0,84.9788818359375,45.664080339172116,133.93156666960567,False,831a89d714a9d905a355ef01de8513fe
f6f433f3306f,3,train,3398,2588,1958,1.0,51.441925048828125,31.33849066909946,79.88892923295498,False,080eea39ce78252e9215cd4a0085ac1d
f6f7dba7104d,1,train,3399,2416,1736,0.934,104.47665405273438,37.07113454878775,176.9153349583503,False,f8cee49ec1c586550933c9f42a71be26
f7116e7b2f4e,0,train,3400,1050,1050,1.0,79.54280090332031,42.584489193138005,141.87179397046566,False,6c9bbd5b33ba54a3112eedac9aa7042a
f71333204618,0,train,3401,2588,1958,1.0,54.57777404785156,19.26342368243416,21.38941057678312,True,104c116c8a2e5401378922164e205f47
f71aca5a7dc3,0,train,3402,2048,1536,0.602,37.64915466308594,25.391754185578726,43.151326444000006,True,5a8052747a4c2ad6287aef5c2f1572a5
f71bea807c96,0,train,3403,1050,1050,1.0,72.73738098144531,39.014822283193595,111.27017303928733,False,0143cb2a8a2a5f94e6ea225b16a03692
f72adcac5638,4,train,3404,2588,1958,1.0,82.89227294921875,31.811542476376086,31.5144886886701,False,8db8eae96fec1dbc0a26ac3db7ae6442
f72ef9ceeaa8,1,test,3405,2588,1958,1.0,43.60029602050781,16.299718652769506,15.2545109258499,True,08e18bfd175e7cc847777e390f1b6ae1
f7508f14dd7b,0,train,3406,2048,1536,0.626,63.714569091796875,39.456820821911435,138.09092651098035,False,fe3666ac5996b581df65d844224f30a1
f762c272c522,1,val,3407,3388,2588,0.864,68.29556274414062,27.69565765543419,106.32977421488613,False,f3edb72c717f1d9618ef365a1eb3a223
f7735b6d47f7,0,test,3408,1050,1050,1.0,89.63398742675781,48.07018449069111,157.41861514165066,False,16f7257138a17152c74cef1368bedbea
f7defe70afc3,0,train,3409,2588,1958,1.0,60.42291259765625,24.827541315574134,54.49220269708894,False,d50ba9bdad9a244f0288a517e26884e0
f7e9fa75c7c1,0,train,3410,1050,1050,1.0,73.78239440917969,41.01614466312711,120.46269465773366,False,97a7b86922517e44388cf7114d922cfc
f7fec8935126,1,train,3411,2416,1736,0.935,112.77140808105469,40.96793441404556,264.8532176089939,False,ebca5c041a42543824680b8aba5202e7
f80118bbda18,2,train,3412,2416,1736,0.934,49.11653137207031,20.11245129696333,45.916829189052805,False,27c86f0f3777f33d093775d9ee6dad02
f819c65b803c,0,train,3413,2048,1536,0.602,36.94700622558594,24.668647912458006,30.398247623583302,True,4923eedb85d491758102866054c61e97
f8372e80f731,2,train,3414,3216,2136,0.845,105.14614868164062,39.20016020682299,186.2259987881407,False,fa05c51aa8441f8951458976bdeec72c
f850cb51fdba,4,train,3415,2416,1736,0.934,84.67173767089844,32.62810798953997,146.36619078717194,False,046dd388751071f545b475dd25f50988
f85c78201a50,0,val,3416,1050,1050,1.0,76.66046142578125,42.258542719725895,133.85157207562588,False,ae4fc05a0914e2a9a87e3c64460f44ac
f85fd4fac887,0,test,3417,2588,1958,1.0,68.30497741699219,31.909492151030047,62.686241059564054,False,b487367bfdda45a926b9c3e6f11375f5
f86d1c404acb,0,test,3418,819,614,0.61,96.300048828125,59.24804012612297,438.91383492574096,False,fec350d35ea1831a5e3b8547bcabb18c
f8cf7ed8ef00,4,val,3419,2416,1736,0.934,77.42529296875,29.009198074269758,109.04390585329384,False,beee8ab44676ac725c97344143388fa4
f8d62557ad0c,0,train,3420,819,614,0.931,47.66600036621094,23.44686404149542,33.93455060943961,False,8eeaa35b006087d32893958e8cc80299
f8f5942b690e,0,val,3421,819,614,0.931,53.72312927246094,27.24928637786982,43.93143878784031,False,36ea6219befc42b166d22e4eed13d0a3
f8fc411092c7,2,train,3422,3216,2136,0.842,80.74087524414062,32.2456864524635,94.90461232885718,False,e9aa4a49306810e95b6185affbcaa63a
f901d460517c,3,train,3423,3388,2588,0.872,63.83351135253906,29.859894817590554,99.24598316266201,False,d6c2c73c349b4caddfaa8ba2d4025962
f90f8931a9bc,0,val,3424,1050,1050,1.0,78.52149963378906,44.093401472224244,131.0249578540679,False,beed5819c35a230b38c8ed14b3d333ef
f9156aeffc5e,3,train,3425,2896,1944,0.636,54.047149658203125,33.45350958086339,67.27179595455527,False,5eef95d70dd1828620659e10bf50ed37
f91cfa82b9d4,0,train,3426,819,614,0.61,72.34022521972656,41.002691971077425,114.78034586063586,False,6813eaffc1062e3c512243a098aeb72e
f952ad2e4356,0,test,3427,819,614,0.606,74.61604309082031,41.802614510333086,107.80155768617988,False,32d8743c98e4ea90333c3ea6c3e72d92
f994a3b07935,0,train,3428,1050,1050,1.0,94.04409790039062,50.3042116615772,169.2377062952146,False,ffa65f71a81f0613538244de0c917929
f999c6921e6d,2,train,3429,2416,1736,0.934,61.67204284667969,25.280767211650986,71.35203243023716,False,654877e667460f156299b583b1fec652
f9aa35187bf3,2,train,3430,1050,1050,1.0,78.50784301757812,41.40536481377836,125.45166153367609,False,782f8f809b517f8ea2a8d973d4168605
f9d52509c571,0,train,3431,1050,1050,1.0,73.90901184082031,39.4715938434786,117.21280612586997,False,7ffa9d856a75add128dfdb5488ce4df4
f9d8ff3e6592,0,train,3432,2048,1536,0.605,88.74934387207031,48.55237315227182,187.6161076852586,False,129093124b9b29b7a7b017b4f1e4356c
f9e779a13204,2,train,3433,2416,1736,0.934,73.91712951660156,29.86231908869523,82.77268563117832,False,8f7444ce2310d7558806a89b64c89b29
fa0c87bd75ce,0,train,3434,2588,1958,1.0,39.85350036621094,22.508718355184993,34.915510918945074,True,cbe5a0f7c97e6a36d9101a0efb0271e2
fa3e544a7401,2,train,3435,2588,1958,1.0,66.43121337890625,32.64304782987359,55.54987018927932,False,e64195bd2d7a182b50bcc40995f78ed4
fa573163dd8b,0,train,3436,1050,1050,1.0,91.6328125,47.889116959841296,148.3970099722501,False,7d9e1c0ebbae2034d320e48a9f11a1fa
fa59221cf464,4,train,3437,2896,1944,0.639,57.86686706542969,25.31770340251634,106.04641090333462,False,868e0f3e6236400de271cbf706ae2c0e
fa6f3d8bb1d5,0,train,3438,1050,1050,1.0,69.52740478515625,38.2055626900341,143.2212932629045,False,0612b790ae367a75112f392379dd3f2c
fa748b57262b,2,test,3439,3388,2588,0.873,87.90010070800781,36.87376416413757,187.92238667514175,False,dbea260bb3cc77cb4bfc5cb74b4b4fee
fa7fa797c650,0,train,3440,1050,1050,1.0,79.25614929199219,41.76115204976523,112.5533929914236,False,51b6a4b79a7d7ded8d8c3c8404d60964
fa9bece586fc,0,train,3441,2588,1958,1.0,47.37353515625,17.490571826978716,14.888301662169397,True,f614ffa58067a20583f2dbc594a50cad
fa9f1bc03f21,0,val,3442,1050,1050,1.0,72.22946166992188,40.59717897948128,104.1157623117324,False,9332c4402873b0c07605875efa9d95a9
fac399455195,2,train,3443,3388,2588,0.864,70.90673828125,29.03493368391186,101.00476400717162,False,4bca701d1a8b94b375e541fb98a3858a
fb1b8771c70a,0,train,3444,1050,1050,1.0,76.26069641113281,41.33724331597634,112.07531541003846,False,c7e612fd2502676fa948948500b29dbe
fb61230b99dd,3,test,3445,1844,1226,0.816,66.21286010742188,32.62945984540939,50.4191617956385,False,1103efc07d8f0fd494132e6f766d28eb
fb696a8e055a,4,train,3446,1844,1226,0.818,82.705078125,35.11324708278944,140.45006308681332,False,7cf7bdf2ceefb3efdebb8b43bf740d18
fb6b8200b7f8,1,train,3447,2416,1736,0.934,73.31112670898438,26.436125771853437,78.12687264289707,False,921ca55953546361494f2a122d53b077
fb767cea406c,0,train,3448,819,614,0.931,39.20048522949219,18.423396032517935,23.549708569189534,True,05547b3395af306847fc2a1c930558e2
fb88783de055,0,val,3449,1050,1050,1.0,78.60552978515625,42.47920133813456,134.05105556338094,False,b45b0dd5fa4708cdd3d4400263bce243
fb88d23fc5fe,0,test,3450,1050,1050,1.0,83.14927673339844,46.1356266052877,178.81716392096132,False,a5d214239b68feebd169c2c99236005f
fba493e17448,2,train,3451,2416,1736,0.934,71.2413330078125,28.733714678221094,86.65831756219268,False,128a260c704ba388583b5efee371600b
fbcbc81cf9be,0,train,3452,1050,1050,1.0,83.99200439453125,44.43270445715559,139.36654089554213,False,b1e14e4873008f024780a421435b9d28
fbdc796290d4,0,test,3453,1050,1050,1.0,90.26742553710938,48.44667804616798,189.07973812520504,False,cd82d06995b428ac38e68aea9ea10799
fbfa925506f6,0,val,3454,819,614,0.606,66.23878479003906,38.504305562982466,124.24678052868694,False,cd8aa7bd5d130c805bf0ef3aacdc8b1c
fc1b1841eadf,2,train,3455,3216,2136,0.842,102.09963989257812,37.66902122145506,174.68947610422038,False,b65ffc35e2831c8a428d0bcfefe7cfbd
fc4c2d35c6f8,2,train,3456,3216,2136,0.842,71.34223937988281,26.560694709145757,74.78332540020347,False,4b5cac3cee8c69921a2fcd670938ff08
fc4d69128e7c,2,val,3457,2588,1958,1.0,62.0003662109375,40.096447823213936,90.64837478101254,False,c868bc9129e01d2e81ace9a2d49f1525
fc603cbedb41,2,train,3458,3216,2136,0.843,117.63369750976562,42.77015871822927,181.8174688683357,False,34c3f20b25d582657e892193d8452777
fc782722a50c,0,train,3459,1050,1050,1.0,74.34074401855469,43.093849824068016,123.93139396770857,False,18ba350c1d771d0b00e6e95a55d762d0
fc898dfeb24f,0,train,3460,2048,1536,0.604,50.15769958496094,31.707374416510028,56.81353734782897,False,da44cb95fff413bdfd227a1d12d0ba41
fc8fce67fbf8,0,train,3461,2048,1536,0.602,48.48500061035156,29.667528555716395,47.91061474289745,False,d55997c2c3799abe23ba27ae35ce800c
fca1a8738b8a,0,test,3462,1050,1050,1.0,88.55166625976562,46.64194915710292,141.15361830219626,False,7f56aea31fea4895c43243effb2134a3
fca931da5c5e,1,val,3463,2416,1736,0.934,66.62129211425781,24.62686997461221,75.3473955951631,False,208aa2af4015c39c226d8c0d261a4420
fcc32dffd24d,0,train,3464,2588,1958,1.0,71.05653381347656,31.165348123820316,86.98030510894023,False,1b9075b210e048add20f765c7e4d2f2e
fcc55ae641ae,2,test,3465,3388,2588,0.87,98.10469055175781,39.18278136115391,262.2592141479254,False,b8941887967b9f3864233d0ced13b4ef
fce73678f650,0,train,3466,1050,1050,1.0,84.63099670410156,44.65142593640801,120.91127861640416,False,57fcdb9aee0f8a85fa3bb19c65fc56cd
fce93caa4758,4,train,3467,2416,1736,0.934,89.01629638671875,34.238401934742335,184.49050477496348,False,5210405173cd58bf7428b3387b470b12
fd079d2e93a2,0,train,3468,1050,1050,1.0,76.92715454101562,42.028193908227166,122.1872356981039,False,5c7bf133358b60aa781ab57506fed5e6
fd0a70082e7c,0,train,3469,1050,1050,1.0,55.27485656738281,32.813112905513606,73.85326268430799,False,ce839e323ac4489a84f4f2328c19cf32
fd48cf452e9d,2,train,3470,2588,1958,1.0,64.989990234375,29.371998328185303,41.132155786966905,False,b5aca770553dde771bd94fec1f6bb60c
fd4c946c52bf,0,train,3471,1050,1050,1.0,43.46434020996094,26.340476245288222,61.2300304712262,False,0777b7689a6d9aeda286f64321487754
fd62bd0db4f1,1,train,3472,2588,1958,1.0,70.00900268554688,30.11138701853783,43.72510586841963,False,050a0afb4f3fccbf18a51843b279eb25
fd87b6b2e664,0,val,3473,1050,1050,1.0,84.05766296386719,45.21066599416468,142.5343771071639,False,87a5467f11a706c4b699f5c1b6893c07
fdbc252813b1,0,test,3474,819,614,0.606,72.36732482910156,41.07993143177885,70.91279676463455,False,6e2738e9bfcb83ffb89ac41888db44f4
fdc685055659,0,val,3475,1050,1050,1.0,80.2271728515625,42.60218318495449,156.42051826417446,False,08bee533799adc0c68205614a61477e9
fdd18ccbbdc5,1,train,3476,2416,1736,0.934,56.0972900390625,21.528653122147887,53.24208843614906,False,0560b9e8098bbdc129ccb3f98683dcff
fdd534271f3d,4,test,3477,2416,1736,0.934,102.77616882324219,39.32294030646134,176.56515345629305,False,34b9a7ba1bd2efafe38305209ecb62b4
fe06dad6851c,0,val,3478,2048,1536,0.605,69.00572204589844,37.843456637841406,151.97356295934878,False,cb076979a6b45234f07d6bda852419ac
fe0e2dee1834,0,train,3479,2048,1536,0.604,79.06504821777344,46.3668234800777,118.48463578685187,False,30ba7ef72a5180065b6f18a393edd6b1
fe2df69676cf,1,train,3480,1844,1226,0.816,70.32237243652344,30.804955041183202,61.85517735383473,False,7577458232017037c3e160de2774f816
fe37f4492920,2,val,3481,2416,1736,0.934,100.51298522949219,36.96524497116645,164.26748955226503,False,cf97df5198979a2e1c8a19545910f72f
fe3b0e50be78,0,train,3482,819,614,0.931,40.28504943847656,27.191257819793975,39.907420908799395,True,5d92ac709e43f35f4df6e53cebf8dd25
fe3f62695b2d,0,train,3483,1050,1050,1.0,82.64242553710938,43.979145760705485,124.02533977851272,False,16cfefa5fb66dc73a0cef0f3a5db6e64
fe674c2f73f5,1,train,3484,2416,1736,0.935,72.02618408203125,27.278145928601,91.64281332399696,False,70b5d41bb9fe78967824ffa302fb8f21
febfb20dc311,0,train,3485,1050,1050,1.0,85.70120239257812,45.928086325738484,137.1309785170015,False,2c3434b30998d49d4302120e57246e26
fecf4c5ae84b,1,train,3486,2416,1736,0.935,109.08421325683594,38.88829480008641,187.66970224585384,False,c14ca691122ada7dc07ec591e96dfb5e
fed5bb685832,0,train,3487,1050,1050,1.0,75.01103210449219,40.66342778078959,117.19298386736773,False,9acdd0b8a58df570b460be8be6c6754b
fefded6bf135,0,train,3488,2588,1958,1.0,58.29811096191406,26.76837348785767,15.087215479230508,True,d346d2836acb74d43405ab3a13b87a38
ff03f74667df,0,train,3489,2048,1536,0.605,74.08576965332031,40.64162987616729,173.26716896519065,False,99c4e86271402cf9efe66d1cef09f11e
ff1e940105f9,0,train,3490,1050,1050,1.0,97.2276611328125,50.65780387565483,235.86061021103524,False,7ee96c9df7a956de67a39659ebd69d9f
ff344e5c9341,2,val,3491,3216,2136,0.843,115.90013122558594,42.2841773051505,169.79774086899124,False,0d6d1cbc92b5034cd59ffb2be2d1c083
ff4832d55461,0,val,3492,2048,1536,0.602,39.4755859375,25.442982357011083,41.029904667055234,True,f16bd8feaa3ff9313e40615c6204cd70
ff4955e76894,0,train,3493,2416,1736,0.934,74.41943359375,28.854397276818673,93.26884726225398,False,ed41c947cebd716c4c335704ba74416b
ff4cd992667b,0,train,3494,2588,1958,1.0,58.08131408691406,32.404156415267,82.79017767962068,False,863e59dfc738939dd1228393b71608bb
ff59d44a70a7,0,val,3495,1050,1050,1.0,75.611572265625,41.93851769814277,116.8105784074869,False,a8b346f356c6c47c97aae34018fbdf7a
ff631653374e,0,test,3496,1050,1050,1.0,74.08418273925781,40.643715371253855,103.72716329991817,False,550d107c49d37999e796b77e0d449f7e
ff77e8e5b5f3,2,train,3497,2416,1736,0.934,85.77774047851562,34.940608738761085,174.1015401026234,False,f868aed9045e9e69f2ebab3a680a82fa
ff8a0b45c789,4,test,3498,1844,1226,0.818,88.98814392089844,41.487941559665174,133.91932805231772,False,82697fa7ed75a6b17ab22e987f30c7c1
ffa47f6a7bf4,2,train,3499,3388,2588,0.872,59.842071533203125,24.83818402677242,106.25113034411334,False,a6b27720160c9973afb10a0eba2cacd1
ffc04fed30e6,0,train,3500,2048,1536,0.602,34.86738586425781,21.067890851748704,40.99220633297227,True,26a248b4157c8002710ca67411a2db33
ffcf7b45f213,2,val,3501,3216,2136,0.842,83.00418090820312,32.625815394810544,105.79996077623218,False,674a37d5f0415737094346dbb889a7b3
ffd97f8cd5aa,0,val,3502,1050,1050,1.0,84.24566650390625,45.96040510506825,136.45065946667455,False,67289119f329393da6ff43f87fb39039
ffec9a18a3ce,2,test,3503,2588,1958,1.0,29.730056762695312,15.378559195163287,12.70938741392456,True,1ca0ae42abab9c57677fe10f50484b10
